<COLLADA xmlns="http://www.collada.org/2005/11/COLLADASchema" version="1.4.1">
  <asset>
    <created>2025-07-31T10:38:19.878486</created>
    <modified>2025-07-31T10:38:19.878496</modified>
    <up_axis>Y_UP</up_axis>
  </asset>
  <library_effects>
    <effect id="bbf04fb185974c83ba23c9ebe79f2b43" name="bbf04fb185974c83ba23c9ebe79f2b43">
      <profile_COMMON>
        <technique sid="common">
          <phong>
            <emission>
              <color>0.0 0.0 0.0 1.0</color>
            </emission>
            <ambient>
              <color>0.0 0.0 0.0 1.0</color>
            </ambient>
            <diffuse>
              <color>0.0 0.5019607843137255 0.0 1.0</color>
            </diffuse>
            <specular>
              <color>0.0 0.0 0.0 1.0</color>
            </specular>
            <shininess>
              <float>0.0</float>
            </shininess>
            <reflective>
              <color>0.0 0.0 0.0 1.0</color>
            </reflective>
            <reflectivity>
              <float>0.0</float>
            </reflectivity>
            <transparent>
              <color>0.0 0.0 0.0 1.0</color>
            </transparent>
            <transparency>
              <float>1.0</float>
            </transparency>
          </phong>
        </technique>
        <extra>
          <technique profile="GOOGLEEARTH">
            <double_sided>0</double_sided>
          </technique>
        </extra>
      </profile_COMMON>
    </effect>
    <effect id="5ff1cb103f394ee1a542bc84096f52ac" name="5ff1cb103f394ee1a542bc84096f52ac">
      <profile_COMMON>
        <technique sid="common">
          <phong>
            <emission>
              <color>0.0 0.0 0.0 1.0</color>
            </emission>
            <ambient>
              <color>0.0 0.0 0.0 1.0</color>
            </ambient>
            <diffuse>
              <color>0.7529411764705882 0.7529411764705882 0.7529411764705882 1.0</color>
            </diffuse>
            <specular>
              <color>0.0 0.0 0.0 1.0</color>
            </specular>
            <shininess>
              <float>0.0</float>
            </shininess>
            <reflective>
              <color>0.0 0.0 0.0 1.0</color>
            </reflective>
            <reflectivity>
              <float>0.0</float>
            </reflectivity>
            <transparent>
              <color>0.0 0.0 0.0 1.0</color>
            </transparent>
            <transparency>
              <float>1.0</float>
            </transparency>
          </phong>
        </technique>
        <extra>
          <technique profile="GOOGLEEARTH">
            <double_sided>0</double_sided>
          </technique>
        </extra>
      </profile_COMMON>
    </effect>
    <effect id="23147c1eaea04e7a87ff9bdc73036927" name="23147c1eaea04e7a87ff9bdc73036927">
      <profile_COMMON>
        <technique sid="common">
          <phong>
            <emission>
              <color>0.0 0.0 0.0 1.0</color>
            </emission>
            <ambient>
              <color>0.0 0.0 0.0 1.0</color>
            </ambient>
            <diffuse>
              <color>0.8666666666666667 0.9098039215686274 1.0 1.0</color>
            </diffuse>
            <specular>
              <color>0.0 0.0 0.0 1.0</color>
            </specular>
            <shininess>
              <float>0.0</float>
            </shininess>
            <reflective>
              <color>0.0 0.0 0.0 1.0</color>
            </reflective>
            <reflectivity>
              <float>0.0</float>
            </reflectivity>
            <transparent>
              <color>0.0 0.0 0.0 1.0</color>
            </transparent>
            <transparency>
              <float>1.0</float>
            </transparency>
          </phong>
        </technique>
        <extra>
          <technique profile="GOOGLEEARTH">
            <double_sided>0</double_sided>
          </technique>
        </extra>
      </profile_COMMON>
    </effect>
  </library_effects>
  <library_geometries>
    <geometry id="0e1265db8600414290f18b9b1e550871" name="a78813dbb69943599ead59d846e6544d">
      <mesh>
        <source id="verts-array">
          <float_array count="3114" id="verts-array-array">0.013 -0.05395 0.01 0.013 -0.05395 0.0095 0.013 -0.05235 0.01 0.013 -0.05235 0.0095 0.0088 -0.05395 0.0123 0.009325 -0.05395 0.0123 0.009325 -0.05395 0.012825 -0.0014927 -0.05395 0.00694017 -0.0015 -0.05395 0.007 -0.0024 -0.05395 0.0079 -0.0123 -0.05395 0.0088 -0.0123 -0.05395 0.009325 -0.012825 -0.05395 0.009325 -0.0112627 -0.05395 0.00767131 -0.0112877 -0.05395 0.00761792 -0.009325 -0.05395 0.004085 -0.0091733 -0.05395 -0.0075823 -0.00925 -0.05395 -0.007 -0.009325 -0.05395 -0.009325 -0.013 -0.05395 -0.0095 -0.013 -0.05395 -0.01 -0.012825 -0.05395 -0.009325 -0.0128706 -0.05395 -0.010017 -0.0123 -0.05395 -0.009325 -0.01275 -0.05395 -0.010067 -0.0126464 -0.05395 -0.0101464 -0.012567 -0.05395 -0.01025 -0.012517 -0.05395 -0.0103706 -0.0125 -0.05395 -0.0105 -0.0124319 -0.05395 -0.0110176 -0.0123 -0.05395 -0.011336 -0.009325 -0.05395 -0.004085 -0.0112877 -0.05395 -0.0076179 -0.0112627 -0.05395 -0.0076713 -0.0113862 -0.05395 -0.0079726 -0.0114415 -0.05395 -0.007993 -0.0115 -0.05395 -0.008 -0.0123 -0.05395 -0.0088 -0.0112509 -0.05395 -0.0077291 -0.0112529 -0.05395 -0.007788 -0.0112687 -0.05395 -0.0078448 -0.0112973 -0.05395 -0.0078963 -0.0113372 -0.05395 -0.0079397 -0.0091733 -0.05395 -0.0064177 -0.0024 -0.05395 -0.0079 -0.0024 -0.05395 -0.0024 -0.0048267 -0.05395 -0.0064177 -0.005875 -0.05395 -0.0050514 -0.005409 -0.05395 -0.005409 -0.0050514 -0.05395 -0.005875 -0.0089486 -0.05395 -0.005875 -0.008591 -0.05395 -0.005409 -0.009 -0.05395 -0.0035 -0.008125 -0.05395 -0.0050514 -0.0079 -0.05395 -0.0024 -0.0075823 -0.05395 -0.0048267 -0.007 -0.05395 -0.00475 -0.0064177 -0.05395 -0.0048267 -0.00475 -0.05395 -0.007 -0.0048267 -0.05395 -0.0075823 -0.0035 -0.05395 -0.009 -0.0050514 -0.05395 -0.008125 -0.004085 -0.05395 -0.009325 -0.005409 -0.05395 -0.008591 -0.005875 -0.05395 -0.0089486 -0.0064177 -0.05395 -0.0091733 -0.007 -0.05395 -0.00925 -0.0075823 -0.05395 -0.0091733 -0.008125 -0.05395 -0.0089486 -0.008591 -0.05395 -0.008591 -0.0089486 -0.05395 -0.008125 -0.0068838 -0.05395 -0.0010286 -0.0068342 -0.05395 -0.0010629 -0.0069353 -0.05395 0.0010085 -0.0067943 -0.05395 -0.001108 -0.0079 -0.05395 0.0024 -0.007 -0.05395 0.0015 -0.0069353 -0.05395 0.0014915 -0.0068232 -0.05395 0.0014268 -0.0067835 -0.05395 0.001375 -0.0024 -0.05395 0.0024 -0.0067585 -0.05395 0.0013147 -0.00675 -0.05395 0.00125 -0.0067585 -0.05395 0.0011853 -0.0067835 -0.05395 0.001125 -0.007 -0.05395 0.001 -0.007 -0.05395 -0.001 -0.0069402 -0.05395 -0.0010073 -0.006875 -0.05395 0.0014665 -0.0068232 -0.05395 0.0010732 -0.006875 -0.05395 0.0010335 -0.0067662 -0.05395 -0.0013387 -0.0067943 -0.05395 -0.001392 -0.0067662 -0.05395 -0.0011613 -0.0067518 -0.05395 -0.0012199 -0.0067518 -0.05395 -0.0012801 -0.0068342 -0.05395 -0.0014371 -0.0068838 -0.05395 -0.0014714 -0.0069402 -0.05395 -0.0014927 -0.007 -0.05395 -0.0015 -0.0089486 -0.05395 0.005875 -0.0091733 -0.05395 0.00641766 -0.00925 -0.05395 0.007 -0.009325 -0.05395 0.009325 -0.0091733 -0.05395 0.00758234 -0.00475 -0.05395 0.007 -0.0048267 -0.05395 0.00641766 -0.0050514 -0.05395 0.005875 -0.005409 -0.05395 0.00540901 -0.005875 -0.05395 0.00505144 -0.0064177 -0.05395 0.00482667 -0.007 -0.05395 0.00475 -0.0075823 -0.05395 0.00482667 -0.009 -0.05395 0.0035 -0.008125 -0.05395 0.00505144 -0.008591 -0.05395 0.00540901 -0.0089486 -0.05395 0.008125 -0.008591 -0.05395 0.00859099 -0.008125 -0.05395 0.00894856 -0.0064177 -0.05395 0.00917333 -0.004085 -0.05395 0.009325 -0.007 -0.05395 0.00925 -0.0075823 -0.05395 0.00917333 -0.005875 -0.05395 0.00894856 -0.005409 -0.05395 0.00859099 -0.0035 -0.05395 0.009 -0.0050514 -0.05395 0.008125 -0.0048267 -0.05395 0.00758234 -0.0114415 -0.05395 0.00799305 -0.0113862 -0.05395 0.00797258 -0.0113372 -0.05395 0.00793973 -0.0112973 -0.05395 0.00789633 -0.0112509 -0.05395 0.00772906 -0.0115 -0.05395 0.008 -0.0112687 -0.05395 0.0078448 -0.0112529 -0.05395 0.00778799 -0.0126091 -0.05395 0.01018826 -0.0125495 -0.05395 0.01028306 -0.0125125 -0.05395 0.01038874 -0.0123 -0.05395 0.01133596 -0.0124319 -0.05395 0.01101764 -0.0125 -0.05395 0.0105 -0.013 -0.05395 0.01 -0.013 -0.05395 0.0095 -0.0128887 -0.05395 0.01001254 -0.0127831 -0.05395 0.01004952 -0.0126883 -0.05395 0.01010908 -0.00995 -0.05395 0.00954737 -0.0097222 -0.05395 0.00972218 -0.0095474 -0.05395 0.00995 -0.01105 -0.05395 0.00954737 -0.0112778 -0.05395 0.00972218 -0.0105 -0.05395 0.0116 -0.0102153 -0.05395 0.01156252 -0.009325 -0.05395 0.0123 -0.0095474 -0.05395 0.01105 -0.0094375 -0.05395 0.0107847 -0.0094 -0.05395 0.0105 -0.0094375 -0.05395 0.0102153 -0.0114526 -0.05395 0.00995 -0.0115625 -0.05395 0.0102153 -0.00995 -0.05395 0.01145263 -0.0097222 -0.05395 0.01127782 -0.0116 -0.05395 0.0105 -0.0115625 -0.05395 0.0107847 -0.012232 -0.05395 0.0115 -0.0114526 -0.05395 0.01105 -0.0119142 -0.05395 0.01191421 -0.0112778 -0.05395 0.01127782 -0.0115 -0.05395 0.01223205 -0.01105 -0.05395 0.01145263 -0.011336 -0.05395 0.0123 -0.0107847 -0.05395 0.01156252 -0.0102153 -0.05395 0.00943748 -0.0105 -0.05395 0.0094 -0.0107847 -0.05395 0.00943748 -0.0095 -0.05395 0.013 -0.01 -0.05395 0.013 -0.009325 -0.05395 0.012825 -0.010017 -0.05395 0.01287059 -0.010067 -0.05395 0.01275 -0.0101464 -0.05395 0.01264645 -0.01025 -0.05395 0.01256699 -0.0103706 -0.05395 0.01251704 -0.0105 -0.05395 0.0125 -0.0110176 -0.05395 0.01243185 -0.0079726 -0.05395 0.01138616 -0.007993 -0.05395 0.01144145 -0.008 -0.05395 0.0115 -0.0088 -0.05395 0.0123 -0.0076179 -0.05395 0.01128774 -0.0076713 -0.05395 0.01126271 -0.007788 -0.05395 0.0112529 -0.0078448 -0.05395 0.01126867 -0.0077291 -0.05395 0.01125088 -0.0078963 -0.05395 0.0112973 -0.0079397 -0.05395 0.01133721 0.0024 -0.05395 0.0079 0.0015 -0.05395 0.007 0.0014927 -0.05395 0.00694017 0.001108 -0.05395 0.00679425 0.0010629 -0.05395 0.00683422 -0.0010286 -0.05395 0.00688382 0.0010073 -0.05395 0.00694017 0.001 -0.05395 0.007 -0.001 -0.05395 0.007 0.0014371 -0.05395 0.00683422 0.001392 -0.05395 0.00679425 0.0024 -0.05395 0.0024 -0.001108 -0.05395 0.00679425 -0.0011613 -0.05395 0.00676625 -0.0014714 -0.05395 0.00688382 0.0010286 -0.05395 0.00688382 -0.0010073 -0.05395 0.00694017 0.0014714 -0.05395 0.00688382 -0.0012801 -0.05395 0.00675182 -0.0013387 -0.05395 0.00676625 -0.0012199 -0.05395 0.00675182 -0.001392 -0.05395 0.00679425 -0.0014371 -0.05395 0.00683422 0.0013387 -0.05395 0.00676625 0.0012801 -0.05395 0.00675182 0.0012199 -0.05395 0.00675182 -0.0010629 -0.05395 0.00683422 0.0011613 -0.05395 0.00676625 0.009325 -0.05395 0.004085 0.009325 -0.05395 0.009325 0.009 -0.05395 0.0035 0.004085 -0.05395 0.009325 0.00799305 -0.05395 0.01144145 0.00797258 -0.05395 0.01138616 0.008 -0.05395 0.0115 0.00793973 -0.05395 0.01133721 0.00789633 -0.05395 0.0112973 0.0078448 -0.05395 0.01126867 0.00778799 -0.05395 0.0112529 0.00772906 -0.05395 0.01125088 0.00767131 -0.05395 0.01126271 0.00761792 -0.05395 0.01128774 0.0105 -0.05395 0.0125 0.01101764 -0.05395 0.01243185 0.01133596 -0.05395 0.0123 0.01038874 -0.05395 0.01251254 0.01028306 -0.05395 0.01254952 0.01018826 -0.05395 0.01260908 0.01 -0.05395 0.013 0.0095 -0.05395 0.013 0.01001254 -0.05395 0.01288874 0.01004952 -0.05395 0.01278306 0.01010908 -0.05395 0.01268826 0.00995 -0.05395 0.00954737 0.00972218 -0.05395 0.00972218 0.00954737 -0.05395 0.00995 0.00954737 -0.05395 0.01105 0.00972218 -0.05395 0.01127782 0.00943748 -0.05395 0.0102153 0.0094 -0.05395 0.0105 0.00943748 -0.05395 0.0107847 0.00995 -0.05395 0.01145263 0.0102153 -0.05395 0.01156252 0.01127782 -0.05395 0.00972218 0.01105 -0.05395 0.00954737 0.012825 -0.05395 0.009325 0.01287059 -0.05395 0.01001704 0.01145263 -0.05395 0.00995 0.01156252 -0.05395 0.0102153 0.01275 -0.05395 0.01006699 0.01264645 -0.05395 0.01014645 0.0105 -0.05395 0.0116 0.0107847 -0.05395 0.01156252 0.0115 -0.05395 0.01223205 0.01105 -0.05395 0.01145263 0.01191421 -0.05395 0.01191421 0.01127782 -0.05395 0.01127782 0.01223205 -0.05395 0.0115 0.01145263 -0.05395 0.01105 0.01243185 -0.05395 0.01101764 0.01156252 -0.05395 0.0107847 0.0125 -0.05395 0.0105 0.0116 -0.05395 0.0105 0.01251704 -0.05395 0.01037059 0.01256699 -0.05395 0.01025 0.0107847 -0.05395 0.00943748 0.0105 -0.05395 0.0094 0.0102153 -0.05395 0.00943748 0.0115 -0.05395 0.008 0.01144145 -0.05395 0.00799305 0.01138616 -0.05395 0.00797258 0.01133721 -0.05395 0.00793973 0.01128774 -0.05395 0.00761792 0.01126271 -0.05395 0.00767131 0.0112529 -0.05395 0.00778799 0.01126867 -0.05395 0.0078448 0.0112973 -0.05395 0.00789633 0.01125088 -0.05395 0.00772906 0.0079 -0.05395 -0.0024 0.007 -0.05395 -0.0015 0.0069353 -0.05395 -0.0014915 0.0024 -0.05395 -0.0024 0.00694017 -0.05395 0.0014927 0.007 -0.05395 0.0015 0.0079 -0.05395 0.0024 0.006875 -0.05395 -0.0014665 0.00682322 -0.05395 -0.0014268 0.00678349 -0.05395 -0.001375 0.00688382 -0.05395 0.0014714 0.00688382 -0.05395 0.0010286 0.00683422 -0.05395 0.0010629 0.0069353 -0.05395 -0.0010085 0.00679425 -0.05395 0.001108 0.00675852 -0.05395 -0.0013147 0.00675 -0.05395 -0.00125 0.00675852 -0.05395 -0.0011853 0.00678349 -0.05395 -0.001125 0.00682322 -0.05395 -0.0010732 0.006875 -0.05395 -0.0010335 0.00683422 -0.05395 0.0014371 0.00679425 -0.05395 0.001392 0.00676625 -0.05395 0.0013387 0.007 -0.05395 -0.001 0.007 -0.05395 0.001 0.00694017 -0.05395 0.0010073 0.00676625 -0.05395 0.0011613 0.00675182 -0.05395 0.0012199 0.00675182 -0.05395 0.0012801 0.0035 -0.05395 0.009 0.0024 -0.05395 -0.0079 0.00475 -0.05395 -0.007 0.004085 -0.05395 -0.009325 0.005875 -0.05395 -0.0089486 0.00540901 -0.05395 -0.008591 0.00482667 -0.05395 -0.0064177 0.00505144 -0.05395 -0.005875 0.00540901 -0.05395 -0.005409 0.005875 -0.05395 -0.0050514 0.00641766 -0.05395 -0.0048267 0.00894856 -0.05395 -0.008125 0.00859099 -0.05395 -0.008591 0.009325 -0.05395 -0.009325 0.008125 -0.05395 -0.0089486 0.0035 -0.05395 -0.009 0.00505144 -0.05395 -0.008125 0.00482667 -0.05395 -0.0075823 0.00758234 -0.05395 -0.0091733 0.007 -0.05395 -0.00925 0.00641766 -0.05395 -0.0091733 0.007 -0.05395 -0.00475 0.00758234 -0.05395 -0.0048267 0.009 -0.05395 -0.0035 0.008125 -0.05395 -0.0050514 0.009325 -0.05395 -0.004085 0.00859099 -0.05395 -0.005409 0.00894856 -0.05395 -0.005875 0.00917333 -0.05395 -0.0064177 0.00925 -0.05395 -0.007 0.00917333 -0.05395 -0.0075823 0.0115 -0.05395 -0.008 0.01144145 -0.05395 -0.007993 0.01138616 -0.05395 -0.0079726 0.01133721 -0.05395 -0.0079397 0.0112973 -0.05395 -0.0078963 0.01126867 -0.05395 -0.0078448 0.0112529 -0.05395 -0.007788 0.01125088 -0.05395 -0.0077291 0.01126271 -0.05395 -0.0076713 0.01128774 -0.05395 -0.0076179 0.0095 -0.05395 -0.013 0.01 -0.05395 -0.013 0.009325 -0.05395 -0.012825 0.01001704 -0.05395 -0.0128706 0.01006699 -0.05395 -0.01275 0.0107847 -0.05395 -0.0094375 0.01105 -0.05395 -0.0095474 0.012825 -0.05395 -0.009325 0.01014645 -0.05395 -0.0126464 0.00943748 -0.05395 -0.0107847 0.00954737 -0.05395 -0.01105 0.01025 -0.05395 -0.012567 0.00972218 -0.05395 -0.0112778 0.00954737 -0.05395 -0.00995 0.00972218 -0.05395 -0.0097222 0.0094 -0.05395 -0.0105 0.00943748 -0.05395 -0.0102153 0.0105 -0.05395 -0.0094 0.00995 -0.05395 -0.0095474 0.0102153 -0.05395 -0.0094375 0.013 -0.05395 -0.01 0.013 -0.05395 -0.0095 0.01287059 -0.05395 -0.010017 0.01275 -0.05395 -0.010067 0.01264645 -0.05395 -0.0101464 0.01256699 -0.05395 -0.01025 0.01127782 -0.05395 -0.0097222 0.01145263 -0.05395 -0.00995 0.01251704 -0.05395 -0.0103706 0.01156252 -0.05395 -0.0102153 0.0125 -0.05395 -0.0105 0.0116 -0.05395 -0.0105 0.01243185 -0.05395 -0.0110176 0.01156252 -0.05395 -0.0107847 0.01223205 -0.05395 -0.0115 0.01145263 -0.05395 -0.01105 0.01191421 -0.05395 -0.0119142 0.01127782 -0.05395 -0.0112778 0.0115 -0.05395 -0.012232 0.01105 -0.05395 -0.0114526 0.01101764 -0.05395 -0.0124319 0.0107847 -0.05395 -0.0115625 0.0105 -0.05395 -0.0125 0.0105 -0.05395 -0.0116 0.01037059 -0.05395 -0.012517 0.0102153 -0.05395 -0.0115625 0.00995 -0.05395 -0.0114526 0.00761792 -0.05395 -0.0112877 0.00767131 -0.05395 -0.0112627 0.00778799 -0.05395 -0.0112529 0.0078448 -0.05395 -0.0112687 0.00789633 -0.05395 -0.0112973 0.00793973 -0.05395 -0.0113372 0.00772906 -0.05395 -0.0112509 0.008 -0.05395 -0.0115 0.00799305 -0.05395 -0.0114415 0.00797258 -0.05395 -0.0113862 -0.001375 -0.05395 -0.0067835 -0.0014268 -0.05395 -0.0068232 -0.0014665 -0.05395 -0.006875 -0.0014915 -0.05395 -0.0069353 -0.0015 -0.05395 -0.007 -0.0010335 -0.05395 -0.006875 -0.0010732 -0.05395 -0.0068232 -0.001125 -0.05395 -0.0067835 -0.0013147 -0.05395 -0.0067585 -0.00125 -0.05395 -0.00675 -0.0011853 -0.05395 -0.0067585 -0.0010085 -0.05395 -0.0069353 -0.001 -0.05395 -0.007 0.001 -0.05395 -0.007 0.0011853 -0.05395 -0.0067585 0.00125 -0.05395 -0.00675 0.0013147 -0.05395 -0.0067585 0.001375 -0.05395 -0.0067835 0.0014268 -0.05395 -0.0068232 0.0014665 -0.05395 -0.006875 0.0014915 -0.05395 -0.0069353 0.0015 -0.05395 -0.007 0.0010085 -0.05395 -0.0069353 0.0010335 -0.05395 -0.006875 0.0010732 -0.05395 -0.0068232 0.001125 -0.05395 -0.0067835 -0.009325 -0.05395 -0.012825 -0.008 -0.05395 -0.0115 -0.007993 -0.05395 -0.0114415 -0.0079726 -0.05395 -0.0113862 -0.0079397 -0.05395 -0.0113372 -0.0078963 -0.05395 -0.0112973 -0.0078448 -0.05395 -0.0112687 -0.007788 -0.05395 -0.0112529 -0.0077291 -0.05395 -0.0112509 -0.0076713 -0.05395 -0.0112627 -0.0076179 -0.05395 -0.0112877 -0.0115625 -0.05395 -0.0102153 -0.0116 -0.05395 -0.0105 -0.0115625 -0.05395 -0.0107847 -0.00995 -0.05395 -0.0114526 -0.0097222 -0.05395 -0.0112778 -0.0095474 -0.05395 -0.01105 -0.0114526 -0.05395 -0.00995 -0.0112778 -0.05395 -0.0097222 -0.01105 -0.05395 -0.0095474 -0.00995 -0.05395 -0.0095474 -0.0097222 -0.05395 -0.0097222 -0.0095474 -0.05395 -0.00995 -0.0094375 -0.05395 -0.0102153 -0.0094 -0.05395 -0.0105 -0.0094375 -0.05395 -0.0107847 -0.0107847 -0.05395 -0.0094375 -0.0105 -0.05395 -0.0094 -0.0102153 -0.05395 -0.0094375 -0.01 -0.05395 -0.013 -0.0095 -0.05395 -0.013 -0.0100125 -0.05395 -0.0128887 -0.0102153 -0.05395 -0.0115625 -0.0102831 -0.05395 -0.0125495 -0.0101883 -0.05395 -0.0126091 -0.0114526 -0.05395 -0.01105 -0.012232 -0.05395 -0.0115 -0.0112778 -0.05395 -0.0112778 -0.0119142 -0.05395 -0.0119142 -0.01105 -0.05395 -0.0114526 -0.0115 -0.05395 -0.012232 -0.0107847 -0.05395 -0.0115625 -0.0110176 -0.05395 -0.0124319 -0.0105 -0.05395 -0.0116 -0.0105 -0.05395 -0.0125 -0.0103887 -0.05395 -0.0125125 -0.0101091 -0.05395 -0.0126883 -0.0100495 -0.05395 -0.0127831 -5e-05 -0.05395 0 3.54e-05 -0.05395 -3.54e-05 4.33e-05 -0.05395 -2.5e-05 4.83e-05 -0.05395 -1.29e-05 -4.83e-05 -0.05395 1.29e-05 -4.33e-05 -0.05395 2.5e-05 -3.54e-05 -0.05395 3.54e-05 2.5e-05 -0.05395 -4.33e-05 1.29e-05 -0.05395 -4.83e-05 0 -0.05395 -5e-05 -2.5e-05 -0.05395 4.33e-05 -1.29e-05 -0.05395 4.83e-05 0 -0.05395 5e-05 -1.29e-05 -0.05395 -4.83e-05 -2.5e-05 -0.05395 -4.33e-05 -3.54e-05 -0.05395 -3.54e-05 -4.33e-05 -0.05395 -2.5e-05 -4.83e-05 -0.05395 -1.29e-05 1.29e-05 -0.05395 4.83e-05 2.5e-05 -0.05395 4.33e-05 3.54e-05 -0.05395 3.54e-05 4.33e-05 -0.05395 2.5e-05 4.83e-05 -0.05395 1.29e-05 5e-05 -0.05395 0 -0.0094375 -0.05235 0.0102153 -0.0094 -0.05235 0.0105 -0.009325 -0.05235 0.009325 -0.0088 -0.05235 0.0123 -0.009325 -0.05235 0.0123 -0.009325 -0.05235 0.012825 0.01126271 -0.05235 0.00767131 0.01128774 -0.05235 0.00761792 0.009325 -0.05235 0.004085 -0.013 -0.05235 -0.01 -0.013 -0.05235 -0.0095 -0.0128706 -0.05235 -0.010017 -0.012825 -0.05235 -0.009325 -0.01275 -0.05235 -0.010067 -0.012517 -0.05235 -0.0103706 -0.012567 -0.05235 -0.01025 -0.0123 -0.05235 -0.009325 -0.0126464 -0.05235 -0.0101464 -0.0123 -0.05235 -0.011336 -0.0124319 -0.05235 -0.0110176 -0.0125 -0.05235 -0.0105 -0.0097222 -0.05235 -0.0112778 -0.0095474 -0.05235 -0.01105 -0.009325 -0.05235 -0.012825 -0.0095474 -0.05235 -0.00995 -0.0097222 -0.05235 -0.0097222 -0.009325 -0.05235 -0.009325 -0.00995 -0.05235 -0.0095474 -0.01105 -0.05235 -0.0095474 -0.0112778 -0.05235 -0.0097222 -0.0114526 -0.05235 -0.00995 -0.0115625 -0.05235 -0.0102153 -0.0094375 -0.05235 -0.0107847 -0.0094 -0.05235 -0.0105 -0.0094375 -0.05235 -0.0102153 -0.0102153 -0.05235 -0.0094375 -0.0105 -0.05235 -0.0094 -0.0107847 -0.05235 -0.0094375 -0.0101091 -0.05235 -0.0126883 -0.0101883 -0.05235 -0.0126091 -0.0102153 -0.05235 -0.0115625 -0.0095 -0.05235 -0.013 -0.01 -0.05235 -0.013 -0.0100125 -0.05235 -0.0128887 -0.0116 -0.05235 -0.0105 -0.0115625 -0.05235 -0.0107847 -0.012232 -0.05235 -0.0115 -0.0114526 -0.05235 -0.01105 -0.0119142 -0.05235 -0.0119142 -0.0112778 -0.05235 -0.0112778 -0.0115 -0.05235 -0.012232 -0.01105 -0.05235 -0.0114526 -0.0110176 -0.05235 -0.0124319 -0.0107847 -0.05235 -0.0115625 -0.0105 -0.05235 -0.0125 -0.0105 -0.05235 -0.0116 -0.0103887 -0.05235 -0.0125125 -0.0102831 -0.05235 -0.0125495 -0.00995 -0.05235 -0.0114526 -0.0100495 -0.05235 -0.0127831 -0.004085 -0.05235 -0.009325 -0.0076179 -0.05235 -0.0112877 -0.0076713 -0.05235 -0.0112627 -0.007788 -0.05235 -0.0112529 -0.0078448 -0.05235 -0.0112687 -0.0078963 -0.05235 -0.0112973 -0.0079397 -0.05235 -0.0113372 -0.008 -0.05235 -0.0115 -0.007993 -0.05235 -0.0114415 -0.0079726 -0.05235 -0.0113862 -0.0077291 -0.05235 -0.0112509 -0.0024 -0.05235 -0.0024 -0.0024 -0.05235 -0.0079 -0.00475 -0.05235 -0.007 -0.0048267 -0.05235 -0.0064177 -0.0050514 -0.05235 -0.005875 -0.005409 -0.05235 -0.005409 -0.0089486 -0.05235 -0.005875 -0.0091733 -0.05235 -0.0064177 -0.009325 -0.05235 -0.004085 -0.00925 -0.05235 -0.007 -0.0091733 -0.05235 -0.0075823 -0.0089486 -0.05235 -0.008125 -0.008591 -0.05235 -0.008591 -0.008125 -0.05235 -0.0089486 -0.005875 -0.05235 -0.0050514 -0.0064177 -0.05235 -0.0048267 -0.0079 -0.05235 -0.0024 -0.0064177 -0.05235 -0.0091733 -0.007 -0.05235 -0.00925 -0.0075823 -0.05235 -0.0091733 -0.007 -0.05235 -0.00475 -0.0075823 -0.05235 -0.0048267 -0.009 -0.05235 -0.0035 -0.008125 -0.05235 -0.0050514 -0.008591 -0.05235 -0.005409 -0.005875 -0.05235 -0.0089486 -0.005409 -0.05235 -0.008591 -0.0035 -0.05235 -0.009 -0.0050514 -0.05235 -0.008125 -0.0048267 -0.05235 -0.0075823 0.0014915 -0.05235 -0.0069353 0.0014665 -0.05235 -0.006875 0.0024 -0.05235 -0.0024 0.0014268 -0.05235 -0.0068232 0.001375 -0.05235 -0.0067835 0.0010335 -0.05235 -0.006875 0.0010732 -0.05235 -0.0068232 0.001125 -0.05235 -0.0067835 0.0013147 -0.05235 -0.0067585 0.00125 -0.05235 -0.00675 0.0011853 -0.05235 -0.0067585 0.0010085 -0.05235 -0.0069353 0.001 -0.05235 -0.007 -0.001 -0.05235 -0.007 -0.0011853 -0.05235 -0.0067585 -0.00125 -0.05235 -0.00675 -0.0013147 -0.05235 -0.0067585 -0.001375 -0.05235 -0.0067835 -0.0014268 -0.05235 -0.0068232 -0.0014665 -0.05235 -0.006875 -0.0014915 -0.05235 -0.0069353 -0.0015 -0.05235 -0.007 -0.0010085 -0.05235 -0.0069353 -0.0010335 -0.05235 -0.006875 -0.0010732 -0.05235 -0.0068232 -0.001125 -0.05235 -0.0067835 0.0079 -0.05235 -0.0024 0.009 -0.05235 -0.0035 0.008125 -0.05235 -0.0050514 0.00859099 -0.05235 -0.005409 0.009325 -0.05235 -0.004085 0.00894856 -0.05235 -0.005875 0.008125 -0.05235 -0.0089486 0.00859099 -0.05235 -0.008591 0.009325 -0.05235 -0.009325 0.00894856 -0.05235 -0.008125 0.00641766 -0.05235 -0.0048267 0.007 -0.05235 -0.00475 0.00758234 -0.05235 -0.0048267 0.005875 -0.05235 -0.0089486 0.00641766 -0.05235 -0.0091733 0.004085 -0.05235 -0.009325 0.007 -0.05235 -0.00925 0.00758234 -0.05235 -0.0091733 0.00917333 -0.05235 -0.0075823 0.00925 -0.05235 -0.007 0.00917333 -0.05235 -0.0064177 0.005875 -0.05235 -0.0050514 0.00540901 -0.05235 -0.005409 0.00505144 -0.05235 -0.005875 0.00482667 -0.05235 -0.0064177 0.0024 -0.05235 -0.0079 0.0015 -0.05235 -0.007 0.00475 -0.05235 -0.007 0.00482667 -0.05235 -0.0075823 0.0035 -0.05235 -0.009 0.00505144 -0.05235 -0.008125 0.00540901 -0.05235 -0.008591 0.00789633 -0.05235 -0.0112973 0.0078448 -0.05235 -0.0112687 0.009325 -0.05235 -0.012825 0.008 -0.05235 -0.0115 0.00799305 -0.05235 -0.0114415 0.00797258 -0.05235 -0.0113862 0.00793973 -0.05235 -0.0113372 0.00778799 -0.05235 -0.0112529 0.00772906 -0.05235 -0.0112509 0.00767131 -0.05235 -0.0112627 0.00761792 -0.05235 -0.0112877 0.01127782 -0.05235 -0.0097222 0.01105 -0.05235 -0.0095474 0.01256699 -0.05235 -0.01025 0.012825 -0.05235 -0.009325 0.013 -0.05235 -0.0095 0.013 -0.05235 -0.01 0.01 -0.05235 -0.013 0.0095 -0.05235 -0.013 0.01001704 -0.05235 -0.0128706 0.01006699 -0.05235 -0.01275 0.01014645 -0.05235 -0.0126464 0.00995 -0.05235 -0.0095474 0.00972218 -0.05235 -0.0097222 0.00954737 -0.05235 -0.00995 0.0107847 -0.05235 -0.0094375 0.0105 -0.05235 -0.0094 0.0102153 -0.05235 -0.0094375 0.00943748 -0.05235 -0.0102153 0.0094 -0.05235 -0.0105 0.00943748 -0.05235 -0.0107847 0.00954737 -0.05235 -0.01105 0.01025 -0.05235 -0.012567 0.01287059 -0.05235 -0.010017 0.01275 -0.05235 -0.010067 0.01264645 -0.05235 -0.0101464 0.00972218 -0.05235 -0.0112778 0.00995 -0.05235 -0.0114526 0.01037059 -0.05235 -0.012517 0.0102153 -0.05235 -0.0115625 0.0105 -0.05235 -0.0125 0.0105 -0.05235 -0.0116 0.01101764 -0.05235 -0.0124319 0.0107847 -0.05235 -0.0115625 0.0115 -0.05235 -0.012232 0.01105 -0.05235 -0.0114526 0.01191421 -0.05235 -0.0119142 0.01127782 -0.05235 -0.0112778 0.01223205 -0.05235 -0.0115 0.01145263 -0.05235 -0.01105 0.01243185 -0.05235 -0.0110176 0.01156252 -0.05235 -0.0107847 0.0125 -0.05235 -0.0105 0.0116 -0.05235 -0.0105 0.01251704 -0.05235 -0.0103706 0.01156252 -0.05235 -0.0102153 0.01145263 -0.05235 -0.00995 0.01128774 -0.05235 -0.0076179 0.01126271 -0.05235 -0.0076713 0.0112529 -0.05235 -0.007788 0.01126867 -0.05235 -0.0078448 0.0112973 -0.05235 -0.0078963 0.01133721 -0.05235 -0.0079397 0.0115 -0.05235 -0.008 0.01144145 -0.05235 -0.007993 0.01138616 -0.05235 -0.0079726 0.01125088 -0.05235 -0.0077291 0.00682322 -0.05235 -0.0014268 0.006875 -0.05235 -0.0014665 0.00679425 -0.05235 0.001108 0.00683422 -0.05235 0.0010629 0.0069353 -0.05235 -0.0010085 0.0079 -0.05235 0.0024 0.007 -0.05235 0.0015 0.00694017 -0.05235 0.0014927 0.0069353 -0.05235 -0.0014915 0.007 -0.05235 -0.0015 0.00682322 -0.05235 -0.0010732 0.00678349 -0.05235 -0.001125 0.0024 -0.05235 0.0024 0.00675852 -0.05235 -0.0011853 0.00675 -0.05235 -0.00125 0.00675852 -0.05235 -0.0013147 0.00678349 -0.05235 -0.001375 0.007 -0.05235 0.001 0.007 -0.05235 -0.001 0.00694017 -0.05235 0.0010073 0.00688382 -0.05235 0.0010286 0.00683422 -0.05235 0.0014371 0.00679425 -0.05235 0.001392 0.00676625 -0.05235 0.0013387 0.00675182 -0.05235 0.0012801 0.00675182 -0.05235 0.0012199 0.00688382 -0.05235 0.0014714 0.006875 -0.05235 -0.0010335 0.00676625 -0.05235 0.0011613 0.009325 -0.05235 0.009325 0.012825 -0.05235 0.009325 0.0115 -0.05235 0.008 0.01144145 -0.05235 0.00799305 0.01138616 -0.05235 0.00797258 0.01133721 -0.05235 0.00793973 0.01125088 -0.05235 0.00772906 0.0112973 -0.05235 0.00789633 0.01126867 -0.05235 0.0078448 0.0112529 -0.05235 0.00778799 0.004085 -0.05235 0.009325 0.009 -0.05235 0.0035 0.0035 -0.05235 0.009 0.0024 -0.05235 0.0079 0.00954737 -0.05235 0.00995 0.00972218 -0.05235 0.00972218 0.00995 -0.05235 0.00954737 0.0102153 -0.05235 0.00943748 0.0105 -0.05235 0.0094 0.0107847 -0.05235 0.00943748 0.01105 -0.05235 0.00954737 0.01287059 -0.05235 0.01001704 0.009325 -0.05235 0.0123 0.00972218 -0.05235 0.01127782 0.00954737 -0.05235 0.01105 0.01127782 -0.05235 0.00972218 0.01145263 -0.05235 0.00995 0.01156252 -0.05235 0.0102153 0.01256699 -0.05235 0.01025 0.01264645 -0.05235 0.01014645 0.01275 -0.05235 0.01006699 0.00943748 -0.05235 0.0107847 0.0094 -0.05235 0.0105 0.00943748 -0.05235 0.0102153 0.0105 -0.05235 0.0116 0.0102153 -0.05235 0.01156252 0.00995 -0.05235 0.01145263 0.0107847 -0.05235 0.01156252 0.01133596 -0.05235 0.0123 0.01105 -0.05235 0.01145263 0.0115 -0.05235 0.01223205 0.01127782 -0.05235 0.01127782 0.01191421 -0.05235 0.01191421 0.01145263 -0.05235 0.01105 0.01223205 -0.05235 0.0115 0.01156252 -0.05235 0.0107847 0.01243185 -0.05235 0.01101764 0.0116 -0.05235 0.0105 0.0125 -0.05235 0.0105 0.01251704 -0.05235 0.01037059 0.01010908 -0.05235 0.01268826 0.01018826 -0.05235 0.01260908 0.01028306 -0.05235 0.01254952 0.01038874 -0.05235 0.01251254 0.0105 -0.05235 0.0125 0.01101764 -0.05235 0.01243185 0.0095 -0.05235 0.013 0.01 -0.05235 0.013 0.009325 -0.05235 0.012825 0.01001254 -0.05235 0.01288874 0.01004952 -0.05235 0.01278306 0.00761792 -0.05235 0.01128774 0.00767131 -0.05235 0.01126271 0.00778799 -0.05235 0.0112529 0.0078448 -0.05235 0.01126867 0.00789633 -0.05235 0.0112973 0.00793973 -0.05235 0.01133721 0.00797258 -0.05235 0.01138616 0.00799305 -0.05235 0.01144145 0.008 -0.05235 0.0115 0.0088 -0.05235 0.0123 0.00772906 -0.05235 0.01125088 -0.0010073 -0.05235 0.00694017 -0.001 -0.05235 0.007 0.001 -0.05235 0.007 -0.0014714 -0.05235 0.00688382 -0.0024 -0.05235 0.0024 -0.0014927 -0.05235 0.00694017 -0.0024 -0.05235 0.0079 -0.0015 -0.05235 0.007 0.0010073 -0.05235 0.00694017 0.0010286 -0.05235 0.00688382 -0.0010286 -0.05235 0.00688382 0.0010629 -0.05235 0.00683422 0.001108 -0.05235 0.00679425 -0.0014371 -0.05235 0.00683422 -0.001392 -0.05235 0.00679425 -0.0013387 -0.05235 0.00676625 0.0013387 -0.05235 0.00676625 0.001392 -0.05235 0.00679425 -0.0011613 -0.05235 0.00676625 -0.0012199 -0.05235 0.00675182 -0.0012801 -0.05235 0.00675182 0.0014371 -0.05235 0.00683422 0.0014714 -0.05235 0.00688382 0.0014927 -0.05235 0.00694017 0.0015 -0.05235 0.007 -0.001108 -0.05235 0.00679425 -0.0010629 -0.05235 0.00683422 0.0011613 -0.05235 0.00676625 0.0012199 -0.05235 0.00675182 0.0012801 -0.05235 0.00675182 -0.0079 -0.05235 0.0024 -0.007 -0.05235 0.00475 -0.0064177 -0.05235 0.00482667 -0.005875 -0.05235 0.00505144 -0.005409 -0.05235 0.00540901 -0.0050514 -0.05235 0.005875 -0.0048267 -0.05235 0.00641766 -0.0091733 -0.05235 0.00641766 -0.009325 -0.05235 0.004085 -0.00925 -0.05235 0.007 -0.0091733 -0.05235 0.00758234 -0.0089486 -0.05235 0.005875 -0.008591 -0.05235 0.00540901 -0.009 -0.05235 0.0035 -0.008125 -0.05235 0.00505144 -0.0075823 -0.05235 0.00482667 -0.00475 -0.05235 0.007 -0.0048267 -0.05235 0.00758234 -0.0035 -0.05235 0.009 -0.0050514 -0.05235 0.008125 -0.004085 -0.05235 0.009325 -0.005409 -0.05235 0.00859099 -0.005875 -0.05235 0.00894856 -0.008125 -0.05235 0.00894856 -0.008591 -0.05235 0.00859099 -0.0089486 -0.05235 0.008125 -0.0064177 -0.05235 0.00917333 -0.007 -0.05235 0.00925 -0.0075823 -0.05235 0.00917333 -0.007993 -0.05235 0.01144145 -0.0079726 -0.05235 0.01138616 -0.008 -0.05235 0.0115 -0.0079397 -0.05235 0.01133721 -0.0078963 -0.05235 0.0112973 -0.0078448 -0.05235 0.01126867 -0.007788 -0.05235 0.0112529 -0.0077291 -0.05235 0.01125088 -0.0076713 -0.05235 0.01126271 -0.0076179 -0.05235 0.01128774 -0.0103706 -0.05235 0.01251704 -0.01025 -0.05235 0.01256699 -0.01 -0.05235 0.013 -0.0095 -0.05235 0.013 -0.010017 -0.05235 0.01287059 -0.010067 -0.05235 0.01275 -0.0101464 -0.05235 0.01264645 -0.011336 -0.05235 0.0123 -0.0110176 -0.05235 0.01243185 -0.0105 -0.05235 0.0125 -0.0095474 -0.05235 0.01105 -0.0097222 -0.05235 0.01127782 -0.0094375 -0.05235 0.0107847 -0.00995 -0.05235 0.01145263 -0.0102153 -0.05235 0.01156252 -0.00995 -0.05235 0.00954737 -0.0097222 -0.05235 0.00972218 -0.0095474 -0.05235 0.00995 -0.0115625 -0.05235 0.0107847 -0.0123 -0.05235 0.01133596 -0.0114526 -0.05235 0.01105 -0.012232 -0.05235 0.0115 -0.0112778 -0.05235 0.01127782 -0.0119142 -0.05235 0.01191421 -0.01105 -0.05235 0.01145263 -0.0115 -0.05235 0.01223205 -0.0107847 -0.05235 0.01156252 -0.0105 -0.05235 0.0116 -0.0116 -0.05235 0.0105 -0.0115625 -0.05235 0.0102153 -0.0123 -0.05235 0.009325 -0.0114526 -0.05235 0.00995 -0.0112778 -0.05235 0.00972218 -0.01105 -0.05235 0.00954737 -0.0107847 -0.05235 0.00943748 -0.0105 -0.05235 0.0094 -0.0102153 -0.05235 0.00943748 -0.0126883 -0.05235 0.01010908 -0.0126091 -0.05235 0.01018826 -0.0125495 -0.05235 0.01028306 -0.0125125 -0.05235 0.01038874 -0.0125 -0.05235 0.0105 -0.013 -0.05235 0.0095 -0.013 -0.05235 0.01 -0.012825 -0.05235 0.009325 -0.0128887 -0.05235 0.01001254 -0.0127831 -0.05235 0.01004952 -0.0124319 -0.05235 0.01101764 -0.0112877 -0.05235 0.00761792 -0.0112627 -0.05235 0.00767131 -0.0113372 -0.05235 0.00793973 -0.0113862 -0.05235 0.00797258 -0.0112509 -0.05235 0.00772906 -0.0112529 -0.05235 0.00778799 -0.0112687 -0.05235 0.0078448 -0.0112973 -0.05235 0.00789633 -0.0114415 -0.05235 0.00799305 -0.0115 -0.05235 0.008 -0.0123 -0.05235 0.0088 -0.0068232 -0.05235 0.0010732 -0.0067835 -0.05235 0.001125 -0.0067585 -0.05235 0.0011853 -0.0067943 -0.05235 -0.001108 -0.0068342 -0.05235 -0.0010629 -0.0069353 -0.05235 0.0010085 -0.00675 -0.05235 0.00125 -0.0067585 -0.05235 0.0013147 -0.0067835 -0.05235 0.001375 -0.0068232 -0.05235 0.0014268 -0.006875 -0.05235 0.0014665 -0.0069353 -0.05235 0.0014915 -0.007 -0.05235 0.0015 -0.007 -0.05235 -0.001 -0.007 -0.05235 0.001 -0.0069402 -0.05235 -0.0010073 -0.0068838 -0.05235 -0.0010286 -0.0068838 -0.05235 -0.0014714 -0.0068342 -0.05235 -0.0014371 -0.0067943 -0.05235 -0.001392 -0.006875 -0.05235 0.0010335 -0.0067518 -0.05235 -0.0012199 -0.0067662 -0.05235 -0.0011613 -0.0067662 -0.05235 -0.0013387 -0.0067518 -0.05235 -0.0012801 -0.0069402 -0.05235 -0.0014927 -0.007 -0.05235 -0.0015 -0.0114415 -0.05235 -0.007993 -0.0113862 -0.05235 -0.0079726 -0.0113372 -0.05235 -0.0079397 -0.0112973 -0.05235 -0.0078963 -0.0112687 -0.05235 -0.0078448 -0.0112529 -0.05235 -0.007788 -0.0112509 -0.05235 -0.0077291 -0.0112627 -0.05235 -0.0076713 -0.0112877 -0.05235 -0.0076179 -0.0123 -0.05235 -0.0088 -0.0115 -0.05235 -0.008 5e-05 -0.05235 0 4.83e-05 -0.05235 1.29e-05 4.33e-05 -0.05235 2.5e-05 3.54e-05 -0.05235 3.54e-05 2.5e-05 -0.05235 4.33e-05 1.29e-05 -0.05235 4.83e-05 0 -0.05235 5e-05 -1.29e-05 -0.05235 4.83e-05 -2.5e-05 -0.05235 4.33e-05 -3.54e-05 -0.05235 3.54e-05 -4.33e-05 -0.05235 2.5e-05 -4.83e-05 -0.05235 1.29e-05 -5e-05 -0.05235 0 -4.83e-05 -0.05235 -1.29e-05 -4.33e-05 -0.05235 -2.5e-05 -3.54e-05 -0.05235 -3.54e-05 -2.5e-05 -0.05235 -4.33e-05 -1.29e-05 -0.05235 -4.83e-05 0 -0.05235 -5e-05 1.29e-05 -0.05235 -4.83e-05 2.5e-05 -0.05235 -4.33e-05 3.54e-05 -0.05235 -3.54e-05 4.33e-05 -0.05235 -2.5e-05 4.83e-05 -0.05235 -1.29e-05</float_array>
          <technique_common>
            <accessor count="1038" source="#verts-array-array" stride="3">
              <param type="float" name="X"/>
              <param type="float" name="Y"/>
              <param type="float" name="Z"/>
            </accessor>
          </technique_common>
        </source>
        <source id="normals-array">
          <float_array count="3114" id="normals-array-array">0 -1 0 0 -1 0 0 1 0 0 1 0 0 -1 0 0 -1 0 0 -1 0 0.6583337 -0.7350684 0.1620841 0.5315105 -0.8445655 0.06485132 0 -1 0 0 -1 0 0 -1 0 0 -1 0 -0.6440742 -0.7346361 0.2132564 -0.5267904 -0.8134144 0.2466754 0 -1 0 0 -1 0 0 -1 0 0 -1 0 0 -1 0 0 -1 0 0 -1 0 0 -1 0 0 -1 0 0 -1 0 0 -1 0 0 -1 0 0 -1 0 0 -1 0 0 -1 0 0 -1 0 0 -1 0 -0.526797 -0.813423 -0.2466333 -0.6440875 -0.7346481 -0.2131747 -0.3085966 -0.7348172 0.6039966 -0.1588658 -0.7343857 0.6598782 -0.06366633 -0.8443397 0.5320123 0 -1 0 -0.6762231 -0.734508 -0.05674832 -0.6704475 -0.7347551 0.1031268 -0.62783 -0.7345464 0.2574319 -0.550129 -0.7346455 0.3970567 -0.4419295 -0.7346015 0.5148387 0 -1 0 0 -1 0 0 -1 0 0 -1 0 0 -1 0 0 -1 0 0 -1 0 0 -1 0 0 -1 0 0 -1 0 0 -1 0 0 -1 0 0 -1 0 0 -1 0 0 -1 0 0 -1 0 0 -1 0 0 -1 0 0 -1 0 0 -1 0 0 -1 0 0 -1 0 0 -1 0 0 -1 0 0 -1 0 0 -1 0 0 -1 0 0 -1 0 -0.3146832 -0.7355426 -0.5999597 -0.4498562 -0.7352487 -0.5069898 -0.1747322 -0.7377726 0.6520431 -0.557844 -0.7349659 -0.3855323 0 -1 0 -0.06956152 -0.8454625 -0.529485 -0.1747328 -0.7377724 -0.6520432 -0.4772793 -0.7378404 -0.4772798 -0.5848247 -0.7375911 -0.3375493 0 -1 0 -0.6520432 -0.7377729 -0.174731 -0.6752015 -0.7376333 -2.32513e-18 -0.6520432 -0.7377729 0.174731 -0.5848244 -0.7375912 0.3375495 -0.6099475 -0.5845321 0.5350573 -0.6077743 -0.5840082 -0.5380937 -0.1620185 -0.7350265 -0.6583966 -0.3375493 -0.7375909 -0.5848249 -0.4772796 -0.7378401 0.47728 -0.3375496 -0.737591 0.5848245 -0.6332796 -0.7355777 0.2405877 -0.5578437 -0.7349662 0.3855323 -0.6332794 -0.7355778 -0.2405879 -0.6729509 -0.7351866 -0.08147213 -0.6729509 -0.7351866 0.08147213 -0.4498566 -0.7352484 0.50699 -0.3146829 -0.735543 0.5999593 -0.1620186 -0.735026 0.6583971 -0.06488205 -0.8445714 0.5314975 0 -1 0 0 -1 0 0 -1 0 0 -1 0 0 -1 0 0 -1 0 0 -1 0 0 -1 0 0 -1 0 0 -1 0 0 -1 0 0 -1 0 0 -1 0 0 -1 0 0 -1 0 0 -1 0 0 -1 0 0 -1 0 0 -1 0 0 -1 0 0 -1 0 0 -1 0 0 -1 0 0 -1 0 0 -1 0 0 -1 0 0 -1 0 0 -1 0 -0.1588931 -0.7346211 -0.6596096 -0.3088294 -0.7346001 -0.6041416 -0.4416918 -0.734685 -0.5149235 -0.5501518 -0.7346751 -0.3969704 -0.6761979 -0.7345264 0.05681015 -0.06323079 -0.8442566 -0.532196 -0.6278915 -0.7345225 -0.25735 -0.6704545 -0.7347516 -0.103106 0 -1 0 0 -1 0 0 -1 0 0 -1 0 0 -1 0 0 -1 0 0 -1 0 0 -1 0 0 -1 0 0 -1 0 0 -1 0 -0.3375709 -0.7377053 0.5846681 -0.4774052 -0.7377 0.4773709 -0.5846865 -0.7376922 0.3375676 0.3375705 -0.737705 0.5846687 0.4774045 -0.7377002 0.4773712 -4.847006e-18 -0.7376992 -0.6751296 -0.1747332 -0.7377002 -0.6521248 0 -1 0 -0.5846865 -0.7376922 -0.3375676 -0.6521198 -0.7376964 -0.174768 -0.6751117 -0.7377155 6.715655e-19 -0.6521198 -0.7376964 0.174768 0.5846867 -0.7376926 0.3375665 0.6521204 -0.737696 0.1747671 -0.3375709 -0.7377053 -0.5846681 -0.4774052 -0.7377 -0.4773709 0.6751117 -0.7377155 -8.201797e-18 0.6521204 -0.737696 -0.1747671 0 -1 0 0.5846867 -0.7376926 -0.3375665 0 -1 0 0.4774045 -0.7377002 -0.4773712 0 -1 0 0.3375705 -0.737705 -0.5846687 0 -1 0 0.1747332 -0.7377002 -0.6521248 -0.1747332 -0.7377002 0.6521248 4.847006e-18 -0.7376992 0.6751296 0.1747332 -0.7377002 0.6521248 0 -1 0 0 -1 0 0 -1 0 0 -1 0 0 -1 0 0 -1 0 0 -1 0 0 -1 0 0 -1 0 0 -1 0 0.6038658 -0.7348671 0.3087336 0.6598611 -0.7344051 0.1588473 0.5320343 -0.8443297 0.06361427 0 -1 0 -0.2469091 -0.8133645 0.5267581 -0.2134886 -0.7346418 0.6439907 0.1030965 -0.7346548 0.6705621 0.2573719 -0.734658 0.6277239 -0.05679407 -0.734611 0.6761073 0.3972374 -0.7346078 0.550049 0.5148214 -0.7345291 0.4420701 0 -1 0 -0.5315105 -0.8445655 0.06485132 -0.6583337 -0.7350684 0.1620841 0.3851932 -0.7352465 0.5577085 0.5072698 -0.7351443 0.4497113 -0.5999475 -0.7355074 0.3147886 0.6583332 -0.7350688 0.162084 0.5381135 -0.5840048 0.60776 -0.5381135 -0.5840048 0.60776 -0.50727 -0.7351439 0.4497116 -0.3851931 -0.7352468 0.5577082 0 -1 0 -0.3851932 -0.7352465 0.5577085 -0.2403662 -0.7353438 0.6336352 0.5999472 -0.7355078 0.3147883 0.5999475 -0.7355074 0.3147886 -0.6583332 -0.7350688 0.162084 -0.5999472 -0.7355078 0.3147883 0.08162595 -0.7352443 0.6728692 0.240366 -0.7353437 0.6336355 -0.08162595 -0.7352443 0.6728692 0.3851931 -0.7352468 0.5577082 0.50727 -0.7351439 0.4497116 -0.240366 -0.7353437 0.6336355 -0.08162595 -0.7352443 0.6728692 0.08162595 -0.7352443 0.6728692 -0.5072698 -0.7351443 0.4497113 0.2403662 -0.7353438 0.6336352 0 -1 0 0 -1 0 0 -1 0 0 -1 0 -0.6595924 -0.7346405 0.1588749 -0.6040109 -0.73465 0.3089665 -0.5322178 -0.8442468 0.06317907 -0.5149064 -0.7346126 0.4418323 -0.3971511 -0.7346373 0.5500718 -0.25729 -0.7346341 0.6277854 -0.1030757 -0.7346513 0.6705691 0.05685608 -0.7346295 0.676082 0.2135705 -0.7346297 0.6439774 0.2469512 -0.813356 0.5267515 0 -1 0 0 -1 0 0 -1 0 0 -1 0 0 -1 0 0 -1 0 0 -1 0 0 -1 0 0 -1 0 0 -1 0 0 -1 0 0.3375611 -0.7377 0.5846804 0.4773867 -0.7377018 0.4773867 0.5846804 -0.7377 0.3375611 0.5846804 -0.7377 -0.3375611 0.4773867 -0.7377018 -0.4773867 0.6521248 -0.7377002 0.1747332 0.6751296 -0.7376992 -4.847006e-18 0.6521248 -0.7377002 -0.1747332 0.3375611 -0.7377 -0.5846804 0.1747332 -0.7377002 -0.6521248 -0.4773867 -0.7377018 0.4773867 -0.3375611 -0.7377 0.5846804 0 -1 0 0 -1 0 -0.5846804 -0.7377 0.3375611 -0.6521248 -0.7377002 0.1747332 0 -1 0 0 -1 0 -4.847006e-18 -0.7376992 -0.6751296 -0.1747332 -0.7377002 -0.6521248 0 -1 0 -0.3375611 -0.7377 -0.5846804 0 -1 0 -0.4773867 -0.7377018 -0.4773867 0 -1 0 -0.5846804 -0.7377 -0.3375611 0 -1 0 -0.6521248 -0.7377002 -0.1747332 0 -1 0 -0.6751296 -0.7376992 1.782213e-18 0 -1 0 0 -1 0 -0.1747332 -0.7377002 0.6521248 4.847006e-18 -0.7376992 0.6751296 0.1747332 -0.7377002 0.6521248 0.06317907 -0.8442468 -0.5322178 0.1588749 -0.7346405 -0.6595924 0.3089665 -0.73465 -0.6040109 0.4418323 -0.7346126 -0.5149064 0.5267515 -0.813356 0.2469512 0.6439774 -0.7346297 0.2135705 0.6705691 -0.7346513 -0.1030757 0.6277854 -0.7346341 -0.25729 0.5500718 -0.7346373 -0.3971511 0.676082 -0.7346295 0.05685608 0 -1 0 0.06956152 -0.8454625 0.529485 0.1747328 -0.7377724 0.6520432 0 -1 0 0.1620841 -0.7350684 -0.6583337 0.06485132 -0.8445655 -0.5315105 0 -1 0 0.3375915 -0.7376134 0.5847721 0.4772887 -0.737774 0.4773731 0.584745 -0.7376859 0.3374801 0.3147883 -0.7355078 -0.5999472 0.3147886 -0.7355074 0.5999475 0.4497113 -0.7351443 0.5072698 0.1747322 -0.7377726 -0.6520431 0.5577085 -0.7352465 0.3851932 0.6521461 -0.737685 0.1747175 0.6751211 -0.7377069 1.69379e-18 0.6521461 -0.737685 -0.1747175 0.5847447 -0.737686 -0.3374803 0.477289 -0.7377737 -0.4773732 0.3375918 -0.7376136 -0.5847717 0.4497116 -0.7351439 -0.50727 0.5577082 -0.7352468 -0.3851931 0.6336355 -0.7353437 -0.240366 0.6099475 -0.5845321 -0.5350573 0.60776 -0.5840048 0.5381135 0.162084 -0.7350688 0.6583332 0.6336352 -0.7353438 0.2403662 0.6728692 -0.7352443 0.08162595 0.6728692 -0.7352443 -0.08162595 0 -1 0 0 -1 0 0.6751244 -0.7377039 3.493756e-08 0 -1 0 0.337531 -0.7377204 0.5846721 0.4774038 -0.7376955 0.4773793 0.6521326 -0.7376939 -0.1747306 0.584682 -0.7377041 -0.3375495 0.4774037 -0.7376954 -0.4773794 0.337531 -0.7377204 -0.5846721 0.1747211 -0.7376788 -0.6521523 -0.5846821 -0.737704 0.3375495 -0.4774036 -0.7376955 0.4773794 0 -1 0 -0.337531 -0.7377203 0.5846722 0 -1 0 0.5846821 -0.737704 0.3375495 0.6521325 -0.7376939 0.1747307 -0.1747212 -0.7376788 0.6521522 -3.494538e-08 -0.7377139 0.6751135 0.1747211 -0.7376788 0.6521523 -3.494538e-08 -0.7377139 -0.6751135 -0.1747212 -0.7376788 -0.6521522 0 -1 0 -0.337531 -0.7377203 -0.5846722 0 -1 0 -0.4774036 -0.7376955 -0.4773795 -0.584682 -0.7377041 -0.3375495 -0.6521326 -0.7376939 -0.1747306 -0.6751244 -0.7377039 3.493756e-08 -0.6521325 -0.7376939 0.1747307 0.06361427 -0.8443297 0.5320343 0.1588473 -0.7344051 0.6598611 0.3087336 -0.7348671 0.6038658 0.4420701 -0.7345291 0.5148214 0.550049 -0.7346078 0.3972374 0.6277239 -0.734658 0.2573719 0.6705621 -0.7346548 0.1030965 0.6761073 -0.734611 -0.05679407 0.6439907 -0.7346418 -0.2134886 0.5267581 -0.8133645 -0.2469091 0 -1 0 0 -1 0 0 -1 0 0 -1 0 0 -1 0 -0.174768 -0.7376964 -0.6521198 -0.3375676 -0.7376922 -0.5846865 0 -1 0 0 -1 0 0.6521248 -0.7377002 0.1747332 0.5846687 -0.737705 0.3375705 0 -1 0 0.4773712 -0.7377002 0.4774045 0.5846681 -0.7377053 -0.3375709 0.4773709 -0.7377 -0.4774052 0.6751296 -0.7376992 -4.847006e-18 0.6521248 -0.7377002 -0.1747332 -8.201797e-18 -0.7377155 -0.6751117 0.3375676 -0.7376922 -0.5846865 0.174768 -0.7376964 -0.6521198 0 -1 0 0 -1 0 0 -1 0 0 -1 0 0 -1 0 0 -1 0 -0.4773709 -0.7377 -0.4774052 -0.5846681 -0.7377053 -0.3375709 0 -1 0 -0.6521248 -0.7377002 -0.1747332 0 -1 0 -0.6751296 -0.7376992 1.782213e-18 0 -1 0 -0.6521248 -0.7377002 0.1747332 0 -1 0 -0.5846687 -0.737705 0.3375705 0 -1 0 -0.4773712 -0.7377002 0.4774045 0 -1 0 -0.3375665 -0.7376926 0.5846867 0 -1 0 -0.1747671 -0.737696 0.6521204 0 -1 0 8.201797e-18 -0.7377155 0.6751117 0 -1 0 0.1747671 -0.737696 0.6521204 0.3375665 -0.7376926 0.5846867 0.2466754 -0.8134144 -0.5267904 0.2132564 -0.7346361 -0.6440742 -0.103106 -0.7347516 -0.6704545 -0.25735 -0.7345225 -0.6278915 -0.3969704 -0.7346751 -0.5501518 -0.5149235 -0.734685 -0.4416918 0.05681015 -0.7345264 -0.6761979 -0.532196 -0.8442566 -0.06323079 -0.6596096 -0.7346211 -0.1588931 -0.6041416 -0.7346001 -0.3088294 0.3375493 -0.7375911 -0.5848247 0.4772798 -0.7378404 -0.4772793 0.5848249 -0.7375909 -0.3375493 0.6520432 -0.7377724 -0.1747328 0.529485 -0.8454625 -0.06956152 -0.5848245 -0.737591 -0.3375496 -0.47728 -0.7378401 -0.4772796 -0.3375495 -0.7375912 -0.5848244 0.174731 -0.7377729 -0.6520432 2.32513e-18 -0.7376333 -0.6752015 -0.174731 -0.7377729 -0.6520432 -0.6520431 -0.7377726 -0.1747322 -0.5350573 -0.5845321 -0.6099475 0.5350573 -0.5845321 -0.6099475 0.174731 -0.7377729 -0.6520432 2.32513e-18 -0.7376333 -0.6752015 -0.174731 -0.7377729 -0.6520432 -0.3375493 -0.7375911 -0.5848247 -0.4772798 -0.7378404 -0.4772793 -0.5848249 -0.7375909 -0.3375493 -0.6520432 -0.7377724 -0.1747328 -0.529485 -0.8454625 -0.06956152 0.6520431 -0.7377726 -0.1747322 0.5848245 -0.737591 -0.3375496 0.47728 -0.7378401 -0.4772796 0.3375495 -0.7375912 -0.5848244 0 -1 0 0.5320123 -0.8443397 -0.06366633 0.6598782 -0.7343857 -0.1588658 0.6039966 -0.7348172 -0.3085966 0.5148387 -0.7346015 -0.4419295 0.3970567 -0.7346455 -0.550129 0.2574319 -0.7345464 -0.62783 0.1031268 -0.7347551 -0.6704475 -0.05674832 -0.734508 -0.6762231 -0.2131747 -0.7346481 -0.6440875 -0.2466333 -0.813423 -0.526797 0.6521204 -0.737696 -0.1747671 0.6751117 -0.7377155 -8.201797e-18 0.6521204 -0.737696 0.1747671 -0.3375763 -0.7376978 0.5846744 -0.4773898 -0.7376984 0.4773888 -0.5846748 -0.7376972 0.337577 0.5846744 -0.7376978 -0.3375763 0.4773888 -0.7376984 -0.4773898 0.337577 -0.7376972 -0.5846748 -0.3375774 -0.7376975 -0.5846742 -0.4773895 -0.7376981 -0.4773895 -0.5846742 -0.7376975 -0.3375774 -0.6521198 -0.7376964 -0.174768 -0.6751117 -0.7377155 6.715655e-19 -0.6521198 -0.7376964 0.174768 0.174768 -0.7376964 -0.6521198 -8.201797e-18 -0.7377155 -0.6751117 -0.174768 -0.7376964 -0.6521198 0 -1 0 0 -1 0 0 -1 0 -0.1747671 -0.737696 0.6521204 0 -1 0 0 -1 0 0.5846749 -0.7376976 0.3375759 0 -1 0 0.4773891 -0.7376986 0.4773891 0 -1 0 0.3375759 -0.7376976 0.5846749 0 -1 0 0.1747671 -0.737696 0.6521204 0 -1 0 8.201797e-18 -0.7377155 0.6751117 0 -1 0 0 -1 0 0 -1 0 0 -1 0 0 -1 0 0 -1 0 0 -1 0 0 -1 0 0 -1 0 0 -1 0 0 -1 0 0 -1 0 0 -1 0 0 -1 0 0 -1 0 0 -1 0 0 -1 0 0 -1 0 0 -1 0 0 -1 0 0 -1 0 0 -1 0 0 -1 0 0 -1 0 0 -1 0 0 -1 0 0 -1 0 0 -1 0 -0.6521198 0.7376964 0.174768 -0.6751117 0.7377155 -2.185752e-18 0 1 0 0 1 0 0 1 0 0 1 0 0.6439774 0.7346297 0.2135705 0.5267515 0.813356 0.2469512 0 1 0 0 1 0 0 1 0 0 1 0 0 1 0 0 1 0 0 1 0 0 1 0 0 1 0 0 1 0 0 1 0 0 1 0 0 1 0 -0.4773898 0.7376984 0.4773888 -0.5846748 0.7376972 0.337577 0 1 0 -0.5846742 0.7376975 -0.3375774 -0.4773895 0.7376981 -0.4773895 0 1 0 -0.3375774 0.7376975 -0.5846742 0.337577 0.7376972 -0.5846748 0.4773888 0.7376984 -0.4773898 0.5846744 0.7376978 -0.3375763 0.6521204 0.737696 -0.1747671 -0.6521198 0.7376964 0.174768 -0.6751117 0.7377155 -2.185752e-18 -0.6521198 0.7376964 -0.174768 -0.174768 0.7376964 -0.6521198 3.293216e-18 0.7377155 -0.6751117 0.174768 0.7376964 -0.6521198 0 1 0 0 1 0 -0.1747671 0.737696 0.6521204 0 1 0 0 1 0 0 1 0 0.6751117 0.7377155 3.293216e-18 0.6521204 0.737696 0.1747671 0 1 0 0.5846749 0.7376976 0.3375759 0 1 0 0.4773891 0.7376986 0.4773891 0 1 0 0.3375759 0.7376976 0.5846749 0 1 0 0.1747671 0.737696 0.6521204 0 1 0 -3.293216e-18 0.7377155 0.6751117 0 1 0 0 1 0 -0.3375763 0.7376978 0.5846744 0 1 0 0 1 0 -0.2466333 0.813423 -0.526797 -0.2131747 0.7346481 -0.6440875 0.1031268 0.7347551 -0.6704475 0.2574319 0.7345464 -0.62783 0.3970567 0.7346455 -0.550129 0.5148387 0.7346015 -0.4419295 0.5320123 0.8443397 -0.06366633 0.6598782 0.7343857 -0.1588658 0.6039966 0.7348172 -0.3085966 -0.05674832 0.734508 -0.6762231 0 1 0 0 1 0 0 1 0 0 1 0 0 1 0 0 1 0 0 1 0 0 1 0 0 1 0 0 1 0 0 1 0 0 1 0 0 1 0 0 1 0 0 1 0 0 1 0 0 1 0 0 1 0 0 1 0 0 1 0 0 1 0 0 1 0 0 1 0 0 1 0 0 1 0 0 1 0 0 1 0 0 1 0 0 1 0 0 1 0 -0.6520432 0.7377724 -0.1747328 -0.5848249 0.7375909 -0.3375493 0 1 0 -0.4772798 0.7378404 -0.4772793 -0.3375493 0.7375911 -0.5848247 0.5848245 0.737591 -0.3375496 0.47728 0.7378401 -0.4772796 0.3375495 0.7375912 -0.5848244 -0.174731 0.7377729 -0.6520432 1.220747e-18 0.7376333 -0.6752015 0.174731 0.7377729 -0.6520432 0.6520431 0.7377726 -0.1747322 0.5350573 0.5845321 -0.6099475 -0.5350573 0.5845321 -0.6099475 -0.174731 0.7377729 -0.6520432 1.220747e-18 0.7376333 -0.6752015 0.174731 0.7377729 -0.6520432 0.3375493 0.7375911 -0.5848247 0.4772798 0.7378404 -0.4772793 0.5848249 0.7375909 -0.3375493 0.6520432 0.7377724 -0.1747328 0.529485 0.8454625 -0.06956152 -0.6520431 0.7377726 -0.1747322 -0.5848245 0.737591 -0.3375496 -0.47728 0.7378401 -0.4772796 -0.3375495 0.7375912 -0.5848244 0 1 0 0 1 0 -0.337531 0.7377203 -0.5846722 -0.4774036 0.7376955 -0.4773795 0 1 0 -0.584682 0.7377041 -0.3375495 -0.337531 0.7377203 0.5846722 -0.4774036 0.7376955 0.4773794 0 1 0 -0.5846821 0.737704 0.3375495 0.1747211 0.7376788 -0.6521523 -3.494538e-08 0.7377139 -0.6751135 -0.1747212 0.7376788 -0.6521522 0.337531 0.7377204 0.5846721 0.1747211 0.7376788 0.6521523 0 1 0 -3.494538e-08 0.7377139 0.6751135 -0.1747212 0.7376788 0.6521522 -0.6521325 0.7376939 0.1747307 -0.6751244 0.7377039 3.493756e-08 -0.6521326 0.7376939 -0.1747306 0.337531 0.7377204 -0.5846721 0.4774037 0.7376954 -0.4773794 0.584682 0.7377041 -0.3375495 0.6521326 0.7376939 -0.1747306 0 1 0 -0.529485 0.8454625 -0.06956152 0.6751244 0.7377039 3.493756e-08 0.6521325 0.7376939 0.1747307 0 1 0 0.5846821 0.737704 0.3375495 0.4774038 0.7376955 0.4773793 -0.3969704 0.7346751 -0.5501518 -0.25735 0.7345225 -0.6278915 0 1 0 -0.532196 0.8442566 -0.06323079 -0.6596096 0.7346211 -0.1588931 -0.6041416 0.7346001 -0.3088294 -0.5149235 0.734685 -0.4416918 -0.103106 0.7347516 -0.6704545 0.05681015 0.7345264 -0.6761979 0.2132564 0.7346361 -0.6440742 0.2466754 0.8134144 -0.5267904 -0.4773709 0.7377 -0.4774052 -0.3375676 0.7376922 -0.5846865 0 1 0 0 1 0 0 1 0 0 1 0 0 1 0 0 1 0 0 1 0 0 1 0 0 1 0 0.3375676 0.7376922 -0.5846865 0.4773709 0.7377 -0.4774052 0.5846681 0.7377053 -0.3375709 -0.174768 0.7376964 -0.6521198 3.293216e-18 0.7377155 -0.6751117 0.174768 0.7376964 -0.6521198 0.6521248 0.7377002 -0.1747332 0.6751296 0.7376992 3.180246e-18 0.6521248 0.7377002 0.1747332 0.5846687 0.737705 0.3375705 0 1 0 0 1 0 0 1 0 0 1 0 0.4773712 0.7377002 0.4774045 0.3375665 0.7376926 0.5846867 0 1 0 0.1747671 0.737696 0.6521204 0 1 0 -3.293216e-18 0.7377155 0.6751117 0 1 0 -0.1747671 0.737696 0.6521204 0 1 0 -0.3375665 0.7376926 0.5846867 0 1 0 -0.4773712 0.7377002 0.4774045 0 1 0 -0.5846687 0.737705 0.3375705 0 1 0 -0.6521248 0.7377002 0.1747332 0 1 0 -0.6751296 0.7376992 1.169145e-18 0 1 0 -0.6521248 0.7377002 -0.1747332 -0.5846681 0.7377053 -0.3375709 0.5267581 0.8133645 -0.2469091 0.6439907 0.7346418 -0.2134886 0.6705621 0.7346548 0.1030965 0.6277239 0.734658 0.2573719 0.550049 0.7346078 0.3972374 0.4420701 0.7345291 0.5148214 0.06361427 0.8443297 0.5320343 0.1588473 0.7344051 0.6598611 0.3087336 0.7348671 0.6038658 0.6761073 0.734611 -0.05679407 0.4772887 0.737774 0.4773731 0.3375915 0.7376134 0.5847721 0.5577085 0.7352465 0.3851932 0.4497113 0.7351443 0.5072698 0.1747322 0.7377726 -0.6520431 0 1 0 0.06485132 0.8445655 -0.5315105 0.1620841 0.7350684 -0.6583337 0.1747328 0.7377724 0.6520432 0.06956152 0.8454625 0.529485 0.477289 0.7377737 -0.4773732 0.5847447 0.737686 -0.3374803 0 1 0 0.6521461 0.737685 -0.1747175 0.6751211 0.7377069 2.655513e-18 0.6521461 0.737685 0.1747175 0.584745 0.7376859 0.3374801 0.60776 0.5840048 0.5381135 0.6099475 0.5845321 -0.5350573 0.162084 0.7350688 0.6583332 0.3147886 0.7355074 0.5999475 0.4497116 0.7351439 -0.50727 0.5577082 0.7352468 -0.3851931 0.6336355 0.7353437 -0.240366 0.6728692 0.7352443 -0.08162595 0.6728692 0.7352443 0.08162595 0.3147883 0.7355078 -0.5999472 0.3375918 0.7376136 -0.5847717 0.6336352 0.7353438 0.2403662 0 1 0 0 1 0 0.06317907 0.8442468 -0.5322178 0.1588749 0.7346405 -0.6595924 0.3089665 0.73465 -0.6040109 0.4418323 0.7346126 -0.5149064 0.676082 0.7346295 0.05685608 0.5500718 0.7346373 -0.3971511 0.6277854 0.7346341 -0.25729 0.6705691 0.7346513 -0.1030757 0 1 0 0 1 0 0 1 0 0 1 0 0.5846804 0.7377 0.3375611 0.4773867 0.7377018 0.4773867 0.3375611 0.7377 0.5846804 0.1747332 0.7377002 0.6521248 -3.180246e-18 0.7376992 0.6751296 -0.1747332 0.7377002 0.6521248 -0.3375611 0.7377 0.5846804 0 1 0 0 1 0 0.4773867 0.7377018 -0.4773867 0.5846804 0.7377 -0.3375611 -0.4773867 0.7377018 0.4773867 -0.5846804 0.7377 0.3375611 -0.6521248 0.7377002 0.1747332 0 1 0 0 1 0 0 1 0 0.6521248 0.7377002 -0.1747332 0.6751296 0.7376992 3.180246e-18 0.6521248 0.7377002 0.1747332 3.180246e-18 0.7376992 -0.6751296 0.1747332 0.7377002 -0.6521248 0.3375611 0.7377 -0.5846804 -0.1747332 0.7377002 -0.6521248 0 1 0 -0.3375611 0.7377 -0.5846804 0 1 0 -0.4773867 0.7377018 -0.4773867 0 1 0 -0.5846804 0.7377 -0.3375611 0 1 0 -0.6521248 0.7377002 -0.1747332 0 1 0 -0.6751296 0.7376992 1.169145e-18 0 1 0 0 1 0 0 1 0 0 1 0 0 1 0 0 1 0 0 1 0 0 1 0 0 1 0 0 1 0 0 1 0 0 1 0 0 1 0 0.2469512 0.813356 0.5267515 0.2135705 0.7346297 0.6439774 -0.1030757 0.7346513 0.6705691 -0.25729 0.7346341 0.6277854 -0.3971511 0.7346373 0.5500718 -0.5149064 0.7346126 0.4418323 -0.6040109 0.73465 0.3089665 -0.6595924 0.7346405 0.1588749 -0.5322178 0.8442468 0.06317907 0 1 0 0.05685608 0.7346295 0.676082 -0.6583332 0.7350688 0.162084 -0.5381135 0.5840048 0.60776 0.5381135 0.5840048 0.60776 0.5999472 0.7355078 0.3147883 0 1 0 0.6583337 0.7350684 0.1620841 0 1 0 0.5315105 0.8445655 0.06485132 0.6583332 0.7350688 0.162084 0.5999475 0.7355074 0.3147886 -0.5999475 0.7355074 0.3147886 0.5072698 0.7351443 0.4497113 0.3851932 0.7352465 0.5577085 0.50727 0.7351439 0.4497116 0.3851931 0.7352468 0.5577082 0.240366 0.7353437 0.6336355 -0.240366 0.7353437 0.6336355 -0.3851931 0.7352468 0.5577082 -0.2403662 0.7353438 0.6336352 -0.08162595 0.7352443 0.6728692 0.08162595 0.7352443 0.6728692 -0.50727 0.7351439 0.4497116 -0.5999472 0.7355078 0.3147883 -0.6583337 0.7350684 0.1620841 -0.5315105 0.8445655 0.06485132 -0.3851932 0.7352465 0.5577085 -0.5072698 0.7351443 0.4497113 0.2403662 0.7353438 0.6336352 0.08162595 0.7352443 0.6728692 -0.08162595 0.7352443 0.6728692 0 1 0 0 1 0 0 1 0 0 1 0 0 1 0 0 1 0 0 1 0 0 1 0 0 1 0 0 1 0 0 1 0 0 1 0 0 1 0 0 1 0 0 1 0 0 1 0 0 1 0 0 1 0 0 1 0 0 1 0 0 1 0 0 1 0 0 1 0 0 1 0 0 1 0 0 1 0 0 1 0 0 1 0 0 1 0 0.6598611 0.7344051 0.1588473 0.6038658 0.7348671 0.3087336 0.5320343 0.8443297 0.06361427 0.5148214 0.7345291 0.4420701 0.3972374 0.7346078 0.550049 0.2573719 0.734658 0.6277239 0.1030965 0.7346548 0.6705621 -0.05679407 0.734611 0.6761073 -0.2134886 0.7346418 0.6439907 -0.2469091 0.8133645 0.5267581 0 1 0 0 1 0 0 1 0 0 1 0 0 1 0 0 1 0 0 1 0 0 1 0 0 1 0 0 1 0 -0.5846865 0.7376922 -0.3375676 -0.4774052 0.7377 -0.4773709 -0.6521198 0.7376964 -0.174768 -0.3375709 0.7377053 -0.5846681 -0.1747332 0.7377002 -0.6521248 -0.3375709 0.7377053 0.5846681 -0.4774052 0.7377 0.4773709 -0.5846865 0.7376922 0.3375676 0.6521204 0.737696 -0.1747671 0 1 0 0.5846867 0.7376926 -0.3375665 0 1 0 0.4774045 0.7377002 -0.4773712 0 1 0 0.3375705 0.737705 -0.5846687 0 1 0 0.1747332 0.7377002 -0.6521248 3.180246e-18 0.7376992 -0.6751296 0.6751117 0.7377155 3.293216e-18 0.6521204 0.737696 0.1747671 0 1 0 0.5846867 0.7376926 0.3375665 0.4774045 0.7377002 0.4773712 0.3375705 0.737705 0.5846687 0.1747332 0.7377002 0.6521248 -3.180246e-18 0.7376992 0.6751296 -0.1747332 0.7377002 0.6521248 0 1 0 0 1 0 0 1 0 0 1 0 0 1 0 0 1 0 0 1 0 0 1 0 0 1 0 0 1 0 0 1 0 -0.5267904 0.8134144 0.2466754 -0.6440742 0.7346361 0.2132564 -0.4416918 0.734685 -0.5149235 -0.3088294 0.7346001 -0.6041416 -0.6761979 0.7345264 0.05681015 -0.6704545 0.7347516 -0.103106 -0.6278915 0.7345225 -0.25735 -0.5501518 0.7346751 -0.3969704 -0.1588931 0.7346211 -0.6596096 -0.06323079 0.8442566 -0.532196 0 1 0 -0.4772796 0.7378401 0.47728 -0.5848244 0.7375912 0.3375495 -0.6520432 0.7377729 0.174731 -0.557844 0.7349659 -0.3855323 -0.4498562 0.7352487 -0.5069898 -0.1747322 0.7377726 0.6520431 -0.6752015 0.7376333 -1.220747e-18 -0.6520432 0.7377729 -0.174731 -0.5848247 0.7375911 -0.3375493 -0.4772793 0.7378404 -0.4772798 -0.3375493 0.7375909 -0.5848249 -0.1747328 0.7377724 -0.6520432 -0.06956152 0.8454625 -0.529485 -0.6077743 0.5840082 -0.5380937 -0.6099475 0.5845321 0.5350573 -0.1620185 0.7350265 -0.6583966 -0.3146832 0.7355426 -0.5999597 -0.3146829 0.735543 0.5999593 -0.4498566 0.7352484 0.50699 -0.5578437 0.7349662 0.3855323 -0.3375496 0.737591 0.5848245 -0.6729509 0.7351866 -0.08147213 -0.6332794 0.7355778 -0.2405879 -0.6332796 0.7355777 0.2405877 -0.6729509 0.7351866 0.08147213 -0.1620186 0.735026 0.6583971 -0.06488205 0.8445714 0.5314975 -0.1588658 0.7343857 0.6598782 -0.3085966 0.7348172 0.6039966 -0.4419295 0.7346015 0.5148387 -0.550129 0.7346455 0.3970567 -0.62783 0.7345464 0.2574319 -0.6704475 0.7347551 0.1031268 -0.6762231 0.734508 -0.05674832 -0.6440875 0.7346481 -0.2131747 -0.526797 0.813423 -0.2466333 0 1 0 -0.06366633 0.8443397 0.5320123 0 1 0 0 1 0 0 1 0 0 1 0 0 1 0 0 1 0 0 1 0 0 1 0 0 1 0 0 1 0 0 1 0 0 1 0 0 1 0 0 1 0 0 1 0 0 1 0 0 1 0 0 1 0 0 1 0 0 1 0 0 1 0 0 1 0 0 1 0 0 1 0</float_array>
          <technique_common>
            <accessor count="1038" source="#normals-array-array" stride="3">
              <param type="float" name="X"/>
              <param type="float" name="Y"/>
              <param type="float" name="Z"/>
            </accessor>
          </technique_common>
        </source>
        <source id="colors-array">
          <float_array count="3114" id="colors-array-array">0 0.5019608 0 0 0.5019608 0 0 0.5019608 0 0 0.5019608 0 0 0.5019608 0 0 0.5019608 0 0 0.5019608 0 0 0.5019608 0 0 0.5019608 0 0 0.5019608 0 0 0.5019608 0 0 0.5019608 0 0 0.5019608 0 0 0.5019608 0 0 0.5019608 0 0 0.5019608 0 0 0.5019608 0 0 0.5019608 0 0 0.5019608 0 0 0.5019608 0 0 0.5019608 0 0 0.5019608 0 0 0.5019608 0 0 0.5019608 0 0 0.5019608 0 0 0.5019608 0 0 0.5019608 0 0 0.5019608 0 0 0.5019608 0 0 0.5019608 0 0 0.5019608 0 0 0.5019608 0 0 0.5019608 0 0 0.5019608 0 0 0.5019608 0 0 0.5019608 0 0 0.5019608 0 0 0.5019608 0 0 0.5019608 0 0 0.5019608 0 0 0.5019608 0 0 0.5019608 0 0 0.5019608 0 0 0.5019608 0 0 0.5019608 0 0 0.5019608 0 0 0.5019608 0 0 0.5019608 0 0 0.5019608 0 0 0.5019608 0 0 0.5019608 0 0 0.5019608 0 0 0.5019608 0 0 0.5019608 0 0 0.5019608 0 0 0.5019608 0 0 0.5019608 0 0 0.5019608 0 0 0.5019608 0 0 0.5019608 0 0 0.5019608 0 0 0.5019608 0 0 0.5019608 0 0 0.5019608 0 0 0.5019608 0 0 0.5019608 0 0 0.5019608 0 0 0.5019608 0 0 0.5019608 0 0 0.5019608 0 0 0.5019608 0 0 0.5019608 0 0 0.5019608 0 0 0.5019608 0 0 0.5019608 0 0 0.5019608 0 0 0.5019608 0 0 0.5019608 0 0 0.5019608 0 0 0.5019608 0 0 0.5019608 0 0 0.5019608 0 0 0.5019608 0 0 0.5019608 0 0 0.5019608 0 0 0.5019608 0 0 0.5019608 0 0 0.5019608 0 0 0.5019608 0 0 0.5019608 0 0 0.5019608 0 0 0.5019608 0 0 0.5019608 0 0 0.5019608 0 0 0.5019608 0 0 0.5019608 0 0 0.5019608 0 0 0.5019608 0 0 0.5019608 0 0 0.5019608 0 0 0.5019608 0 0 0.5019608 0 0 0.5019608 0 0 0.5019608 0 0 0.5019608 0 0 0.5019608 0 0 0.5019608 0 0 0.5019608 0 0 0.5019608 0 0 0.5019608 0 0 0.5019608 0 0 0.5019608 0 0 0.5019608 0 0 0.5019608 0 0 0.5019608 0 0 0.5019608 0 0 0.5019608 0 0 0.5019608 0 0 0.5019608 0 0 0.5019608 0 0 0.5019608 0 0 0.5019608 0 0 0.5019608 0 0 0.5019608 0 0 0.5019608 0 0 0.5019608 0 0 0.5019608 0 0 0.5019608 0 0 0.5019608 0 0 0.5019608 0 0 0.5019608 0 0 0.5019608 0 0 0.5019608 0 0 0.5019608 0 0 0.5019608 0 0 0.5019608 0 0 0.5019608 0 0 0.5019608 0 0 0.5019608 0 0 0.5019608 0 0 0.5019608 0 0 0.5019608 0 0 0.5019608 0 0 0.5019608 0 0 0.5019608 0 0 0.5019608 0 0 0.5019608 0 0 0.5019608 0 0 0.5019608 0 0 0.5019608 0 0 0.5019608 0 0 0.5019608 0 0 0.5019608 0 0 0.5019608 0 0 0.5019608 0 0 0.5019608 0 0 0.5019608 0 0 0.5019608 0 0 0.5019608 0 0 0.5019608 0 0 0.5019608 0 0 0.5019608 0 0 0.5019608 0 0 0.5019608 0 0 0.5019608 0 0 0.5019608 0 0 0.5019608 0 0 0.5019608 0 0 0.5019608 0 0 0.5019608 0 0 0.5019608 0 0 0.5019608 0 0 0.5019608 0 0 0.5019608 0 0 0.5019608 0 0 0.5019608 0 0 0.5019608 0 0 0.5019608 0 0 0.5019608 0 0 0.5019608 0 0 0.5019608 0 0 0.5019608 0 0 0.5019608 0 0 0.5019608 0 0 0.5019608 0 0 0.5019608 0 0 0.5019608 0 0 0.5019608 0 0 0.5019608 0 0 0.5019608 0 0 0.5019608 0 0 0.5019608 0 0 0.5019608 0 0 0.5019608 0 0 0.5019608 0 0 0.5019608 0 0 0.5019608 0 0 0.5019608 0 0 0.5019608 0 0 0.5019608 0 0 0.5019608 0 0 0.5019608 0 0 0.5019608 0 0 0.5019608 0 0 0.5019608 0 0 0.5019608 0 0 0.5019608 0 0 0.5019608 0 0 0.5019608 0 0 0.5019608 0 0 0.5019608 0 0 0.5019608 0 0 0.5019608 0 0 0.5019608 0 0 0.5019608 0 0 0.5019608 0 0 0.5019608 0 0 0.5019608 0 0 0.5019608 0 0 0.5019608 0 0 0.5019608 0 0 0.5019608 0 0 0.5019608 0 0 0.5019608 0 0 0.5019608 0 0 0.5019608 0 0 0.5019608 0 0 0.5019608 0 0 0.5019608 0 0 0.5019608 0 0 0.5019608 0 0 0.5019608 0 0 0.5019608 0 0 0.5019608 0 0 0.5019608 0 0 0.5019608 0 0 0.5019608 0 0 0.5019608 0 0 0.5019608 0 0 0.5019608 0 0 0.5019608 0 0 0.5019608 0 0 0.5019608 0 0 0.5019608 0 0 0.5019608 0 0 0.5019608 0 0 0.5019608 0 0 0.5019608 0 0 0.5019608 0 0 0.5019608 0 0 0.5019608 0 0 0.5019608 0 0 0.5019608 0 0 0.5019608 0 0 0.5019608 0 0 0.5019608 0 0 0.5019608 0 0 0.5019608 0 0 0.5019608 0 0 0.5019608 0 0 0.5019608 0 0 0.5019608 0 0 0.5019608 0 0 0.5019608 0 0 0.5019608 0 0 0.5019608 0 0 0.5019608 0 0 0.5019608 0 0 0.5019608 0 0 0.5019608 0 0 0.5019608 0 0 0.5019608 0 0 0.5019608 0 0 0.5019608 0 0 0.5019608 0 0 0.5019608 0 0 0.5019608 0 0 0.5019608 0 0 0.5019608 0 0 0.5019608 0 0 0.5019608 0 0 0.5019608 0 0 0.5019608 0 0 0.5019608 0 0 0.5019608 0 0 0.5019608 0 0 0.5019608 0 0 0.5019608 0 0 0.5019608 0 0 0.5019608 0 0 0.5019608 0 0 0.5019608 0 0 0.5019608 0 0 0.5019608 0 0 0.5019608 0 0 0.5019608 0 0 0.5019608 0 0 0.5019608 0 0 0.5019608 0 0 0.5019608 0 0 0.5019608 0 0 0.5019608 0 0 0.5019608 0 0 0.5019608 0 0 0.5019608 0 0 0.5019608 0 0 0.5019608 0 0 0.5019608 0 0 0.5019608 0 0 0.5019608 0 0 0.5019608 0 0 0.5019608 0 0 0.5019608 0 0 0.5019608 0 0 0.5019608 0 0 0.5019608 0 0 0.5019608 0 0 0.5019608 0 0 0.5019608 0 0 0.5019608 0 0 0.5019608 0 0 0.5019608 0 0 0.5019608 0 0 0.5019608 0 0 0.5019608 0 0 0.5019608 0 0 0.5019608 0 0 0.5019608 0 0 0.5019608 0 0 0.5019608 0 0 0.5019608 0 0 0.5019608 0 0 0.5019608 0 0 0.5019608 0 0 0.5019608 0 0 0.5019608 0 0 0.5019608 0 0 0.5019608 0 0 0.5019608 0 0 0.5019608 0 0 0.5019608 0 0 0.5019608 0 0 0.5019608 0 0 0.5019608 0 0 0.5019608 0 0 0.5019608 0 0 0.5019608 0 0 0.5019608 0 0 0.5019608 0 0 0.5019608 0 0 0.5019608 0 0 0.5019608 0 0 0.5019608 0 0 0.5019608 0 0 0.5019608 0 0 0.5019608 0 0 0.5019608 0 0 0.5019608 0 0 0.5019608 0 0 0.5019608 0 0 0.5019608 0 0 0.5019608 0 0 0.5019608 0 0 0.5019608 0 0 0.5019608 0 0 0.5019608 0 0 0.5019608 0 0 0.5019608 0 0 0.5019608 0 0 0.5019608 0 0 0.5019608 0 0 0.5019608 0 0 0.5019608 0 0 0.5019608 0 0 0.5019608 0 0 0.5019608 0 0 0.5019608 0 0 0.5019608 0 0 0.5019608 0 0 0.5019608 0 0 0.5019608 0 0 0.5019608 0 0 0.5019608 0 0 0.5019608 0 0 0.5019608 0 0 0.5019608 0 0 0.5019608 0 0 0.5019608 0 0 0.5019608 0 0 0.5019608 0 0 0.5019608 0 0 0.5019608 0 0 0.5019608 0 0 0.5019608 0 0 0.5019608 0 0 0.5019608 0 0 0.5019608 0 0 0.5019608 0 0 0.5019608 0 0 0.5019608 0 0 0.5019608 0 0 0.5019608 0 0 0.5019608 0 0 0.5019608 0 0 0.5019608 0 0 0.5019608 0 0 0.5019608 0 0 0.5019608 0 0 0.5019608 0 0 0.5019608 0 0 0.5019608 0 0 0.5019608 0 0 0.5019608 0 0 0.5019608 0 0 0.5019608 0 0 0.5019608 0 0 0.5019608 0 0 0.5019608 0 0 0.5019608 0 0 0.5019608 0 0 0.5019608 0 0 0.5019608 0 0 0.5019608 0 0 0.5019608 0 0 0.5019608 0 0 0.5019608 0 0 0.5019608 0 0 0.5019608 0 0 0.5019608 0 0 0.5019608 0 0 0.5019608 0 0 0.5019608 0 0 0.5019608 0 0 0.5019608 0 0 0.5019608 0 0 0.5019608 0 0 0.5019608 0 0 0.5019608 0 0 0.5019608 0 0 0.5019608 0 0 0.5019608 0 0 0.5019608 0 0 0.5019608 0 0 0.5019608 0 0 0.5019608 0 0 0.5019608 0 0 0.5019608 0 0 0.5019608 0 0 0.5019608 0 0 0.5019608 0 0 0.5019608 0 0 0.5019608 0 0 0.5019608 0 0 0.5019608 0 0 0.5019608 0 0 0.5019608 0 0 0.5019608 0 0 0.5019608 0 0 0.5019608 0 0 0.5019608 0 0 0.5019608 0 0 0.5019608 0 0 0.5019608 0 0 0.5019608 0 0 0.5019608 0 0 0.5019608 0 0 0.5019608 0 0 0.5019608 0 0 0.5019608 0 0 0.5019608 0 0 0.5019608 0 0 0.5019608 0 0 0.5019608 0 0 0.5019608 0 0 0.5019608 0 0 0.5019608 0 0 0.5019608 0 0 0.5019608 0 0 0.5019608 0 0 0.5019608 0 0 0.5019608 0 0 0.5019608 0 0 0.5019608 0 0 0.5019608 0 0 0.5019608 0 0 0.5019608 0 0 0.5019608 0 0 0.5019608 0 0 0.5019608 0 0 0.5019608 0 0 0.5019608 0 0 0.5019608 0 0 0.5019608 0 0 0.5019608 0 0 0.5019608 0 0 0.5019608 0 0 0.5019608 0 0 0.5019608 0 0 0.5019608 0 0 0.5019608 0 0 0.5019608 0 0 0.5019608 0 0 0.5019608 0 0 0.5019608 0 0 0.5019608 0 0 0.5019608 0 0 0.5019608 0 0 0.5019608 0 0 0.5019608 0 0 0.5019608 0 0 0.5019608 0 0 0.5019608 0 0 0.5019608 0 0 0.5019608 0 0 0.5019608 0 0 0.5019608 0 0 0.5019608 0 0 0.5019608 0 0 0.5019608 0 0 0.5019608 0 0 0.5019608 0 0 0.5019608 0 0 0.5019608 0 0 0.5019608 0 0 0.5019608 0 0 0.5019608 0 0 0.5019608 0 0 0.5019608 0 0 0.5019608 0 0 0.5019608 0 0 0.5019608 0 0 0.5019608 0 0 0.5019608 0 0 0.5019608 0 0 0.5019608 0 0 0.5019608 0 0 0.5019608 0 0 0.5019608 0 0 0.5019608 0 0 0.5019608 0 0 0.5019608 0 0 0.5019608 0 0 0.5019608 0 0 0.5019608 0 0 0.5019608 0 0 0.5019608 0 0 0.5019608 0 0 0.5019608 0 0 0.5019608 0 0 0.5019608 0 0 0.5019608 0 0 0.5019608 0 0 0.5019608 0 0 0.5019608 0 0 0.5019608 0 0 0.5019608 0 0 0.5019608 0 0 0.5019608 0 0 0.5019608 0 0 0.5019608 0 0 0.5019608 0 0 0.5019608 0 0 0.5019608 0 0 0.5019608 0 0 0.5019608 0 0 0.5019608 0 0 0.5019608 0 0 0.5019608 0 0 0.5019608 0 0 0.5019608 0 0 0.5019608 0 0 0.5019608 0 0 0.5019608 0 0 0.5019608 0 0 0.5019608 0 0 0.5019608 0 0 0.5019608 0 0 0.5019608 0 0 0.5019608 0 0 0.5019608 0 0 0.5019608 0 0 0.5019608 0 0 0.5019608 0 0 0.5019608 0 0 0.5019608 0 0 0.5019608 0 0 0.5019608 0 0 0.5019608 0 0 0.5019608 0 0 0.5019608 0 0 0.5019608 0 0 0.5019608 0 0 0.5019608 0 0 0.5019608 0 0 0.5019608 0 0 0.5019608 0 0 0.5019608 0 0 0.5019608 0 0 0.5019608 0 0 0.5019608 0 0 0.5019608 0 0 0.5019608 0 0 0.5019608 0 0 0.5019608 0 0 0.5019608 0 0 0.5019608 0 0 0.5019608 0 0 0.5019608 0 0 0.5019608 0 0 0.5019608 0 0 0.5019608 0 0 0.5019608 0 0 0.5019608 0 0 0.5019608 0 0 0.5019608 0 0 0.5019608 0 0 0.5019608 0 0 0.5019608 0 0 0.5019608 0 0 0.5019608 0 0 0.5019608 0 0 0.5019608 0 0 0.5019608 0 0 0.5019608 0 0 0.5019608 0 0 0.5019608 0 0 0.5019608 0 0 0.5019608 0 0 0.5019608 0 0 0.5019608 0 0 0.5019608 0 0 0.5019608 0 0 0.5019608 0 0 0.5019608 0 0 0.5019608 0 0 0.5019608 0 0 0.5019608 0 0 0.5019608 0 0 0.5019608 0 0 0.5019608 0 0 0.5019608 0 0 0.5019608 0 0 0.5019608 0 0 0.5019608 0 0 0.5019608 0 0 0.5019608 0 0 0.5019608 0 0 0.5019608 0 0 0.5019608 0 0 0.5019608 0 0 0.5019608 0 0 0.5019608 0 0 0.5019608 0 0 0.5019608 0 0 0.5019608 0 0 0.5019608 0 0 0.5019608 0 0 0.5019608 0 0 0.5019608 0 0 0.5019608 0 0 0.5019608 0 0 0.5019608 0 0 0.5019608 0 0 0.5019608 0 0 0.5019608 0 0 0.5019608 0 0 0.5019608 0 0 0.5019608 0 0 0.5019608 0 0 0.5019608 0 0 0.5019608 0 0 0.5019608 0 0 0.5019608 0 0 0.5019608 0 0 0.5019608 0 0 0.5019608 0 0 0.5019608 0 0 0.5019608 0 0 0.5019608 0 0 0.5019608 0 0 0.5019608 0 0 0.5019608 0 0 0.5019608 0 0 0.5019608 0 0 0.5019608 0 0 0.5019608 0 0 0.5019608 0 0 0.5019608 0 0 0.5019608 0 0 0.5019608 0 0 0.5019608 0 0 0.5019608 0 0 0.5019608 0 0 0.5019608 0 0 0.5019608 0 0 0.5019608 0 0 0.5019608 0 0 0.5019608 0 0 0.5019608 0 0 0.5019608 0 0 0.5019608 0 0 0.5019608 0 0 0.5019608 0 0 0.5019608 0 0 0.5019608 0 0 0.5019608 0 0 0.5019608 0 0 0.5019608 0 0 0.5019608 0 0 0.5019608 0 0 0.5019608 0 0 0.5019608 0 0 0.5019608 0 0 0.5019608 0 0 0.5019608 0 0 0.5019608 0 0 0.5019608 0 0 0.5019608 0 0 0.5019608 0 0 0.5019608 0 0 0.5019608 0 0 0.5019608 0 0 0.5019608 0 0 0.5019608 0 0 0.5019608 0 0 0.5019608 0 0 0.5019608 0 0 0.5019608 0 0 0.5019608 0 0 0.5019608 0 0 0.5019608 0 0 0.5019608 0 0 0.5019608 0 0 0.5019608 0 0 0.5019608 0 0 0.5019608 0 0 0.5019608 0 0 0.5019608 0 0 0.5019608 0 0 0.5019608 0 0 0.5019608 0 0 0.5019608 0 0 0.5019608 0 0 0.5019608 0 0 0.5019608 0 0 0.5019608 0 0 0.5019608 0 0 0.5019608 0 0 0.5019608 0 0 0.5019608 0 0 0.5019608 0 0 0.5019608 0 0 0.5019608 0 0 0.5019608 0 0 0.5019608 0 0 0.5019608 0 0 0.5019608 0 0 0.5019608 0 0 0.5019608 0 0 0.5019608 0 0 0.5019608 0 0 0.5019608 0 0 0.5019608 0 0 0.5019608 0 0 0.5019608 0 0 0.5019608 0 0 0.5019608 0 0 0.5019608 0 0 0.5019608 0 0 0.5019608 0 0 0.5019608 0 0 0.5019608 0 0 0.5019608 0 0 0.5019608 0 0 0.5019608 0 0 0.5019608 0 0 0.5019608 0 0 0.5019608 0 0 0.5019608 0 0 0.5019608 0 0 0.5019608 0 0 0.5019608 0 0 0.5019608 0 0 0.5019608 0 0 0.5019608 0 0 0.5019608 0 0 0.5019608 0 0 0.5019608 0 0 0.5019608 0 0 0.5019608 0 0 0.5019608 0 0 0.5019608 0 0 0.5019608 0 0 0.5019608 0 0 0.5019608 0 0 0.5019608 0 0 0.5019608 0 0 0.5019608 0 0 0.5019608 0 0 0.5019608 0 0 0.5019608 0 0 0.5019608 0 0 0.5019608 0 0 0.5019608 0 0 0.5019608 0 0 0.5019608 0 0 0.5019608 0 0 0.5019608 0 0 0.5019608 0 0 0.5019608 0 0 0.5019608 0 0 0.5019608 0 0 0.5019608 0 0 0.5019608 0 0 0.5019608 0 0 0.5019608 0 0 0.5019608 0 0 0.5019608 0 0 0.5019608 0 0 0.5019608 0 0 0.5019608 0 0 0.5019608 0 0 0.5019608 0 0 0.5019608 0 0 0.5019608 0 0 0.5019608 0 0 0.5019608 0 0 0.5019608 0 0 0.5019608 0 0 0.5019608 0 0 0.5019608 0 0 0.5019608 0 0 0.5019608 0 0 0.5019608 0 0 0.5019608 0 0 0.5019608 0 0 0.5019608 0 0 0.5019608 0 0 0.5019608 0 0 0.5019608 0 0 0.5019608 0 0 0.5019608 0 0 0.5019608 0 0 0.5019608 0 0 0.5019608 0 0 0.5019608 0 0 0.5019608 0 0 0.5019608 0 0 0.5019608 0 0 0.5019608 0 0 0.5019608 0 0 0.5019608 0 0 0.5019608 0 0 0.5019608 0 0 0.5019608 0 0 0.5019608 0 0 0.5019608 0 0 0.5019608 0 0 0.5019608 0 0 0.5019608 0 0 0.5019608 0 0 0.5019608 0 0 0.5019608 0 0 0.5019608 0 0 0.5019608 0 0 0.5019608 0 0 0.5019608 0 0 0.5019608 0 0 0.5019608 0 0 0.5019608 0 0 0.5019608 0 0 0.5019608 0 0 0.5019608 0 0 0.5019608 0 0 0.5019608 0 0 0.5019608 0 0 0.5019608 0 0 0.5019608 0 0 0.5019608 0 0 0.5019608 0 0 0.5019608 0 0 0.5019608 0 0 0.5019608 0 0 0.5019608 0 0 0.5019608 0 0 0.5019608 0 0 0.5019608 0 0 0.5019608 0 0 0.5019608 0 0 0.5019608 0 0 0.5019608 0 0 0.5019608 0 0 0.5019608 0 0 0.5019608 0 0 0.5019608 0 0 0.5019608 0 0 0.5019608 0 0 0.5019608 0 0 0.5019608 0 0 0.5019608 0 0 0.5019608 0 0 0.5019608 0 0 0.5019608 0 0 0.5019608 0 0 0.5019608 0 0 0.5019608 0 0 0.5019608 0 0 0.5019608 0 0 0.5019608 0 0 0.5019608 0 0 0.5019608 0 0 0.5019608 0 0 0.5019608 0 0 0.5019608 0 0 0.5019608 0 0 0.5019608 0 0 0.5019608 0 0 0.5019608 0 0 0.5019608 0 0 0.5019608 0 0 0.5019608 0 0 0.5019608 0 0 0.5019608 0 0 0.5019608 0 0 0.5019608 0 0 0.5019608 0 0 0.5019608 0 0 0.5019608 0 0 0.5019608 0 0 0.5019608 0 0 0.5019608 0 0 0.5019608 0 0 0.5019608 0 0 0.5019608 0 0 0.5019608 0 0 0.5019608 0 0 0.5019608 0 0 0.5019608 0 0 0.5019608 0 0 0.5019608 0 0 0.5019608 0 0 0.5019608 0 0 0.5019608 0 0 0.5019608 0 0 0.5019608 0 0 0.5019608 0 0 0.5019608 0 0 0.5019608 0 0 0.5019608 0 0 0.5019608 0 0 0.5019608 0 0 0.5019608 0 0 0.5019608 0 0 0.5019608 0 0 0.5019608 0 0 0.5019608 0 0 0.5019608 0 0 0.5019608 0 0 0.5019608 0 0 0.5019608 0 0 0.5019608 0 0 0.5019608 0 0 0.5019608 0 0 0.5019608 0 0 0.5019608 0 0 0.5019608 0 0 0.5019608 0 0 0.5019608 0 0 0.5019608 0 0 0.5019608 0 0 0.5019608 0 0 0.5019608 0 0 0.5019608 0 0 0.5019608 0 0 0.5019608 0 0 0.5019608 0 0 0.5019608 0 0 0.5019608 0 0 0.5019608 0 0 0.5019608 0 0 0.5019608 0 0 0.5019608 0 0 0.5019608 0 0 0.5019608 0 0 0.5019608 0 0 0.5019608 0 0 0.5019608 0 0 0.5019608 0 0 0.5019608 0 0 0.5019608 0 0 0.5019608 0 0 0.5019608 0 0 0.5019608 0 0 0.5019608 0 0 0.5019608 0 0 0.5019608 0 0 0.5019608 0 0 0.5019608 0 0 0.5019608 0 0 0.5019608 0 0 0.5019608 0 0 0.5019608 0 0 0.5019608 0 0 0.5019608 0 0 0.5019608 0 0 0.5019608 0 0 0.5019608 0 0 0.5019608 0 0 0.5019608 0 0 0.5019608 0 0 0.5019608 0 0 0.5019608 0 0 0.5019608 0 0 0.5019608 0 0 0.5019608 0 0 0.5019608 0 0 0.5019608 0 0 0.5019608 0 0 0.5019608 0 0 0.5019608 0 0 0.5019608 0 0 0.5019608 0 0 0.5019608 0 0 0.5019608 0 0 0.5019608 0 0 0.5019608 0 0 0.5019608 0 0 0.5019608 0 0 0.5019608 0 0 0.5019608 0 0 0.5019608 0 0 0.5019608 0 0 0.5019608 0 0 0.5019608 0 0 0.5019608 0 0 0.5019608 0 0 0.5019608 0 0 0.5019608 0</float_array>
          <technique_common>
            <accessor count="1038" source="#colors-array-array" stride="3">
              <param type="float" name="R"/>
              <param type="float" name="G"/>
              <param type="float" name="B"/>
            </accessor>
          </technique_common>
        </source>
        <vertices id="verts-array-vertices">
          <input semantic="POSITION" source="#verts-array"/>
        </vertices>
        <triangles count="1694" material="material0">
          <input offset="0" semantic="VERTEX" source="#verts-array-vertices"/>
          <input offset="1" semantic="NORMAL" source="#normals-array"/>
          <input offset="2" semantic="COLOR" source="#colors-array"/>
          <p>0 0 0 1 1 1 2 2 2 3 3 3 2 2 2 1 1 1 4 4 4 5 5 5 6 6 6 7 7 7 8 8 8 9 9 9 10 10 10 11 11 11 12 12 12 13 13 13 14 14 14 15 15 15 16 16 16 17 17 17 18 18 18 19 19 19 20 20 20 21 21 21 22 22 22 21 21 21 20 20 20 21 21 21 22 22 22 23 23 23 24 24 24 23 23 23 22 22 22 24 24 24 25 25 25 23 23 23 26 26 26 23 23 23 25 25 25 23 23 23 26 26 26 27 27 27 27 27 27 28 28 28 23 23 23 29 29 29 23 23 23 28 28 28 23 23 23 29 29 29 30 30 30 31 31 31 32 32 32 33 33 33 34 34 34 35 35 35 18 18 18 36 36 36 18 18 18 35 35 35 18 18 18 36 36 36 23 23 23 37 37 37 23 23 23 36 36 36 23 23 23 37 37 37 21 21 21 33 33 33 38 38 38 18 18 18 39 39 39 18 18 18 38 38 38 18 18 18 39 39 39 40 40 40 40 40 40 41 41 41 18 18 18 42 42 42 18 18 18 41 41 41 18 18 18 42 42 42 34 34 34 33 33 33 18 18 18 31 31 31 17 17 17 31 31 31 18 18 18 31 31 31 17 17 17 43 43 43 44 44 44 45 45 45 46 46 46 47 47 47 48 48 48 45 45 45 49 49 49 45 45 45 48 48 48 45 45 45 49 49 49 46 46 46 43 43 43 50 50 50 31 31 31 51 51 51 31 31 31 50 50 50 31 31 31 51 51 51 52 52 52 53 53 53 52 52 52 51 51 51 52 52 52 53 53 53 54 54 54 53 53 53 55 55 55 54 54 54 56 56 56 54 54 54 55 55 55 54 54 54 56 56 56 45 45 45 57 57 57 45 45 45 56 56 56 45 45 45 57 57 57 47 47 47 46 46 46 58 58 58 44 44 44 59 59 59 44 44 44 58 58 58 44 44 44 59 59 59 60 60 60 61 61 61 60 60 60 59 59 59 60 60 60 61 61 61 62 62 62 63 63 63 62 62 62 61 61 61 62 62 62 63 63 63 64 64 64 64 64 64 65 65 65 62 62 62 66 66 66 62 62 62 65 65 65 62 62 62 66 66 66 18 18 18 67 67 67 18 18 18 66 66 66 18 18 18 67 67 67 68 68 68 68 68 68 69 69 69 18 18 18 70 70 70 18 18 18 69 69 69 18 18 18 70 70 70 16 16 16 71 71 71 72 72 72 73 73 73 74 74 74 73 73 73 72 72 72 75 75 75 76 76 76 77 77 77 78 78 78 79 79 79 80 80 80 81 81 81 80 80 80 79 79 79 80 80 80 81 81 81 82 82 82 45 45 45 83 83 83 84 84 84 85 85 85 86 86 86 73 73 73 87 87 87 73 73 73 86 86 86 73 73 73 87 87 87 71 71 71 75 75 75 77 77 77 80 80 80 88 88 88 80 80 80 77 77 77 80 80 80 88 88 88 78 78 78 84 84 84 89 89 89 45 45 45 90 90 90 45 45 45 89 89 89 45 45 45 90 90 90 73 73 73 91 91 91 92 92 92 45 45 45 74 74 74 93 93 93 73 73 73 94 94 94 73 73 73 93 93 93 73 73 73 94 94 94 45 45 45 95 95 95 45 45 45 94 94 94 45 45 45 95 95 95 91 91 91 92 92 92 96 96 96 45 45 45 97 97 97 45 45 45 96 96 96 45 45 45 97 97 97 54 54 54 98 98 98 54 54 54 97 97 97 54 54 54 98 98 98 99 99 99 100 100 100 101 101 101 15 15 15 102 102 102 15 15 15 101 101 101 103 103 103 102 102 102 104 104 104 105 105 105 106 106 106 80 80 80 107 107 107 80 80 80 106 106 106 80 80 80 107 107 107 108 108 108 108 108 108 109 109 109 80 80 80 110 110 110 80 80 80 109 109 109 80 80 80 110 110 110 75 75 75 110 110 110 111 111 111 75 75 75 112 112 112 75 75 75 111 111 111 75 75 75 112 112 112 113 113 113 114 114 114 113 113 113 112 112 112 113 113 113 114 114 114 15 15 15 115 115 115 15 15 15 114 114 114 15 15 15 115 115 115 100 100 100 104 104 104 116 116 116 103 103 103 117 117 117 103 103 103 116 116 116 103 103 103 117 117 117 118 118 118 119 119 119 120 120 120 121 121 121 103 103 103 121 121 121 120 120 120 121 121 121 103 103 103 122 122 122 118 118 118 122 122 122 103 103 103 119 119 119 123 123 123 120 120 120 124 124 124 120 120 120 123 123 123 120 120 120 124 124 124 125 125 125 126 126 126 125 125 125 124 124 124 125 125 125 126 126 126 9 9 9 127 127 127 9 9 9 126 126 126 9 9 9 127 127 127 105 105 105 128 128 128 129 129 129 103 103 103 130 130 130 103 103 103 129 129 129 103 103 103 130 130 130 131 131 131 102 102 102 103 103 103 15 15 15 132 132 132 15 15 15 103 103 103 15 15 15 132 132 132 13 13 13 11 11 11 10 10 10 103 103 103 133 133 133 103 103 103 10 10 10 103 103 103 133 133 133 128 128 128 131 131 131 134 134 134 103 103 103 135 135 135 103 103 103 134 134 134 103 103 103 135 135 135 132 132 132 136 136 136 11 11 11 137 137 137 138 138 138 137 137 137 11 11 11 139 139 139 140 140 140 11 11 11 141 141 141 11 11 11 140 140 140 11 11 11 141 141 141 138 138 138 142 142 142 143 143 143 144 144 144 12 12 12 144 144 144 143 143 143 144 144 144 12 12 12 145 145 145 11 11 11 145 145 145 12 12 12 145 145 145 11 11 11 146 146 146 136 136 136 146 146 146 11 11 11 147 147 147 103 103 103 148 148 148 149 149 149 148 148 148 103 103 103 150 150 150 151 151 151 11 11 11 152 152 152 153 153 153 154 154 154 155 155 155 156 156 156 154 154 154 157 157 157 154 154 154 156 156 156 154 154 154 157 157 157 103 103 103 158 158 158 103 103 103 157 157 157 103 103 103 158 158 158 149 149 149 151 151 151 159 159 159 11 11 11 160 160 160 11 11 11 159 159 159 11 11 11 160 160 160 139 139 139 153 153 153 161 161 161 154 154 154 162 162 162 154 154 154 161 161 161 154 154 154 162 162 162 155 155 155 160 160 160 163 163 163 139 139 139 164 164 164 139 139 139 163 163 163 139 139 139 164 164 164 165 165 165 166 166 166 165 165 165 164 164 164 165 165 165 166 166 166 167 167 167 168 168 168 167 167 167 166 166 166 167 167 167 168 168 168 169 169 169 170 170 170 169 169 169 168 168 168 169 169 169 170 170 170 171 171 171 172 172 172 171 171 171 170 170 170 147 147 147 173 173 173 103 103 103 174 174 174 103 103 103 173 173 173 103 103 103 174 174 174 11 11 11 175 175 175 11 11 11 174 174 174 11 11 11 175 175 175 150 150 150 176 176 176 177 177 177 178 178 178 179 179 179 178 178 178 177 177 177 178 178 178 179 179 179 154 154 154 180 180 180 154 154 154 179 179 179 154 154 154 180 180 180 181 181 181 181 181 181 182 182 182 154 154 154 183 183 183 154 154 154 182 182 182 154 154 154 183 183 183 184 184 184 172 172 172 152 152 152 171 171 171 154 154 154 171 171 171 152 152 152 171 171 171 154 154 154 185 185 185 184 184 184 185 185 185 154 154 154 186 186 186 187 187 187 103 103 103 188 188 188 103 103 103 187 187 187 103 103 103 188 188 188 154 154 154 189 189 189 154 154 154 188 188 188 154 154 154 189 189 189 178 178 178 120 120 120 190 190 190 191 191 191 192 192 192 193 193 193 103 103 103 120 120 120 191 191 191 103 103 103 194 194 194 103 103 103 191 191 191 103 103 103 194 194 194 192 192 192 193 193 193 195 195 195 103 103 103 196 196 196 103 103 103 195 195 195 103 103 103 196 196 196 186 186 186 197 197 197 198 198 198 199 199 199 200 200 200 201 201 201 202 202 202 203 203 203 204 204 204 205 205 205 206 206 206 207 207 207 208 208 208 209 209 209 210 210 210 208 208 208 105 105 105 80 80 80 9 9 9 211 211 211 9 9 9 80 80 80 9 9 9 211 211 211 7 7 7 201 201 201 212 212 212 202 202 202 203 203 203 202 202 202 212 212 212 202 202 202 203 203 203 213 213 213 205 205 205 213 213 213 203 203 203 197 197 197 199 199 199 208 208 208 214 214 214 208 208 208 199 199 199 208 208 208 214 214 214 206 206 206 215 215 215 216 216 216 80 80 80 208 208 208 210 210 210 80 80 80 217 217 217 80 80 80 210 210 210 80 80 80 217 217 217 215 215 215 216 216 216 218 218 218 80 80 80 219 219 219 80 80 80 218 218 218 80 80 80 219 219 219 211 211 211 207 207 207 220 220 220 208 208 208 221 221 221 208 208 208 220 220 220 208 208 208 221 221 221 222 222 222 209 209 209 208 208 208 223 223 223 222 222 222 223 223 223 208 208 208 223 223 223 222 222 222 202 202 202 224 224 224 202 202 202 222 222 222 202 202 202 224 224 224 200 200 200 225 225 225 226 226 226 227 227 227 228 228 228 227 227 227 226 226 226 229 229 229 230 230 230 226 226 226 5 5 5 4 4 4 226 226 226 231 231 231 226 226 226 4 4 4 226 226 226 231 231 231 229 229 229 230 230 230 232 232 232 226 226 226 233 233 233 226 226 226 232 232 232 226 226 226 233 233 233 234 234 234 234 234 234 235 235 235 226 226 226 236 236 236 226 226 226 235 235 235 226 226 226 236 236 236 228 228 228 237 237 237 228 228 228 236 236 236 228 228 228 237 237 237 238 238 238 239 239 239 5 5 5 240 240 240 241 241 241 240 240 240 5 5 5 239 239 239 242 242 242 5 5 5 243 243 243 5 5 5 242 242 242 5 5 5 243 243 243 244 244 244 245 245 245 246 246 246 247 247 247 6 6 6 247 247 247 246 246 246 247 247 247 6 6 6 248 248 248 5 5 5 248 248 248 6 6 6 248 248 248 5 5 5 249 249 249 244 244 244 249 249 249 5 5 5 250 250 250 251 251 251 226 226 226 252 252 252 226 226 226 251 251 251 253 253 253 254 254 254 5 5 5 252 252 252 255 255 255 226 226 226 256 256 256 226 226 226 255 255 255 226 226 226 256 256 256 5 5 5 257 257 257 5 5 5 256 256 256 5 5 5 257 257 257 253 253 253 254 254 254 258 258 258 5 5 5 259 259 259 5 5 5 258 258 258 5 5 5 259 259 259 241 241 241 260 260 260 261 261 261 262 262 262 1 1 1 0 0 0 262 262 262 263 263 263 262 262 262 0 0 0 260 260 260 262 262 262 264 264 264 263 263 263 264 264 264 262 262 262 264 264 264 263 263 263 265 265 265 266 266 266 265 265 265 263 263 263 265 265 265 266 266 266 267 267 267 259 259 259 268 268 268 241 241 241 269 269 269 241 241 241 268 268 268 241 241 241 269 269 269 270 270 270 271 271 271 270 270 270 269 269 269 270 270 270 271 271 271 272 272 272 273 273 273 272 272 272 271 271 271 272 272 272 273 273 273 274 274 274 275 275 275 274 274 274 273 273 273 274 274 274 275 275 275 276 276 276 277 277 277 276 276 276 275 275 275 276 276 276 277 277 277 278 278 278 279 279 279 278 278 278 277 277 277 278 278 278 279 279 279 280 280 280 265 265 265 280 280 280 279 279 279 280 280 280 265 265 265 281 281 281 267 267 267 281 281 281 265 265 265 261 261 261 282 282 282 262 262 262 283 283 283 262 262 262 282 282 282 262 262 262 283 283 283 226 226 226 284 284 284 226 226 226 283 283 283 226 226 226 284 284 284 250 250 250 285 285 285 262 262 262 286 286 286 226 226 226 286 286 286 262 262 262 286 286 286 226 226 226 287 287 287 288 288 288 287 287 287 226 226 226 225 225 225 289 289 289 290 290 290 291 291 291 292 292 292 226 226 226 293 293 293 226 226 226 292 292 292 226 226 226 293 293 293 288 288 288 225 225 225 290 290 290 226 226 226 294 294 294 226 226 226 290 290 290 226 226 226 294 294 294 291 291 291 295 295 295 296 296 296 297 297 297 295 295 295 297 297 297 298 298 298 299 299 299 300 300 300 301 301 301 297 297 297 302 302 302 298 298 298 303 303 303 298 298 298 302 302 302 298 298 298 303 303 303 304 304 304 299 299 299 301 301 301 305 305 305 306 306 306 307 307 307 308 308 308 309 309 309 308 308 308 307 307 307 304 304 304 310 310 310 298 298 298 311 311 311 298 298 298 310 310 310 298 298 298 311 311 311 208 208 208 312 312 312 208 208 208 311 311 311 208 208 208 312 312 312 313 313 313 313 313 313 314 314 314 208 208 208 315 315 315 208 208 208 314 314 314 208 208 208 315 315 315 308 308 308 316 316 316 208 208 208 317 317 317 318 318 318 317 317 317 208 208 208 319 319 319 320 320 320 308 308 308 321 321 321 308 308 308 320 320 320 308 308 308 321 321 321 306 306 306 309 309 309 322 322 322 308 308 308 323 323 323 308 308 308 322 322 322 308 308 308 323 323 323 208 208 208 324 324 324 208 208 208 323 323 323 208 208 208 324 324 324 318 318 318 316 316 316 305 305 305 208 208 208 301 301 301 208 208 208 305 305 305 208 208 208 301 301 301 197 197 197 227 227 227 197 197 197 301 301 301 197 197 197 227 227 227 325 325 325 228 228 228 325 325 325 227 227 227 298 298 298 326 326 326 327 327 327 328 328 328 329 329 329 330 330 330 327 327 327 331 331 331 298 298 298 332 332 332 298 298 298 331 331 331 298 298 298 332 332 332 333 333 333 333 333 333 334 334 334 298 298 298 335 335 335 298 298 298 334 334 334 298 298 298 335 335 335 295 295 295 336 336 336 337 337 337 338 338 338 339 339 339 338 338 338 337 337 337 328 328 328 330 330 330 340 340 340 341 341 341 340 340 340 330 330 330 340 340 340 341 341 341 326 326 326 342 342 342 326 326 326 341 341 341 326 326 326 342 342 342 327 327 327 339 339 339 343 343 343 338 338 338 344 344 344 338 338 338 343 343 343 338 338 338 344 344 344 328 328 328 345 345 345 328 328 328 344 344 344 328 328 328 345 345 345 329 329 329 335 335 335 346 346 346 295 295 295 347 347 347 295 295 295 346 346 346 295 295 295 347 347 347 348 348 348 349 349 349 348 348 348 347 347 347 348 348 348 349 349 349 350 350 350 351 351 351 350 350 350 349 349 349 350 350 350 351 351 351 352 352 352 352 352 352 353 353 353 350 350 350 354 354 354 350 350 350 353 353 353 350 350 350 354 354 354 338 338 338 355 355 355 338 338 338 354 354 354 338 338 338 355 355 355 336 336 336 356 356 356 357 357 357 338 338 338 358 358 358 338 338 338 357 357 357 358 358 358 359 359 359 338 338 338 360 360 360 338 338 338 359 359 359 338 338 338 360 360 360 361 361 361 361 361 361 362 362 362 338 338 338 363 363 363 338 338 338 362 362 362 338 338 338 363 363 363 350 350 350 364 364 364 350 350 350 363 363 363 350 350 350 364 364 364 365 365 365 366 366 366 367 367 367 368 368 368 369 369 369 368 368 368 367 367 367 368 368 368 369 369 369 370 370 370 371 371 371 372 372 372 373 373 373 370 370 370 374 374 374 375 375 375 375 375 375 374 374 374 376 376 376 377 377 377 376 376 376 374 374 374 376 376 376 377 377 377 378 378 378 379 379 379 380 380 380 338 338 338 370 370 370 375 375 375 368 368 368 381 381 381 368 368 368 375 375 375 368 368 368 381 381 381 338 338 338 382 382 382 338 338 338 381 381 381 338 338 338 382 382 382 379 379 379 356 356 356 338 338 338 373 373 373 383 383 383 373 373 373 338 338 338 373 373 373 383 383 383 371 371 371 380 380 380 384 384 384 338 338 338 385 385 385 338 338 338 384 384 384 338 338 338 385 385 385 383 383 383 386 386 386 387 387 387 388 388 388 373 373 373 388 388 388 387 387 387 388 388 388 373 373 373 389 389 389 389 389 389 373 373 373 390 390 390 372 372 372 390 390 390 373 373 373 390 390 390 372 372 372 391 391 391 372 372 372 392 392 392 391 391 391 393 393 393 391 391 391 392 392 392 391 391 391 393 393 393 394 394 394 395 395 395 394 394 394 393 393 393 394 394 394 395 395 395 396 396 396 397 397 397 396 396 396 395 395 395 396 396 396 397 397 397 398 398 398 399 399 399 398 398 398 397 397 397 398 398 398 399 399 399 400 400 400 401 401 401 400 400 400 399 399 399 400 400 400 401 401 401 402 402 402 403 403 403 402 402 402 401 401 401 402 402 402 403 403 403 404 404 404 405 405 405 404 404 404 403 403 403 404 404 404 405 405 405 406 406 406 407 407 407 406 406 406 405 405 405 406 406 406 407 407 407 408 408 408 409 409 409 408 408 408 407 407 407 408 408 408 409 409 409 410 410 410 411 411 411 410 410 410 409 409 409 410 410 410 411 411 411 377 377 377 412 412 412 377 377 377 411 411 411 377 377 377 412 412 412 378 378 378 328 328 328 413 413 413 414 414 414 415 415 415 416 416 416 338 338 338 417 417 417 338 338 338 416 416 416 338 338 338 417 417 417 418 418 418 328 328 328 414 414 414 338 338 338 419 419 419 338 338 338 414 414 414 338 338 338 419 419 419 415 415 415 420 420 420 368 368 368 421 421 421 338 338 338 421 421 421 368 368 368 421 421 421 338 338 338 422 422 422 418 418 418 422 422 422 338 338 338 423 423 423 45 45 45 424 424 424 425 425 425 424 424 424 45 45 45 425 425 425 45 45 45 426 426 426 44 44 44 426 426 426 45 45 45 426 426 426 44 44 44 427 427 427 428 428 428 298 298 298 429 429 429 430 430 430 429 429 429 298 298 298 423 423 423 431 431 431 45 45 45 432 432 432 45 45 45 431 431 431 45 45 45 432 432 432 298 298 298 433 433 433 298 298 298 432 432 432 298 298 298 433 433 433 430 430 430 434 434 434 435 435 435 436 436 436 437 437 437 438 438 438 298 298 298 439 439 439 298 298 298 438 438 438 298 298 298 439 439 439 440 440 440 440 440 440 441 441 441 298 298 298 442 442 442 298 298 298 441 441 441 298 298 298 442 442 442 326 326 326 443 443 443 326 326 326 442 442 442 326 326 326 443 443 443 444 444 444 436 436 436 445 445 445 434 434 434 446 446 446 434 434 434 445 445 445 434 434 434 446 446 446 428 428 428 447 447 447 428 428 428 446 446 446 428 428 428 447 447 447 298 298 298 448 448 448 298 298 298 447 447 447 298 298 298 448 448 448 437 437 437 449 449 449 450 450 450 18 18 18 451 451 451 18 18 18 450 450 450 18 18 18 451 451 451 452 452 452 452 452 452 453 453 453 18 18 18 454 454 454 18 18 18 453 453 453 18 18 18 454 454 454 455 455 455 455 455 455 456 456 456 18 18 18 457 457 457 18 18 18 456 456 456 18 18 18 457 457 457 62 62 62 458 458 458 62 62 62 457 457 457 62 62 62 458 458 458 459 459 459 460 460 460 23 23 23 461 461 461 30 30 30 461 461 461 23 23 23 461 461 461 30 30 30 462 462 462 463 463 463 449 449 449 464 464 464 465 465 465 464 464 464 449 449 449 460 460 460 466 466 466 23 23 23 467 467 467 23 23 23 466 466 466 23 23 23 467 467 467 468 468 468 469 469 469 470 470 470 18 18 18 471 471 471 18 18 18 470 470 470 471 471 471 472 472 472 18 18 18 473 473 473 18 18 18 472 472 472 18 18 18 473 473 473 449 449 449 474 474 474 449 449 449 473 473 473 449 449 449 474 474 474 465 465 465 468 468 468 475 475 475 23 23 23 476 476 476 23 23 23 475 475 475 23 23 23 476 476 476 18 18 18 477 477 477 18 18 18 476 476 476 18 18 18 477 477 477 469 469 469 478 478 478 479 479 479 480 480 480 449 449 449 480 480 480 479 479 479 480 480 480 449 449 449 481 481 481 463 463 463 481 481 481 449 449 449 482 482 482 483 483 483 481 481 481 462 462 462 30 30 30 484 484 484 485 485 485 484 484 484 30 30 30 484 484 484 485 485 485 486 486 486 487 487 487 486 486 486 485 485 485 486 486 486 487 487 487 488 488 488 489 489 489 488 488 488 487 487 487 488 488 488 489 489 489 490 490 490 491 491 491 490 490 490 489 489 489 490 490 490 491 491 491 492 492 492 493 493 493 492 492 492 491 491 491 492 492 492 493 493 493 481 481 481 494 494 494 481 481 481 493 493 493 481 481 481 494 494 494 482 482 482 483 483 483 495 495 495 481 481 481 496 496 496 481 481 481 495 495 495 481 481 481 496 496 496 480 480 480 497 497 497 80 80 80 45 45 45 82 82 82 45 45 45 80 80 80 45 45 45 82 82 82 83 83 83 498 498 498 298 298 298 499 499 499 500 500 500 499 499 499 298 298 298 497 497 497 501 501 501 80 80 80 502 502 502 80 80 80 501 501 501 80 80 80 502 502 502 503 503 503 498 498 498 504 504 504 298 298 298 505 505 505 298 298 298 504 504 504 298 298 298 505 505 505 45 45 45 506 506 506 45 45 45 505 505 505 503 503 503 507 507 507 80 80 80 508 508 508 80 80 80 507 507 507 80 80 80 508 508 508 208 208 208 509 509 509 208 208 208 508 508 508 506 506 506 510 510 510 45 45 45 511 511 511 45 45 45 510 510 510 45 45 45 511 511 511 512 512 512 512 512 512 513 513 513 45 45 45 514 514 514 45 45 45 513 513 513 45 45 45 514 514 514 497 497 497 509 509 509 515 515 515 208 208 208 516 516 516 208 208 208 515 515 515 208 208 208 516 516 516 517 517 517 517 517 517 518 518 518 208 208 208 519 519 519 208 208 208 518 518 518 208 208 208 519 519 519 298 298 298 520 520 520 298 298 298 519 519 519 298 298 298 520 520 520 500 500 500 521 521 521 522 522 522 523 523 523 524 524 524 525 525 525 526 526 526 527 527 527 528 528 528 529 529 529 530 530 530 531 531 531 532 532 532 533 533 533 532 532 532 531 531 531 532 532 532 533 533 533 534 534 534 535 535 535 536 536 536 537 537 537 538 538 538 537 537 537 536 536 536 537 537 537 538 538 538 534 534 534 539 539 539 540 540 540 537 537 537 541 541 541 537 537 537 540 540 540 537 537 537 541 541 541 535 535 535 542 542 542 543 543 543 544 544 544 545 545 545 546 546 546 547 547 547 548 548 548 547 547 547 546 546 546 537 537 537 549 549 549 550 550 550 550 550 550 551 551 551 537 537 537 552 552 552 537 537 537 551 551 551 537 537 537 552 552 552 539 539 539 543 543 543 553 553 553 544 544 544 554 554 554 544 544 544 553 553 553 544 544 544 554 554 554 547 547 547 555 555 555 547 547 547 554 554 554 547 547 547 555 555 555 545 545 545 548 548 548 556 556 556 547 547 547 557 557 557 547 547 547 556 556 556 547 547 547 557 557 557 537 537 537 558 558 558 537 537 537 557 557 557 537 537 537 558 558 558 549 549 549 559 559 559 560 560 560 561 561 561 562 562 562 563 563 563 544 544 544 564 564 564 544 544 544 563 563 563 552 552 552 565 565 565 539 539 539 566 566 566 539 539 539 565 565 565 539 539 539 566 566 566 567 567 567 568 568 568 567 567 567 566 566 566 567 567 567 568 568 568 569 569 569 570 570 570 569 569 569 568 568 568 569 569 569 570 570 570 571 571 571 572 572 572 571 571 571 570 570 570 571 571 571 572 572 572 573 573 573 574 574 574 573 573 573 572 572 572 573 573 573 574 574 574 575 575 575 576 576 576 575 575 575 574 574 574 575 575 575 576 576 576 577 577 577 561 561 561 577 577 577 576 576 576 577 577 577 561 561 561 578 578 578 560 560 560 578 578 578 561 561 561 542 542 542 544 544 544 579 579 579 564 564 564 579 579 579 544 544 544 579 579 579 564 564 564 561 561 561 580 580 580 561 561 561 564 564 564 561 561 561 580 580 580 559 559 559 581 581 581 582 582 582 583 583 583 584 584 584 585 585 585 547 547 547 586 586 586 547 547 547 585 585 585 547 547 547 586 586 586 587 587 587 588 588 588 544 544 544 589 589 589 547 547 547 589 589 589 544 544 544 589 589 589 547 547 547 590 590 590 587 587 587 590 590 590 547 547 547 581 581 581 583 583 583 547 547 547 591 591 591 547 547 547 583 583 583 547 547 547 591 591 591 584 584 584 592 592 592 593 593 593 594 594 594 594 594 594 595 595 595 592 592 592 596 596 596 592 592 592 595 595 595 592 592 592 596 596 596 597 597 597 598 598 598 599 599 599 600 600 600 601 601 601 600 600 600 599 599 599 600 600 600 601 601 601 547 547 547 602 602 602 547 547 547 601 601 601 602 602 602 603 603 603 547 547 547 604 604 604 547 547 547 603 603 603 547 547 547 604 604 604 605 605 605 597 597 597 606 606 606 592 592 592 607 607 607 592 592 592 606 606 606 592 592 592 607 607 607 608 608 608 609 609 609 581 581 581 610 610 610 547 547 547 610 610 610 581 581 581 610 610 610 547 547 547 611 611 611 605 605 605 611 611 611 547 547 547 607 607 607 612 612 612 608 608 608 613 613 613 608 608 608 612 612 612 608 608 608 613 613 613 614 614 614 615 615 615 614 614 614 613 613 613 614 614 614 615 615 615 600 600 600 616 616 616 600 600 600 615 615 615 600 600 600 616 616 616 598 598 598 609 609 609 617 617 617 581 581 581 618 618 618 581 581 581 617 617 617 581 581 581 618 618 618 619 619 619 620 620 620 619 619 619 618 618 618 619 619 619 620 620 620 593 593 593 621 621 621 593 593 593 620 620 620 593 593 593 621 621 621 594 594 594 622 622 622 623 623 623 624 624 624 625 625 625 624 624 624 623 623 623 624 624 624 625 625 625 626 626 626 627 627 627 592 592 592 628 628 628 629 629 629 628 628 628 592 592 592 626 626 626 630 630 630 624 624 624 631 631 631 624 624 624 630 630 630 624 624 624 631 631 631 592 592 592 632 632 632 592 592 592 631 631 631 592 592 592 632 632 632 629 629 629 633 633 633 634 634 634 635 635 635 636 636 636 637 637 637 592 592 592 638 638 638 592 592 592 637 637 637 592 592 592 638 638 638 639 639 639 639 639 639 640 640 640 592 592 592 641 641 641 592 592 592 640 640 640 592 592 592 641 641 641 593 593 593 642 642 642 593 593 593 641 641 641 593 593 593 642 642 642 643 643 643 635 635 635 644 644 644 633 633 633 645 645 645 633 633 633 644 644 644 633 633 633 645 645 645 627 627 627 646 646 646 627 627 627 645 645 645 627 627 627 646 646 646 592 592 592 647 647 647 592 592 592 646 646 646 592 592 592 647 647 647 636 636 636 648 648 648 649 649 649 650 650 650 650 650 650 649 649 649 651 651 651 652 652 652 651 651 651 649 649 649 651 651 651 652 652 652 653 653 653 654 654 654 655 655 655 656 656 656 657 657 657 656 656 656 655 655 655 658 658 658 624 624 624 659 659 659 648 648 648 659 659 659 624 624 624 659 659 659 648 648 648 660 660 660 650 650 650 660 660 660 648 648 648 661 661 661 662 662 662 663 663 663 664 664 664 663 663 663 662 662 662 663 663 663 664 664 664 656 656 656 665 665 665 656 656 656 664 664 664 656 656 656 665 665 665 654 654 654 657 657 657 666 666 666 656 656 656 667 667 667 656 656 656 666 666 666 656 656 656 667 667 667 652 652 652 668 668 668 652 652 652 667 667 667 652 652 652 668 668 668 653 653 653 658 658 658 669 669 669 624 624 624 670 670 670 624 624 624 669 669 669 624 624 624 670 670 670 671 671 671 671 671 671 672 672 672 624 624 624 673 673 673 624 624 624 672 672 672 624 624 624 673 673 673 622 622 622 674 674 674 622 622 622 673 673 673 672 672 672 675 675 675 673 673 673 676 676 676 673 673 673 675 675 675 673 673 673 676 676 676 677 677 677 678 678 678 677 677 677 676 676 676 677 677 677 678 678 678 663 663 663 679 679 679 663 663 663 678 678 678 663 663 663 679 679 679 661 661 661 680 680 680 681 681 681 656 656 656 682 682 682 683 683 683 656 656 656 684 684 684 656 656 656 683 683 683 684 684 684 685 685 685 656 656 656 686 686 686 656 656 656 685 685 685 656 656 656 686 686 686 680 680 680 681 681 681 687 687 687 656 656 656 688 688 688 656 656 656 687 687 687 656 656 656 688 688 688 663 663 663 689 689 689 663 663 663 688 688 688 663 663 663 689 689 689 690 690 690 691 691 691 692 692 692 693 693 693 694 694 694 695 695 695 696 696 696 697 697 697 698 698 698 699 699 699 682 682 682 699 699 699 698 698 698 699 699 699 682 682 682 700 700 700 701 701 701 700 700 700 682 682 682 702 702 702 703 703 703 656 656 656 704 704 704 656 656 656 703 703 703 692 692 692 705 705 705 694 694 694 706 706 706 694 694 694 705 705 705 694 694 694 706 706 706 656 656 656 707 707 707 656 656 656 706 706 706 656 656 656 707 707 707 702 702 702 704 704 704 708 708 708 656 656 656 709 709 709 656 656 656 708 708 708 656 656 656 709 709 709 682 682 682 710 710 710 682 682 682 709 709 709 682 682 682 710 710 710 701 701 701 711 711 711 701 701 701 710 710 710 701 701 701 711 711 711 712 712 712 696 696 696 713 713 713 694 694 694 714 714 714 694 694 694 713 713 713 694 694 694 714 714 714 692 692 692 715 715 715 692 692 692 714 714 714 692 692 692 715 715 715 693 693 693 711 711 711 716 716 716 712 712 712 717 717 717 712 712 712 716 716 716 712 712 712 717 717 717 718 718 718 719 719 719 718 718 718 717 717 717 718 718 718 719 719 719 720 720 720 721 721 721 720 720 720 719 719 719 720 720 720 721 721 721 722 722 722 723 723 723 722 722 722 721 721 721 722 722 722 723 723 723 724 724 724 725 725 725 724 724 724 723 723 723 724 724 724 725 725 725 726 726 726 727 727 727 726 726 726 725 725 725 726 726 726 727 727 727 728 728 728 729 729 729 728 728 728 727 727 727 728 728 728 729 729 729 730 730 730 731 731 731 730 730 730 729 729 729 730 730 730 731 731 731 732 732 732 733 733 733 732 732 732 731 731 731 732 732 732 733 733 733 734 734 734 735 735 735 734 734 734 733 733 733 734 734 734 735 735 735 693 693 693 736 736 736 693 693 693 735 735 735 693 693 693 736 736 736 691 691 691 652 652 652 737 737 737 738 738 738 739 739 739 740 740 740 656 656 656 741 741 741 656 656 656 740 740 740 656 656 656 741 741 741 742 742 742 743 743 743 694 694 694 744 744 744 656 656 656 744 744 744 694 694 694 744 744 744 656 656 656 745 745 745 742 742 742 745 745 745 656 656 656 652 652 652 738 738 738 656 656 656 746 746 746 656 656 656 738 738 738 656 656 656 746 746 746 739 739 739 624 624 624 747 747 747 748 748 748 749 749 749 750 750 750 751 751 751 752 752 752 753 753 753 754 754 754 624 624 624 748 748 748 648 648 648 755 755 755 648 648 648 748 748 748 648 648 648 755 755 755 756 756 756 757 757 757 758 758 758 759 759 759 760 760 760 759 759 759 758 758 758 761 761 761 762 762 762 624 624 624 763 763 763 624 624 624 762 762 762 624 624 624 763 763 763 747 747 747 764 764 764 765 765 765 766 766 766 751 751 751 766 766 766 765 765 765 766 766 766 751 751 751 767 767 767 750 750 750 767 767 767 751 751 751 759 759 759 768 768 768 769 769 769 769 769 769 770 770 770 759 759 759 771 771 771 759 759 759 770 770 770 759 759 759 771 771 771 772 772 772 752 752 752 754 754 754 759 759 759 773 773 773 759 759 759 754 754 754 759 759 759 773 773 773 768 768 768 757 757 757 759 759 759 774 774 774 772 772 772 774 774 774 759 759 759 774 774 774 772 772 772 751 751 751 775 775 775 751 751 751 772 772 772 751 751 751 775 775 775 749 749 749 776 776 776 777 777 777 778 778 778 778 778 778 779 779 779 776 776 776 780 780 780 776 776 776 779 779 779 776 776 776 780 780 780 781 781 781 527 527 527 529 529 529 782 782 782 781 781 781 783 783 783 776 776 776 784 784 784 776 776 776 783 783 783 776 776 776 784 784 784 785 785 785 785 785 785 782 782 782 776 776 776 529 529 529 776 776 776 782 782 782 776 776 776 529 529 529 786 786 786 787 787 787 786 786 786 529 529 529 786 786 786 787 787 787 788 788 788 752 752 752 788 788 788 787 787 787 788 788 788 752 752 752 789 789 789 759 759 759 789 789 789 752 752 752 790 790 790 791 791 791 776 776 776 792 792 792 776 776 776 791 791 791 792 792 792 793 793 793 776 776 776 794 794 794 776 776 776 793 793 793 776 776 776 794 794 794 777 777 777 795 795 795 777 777 777 794 794 794 777 777 777 795 795 795 796 796 796 797 797 797 2 2 2 3 3 3 798 798 798 799 799 799 800 800 800 796 796 796 801 801 801 777 777 777 802 802 802 777 777 777 801 801 801 777 777 777 802 802 802 803 803 803 804 804 804 805 805 805 803 803 803 3 3 3 777 777 777 797 797 797 803 803 803 797 797 797 777 777 777 797 797 797 803 803 803 806 806 806 805 805 805 806 806 806 803 803 803 800 800 800 807 807 807 798 798 798 808 808 808 798 798 798 807 807 807 798 798 798 808 808 808 776 776 776 809 809 809 776 776 776 808 808 808 776 776 776 809 809 809 790 790 790 810 810 810 811 811 811 798 798 798 812 812 812 798 798 798 811 811 811 798 798 798 812 812 812 799 799 799 813 813 813 814 814 814 815 815 815 816 816 816 815 815 815 814 814 814 815 815 815 816 816 816 817 817 817 818 818 818 817 817 817 816 816 816 817 817 817 818 818 818 819 819 819 820 820 820 819 819 819 818 818 818 819 819 819 820 820 820 821 821 821 822 822 822 821 821 821 820 820 820 821 821 821 822 822 822 823 823 823 824 824 824 823 823 823 822 822 822 823 823 823 824 824 824 803 803 803 825 825 825 803 803 803 824 824 824 803 803 803 825 825 825 804 804 804 798 798 798 826 826 826 827 827 827 827 827 827 828 828 828 798 798 798 829 829 829 798 798 798 828 828 828 798 798 798 829 829 829 830 830 830 813 813 813 810 810 810 814 814 814 798 798 798 814 814 814 810 810 810 814 814 814 798 798 798 831 831 831 830 830 830 831 831 831 798 798 798 832 832 832 833 833 833 834 834 834 835 835 835 834 834 834 833 833 833 834 834 834 835 835 835 798 798 798 836 836 836 798 798 798 835 835 835 798 798 798 836 836 836 826 826 826 786 786 786 837 837 837 838 838 838 839 839 839 840 840 840 776 776 776 840 840 840 841 841 841 776 776 776 842 842 842 776 776 776 841 841 841 776 776 776 842 842 842 843 843 843 843 843 843 844 844 844 776 776 776 845 845 845 776 776 776 844 844 844 776 776 776 845 845 845 798 798 798 846 846 846 798 798 798 845 845 845 798 798 798 846 846 846 834 834 834 786 786 786 838 838 838 776 776 776 847 847 847 776 776 776 838 838 838 776 776 776 847 847 847 839 839 839 848 848 848 849 849 849 850 850 850 851 851 851 852 852 852 853 853 853 854 854 854 853 853 853 852 852 852 853 853 853 854 854 854 855 855 855 850 850 850 856 856 856 848 848 848 857 857 857 848 848 848 856 856 856 848 848 848 857 857 857 858 858 858 859 859 859 858 858 858 857 857 857 858 858 858 859 859 859 860 860 860 851 851 851 861 861 861 852 852 852 862 862 862 852 852 852 861 861 861 852 852 852 862 862 862 863 863 863 759 759 759 864 864 864 865 865 865 866 866 866 759 759 759 867 867 867 852 852 852 867 867 867 759 759 759 867 867 867 852 852 852 868 868 868 863 863 863 868 868 868 852 852 852 865 865 865 869 869 869 759 759 759 870 870 870 759 759 759 869 869 869 759 759 759 870 870 870 789 789 789 871 871 871 789 789 789 870 870 870 789 789 789 871 871 871 872 872 872 866 866 866 873 873 873 759 759 759 874 874 874 759 759 759 873 873 873 759 759 759 874 874 874 858 858 858 860 860 860 875 875 875 858 858 858 876 876 876 858 858 858 875 875 875 858 858 858 876 876 876 759 759 759 877 877 877 759 759 759 876 876 876 759 759 759 877 877 877 864 864 864 852 852 852 878 878 878 879 879 879 879 879 879 880 880 880 852 852 852 881 881 881 852 852 852 880 880 880 852 852 852 881 881 881 882 882 882 882 882 882 883 883 883 852 852 852 884 884 884 852 852 852 883 883 883 852 852 852 884 884 884 854 854 854 885 885 885 886 886 886 887 887 887 523 523 523 887 887 887 886 886 886 887 887 887 523 523 523 888 888 888 885 885 885 889 889 889 886 886 886 890 890 890 886 886 886 889 889 889 886 886 886 890 890 890 891 891 891 892 892 892 891 891 891 890 890 890 891 891 891 892 892 892 878 878 878 893 893 893 878 878 878 892 892 892 878 878 878 893 893 893 879 879 879 884 884 884 894 894 894 854 854 854 895 895 895 854 854 854 894 894 894 854 854 854 895 895 895 896 896 896 897 897 897 896 896 896 895 895 895 896 896 896 897 897 897 898 898 898 899 899 899 898 898 898 897 897 897 898 898 898 899 899 899 900 900 900 901 901 901 902 902 902 523 523 523 903 903 903 523 523 523 902 902 902 523 523 523 903 903 903 888 888 888 900 900 900 904 904 904 898 898 898 905 905 905 898 898 898 904 904 904 898 898 898 905 905 905 523 523 523 906 906 906 523 523 523 905 905 905 523 523 523 906 906 906 901 901 901 523 523 523 907 907 907 908 908 908 525 525 525 524 524 524 523 523 523 909 909 909 523 523 523 524 524 524 523 523 523 909 909 909 907 907 907 908 908 908 910 910 910 523 523 523 911 911 911 523 523 523 910 910 910 523 523 523 911 911 911 912 912 912 912 912 912 913 913 913 523 523 523 914 914 914 523 523 523 913 913 913 523 523 523 914 914 914 898 898 898 915 915 915 898 898 898 914 914 914 898 898 898 915 915 915 916 916 916 917 917 917 918 918 918 525 525 525 919 919 919 920 920 920 921 921 921 526 526 526 921 921 921 920 920 920 921 921 921 526 526 526 922 922 922 525 525 525 922 922 922 526 526 526 922 922 922 525 525 525 923 923 923 918 918 918 923 923 923 525 525 525 924 924 924 925 925 925 525 525 525 926 926 926 525 525 525 925 925 925 525 525 525 926 926 926 917 917 917 927 927 927 928 928 928 525 525 525 523 523 523 522 522 522 525 525 525 929 929 929 525 525 525 522 522 522 525 525 525 929 929 929 927 927 927 928 928 928 930 930 930 525 525 525 931 931 931 525 525 525 930 930 930 525 525 525 931 931 931 924 924 924 932 932 932 933 933 933 523 523 523 934 934 934 523 523 523 933 933 933 523 523 523 934 934 934 521 521 521 935 935 935 936 936 936 937 937 937 938 938 938 937 937 937 936 936 936 937 937 937 938 938 938 939 939 939 940 940 940 939 939 939 938 938 938 939 939 939 940 940 940 941 941 941 942 942 942 941 941 941 940 940 940 941 941 941 942 942 942 943 943 943 924 924 924 943 943 943 942 942 942 943 943 943 924 924 924 944 944 944 931 931 931 944 944 944 924 924 924 945 945 945 946 946 946 947 947 947 946 946 946 948 948 948 947 947 947 949 949 949 947 947 947 948 948 948 947 947 947 949 949 949 950 950 950 950 950 950 951 951 951 947 947 947 952 952 952 947 947 947 951 951 951 947 947 947 952 952 952 523 523 523 953 953 953 523 523 523 952 952 952 523 523 523 953 953 953 932 932 932 954 954 954 955 955 955 947 947 947 955 955 955 956 956 956 947 947 947 957 957 957 947 947 947 956 956 956 947 947 947 957 957 957 958 958 958 959 959 959 960 960 960 961 961 961 962 962 962 961 961 961 960 960 960 961 961 961 962 962 962 947 947 947 963 963 963 947 947 947 962 962 962 947 947 947 963 963 963 954 954 954 935 935 935 945 945 945 936 936 936 947 947 947 936 936 936 945 945 945 936 936 936 947 947 947 964 964 964 958 958 958 964 964 964 947 947 947 886 886 886 965 965 965 966 966 966 967 967 967 968 968 968 523 523 523 886 886 886 966 966 966 523 523 523 969 969 969 523 523 523 966 966 966 523 523 523 969 969 969 970 970 970 970 970 970 971 971 971 523 523 523 972 972 972 523 523 523 971 971 971 523 523 523 972 972 972 967 967 967 968 968 968 973 973 973 523 523 523 974 974 974 523 523 523 973 973 973 523 523 523 974 974 974 947 947 947 975 975 975 947 947 947 974 974 974 947 947 947 975 975 975 961 961 961 976 976 976 977 977 977 592 592 592 978 978 978 592 592 592 977 977 977 592 592 592 978 978 978 852 852 852 979 979 979 980 980 980 981 981 981 978 978 978 982 982 982 852 852 852 983 983 983 852 852 852 982 982 982 852 852 852 983 983 983 984 984 984 984 984 984 985 985 985 852 852 852 986 986 986 852 852 852 985 985 985 852 852 852 986 986 986 878 878 878 987 987 987 878 878 878 986 986 986 878 878 878 987 987 987 988 988 988 989 989 989 990 990 990 991 991 991 981 981 981 991 991 991 990 990 990 991 991 991 981 981 981 992 992 992 980 980 980 992 992 992 981 981 981 993 993 993 994 994 994 592 592 592 995 995 995 592 592 592 994 994 994 976 976 976 592 592 592 996 996 996 997 997 997 996 996 996 592 592 592 996 996 996 997 997 997 981 981 981 998 998 998 981 981 981 997 997 997 981 981 981 998 998 998 979 979 979 995 995 995 999 999 999 592 592 592 1000 1000 1000 592 592 592 999 999 999 592 592 592 1000 1000 1000 997 997 997 993 993 993 592 592 592 1001 1001 1001 608 608 608 1001 1001 1001 592 592 592 1001 1001 1001 608 608 608 1002 1002 1002 547 547 547 1003 1003 1003 1004 1004 1004 1004 1004 1004 1005 1005 1005 547 547 547 1006 1006 1006 547 547 547 1005 1005 1005 547 547 547 1006 1006 1006 1007 1007 1007 1007 1007 1007 1008 1008 1008 547 547 547 1009 1009 1009 547 547 547 1008 1008 1008 547 547 547 1009 1009 1009 600 600 600 1010 1010 1010 600 600 600 1009 1009 1009 600 600 600 1010 1010 1010 1011 1011 1011 534 534 534 533 533 533 537 537 537 1012 1012 1012 537 537 537 533 533 533 537 537 537 1012 1012 1012 547 547 547 1013 1013 1013 547 547 547 1012 1012 1012 547 547 547 1013 1013 1013 1003 1003 1003 1014 1014 1014 759 759 759 624 624 624 760 760 760 624 624 624 759 759 759 624 624 624 760 760 760 761 761 761 1014 1014 1014 1015 1015 1015 759 759 759 1016 1016 1016 759 759 759 1015 1015 1015 759 759 759 1016 1016 1016 1017 1017 1017 1017 1017 1017 1018 1018 1018 759 759 759 1019 1019 1019 759 759 759 1018 1018 1018 759 759 759 1019 1019 1019 852 852 852 1020 1020 1020 852 852 852 1019 1019 1019 1020 1020 1020 1021 1021 1021 852 852 852 1022 1022 1022 852 852 852 1021 1021 1021 852 852 852 1022 1022 1022 1023 1023 1023 1023 1023 1023 1024 1024 1024 852 852 852 1025 1025 1025 852 852 852 1024 1024 1024 852 852 852 1025 1025 1025 592 592 592 1026 1026 1026 592 592 592 1025 1025 1025 1026 1026 1026 1027 1027 1027 592 592 592 1028 1028 1028 592 592 592 1027 1027 1027 592 592 592 1028 1028 1028 1029 1029 1029 1029 1029 1029 1030 1030 1030 592 592 592 1031 1031 1031 592 592 592 1030 1030 1030 592 592 592 1031 1031 1031 624 624 624 1032 1032 1032 624 624 624 1031 1031 1031 1032 1032 1032 1033 1033 1033 624 624 624 1034 1034 1034 624 624 624 1033 1033 1033 624 624 624 1034 1034 1034 1035 1035 1035 1035 1035 1035 1036 1036 1036 624 624 624 1037 1037 1037 624 624 624 1036 1036 1036 624 624 624 1037 1037 1037 1014 1014 1014 473 473 473 554 554 554 474 474 474 553 553 553 474 474 474 554 554 554 474 474 474 553 553 553 465 465 465 543 543 543 465 465 465 553 553 553 465 465 465 543 543 543 464 464 464 542 542 542 464 464 464 543 543 543 464 464 464 542 542 542 463 463 463 579 579 579 463 463 463 542 542 542 463 463 463 579 579 579 481 481 481 561 561 561 481 481 481 579 579 579 481 481 481 561 561 561 492 492 492 576 576 576 492 492 492 561 561 561 492 492 492 576 576 576 490 490 490 574 574 574 490 490 490 576 576 576 490 490 490 574 574 574 488 488 488 572 572 572 488 488 488 574 574 574 488 488 488 572 572 572 486 486 486 570 570 570 486 486 486 572 572 572 486 486 486 570 570 570 484 484 484 568 568 568 484 484 484 570 570 570 484 484 484 568 568 568 462 462 462 566 566 566 462 462 462 568 568 568 462 462 462 566 566 566 461 461 461 565 565 565 461 461 461 566 566 566 461 461 461 565 565 565 460 460 460 552 552 552 460 460 460 565 565 565 460 460 460 552 552 552 466 466 466 551 551 551 466 466 466 552 552 552 466 466 466 551 551 551 467 467 467 550 550 550 467 467 467 551 551 551 467 467 467 550 550 550 468 468 468 549 549 549 468 468 468 550 550 550 468 468 468 549 549 549 475 475 475 558 558 558 475 475 475 549 549 549 475 475 475 558 558 558 476 476 476 557 557 557 476 476 476 558 558 558 476 476 476 557 557 557 477 477 477 556 556 556 477 477 477 557 557 557 477 477 477 556 556 556 469 469 469 548 548 548 469 469 469 556 556 556 469 469 469 548 548 548 470 470 470 546 546 546 470 470 470 548 548 548 470 470 470 546 546 546 471 471 471 545 545 545 471 471 471 546 546 546 471 471 471 545 545 545 472 472 472 555 555 555 472 472 472 545 545 545 472 472 472 555 555 555 473 473 473 554 554 554 473 473 473 555 555 555 32 32 32 1011 1011 1011 33 33 33 1010 1010 1010 33 33 33 1011 1011 1011 33 33 33 1010 1010 1010 38 38 38 1009 1009 1009 38 38 38 1010 1010 1010 38 38 38 1009 1009 1009 39 39 39 1008 1008 1008 39 39 39 1009 1009 1009 39 39 39 1008 1008 1008 40 40 40 1007 1007 1007 40 40 40 1008 1008 1008 40 40 40 1007 1007 1007 41 41 41 1006 1006 1006 41 41 41 1007 1007 1007 41 41 41 1006 1006 1006 42 42 42 1005 1005 1005 42 42 42 1006 1006 1006 42 42 42 1005 1005 1005 34 34 34 1004 1004 1004 34 34 34 1005 1005 1005 34 34 34 1004 1004 1004 35 35 35 1003 1003 1003 35 35 35 1004 1004 1004 35 35 35 1003 1003 1003 36 36 36 1013 1013 1013 36 36 36 1003 1003 1003 450 450 450 588 588 588 451 451 451 589 589 589 451 451 451 588 588 588 451 451 451 589 589 589 452 452 452 590 590 590 452 452 452 589 589 589 452 452 452 590 590 590 453 453 453 587 587 587 453 453 453 590 590 590 453 453 453 587 587 587 454 454 454 586 586 586 454 454 454 587 587 587 454 454 454 586 586 586 455 455 455 585 585 585 455 455 455 586 586 586 455 455 455 585 585 585 456 456 456 584 584 584 456 456 456 585 585 585 456 456 456 584 584 584 457 457 457 591 591 591 457 457 457 584 584 584 457 457 457 591 591 591 458 458 458 583 583 583 458 458 458 591 591 591 458 458 458 583 583 583 459 459 459 582 582 582 459 459 459 583 583 583 427 427 427 643 643 643 426 426 426 642 642 642 426 426 426 643 643 643 426 426 426 642 642 642 425 425 425 641 641 641 425 425 425 642 642 642 425 425 425 641 641 641 424 424 424 640 640 640 424 424 424 641 641 641 424 424 424 640 640 640 423 423 423 639 639 639 423 423 423 640 640 640 423 423 423 639 639 639 431 431 431 638 638 638 431 431 431 639 639 639 431 431 431 638 638 638 432 432 432 637 637 637 432 432 432 638 638 638 432 432 432 637 637 637 433 433 433 636 636 636 433 433 433 637 637 637 433 433 433 636 636 636 430 430 430 647 647 647 430 430 430 636 636 636 430 430 430 647 647 647 429 429 429 646 646 646 429 429 429 647 647 647 429 429 429 646 646 646 428 428 428 645 645 645 428 428 428 646 646 646 428 428 428 645 645 645 434 434 434 644 644 644 434 434 434 645 645 645 434 434 434 644 644 644 435 435 435 635 635 635 435 435 435 644 644 644 86 86 86 989 989 989 87 87 87 991 991 991 87 87 87 989 989 989 87 87 87 991 991 991 71 71 71 992 992 992 71 71 71 991 991 991 71 71 71 992 992 992 72 72 72 980 980 980 72 72 72 992 992 992 72 72 72 980 980 980 74 74 74 979 979 979 74 74 74 980 980 980 74 74 74 979 979 979 93 93 93 998 998 998 93 93 93 979 979 979 93 93 93 998 998 998 94 94 94 997 997 997 94 94 94 998 998 998 94 94 94 997 997 997 95 95 95 1000 1000 1000 95 95 95 997 997 997 95 95 95 1000 1000 1000 91 91 91 999 999 999 91 91 91 1000 1000 1000 91 91 91 999 999 999 92 92 92 995 995 995 92 92 92 999 999 999 92 92 92 995 995 995 96 96 96 994 994 994 96 96 96 995 995 995 96 96 96 994 994 994 97 97 97 993 993 993 97 97 97 994 994 994 97 97 97 993 993 993 98 98 98 1001 1001 1001 98 98 98 993 993 993 98 98 98 1001 1001 1001 99 99 99 1002 1002 1002 99 99 99 1001 1001 1001 133 133 133 974 974 974 128 128 128 973 973 973 128 128 128 974 974 974 128 128 128 973 973 973 129 129 129 968 968 968 129 129 129 973 973 973 129 129 129 968 968 968 130 130 130 967 967 967 130 130 130 968 968 968 130 130 130 967 967 967 131 131 131 972 972 972 131 131 131 967 967 967 131 131 131 972 972 972 134 134 134 971 971 971 134 134 134 972 972 972 134 134 134 971 971 971 135 135 135 970 970 970 135 135 135 971 971 971 135 135 135 970 970 970 132 132 132 969 969 969 132 132 132 970 970 970 132 132 132 969 969 969 13 13 13 966 966 966 13 13 13 969 969 969 13 13 13 966 966 966 14 14 14 965 965 965 14 14 14 966 966 966 157 157 157 522 522 522 158 158 158 521 521 521 158 158 158 522 522 522 158 158 158 521 521 521 149 149 149 934 934 934 149 149 149 521 521 521 149 149 149 934 934 934 148 148 148 933 933 933 148 148 148 934 934 934 148 148 148 933 933 933 147 147 147 932 932 932 147 147 147 933 933 933 147 147 147 932 932 932 173 173 173 953 953 953 173 173 173 932 932 932 173 173 173 953 953 953 174 174 174 952 952 952 174 174 174 953 953 953 174 174 174 952 952 952 175 175 175 951 951 951 175 175 175 952 952 952 175 175 175 951 951 951 150 150 150 950 950 950 150 150 150 951 951 951 150 150 150 950 950 950 151 151 151 949 949 949 151 151 151 950 950 950 151 151 151 949 949 949 159 159 159 948 948 948 159 159 159 949 949 949 159 159 159 948 948 948 160 160 160 946 946 946 160 160 160 948 948 948 160 160 160 946 946 946 163 163 163 945 945 945 163 163 163 946 946 946 163 163 163 945 945 945 164 164 164 935 935 935 164 164 164 945 945 945 164 164 164 935 935 935 166 166 166 937 937 937 166 166 166 935 935 935 166 166 166 937 937 937 168 168 168 939 939 939 168 168 168 937 937 937 168 168 168 939 939 939 170 170 170 941 941 941 170 170 170 939 939 939 170 170 170 941 941 941 172 172 172 943 943 943 172 172 172 941 941 941 172 172 172 943 943 943 152 152 152 944 944 944 152 152 152 943 943 943 152 152 152 944 944 944 153 153 153 931 931 931 153 153 153 944 944 944 153 153 153 931 931 931 161 161 161 930 930 930 161 161 161 931 931 931 161 161 161 930 930 930 162 162 162 928 928 928 162 162 162 930 930 930 162 162 162 928 928 928 155 155 155 927 927 927 155 155 155 928 928 928 155 155 155 927 927 927 156 156 156 929 929 929 156 156 156 927 927 927 156 156 156 929 929 929 157 157 157 522 522 522 157 157 157 929 929 929 76 76 76 988 988 988 77 77 77 987 987 987 77 77 77 988 988 988 77 77 77 987 987 987 88 88 88 986 986 986 88 88 88 987 987 987 88 88 88 986 986 986 78 78 78 985 985 985 78 78 78 986 986 986 78 78 78 985 985 985 79 79 79 984 984 984 79 79 79 985 985 985 79 79 79 984 984 984 81 81 81 983 983 983 81 81 81 984 984 984 81 81 81 983 983 983 82 82 82 982 982 982 82 82 82 983 983 983 82 82 82 982 982 982 83 83 83 978 978 978 83 83 83 982 982 982 83 83 83 978 978 978 84 84 84 977 977 977 84 84 84 978 978 978 84 84 84 977 977 977 89 89 89 976 976 976 89 89 89 977 977 977 89 89 89 976 976 976 90 90 90 996 996 996 90 90 90 976 976 976 90 90 90 996 996 996 73 73 73 981 981 981 73 73 73 996 996 996 73 73 73 981 981 981 85 85 85 990 990 990 85 85 85 981 981 981 205 205 205 849 849 849 213 213 213 848 848 848 213 213 213 849 849 849 213 213 213 848 848 848 202 202 202 858 858 858 202 202 202 848 848 848 202 202 202 858 858 858 223 223 223 874 874 874 223 223 223 858 858 858 223 223 223 874 874 874 209 209 209 873 873 873 209 209 209 874 874 874 209 209 209 873 873 873 210 210 210 866 866 866 210 210 210 873 873 873 210 210 210 866 866 866 217 217 217 867 867 867 217 217 217 866 866 866 217 217 217 867 867 867 215 215 215 868 868 868 215 215 215 867 867 867 215 215 215 868 868 868 216 216 216 863 863 863 216 216 216 868 868 868 216 216 216 863 863 863 218 218 218 862 862 862 218 218 218 863 863 863 218 218 218 862 862 862 219 219 219 861 861 861 219 219 219 862 862 862 219 219 219 861 861 861 211 211 211 851 851 851 211 211 211 861 861 861 211 211 211 851 851 851 7 7 7 853 853 853 7 7 7 851 851 851 7 7 7 853 853 853 8 8 8 855 855 855 8 8 8 853 853 853 190 190 190 916 916 916 191 191 191 915 915 915 191 191 191 916 916 916 191 191 191 915 915 915 194 194 194 914 914 914 194 194 194 915 915 915 194 194 194 914 914 914 192 192 192 913 913 913 192 192 192 914 914 914 192 192 192 913 913 913 193 193 193 912 912 912 193 193 193 913 913 913 193 193 193 912 912 912 195 195 195 911 911 911 195 195 195 912 912 912 195 195 195 911 911 911 196 196 196 910 910 910 196 196 196 911 911 911 196 196 196 910 910 910 186 186 186 908 908 908 186 186 186 910 910 910 186 186 186 908 908 908 187 187 187 907 907 907 187 187 187 908 908 908 187 187 187 907 907 907 188 188 188 909 909 909 188 188 188 907 907 907 436 436 436 634 634 634 445 445 445 633 633 633 445 445 445 634 634 634 445 445 445 633 633 633 446 446 446 627 627 627 446 446 446 633 633 633 446 446 446 627 627 627 447 447 447 628 628 628 447 447 447 627 627 627 447 447 447 628 628 628 448 448 448 629 629 629 448 448 448 628 628 628 448 448 448 629 629 629 437 437 437 632 632 632 437 437 437 629 629 629 437 437 437 632 632 632 438 438 438 631 631 631 438 438 438 632 632 632 438 438 438 631 631 631 439 439 439 630 630 630 439 439 439 631 631 631 439 439 439 630 630 630 440 440 440 626 626 626 440 440 440 630 630 630 440 440 440 626 626 626 441 441 441 625 625 625 441 441 441 626 626 626 441 441 441 625 625 625 442 442 442 623 623 623 442 442 442 625 625 625 442 442 442 623 623 623 443 443 443 622 622 622 443 443 443 623 623 623 443 443 443 622 622 622 444 444 444 674 674 674 444 444 444 622 622 622 354 354 354 667 667 667 355 355 355 666 666 666 355 355 355 667 667 667 355 355 355 666 666 666 336 336 336 657 657 657 336 336 336 666 666 666 336 336 336 657 657 657 337 337 337 655 655 655 337 337 337 657 657 657 337 337 337 655 655 655 339 339 339 654 654 654 339 339 339 655 655 655 339 339 339 654 654 654 343 343 343 665 665 665 343 343 343 654 654 654 343 343 343 665 665 665 344 344 344 664 664 664 344 344 344 665 665 665 344 344 344 664 664 664 345 345 345 662 662 662 345 345 345 664 664 664 345 345 345 662 662 662 329 329 329 661 661 661 329 329 329 662 662 662 329 329 329 661 661 661 330 330 330 679 679 679 330 330 330 661 661 661 330 330 330 679 679 679 341 341 341 678 678 678 341 341 341 679 679 679 341 341 341 678 678 678 342 342 342 676 676 676 342 342 342 678 678 678 342 342 342 676 676 676 327 327 327 675 675 675 327 327 327 676 676 676 327 327 327 675 675 675 331 331 331 672 672 672 331 331 331 675 675 675 331 331 331 672 672 672 332 332 332 671 671 671 332 332 332 672 672 672 332 332 332 671 671 671 333 333 333 670 670 670 333 333 333 671 671 671 333 333 333 670 670 670 334 334 334 669 669 669 334 334 334 670 670 670 334 334 334 669 669 669 335 335 335 658 658 658 335 335 335 669 669 669 335 335 335 658 658 658 346 346 346 659 659 659 346 346 346 658 658 658 346 346 346 659 659 659 347 347 347 660 660 660 347 347 347 659 659 659 347 347 347 660 660 660 349 349 349 650 650 650 349 349 349 660 660 660 349 349 349 650 650 650 351 351 351 651 651 651 351 351 351 650 650 650 351 351 351 651 651 651 352 352 352 653 653 653 352 352 352 651 651 651 352 352 352 653 653 653 353 353 353 668 668 668 353 353 353 653 653 653 353 353 353 668 668 668 354 354 354 667 667 667 354 354 354 668 668 668 296 296 296 756 756 756 297 297 297 755 755 755 297 297 297 756 756 756 297 297 297 755 755 755 302 302 302 748 748 748 302 302 302 755 755 755 302 302 302 748 748 748 303 303 303 747 747 747 303 303 303 748 748 748 303 303 303 747 747 747 304 304 304 763 763 763 304 304 304 747 747 747 304 304 304 763 763 763 310 310 310 762 762 762 310 310 310 763 763 763 310 310 310 762 762 762 311 311 311 761 761 761 311 311 311 762 762 762 311 311 311 761 761 761 312 312 312 760 760 760 312 312 312 761 761 761 312 312 312 760 760 760 313 313 313 758 758 758 313 313 313 760 760 760 313 313 313 758 758 758 314 314 314 757 757 757 314 314 314 758 758 758 314 314 314 757 757 757 315 315 315 774 774 774 315 315 315 757 757 757 315 315 315 774 774 774 308 308 308 751 751 751 308 308 308 774 774 774 308 308 308 751 751 751 319 319 319 765 765 765 319 319 319 751 751 751 413 413 413 690 690 690 414 414 414 689 689 689 414 414 414 690 690 690 414 414 414 689 689 689 419 419 419 688 688 688 419 419 419 689 689 689 419 419 419 688 688 688 415 415 415 687 687 687 415 415 415 688 688 688 415 415 415 687 687 687 416 416 416 681 681 681 416 416 416 687 687 687 416 416 416 681 681 681 417 417 417 680 680 680 417 417 417 681 681 681 417 417 417 680 680 680 418 418 418 686 686 686 418 418 418 680 680 680 418 418 418 686 686 686 422 422 422 685 685 685 422 422 422 686 686 686 422 422 422 685 685 685 421 421 421 684 684 684 421 421 421 685 685 685 421 421 421 684 684 684 420 420 420 683 683 683 420 420 420 684 684 684 397 397 397 733 733 733 399 399 399 731 731 731 399 399 399 733 733 733 399 399 399 731 731 731 401 401 401 729 729 729 401 401 401 731 731 731 401 401 401 729 729 729 403 403 403 727 727 727 403 403 403 729 729 729 403 403 403 727 727 727 405 405 405 725 725 725 405 405 405 727 727 727 405 405 405 725 725 725 407 407 407 723 723 723 407 407 407 725 725 725 407 407 407 723 723 723 409 409 409 721 721 721 409 409 409 723 723 723 409 409 409 721 721 721 411 411 411 719 719 719 411 411 411 721 721 721 411 411 411 719 719 719 412 412 412 717 717 717 412 412 412 719 719 719 412 412 412 717 717 717 378 378 378 716 716 716 378 378 378 717 717 717 378 378 378 716 716 716 376 376 376 711 711 711 376 376 376 716 716 716 376 376 376 711 711 711 375 375 375 710 710 710 375 375 375 711 711 711 375 375 375 710 710 710 381 381 381 709 709 709 381 381 381 710 710 710 381 381 381 709 709 709 382 382 382 708 708 708 382 382 382 709 709 709 382 382 382 708 708 708 379 379 379 704 704 704 379 379 379 708 708 708 379 379 379 704 704 704 380 380 380 703 703 703 380 380 380 704 704 704 380 380 380 703 703 703 384 384 384 702 702 702 384 384 384 703 703 703 384 384 384 702 702 702 385 385 385 707 707 707 385 385 385 702 702 702 385 385 385 707 707 707 383 383 383 706 706 706 383 383 383 707 707 707 383 383 383 706 706 706 371 371 371 705 705 705 371 371 371 706 706 706 371 371 371 705 705 705 372 372 372 692 692 692 372 372 372 705 705 705 372 372 372 692 692 692 392 392 392 691 691 691 392 392 392 692 692 692 392 392 392 691 691 691 393 393 393 736 736 736 393 393 393 691 691 691 393 393 393 736 736 736 395 395 395 735 735 735 395 395 395 736 736 736 395 395 395 735 735 735 397 397 397 733 733 733 397 397 397 735 735 735 356 356 356 743 743 743 357 357 357 744 744 744 357 357 357 743 743 743 357 357 357 744 744 744 358 358 358 745 745 745 358 358 358 744 744 744 358 358 358 745 745 745 359 359 359 742 742 742 359 359 359 745 745 745 359 359 359 742 742 742 360 360 360 741 741 741 360 360 360 742 742 742 360 360 360 741 741 741 361 361 361 740 740 740 361 361 361 741 741 741 361 361 361 740 740 740 362 362 362 739 739 739 362 362 362 740 740 740 362 362 362 739 739 739 363 363 363 746 746 746 363 363 363 739 739 739 363 363 363 746 746 746 364 364 364 738 738 738 364 364 364 746 746 746 364 364 364 738 738 738 365 365 365 737 737 737 365 365 365 738 738 738 320 320 320 764 764 764 321 321 321 766 766 766 321 321 321 764 764 764 321 321 321 766 766 766 306 306 306 767 767 767 306 306 306 766 766 766 306 306 306 767 767 767 307 307 307 750 750 750 307 307 307 767 767 767 307 307 307 750 750 750 309 309 309 749 749 749 309 309 309 750 750 750 309 309 309 749 749 749 322 322 322 775 775 775 322 322 322 749 749 749 322 322 322 775 775 775 323 323 323 772 772 772 323 323 323 775 775 775 323 323 323 772 772 772 324 324 324 771 771 771 324 324 324 772 772 772 324 324 324 771 771 771 318 318 318 770 770 770 318 318 318 771 771 771 318 318 318 770 770 770 317 317 317 769 769 769 317 317 317 770 770 770 317 317 317 769 769 769 316 316 316 768 768 768 316 316 316 769 769 769 316 316 316 768 768 768 305 305 305 773 773 773 305 305 305 768 768 768 305 305 305 773 773 773 299 299 299 754 754 754 299 299 299 773 773 773 299 299 299 754 754 754 300 300 300 753 753 753 300 300 300 754 754 754 198 198 198 872 872 872 199 199 199 871 871 871 199 199 199 872 872 872 199 199 199 871 871 871 214 214 214 870 870 870 214 214 214 871 871 871 214 214 214 870 870 870 206 206 206 869 869 869 206 206 206 870 870 870 206 206 206 869 869 869 207 207 207 865 865 865 207 207 207 869 869 869 207 207 207 865 865 865 220 220 220 864 864 864 220 220 220 865 865 865 220 220 220 864 864 864 221 221 221 877 877 877 221 221 221 864 864 864 221 221 221 877 877 877 222 222 222 876 876 876 222 222 222 877 877 877 222 222 222 876 876 876 224 224 224 875 875 875 224 224 224 876 876 876 224 224 224 875 875 875 200 200 200 860 860 860 200 200 200 875 875 875 200 200 200 860 860 860 201 201 201 859 859 859 201 201 201 860 860 860 201 201 201 859 859 859 212 212 212 857 857 857 212 212 212 859 859 859 212 212 212 857 857 857 203 203 203 856 856 856 203 203 203 857 857 857 203 203 203 856 856 856 204 204 204 850 850 850 204 204 204 856 856 856 279 279 279 823 823 823 265 265 265 803 803 803 265 265 265 823 823 823 265 265 265 803 803 803 264 264 264 802 802 802 264 264 264 803 803 803 264 264 264 802 802 802 260 260 260 801 801 801 260 260 260 802 802 802 260 260 260 801 801 801 261 261 261 796 796 796 261 261 261 801 801 801 261 261 261 796 796 796 282 282 282 795 795 795 282 282 282 796 796 796 282 282 282 795 795 795 283 283 283 794 794 794 283 283 283 795 795 795 283 283 283 794 794 794 284 284 284 793 793 793 284 284 284 794 794 794 284 284 284 793 793 793 250 250 250 792 792 792 250 250 250 793 793 793 250 250 250 792 792 792 251 251 251 791 791 791 251 251 251 792 792 792 251 251 251 791 791 791 252 252 252 790 790 790 252 252 252 791 791 791 252 252 252 790 790 790 255 255 255 809 809 809 255 255 255 790 790 790 255 255 255 809 809 809 256 256 256 808 808 808 256 256 256 809 809 809 256 256 256 808 808 808 257 257 257 807 807 807 257 257 257 808 808 808 257 257 257 807 807 807 253 253 253 800 800 800 253 253 253 807 807 807 253 253 253 800 800 800 254 254 254 799 799 799 254 254 254 800 800 800 254 254 254 799 799 799 258 258 258 812 812 812 258 258 258 799 799 799 258 258 258 812 812 812 259 259 259 811 811 811 259 259 259 812 812 812 259 259 259 811 811 811 268 268 268 810 810 810 268 268 268 811 811 811 268 268 268 810 810 810 269 269 269 813 813 813 269 269 269 810 810 810 269 269 269 813 813 813 271 271 271 815 815 815 271 271 271 813 813 813 271 271 271 815 815 815 273 273 273 817 817 817 273 273 273 815 815 815 273 273 273 817 817 817 275 275 275 819 819 819 275 275 275 817 817 817 275 275 275 819 819 819 277 277 277 821 821 821 277 277 277 819 819 819 277 277 277 821 821 821 279 279 279 823 823 823 279 279 279 821 821 821 289 289 289 528 528 528 290 290 290 527 527 527 290 290 290 528 528 528 290 290 290 527 527 527 294 294 294 782 782 782 294 294 294 527 527 527 294 294 294 782 782 782 291 291 291 785 785 785 291 291 291 782 782 782 291 291 291 785 785 785 292 292 292 784 784 784 292 292 292 785 785 785 292 292 292 784 784 784 293 293 293 783 783 783 293 293 293 784 784 784 293 293 293 783 783 783 288 288 288 781 781 781 288 288 288 783 783 783 288 288 288 781 781 781 287 287 287 780 780 780 287 287 287 781 781 781 287 287 287 780 780 780 286 286 286 779 779 779 286 286 286 780 780 780 286 286 286 779 779 779 285 285 285 778 778 778 285 285 285 779 779 779 231 231 231 845 845 845 229 229 229 844 844 844 229 229 229 845 845 845 229 229 229 844 844 844 230 230 230 843 843 843 230 230 230 844 844 844 230 230 230 843 843 843 232 232 232 842 842 842 232 232 232 843 843 843 232 232 232 842 842 842 233 233 233 841 841 841 233 233 233 842 842 842 233 233 233 841 841 841 234 234 234 840 840 840 234 234 234 841 841 841 234 234 234 840 840 840 235 235 235 839 839 839 235 235 235 840 840 840 235 235 235 839 839 839 236 236 236 847 847 847 236 236 236 839 839 839 236 236 236 847 847 847 237 237 237 838 838 838 237 237 237 847 847 847 237 237 237 838 838 838 238 238 238 837 837 837 238 238 238 838 838 838 177 177 177 176 176 176 919 919 919 920 920 920 919 919 919 176 176 176 20 20 20 19 19 19 530 530 530 531 531 531 530 530 530 19 19 19 2 2 2 3 3 3 1 1 1 1 1 1 0 0 0 2 2 2 919 919 919 920 920 920 176 176 176 176 176 176 177 177 177 919 919 919 530 530 530 531 531 531 19 19 19 19 19 19 20 20 20 530 530 530 989 989 989 86 86 86 85 85 85 85 85 85 990 990 990 989 989 989 849 849 849 205 205 205 204 204 204 204 204 204 850 850 850 849 849 849 764 764 764 320 320 320 319 319 319 319 319 319 765 765 765 764 764 764 634 634 634 436 436 436 435 435 435 435 435 435 635 635 635 634 634 634</p>
        </triangles>
      </mesh>
    </geometry>
    <geometry id="20f999e4e1b347f69b8104c6c842058f" name="2a77ca934a394d81a377c73d1a315bb1">
      <mesh>
        <source id="verts-array">
          <float_array count="4464" id="verts-array-array">0.00325004 -0.05023772 -0.0029001 0.00375004 -0.05023772 -0.0029001 0.00375004 -0.04863772 -0.0029001 -0.00375 -0.04863772 -0.0029001 -0.00375 -0.05023772 -0.0029001 -0.00325 -0.05023772 -0.0029001 -0.0017454 -0.05211184 -0.0029001 -0.0017499 -0.05206198 -0.0029001 -0.001716 -0.05219251 -0.0029001 -0.0017311 -0.05216203 -0.0029001 -0.0017403 -0.05212965 -0.0029001 -0.00175 -0.05206158 -0.0029001 -0.0017498 -0.05206023 -0.0029001 -0.0017448 -0.05200793 -0.0029001 9.32e-05 -0.05179591 -0.0029001 6.45e-05 -0.05178355 -0.0029001 5.17e-05 -0.05177803 -0.0029001 -0.0002311 -0.05216203 -0.0029001 -0.0014068 -0.05179591 -0.0029001 -0.000216 -0.05219251 -0.0029001 -0.0002119 -0.05220061 -0.0029001 -0.0002403 -0.05212965 -0.0029001 -0.0002454 -0.05211184 -0.0029001 -0.0002499 -0.05206198 -0.0029001 0 -0.05177001 -0.0029001 3.23e-05 -0.05177315 -0.0029001 0.0016318 -0.0518226 -0.0029001 0.0016374 -0.05182649 -0.0029001 0.00325004 -0.05233772 -0.0029001 5.02e-05 -0.05231626 -0.0029001 0 -0.05232146 -0.0029001 0.0012881 -0.05220061 -0.0029001 0.000127 -0.05228596 -0.0029001 8.12e-05 -0.05230759 -0.0029001 0.0012546 -0.05211184 -0.0029001 0.0014353 -0.05178257 -0.0029001 0.0014579 -0.05177535 -0.0029001 0.0015 -0.05177001 -0.0029001 0.0015323 -0.05177315 -0.0029001 0.0015517 -0.05177803 -0.0029001 -0.0001536 -0.05226734 -0.0029001 -0.0001244 -0.05228617 -0.0029001 -0.000111 -0.0522948 -0.0029001 -0.0001765 -0.05224598 -0.0029001 -0.0001812 -0.05224157 -0.0029001 -0.0013682 -0.0518226 -0.0029001 -0.0013626 -0.05182649 -0.0029001 -7.91e-05 -0.0523083 -0.0029001 6.46e-05 -0.05231223 -0.0029001 0.0012597 -0.05212965 -0.0029001 -0.0016247 -0.05181706 -0.0029001 -0.0016093 -0.05180568 -0.0029001 -0.0015647 -0.05178259 -0.0029001 -0.0015647 -0.05178257 -0.0029001 -0.0001093 -0.05180568 -0.0029001 -6.47e-05 -0.05178259 -0.0029001 0.0015645 -0.05178355 -0.0029001 0.0015932 -0.05179591 -0.0029001 0.0016245 -0.05181757 -0.0029001 0.001284 -0.05219251 -0.0029001 0.0012689 -0.05216203 -0.0029001 -0.0017405 -0.05199272 -0.0029001 -0.0017306 -0.05195798 -0.0029001 -0.0017153 -0.05192636 -0.0029001 -0.0017061 -0.05190731 -0.0029001 -0.0017044 -0.05190496 -0.0029001 -0.0016769 -0.05186631 -0.0029001 -6.47e-05 -0.05178257 -0.0029001 -4.21e-05 -0.05177535 -0.0029001 -0.0013755 -0.05181757 -0.0029001 -0.0016244 -0.05228617 -0.0029001 -0.0016536 -0.05226734 -0.0029001 -0.00325 -0.05233772 -0.0029001 0.0001245 -0.05181757 -0.0029001 0.0001318 -0.0518226 -0.0029001 0.0001374 -0.05182649 -0.0029001 0.0013756 -0.05228617 -0.0029001 0.0013464 -0.05226734 -0.0029001 0.0013235 -0.05224598 -0.0029001 0.0013188 -0.05224157 -0.0029001 0.0001897 -0.0522319 -0.0029001 0.000176 -0.05224537 -0.0029001 0.0001532 -0.05226769 -0.0029001 -0.0015421 -0.05177535 -0.0029001 -0.0015 -0.05177001 -0.0029001 -0.0014677 -0.05177315 -0.0029001 -0.0002061 -0.05190731 -0.0029001 -0.0002044 -0.05190496 -0.0029001 -0.0016765 -0.05224598 -0.0029001 -0.0016812 -0.05224157 -0.0029001 -0.0017119 -0.05220061 -0.0029001 0.000242 -0.0521281 -0.0029001 0.0002321 -0.05215958 -0.0029001 0.0002398 -0.05198606 -0.0029001 0.000241 -0.05199262 -0.0029001 0.0012552 -0.05200793 -0.0029001 0.0002492 -0.05204055 -0.0029001 0.0012502 -0.05206023 -0.0029001 0.0002495 -0.05206066 -0.0029001 0.00125 -0.05206158 -0.0029001 -0.0016767 -0.05186611 -0.0029001 -0.0016362 -0.05182558 -0.0029001 -0.001632 -0.05182243 -0.0029001 -0.0001769 -0.05186631 -0.0029001 -0.0001767 -0.05186611 -0.0029001 -0.0001362 -0.05182558 -0.0029001 0.0002156 -0.05219225 -0.0029001 0.0002087 -0.05220601 -0.0029001 0.0001759 -0.05186504 -0.0029001 0.0012595 -0.05199272 -0.0029001 0.0012694 -0.05195798 -0.0029001 -0.00025 -0.05206158 -0.0029001 -0.0002498 -0.05206023 -0.0029001 -0.0014355 -0.05178355 -0.0029001 -0.0002448 -0.05200793 -0.0029001 -0.0014483 -0.05177803 -0.0029001 -0.0002405 -0.05199272 -0.0029001 -0.0002306 -0.05195798 -0.0029001 -0.0002153 -0.05192636 -0.0029001 -0.000132 -0.05182243 -0.0029001 -0.0001247 -0.05181706 -0.0029001 0.0001767 -0.05186613 -0.0029001 0.0002012 -0.05189932 -0.0029001 0.0002043 -0.05190533 -0.0029001 0.0012847 -0.05192636 -0.0029001 0.0012939 -0.05190731 -0.0029001 0.0012956 -0.05190496 -0.0029001 0.0013907 -0.05180568 -0.0029001 0.0014353 -0.05178259 -0.0029001 -0.0015644 -0.05231167 -0.0029001 -0.0015791 -0.0523083 -0.0029001 -0.001611 -0.0522948 -0.0029001 0.0002153 -0.05192643 -0.0029001 0.0002277 -0.05195038 -0.0029001 0.0013231 -0.05186631 -0.0029001 0.0013233 -0.05186611 -0.0029001 0.0013638 -0.05182558 -0.0029001 0.001627 -0.05228596 -0.0029001 0.0015812 -0.05230759 -0.0029001 0.0015646 -0.05231223 -0.0029001 0.001368 -0.05182243 -0.0029001 0.0013753 -0.05181706 -0.0029001 0.0014356 -0.05231167 -0.0029001 0.0014209 -0.0523083 -0.0029001 0.001389 -0.0522948 -0.0029001 0.0012501 -0.05206198 -0.0029001 0.0002495 -0.05206192 -0.0029001 0.0002497 -0.0520753 -0.0029001 0.0015502 -0.05231626 -0.0029001 0.0015 -0.05232146 -0.0029001 0.0014701 -0.05231961 -0.0029001 0.0016898 -0.0522319 -0.0029001 0.001676 -0.05224537 -0.0029001 0.0016532 -0.05226769 -0.0029001 -0.0014188 -0.05230759 -0.0029001 -0.0014354 -0.05231223 -0.0029001 -0.0014498 -0.05231626 -0.0029001 -0.0015 -0.05232146 -0.0029001 -0.0015299 -0.05231961 -0.0029001 0.001742 -0.0521281 -0.0029001 0.0017321 -0.05215958 -0.0029001 0.0017497 -0.0520753 -0.0029001 0.0017156 -0.05219225 -0.0029001 0.0017087 -0.05220601 -0.0029001 -0.001258 -0.0521281 -0.0029001 -0.0012679 -0.05215958 -0.0029001 -2.99e-05 -0.05231961 -0.0029001 -0.0013103 -0.0522319 -0.0029001 -0.001324 -0.05224537 -0.0029001 -0.0013468 -0.05226769 -0.0029001 -0.001373 -0.05228596 -0.0029001 -0.0012723 -0.05195038 -0.0029001 -0.0012602 -0.05198606 -0.0029001 -0.001259 -0.05199262 -0.0029001 -0.0012508 -0.05204055 -0.0029001 -0.0012505 -0.05206066 -0.0029001 -6.44e-05 -0.05231167 -0.0029001 -0.0012503 -0.0520753 -0.0029001 -0.0012844 -0.05219225 -0.0029001 -0.0012913 -0.05220601 -0.0029001 -0.0013241 -0.05186504 -0.0029001 -0.0013233 -0.05186613 -0.0029001 -0.0012988 -0.05189932 -0.0029001 -0.0012505 -0.05206192 -0.0029001 -0.0012957 -0.05190533 -0.0029001 -0.0012847 -0.05192643 -0.0029001 0.0017277 -0.05195038 -0.0029001 0.0017398 -0.05198606 -0.0029001 0.001741 -0.05199262 -0.0029001 0.0017492 -0.05204055 -0.0029001 0.0017495 -0.05206066 -0.0029001 0.0017495 -0.05206192 -0.0029001 0.0016759 -0.05186504 -0.0029001 0.0016767 -0.05186613 -0.0029001 0.0017012 -0.05189932 -0.0029001 0.0017043 -0.05190533 -0.0029001 0.0017153 -0.05192643 -0.0029001 -0.0001767 -0.05187592 -0.0028839 -0.0002414 -0.0520008 -0.002879 -6.47e-05 -0.05231916 -0.0028675 6.47e-05 -0.05179953 -0.0028816 0 -0.05179292 -0.0028762 0.000125 -0.05181891 -0.0028974 0.0001768 -0.05187592 -0.0028839 0.000125 -0.05184129 -0.0028645 0.0002165 -0.05194398 -0.0028589 0.0001768 -0.05189519 -0.0028415 0.0002415 -0.0520008 -0.002879 0.00025 -0.05208119 -0.0028265 0.0002415 -0.05201742 -0.0028155 0.0002415 -0.05214495 -0.0028375 0.0002165 -0.05220437 -0.0028477 0.0001768 -0.0522554 -0.0028565 0.000125 -0.05229455 -0.0028633 6.47e-05 -0.05231916 -0.0028675 0 -0.05232756 -0.0028689 -0.000125 -0.05229455 -0.0028633 -0.0001767 -0.0522554 -0.0028565 -0.0002165 -0.05220437 -0.0028477 -0.0002414 -0.05214495 -0.0028375 -0.00025 -0.05208119 -0.0028265 -0.0002165 -0.05194398 -0.0028589 -0.0001767 -0.05189519 -0.0028415 -0.000125 -0.05184129 -0.0028645 -6.47e-05 -0.05179953 -0.0028816 -0.000125 -0.05181891 -0.0028974 6.47e-05 -0.05181951 -0.0028522 0 -0.05181209 -0.0028481 -6.47e-05 -0.05181951 -0.0028522 0.000125 -0.05185775 -0.0028282 6.47e-05 -0.05183422 -0.0028199 0 -0.05182619 -0.002817 -6.47e-05 -0.05183422 -0.0028199 -0.000125 -0.05185775 -0.0028282 0.0002165 -0.051958 -0.0028053 0.0001768 -0.05190698 -0.0027965 0.000125 -0.05186783 -0.0027897 6.47e-05 -0.05184321 -0.0027855 0 -0.05183482 -0.002784 -6.47e-05 -0.05184321 -0.0027855 -0.000125 -0.05186783 -0.0027897 -0.0001767 -0.05190698 -0.0027965 -0.0002165 -0.051958 -0.0028053 -0.0002414 -0.05201742 -0.0028155 0 -0.05233772 -0.0027501 -6.47e-05 -0.0523292 -0.0027501 -0.000125 -0.05230423 -0.0027501 -0.0001767 -0.0522645 -0.0027501 -0.0002165 -0.05221272 -0.0027501 -0.0002414 -0.05215243 -0.0027501 -0.00025 -0.05208772 -0.0027501 -0.0002414 -0.05202302 -0.0027501 -0.0002165 -0.05196272 -0.0027501 -0.0001767 -0.05191095 -0.0027501 -0.000125 -0.05187122 -0.0027501 -6.47e-05 -0.05184624 -0.0027501 0 -0.05183772 -0.0027501 6.47e-05 -0.05184624 -0.0027501 0.000125 -0.05187122 -0.0027501 0.0001768 -0.05191095 -0.0027501 0.0002165 -0.05196272 -0.0027501 0.0002415 -0.05202302 -0.0027501 0.00025 -0.05208772 -0.0027501 0.0002415 -0.05215243 -0.0027501 0.0002165 -0.05221272 -0.0027501 0.0001768 -0.0522645 -0.0027501 0.000125 -0.05230423 -0.0027501 6.47e-05 -0.0523292 -0.0027501 0.0013233 -0.05187592 -0.0028839 0.0012586 -0.0520008 -0.002879 0.0014353 -0.05231916 -0.0028675 0.0015647 -0.05179953 -0.0028816 0.0015 -0.05179292 -0.0028762 0.001625 -0.05181891 -0.0028974 0.0016768 -0.05187592 -0.0028839 0.001625 -0.05184129 -0.0028645 0.0017165 -0.05194398 -0.0028589 0.0016768 -0.05189519 -0.0028415 0.0017415 -0.0520008 -0.002879 0.00175 -0.05208119 -0.0028265 0.0017415 -0.05201742 -0.0028155 0.0017415 -0.05214495 -0.0028375 0.0017165 -0.05220437 -0.0028477 0.0016768 -0.0522554 -0.0028565 0.001625 -0.05229455 -0.0028633 0.0015647 -0.05231916 -0.0028675 0.0015 -0.05232756 -0.0028689 0.001375 -0.05229455 -0.0028633 0.0013233 -0.0522554 -0.0028565 0.0012835 -0.05220437 -0.0028477 0.0012586 -0.05214495 -0.0028375 0.00125 -0.05208119 -0.0028265 0.0012835 -0.05194398 -0.0028589 0.0013233 -0.05189519 -0.0028415 0.001375 -0.05184129 -0.0028645 0.0014353 -0.05179953 -0.0028816 0.001375 -0.05181891 -0.0028974 0.0015647 -0.05181951 -0.0028522 0.0015 -0.05181209 -0.0028481 0.0014353 -0.05181951 -0.0028522 0.001625 -0.05185775 -0.0028282 0.0015647 -0.05183422 -0.0028199 0.0015 -0.05182619 -0.002817 0.0014353 -0.05183422 -0.0028199 0.001375 -0.05185775 -0.0028282 0.0017165 -0.051958 -0.0028053 0.0016768 -0.05190698 -0.0027965 0.001625 -0.05186783 -0.0027897 0.0015647 -0.05184321 -0.0027855 0.0015 -0.05183482 -0.002784 0.0014353 -0.05184321 -0.0027855 0.001375 -0.05186783 -0.0027897 0.0013233 -0.05190698 -0.0027965 0.0012835 -0.051958 -0.0028053 0.0012586 -0.05201742 -0.0028155 0.0015 -0.05233772 -0.0027501 0.0014353 -0.0523292 -0.0027501 0.001375 -0.05230423 -0.0027501 0.0013233 -0.0522645 -0.0027501 0.0012835 -0.05221272 -0.0027501 0.0012586 -0.05215243 -0.0027501 0.00125 -0.05208772 -0.0027501 0.0012586 -0.05202302 -0.0027501 0.0012835 -0.05196272 -0.0027501 0.0013233 -0.05191095 -0.0027501 0.001375 -0.05187122 -0.0027501 0.0014353 -0.05184624 -0.0027501 0.0015 -0.05183772 -0.0027501 0.0015647 -0.05184624 -0.0027501 0.001625 -0.05187122 -0.0027501 0.0016768 -0.05191095 -0.0027501 0.0017165 -0.05196272 -0.0027501 0.0017415 -0.05202302 -0.0027501 0.00175 -0.05208772 -0.0027501 0.0017415 -0.05215243 -0.0027501 0.0017165 -0.05221272 -0.0027501 0.0016768 -0.0522645 -0.0027501 0.001625 -0.05230423 -0.0027501 0.0015647 -0.0523292 -0.0027501 -0.00375 -0.05083772 -0.0019001 -0.00325 -0.05083772 -0.0019001 -0.00325 -0.05233772 -0.0019001 0.00325004 -0.05233772 -0.0019001 0.00325004 -0.05083772 -0.0019001 0.00375004 -0.05233772 -0.0019001 -0.00375 -0.05233772 -0.0019001 -0.00375 -0.05233772 -0.0051001 -0.0031 -0.05233772 -0.0051001 0.00375004 -0.05233772 -0.0079001 0.00375004 -0.05233772 -0.0068001 0.00310004 -0.05233772 -0.0068001 0.00310004 -0.05233772 -0.0067001 -0.0031 -0.05233772 -0.0052001 -0.00375 -0.05233772 -0.0068001 -0.00375 -0.05233772 -0.0079001 -0.0031 -0.05233772 -0.0068001 -0.0031 -0.05233772 -0.0067001 -0.0037 -0.05233772 -0.0067001 -0.0037 -0.05233772 -0.0052001 0.00370004 -0.05233772 -0.0067001 0.00370004 -0.05233772 -0.0052001 0.00310004 -0.05233772 -0.0052001 0.00310004 -0.05233772 -0.0051001 0.00375004 -0.05233772 -0.0051001 0.00375004 -0.05083772 -0.0019001 0.00375004 -0.04863772 -0.0051001 -0.00375 -0.04863772 -0.0079001 -0.00375 -0.04863772 -0.0068001 0.00375004 -0.04863772 -0.0079001 0.00375004 -0.04863772 -0.0068001 0.0025 -0.05173772 -0.0045001 0.0025 -0.05173772 -0.0079001 -0.0025 -0.05173772 -0.0045001 -0.0025 -0.05173772 -0.0079001 -0.0018 -0.04903772 -0.0061001 -0.0025 -0.04903772 -0.0061001 -0.0025 -0.04903772 -0.0079001 0.0025 -0.04903772 -0.0048001 -0.0025 -0.04903772 -0.0048001 -0.0018 -0.04903772 -0.0051001 -0.0025 -0.04903772 -0.0051001 0.0025 -0.04903772 -0.0079001 0.0025 -0.04903772 -0.0061001 0.0018 -0.04903772 -0.0061001 0.0025 -0.04903772 -0.0051001 0.0018 -0.04903772 -0.0051001 0.00310004 -0.05158772 -0.0067001 0.00310004 -0.05158772 -0.0068001 0.00330004 -0.05158772 -0.0067001 0.00330004 -0.05158772 -0.0068001 0.00330004 -0.05213772 -0.0067001 0.00330004 -0.05213772 -0.0052001 0.00370004 -0.05213772 -0.0067001 0.00370004 -0.05213772 -0.0052001 0.00310004 -0.05158772 -0.0051001 0.00310004 -0.05158772 -0.0052001 0.00330004 -0.05158772 -0.0051001 0.00330004 -0.05158772 -0.0052001 0.00310004 -0.04868772 -0.0051001 0.00310004 -0.04868772 -0.0068001 0.00310004 -0.04863772 -0.0051001 0.00310004 -0.04863772 -0.0068001 -0.0031 -0.04863772 -0.0068001 -0.0031 -0.04868772 -0.0068001 -0.0031 -0.04863772 -0.0051001 -0.0031 -0.04868772 -0.0051001 -0.0025 -0.04863772 -0.0051001 -0.0018 -0.04863772 -0.0051001 -0.0025 -0.05033772 -0.0061001 -0.0025 -0.04953772 -0.0061001 -0.0025 -0.05033772 -0.0079001 -0.0025 -0.04863772 -0.0061001 -0.0025 -0.04953772 -0.0079001 -0.0025 -0.05068772 -0.0045001 -0.0025 -0.05038772 -0.0048001 -0.0018 -0.04863772 -0.0061001 0.0025 -0.04953772 -0.0061001 0.0025 -0.05033772 -0.0061001 0.0025 -0.05033772 -0.0079001 0.0025 -0.05038772 -0.0048001 0.0025 -0.05068772 -0.0045001 0.0025 -0.04863772 -0.0051001 0.0025 -0.04863772 -0.0061001 0.0025 -0.04953772 -0.0079001 0.0018 -0.04863772 -0.0051001 0.0018 -0.04863772 -0.0061001 0.00330004 -0.04868772 -0.0068001 0.00330004 -0.04868772 -0.0051001 -0.0015 -0.05183772 -0.0014001 -0.0015647 -0.05184624 -0.0027501 -0.0015647 -0.05184624 -0.0014001 -0.001625 -0.05187122 -0.0027501 -0.001625 -0.05187122 -0.0014001 -0.0016767 -0.05191095 -0.0027501 -0.0016767 -0.05191095 -0.0014001 -0.0017165 -0.05196272 -0.0027501 -0.0017165 -0.05196272 -0.0014001 -0.0017414 -0.05202302 -0.0027501 -0.0017414 -0.05202302 -0.0014001 -0.00175 -0.05208772 -0.0027501 -0.00175 -0.05208772 -0.0014001 -0.0017414 -0.05215243 -0.0027501 -0.0017414 -0.05215243 -0.0014001 -0.0017165 -0.05221272 -0.0027501 -0.0017165 -0.05221272 -0.0014001 -0.0016767 -0.0522645 -0.0027501 -0.0016767 -0.0522645 -0.0014001 -0.001625 -0.05230423 -0.0027501 -0.001625 -0.05230423 -0.0014001 -0.0015647 -0.0523292 -0.0027501 -0.0015647 -0.0523292 -0.0014001 -0.0015 -0.05233772 -0.0027501 -0.0015 -0.05233772 -0.0014001 -0.0014353 -0.0523292 -0.0027501 -0.0014353 -0.0523292 -0.0014001 -0.001375 -0.05230423 -0.0027501 -0.001375 -0.05230423 -0.0014001 -0.0013232 -0.0522645 -0.0027501 -0.0013232 -0.0522645 -0.0014001 -0.0012835 -0.05221272 -0.0027501 -0.0012835 -0.05221272 -0.0014001 -0.0012585 -0.05215243 -0.0027501 -0.0012585 -0.05215243 -0.0014001 -0.00125 -0.05208772 -0.0027501 -0.00125 -0.05208772 -0.0014001 -0.0012585 -0.05202302 -0.0027501 -0.0012585 -0.05202302 -0.0014001 -0.0012835 -0.05196272 -0.0027501 -0.0012835 -0.05196272 -0.0014001 -0.0013232 -0.05191095 -0.0027501 -0.0013232 -0.05191095 -0.0014001 -0.001375 -0.05187122 -0.0027501 -0.001375 -0.05187122 -0.0014001 -0.0014353 -0.05184624 -0.0027501 -0.0014353 -0.05184624 -0.0014001 -0.0015 -0.05183772 -0.0027501 0.0015 -0.05183772 -0.0014001 0.0014353 -0.05184624 -0.0014001 0.001375 -0.05187122 -0.0014001 0.0013233 -0.05191095 -0.0014001 0.0012835 -0.05196272 -0.0014001 0.0012586 -0.05202302 -0.0014001 0.00125 -0.05208772 -0.0014001 0.0012586 -0.05215243 -0.0014001 0.0012835 -0.05221272 -0.0014001 0.0013233 -0.0522645 -0.0014001 0.001375 -0.05230423 -0.0014001 0.0014353 -0.0523292 -0.0014001 0.0015 -0.05233772 -0.0014001 0.0015647 -0.0523292 -0.0014001 0.001625 -0.05230423 -0.0014001 0.0016768 -0.0522645 -0.0014001 0.0017165 -0.05221272 -0.0014001 0.0017415 -0.05215243 -0.0014001 0.00175 -0.05208772 -0.0014001 0.0017415 -0.05202302 -0.0014001 0.0017165 -0.05196272 -0.0014001 0.0016768 -0.05191095 -0.0014001 0.001625 -0.05187122 -0.0014001 0.0015647 -0.05184624 -0.0014001 0 -0.05183772 -0.0014001 -6.47e-05 -0.05184624 -0.0014001 -0.000125 -0.05187122 -0.0014001 -0.0001767 -0.05191095 -0.0014001 -0.0002165 -0.05196272 -0.0014001 -0.0002414 -0.05202302 -0.0014001 -0.00025 -0.05208772 -0.0014001 -0.0002414 -0.05215243 -0.0014001 -0.0002165 -0.05221272 -0.0014001 -0.0001767 -0.0522645 -0.0014001 -0.000125 -0.05230423 -0.0014001 -6.47e-05 -0.0523292 -0.0014001 0 -0.05233772 -0.0014001 6.47e-05 -0.0523292 -0.0014001 0.000125 -0.05230423 -0.0014001 0.0001768 -0.0522645 -0.0014001 0.0002165 -0.05221272 -0.0014001 0.0002415 -0.05215243 -0.0014001 0.00025 -0.05208772 -0.0014001 0.0002415 -0.05202302 -0.0014001 0.0002165 -0.05196272 -0.0014001 0.0001768 -0.05191095 -0.0014001 0.000125 -0.05187122 -0.0014001 6.47e-05 -0.05184624 -0.0014001 -0.0033 -0.04868772 -0.0068001 -0.0033 -0.05158772 -0.0068001 -0.0033 -0.04868772 -0.0051001 -0.0033 -0.05158772 -0.0067001 -0.0033 -0.05158772 -0.0051001 -0.0033 -0.05158772 -0.0052001 -0.0033 -0.05213772 -0.0052001 -0.0033 -0.05213772 -0.0067001 -0.0031 -0.05158772 -0.0068001 0.0016768 -0.04976095 -0.0048001 0.001625 -0.04972122 -0.0048001 -0.0013232 -0.04976095 -0.0048001 -0.0012835 -0.04981272 -0.0048001 -0.0012585 -0.04987302 -0.0048001 -0.0015647 -0.04969624 -0.0048001 -0.001625 -0.04972122 -0.0048001 -0.0016767 -0.04976095 -0.0048001 -0.0017414 -0.05000243 -0.0048001 -0.0017165 -0.05006272 -0.0048001 0.0015647 -0.0501792 -0.0048001 0.001625 -0.05015423 -0.0048001 0.0016768 -0.0501145 -0.0048001 0.0017165 -0.05006272 -0.0048001 0.0017165 -0.04981272 -0.0048001 -0.0017165 -0.04981272 -0.0048001 -0.0017414 -0.04987302 -0.0048001 -0.00175 -0.04993772 -0.0048001 -0.0016767 -0.0501145 -0.0048001 -0.001625 -0.05015423 -0.0048001 -0.0015647 -0.0501792 -0.0048001 0.0017415 -0.05000243 -0.0048001 0.00175 -0.04993772 -0.0048001 0.0017415 -0.04987302 -0.0048001 0.0002165 -0.04981272 -0.0048001 0.0001768 -0.04976095 -0.0048001 0.0012586 -0.04987302 -0.0048001 0.0013233 -0.0501145 -0.0048001 0.001375 -0.05015423 -0.0048001 0 -0.05018772 -0.0048001 0.0014353 -0.0501792 -0.0048001 0.0015 -0.05018772 -0.0048001 -0.0002414 -0.05000243 -0.0048001 -0.0002165 -0.05006272 -0.0048001 -0.0001767 -0.0501145 -0.0048001 -0.000125 -0.05015423 -0.0048001 -6.47e-05 -0.0501792 -0.0048001 0.0012835 -0.05006272 -0.0048001 6.47e-05 -0.0501792 -0.0048001 0.0012586 -0.05000243 -0.0048001 0.000125 -0.05015423 -0.0048001 0.0001768 -0.0501145 -0.0048001 -0.001375 -0.04972122 -0.0048001 -0.0014353 -0.04969624 -0.0048001 -0.0015 -0.04968772 -0.0048001 0 -0.04968772 -0.0048001 0.0012835 -0.04981272 -0.0048001 6.47e-05 -0.04969624 -0.0048001 0.000125 -0.04972122 -0.0048001 -0.0015 -0.05018772 -0.0048001 -0.0014353 -0.0501792 -0.0048001 -0.001375 -0.05015423 -0.0048001 -0.0013232 -0.0501145 -0.0048001 -0.0001767 -0.04976095 -0.0048001 -0.0002165 -0.04981272 -0.0048001 -0.0002414 -0.04987302 -0.0048001 -0.00125 -0.04993772 -0.0048001 -0.00025 -0.04993772 -0.0048001 -0.0012585 -0.05000243 -0.0048001 -0.0012835 -0.05006272 -0.0048001 0.0002165 -0.05006272 -0.0048001 0.0002415 -0.05000243 -0.0048001 0.00125 -0.04993772 -0.0048001 0.00025 -0.04993772 -0.0048001 0.0002415 -0.04987302 -0.0048001 0.0015647 -0.04969624 -0.0048001 0.0015 -0.04968772 -0.0048001 0.0014353 -0.04969624 -0.0048001 0.001375 -0.04972122 -0.0048001 0.0013233 -0.04976095 -0.0048001 -6.47e-05 -0.04969624 -0.0048001 -0.000125 -0.04972122 -0.0048001 -0.0031 -0.04953772 -0.0061001 -0.0031 -0.05033772 -0.0061001 -0.0031 -0.04953772 -0.0079001 -0.0031 -0.05033772 -0.0079001 0.00310004 -0.04953772 -0.0061001 0.00310004 -0.04953772 -0.0079001 0.00310004 -0.05033772 -0.0061001 0.00310004 -0.05033772 -0.0079001 -0.0015 -0.05208772 -0.0014001 0.0015 -0.05208772 -0.0014001 0 -0.05208772 -0.0014001 -0.0012585 -0.04987302 -0.0072001 -0.0012835 -0.04981272 -0.0072001 -0.0013232 -0.04976095 -0.0072001 -0.001375 -0.04972122 -0.0072001 -0.0014353 -0.04969624 -0.0072001 -0.0015 -0.04968772 -0.0072001 -0.0015647 -0.04969624 -0.0072001 -0.001625 -0.04972122 -0.0072001 -0.0016767 -0.04976095 -0.0072001 -0.0017165 -0.04981272 -0.0072001 -0.0017414 -0.04987302 -0.0072001 -0.00175 -0.04993772 -0.0072001 -0.0017414 -0.05000243 -0.0072001 -0.0017165 -0.05006272 -0.0072001 -0.0016767 -0.0501145 -0.0072001 -0.001625 -0.05015423 -0.0072001 -0.0015647 -0.05017921 -0.0072001 -0.0015 -0.05018772 -0.0072001 -0.0014353 -0.05017921 -0.0072001 -0.001375 -0.05015423 -0.0072001 -0.0013232 -0.0501145 -0.0072001 -0.0012835 -0.05006272 -0.0072001 -0.0012585 -0.05000243 -0.0072001 -0.00125 -0.04993772 -0.0072001 0.0017415 -0.04987302 -0.0072001 0.0017165 -0.04981272 -0.0072001 0.0016768 -0.04976095 -0.0072001 0.001625 -0.04972122 -0.0072001 0.0015647 -0.04969624 -0.0072001 0.0015 -0.04968772 -0.0072001 0.0014353 -0.04969624 -0.0072001 0.001375 -0.04972122 -0.0072001 0.0013233 -0.04976095 -0.0072001 0.0012835 -0.04981272 -0.0072001 0.0012586 -0.04987302 -0.0072001 0.00125 -0.04993772 -0.0072001 0.0012586 -0.05000243 -0.0072001 0.0012835 -0.05006272 -0.0072001 0.0013233 -0.0501145 -0.0072001 0.001375 -0.05015423 -0.0072001 0.0014353 -0.05017921 -0.0072001 0.0015 -0.05018772 -0.0072001 0.0015647 -0.05017921 -0.0072001 0.001625 -0.05015423 -0.0072001 0.0016768 -0.0501145 -0.0072001 0.0017165 -0.05006272 -0.0072001 0.0017415 -0.05000243 -0.0072001 0.00175 -0.04993772 -0.0072001 0.0002415 -0.04987302 -0.0072001 0.0002165 -0.04981272 -0.0072001 0.0001768 -0.04976095 -0.0072001 0.000125 -0.04972122 -0.0072001 6.47e-05 -0.04969624 -0.0072001 0 -0.04968772 -0.0072001 -6.47e-05 -0.04969624 -0.0072001 -0.000125 -0.04972122 -0.0072001 -0.0001767 -0.04976095 -0.0072001 -0.0002165 -0.04981272 -0.0072001 -0.0002414 -0.04987302 -0.0072001 -0.00025 -0.04993772 -0.0072001 -0.0002414 -0.05000243 -0.0072001 -0.0002165 -0.05006272 -0.0072001 -0.0001767 -0.0501145 -0.0072001 -0.000125 -0.05015423 -0.0072001 -6.47e-05 -0.05017921 -0.0072001 0 -0.05018772 -0.0072001 6.47e-05 -0.05017921 -0.0072001 0.000125 -0.05015423 -0.0072001 0.0001768 -0.0501145 -0.0072001 0.0002165 -0.05006272 -0.0072001 0.0002415 -0.05000243 -0.0072001 0.00025 -0.04993772 -0.0072001 -0.0015 -0.04993772 -0.0072001 0.0015 -0.04993772 -0.0072001 0 -0.04993772 -0.0072001 -0.0016767 -0.05187592 -0.0028839 -0.0017414 -0.0520008 -0.002879 -0.0015647 -0.05231916 -0.0028675 -0.0014353 -0.05179953 -0.0028816 -0.0015 -0.05179292 -0.0028762 -0.001375 -0.05181891 -0.0028974 -0.0013232 -0.05187592 -0.0028839 -0.001375 -0.05184129 -0.0028645 -0.0012835 -0.05194398 -0.0028589 -0.0013232 -0.05189519 -0.0028415 -0.0012585 -0.0520008 -0.002879 -0.00125 -0.05208119 -0.0028265 -0.0012585 -0.05201742 -0.0028155 -0.0012585 -0.05214495 -0.0028375 -0.0012835 -0.05220437 -0.0028477 -0.0013232 -0.0522554 -0.0028565 -0.001375 -0.05229455 -0.0028633 -0.0014353 -0.05231916 -0.0028675 -0.0015 -0.05232756 -0.0028689 -0.001625 -0.05229455 -0.0028633 -0.0016767 -0.0522554 -0.0028565 -0.0017165 -0.05220437 -0.0028477 -0.0017414 -0.05214495 -0.0028375 -0.00175 -0.05208119 -0.0028265 -0.0017165 -0.05194398 -0.0028589 -0.0016767 -0.05189519 -0.0028415 -0.001625 -0.05184129 -0.0028645 -0.0015647 -0.05179953 -0.0028816 -0.001625 -0.05181891 -0.0028974 -0.0014353 -0.05181951 -0.0028522 -0.0015 -0.05181209 -0.0028481 -0.0015647 -0.05181951 -0.0028522 -0.001375 -0.05185775 -0.0028282 -0.0014353 -0.05183422 -0.0028199 -0.0015 -0.05182619 -0.002817 -0.0015647 -0.05183422 -0.0028199 -0.001625 -0.05185775 -0.0028282 -0.0012835 -0.051958 -0.0028053 -0.0013232 -0.05190698 -0.0027965 -0.001375 -0.05186783 -0.0027897 -0.0014353 -0.05184321 -0.0027855 -0.0015 -0.05183482 -0.002784 -0.0015647 -0.05184321 -0.0027855 -0.001625 -0.05186783 -0.0027897 -0.0016767 -0.05190698 -0.0027965 -0.0017165 -0.051958 -0.0028053 -0.0017414 -0.05201742 -0.0028155 -0.00375 -0.04863772 -0.0051001 -0.0031 -0.05158772 -0.0067001 -0.0037 -0.05213772 -0.0067001 -0.0037 -0.05213772 -0.0052001 -0.0031 -0.05158772 -0.0052001 -0.0031 -0.05158772 -0.0051001 0.00374996 -0.04863772 0.0029001 0.00374996 -0.05023772 0.0029001 0.00324996 -0.05023772 0.0029001 -0.00375 -0.04863772 0.0029001 -0.00325 -0.05023772 0.0029001 -0.00375 -0.05023772 0.0029001 -0.0015323 -0.05177315 0.0029001 -0.0015517 -0.05177803 0.0029001 -0.0015645 -0.05178355 0.0029001 -0.0015932 -0.05179591 0.0029001 0.001373 -0.05228596 0.0029001 0.0014188 -0.05230759 0.0029001 0.0002455 -0.05211184 0.0029001 0.0017499 -0.05206198 0.0029001 0.00175 -0.05206158 0.0029001 0.00324996 -0.05233772 0.0029001 0.0017498 -0.05206023 0.0029001 -0.0014353 -0.05178257 0.0029001 -0.0014579 -0.05177535 0.0029001 -0.0015 -0.05177001 0.0029001 0.0016093 -0.05180568 0.0029001 0.0015647 -0.05178259 0.0029001 0.0015 -0.05177001 0.0029001 0.0014677 -0.05177315 0.0029001 -9.32e-05 -0.05179591 0.0029001 -6.45e-05 -0.05178355 0.0029001 -5.17e-05 -0.05177803 0.0029001 -0.000127 -0.05228596 0.0029001 -8.12e-05 -0.05230759 0.0029001 -0.0012545 -0.05211184 0.0029001 0.0017306 -0.05195798 0.0029001 0.0017405 -0.05199272 0.0029001 0.0017448 -0.05200793 0.0029001 0.0015647 -0.05178257 0.0029001 0.0015421 -0.05177535 0.0029001 0.0014483 -0.05177803 0.0029001 0.0014355 -0.05178355 0.0029001 0 -0.05177001 0.0029001 0.0014068 -0.05179591 0.0029001 4.21e-05 -0.05177535 0.0029001 0.0013755 -0.05181757 0.0029001 -3.23e-05 -0.05177315 0.0029001 0.001716 -0.05219251 0.0029001 0.0017311 -0.05216203 0.0029001 -0.0001245 -0.05181757 0.0029001 -0.0001318 -0.0518226 0.0029001 -0.0001374 -0.05182649 0.0029001 0.0017403 -0.05212965 0.0029001 0.0017454 -0.05211184 0.0029001 0.0013103 -0.0522319 0.0029001 0.001324 -0.05224537 0.0029001 0.0013468 -0.05226769 0.0029001 0.0017153 -0.05192636 0.0029001 0.0017061 -0.05190731 0.0029001 0.0017044 -0.05190496 0.0029001 0.0001093 -0.05180568 0.0029001 6.47e-05 -0.05178259 0.0029001 0.0013626 -0.05182649 0.0029001 -6.46e-05 -0.05231223 0.0029001 -5.02e-05 -0.05231626 0.0029001 -0.0012597 -0.05212965 0.0029001 -0.0012689 -0.05216203 0.0029001 0.0016769 -0.05186631 0.0029001 0.0016767 -0.05186611 0.0029001 0.0016362 -0.05182558 0.0029001 0.0013682 -0.0518226 0.0029001 6.47e-05 -0.05178257 0.0029001 0.0014354 -0.05231223 0.0029001 0.0014498 -0.05231626 0.0029001 0.0002403 -0.05212965 0.0029001 0.0002311 -0.05216203 0.0029001 -0.0001897 -0.0522319 0.0029001 -0.000176 -0.05224537 0.0029001 -0.0001532 -0.05226769 0.0029001 0.0012679 -0.05215958 0.0029001 0.0012844 -0.05219225 0.0029001 0.0012913 -0.05220601 0.0029001 0.001632 -0.05182243 0.0029001 0.0016247 -0.05181706 0.0029001 0.0013241 -0.05186504 0.0029001 0.0002448 -0.05200793 0.0029001 0.0002405 -0.05199272 0.0029001 0.0002306 -0.05195798 0.0029001 -0.0001759 -0.05186504 0.0029001 -0.0012552 -0.05200793 0.0029001 -0.0012595 -0.05199272 0.0029001 -0.0012694 -0.05195798 0.0029001 -0.0014353 -0.05178259 0.0029001 -0.0013907 -0.05180568 0.0029001 -0.0016245 -0.05181757 0.0029001 -0.0016318 -0.0518226 0.0029001 -0.0016374 -0.05182649 0.0029001 0.0016765 -0.05224598 0.0029001 0.0016812 -0.05224157 0.0029001 0.0017119 -0.05220061 0.0029001 0.0013233 -0.05186613 0.0029001 0.0012988 -0.05189932 0.0029001 0.0012957 -0.05190533 0.0029001 0.0002153 -0.05192636 0.0029001 0.0002061 -0.05190731 0.0029001 0.0002044 -0.05190496 0.0029001 -0.0001767 -0.05186613 0.0029001 -0.0002012 -0.05189932 0.0029001 -0.0002043 -0.05190533 0.0029001 -0.0012847 -0.05192636 0.0029001 -0.0012939 -0.05190731 0.0029001 -0.0012956 -0.05190496 0.0029001 0.0001765 -0.05224598 0.0029001 0.0001812 -0.05224157 0.0029001 0.0015 -0.05232146 0.0029001 0.0002119 -0.05220061 0.0029001 0.000216 -0.05219251 0.0029001 -0.0002321 -0.05215958 0.0029001 -0.0002156 -0.05219225 0.0029001 -0.0002087 -0.05220601 0.0029001 0.0012847 -0.05192643 0.0029001 0.0012723 -0.05195038 0.0029001 0.0012602 -0.05198606 0.0029001 0.0001769 -0.05186631 0.0029001 0.0001767 -0.05186611 0.0029001 0.0001362 -0.05182558 0.0029001 -0.0002153 -0.05192643 0.0029001 -0.0002277 -0.05195038 0.0029001 -0.0002398 -0.05198606 0.0029001 -0.0013231 -0.05186631 0.0029001 -0.0013233 -0.05186611 0.0029001 -0.0013638 -0.05182558 0.0029001 -0.0013235 -0.05224598 0.0029001 -0.0013188 -0.05224157 0.0029001 0 -0.05232146 0.0029001 -0.0012881 -0.05220061 0.0029001 -0.001284 -0.05219251 0.0029001 0.001259 -0.05199262 0.0029001 0.0012508 -0.05204055 0.0029001 0.0002498 -0.05206023 0.0029001 0.0012505 -0.05206066 0.0029001 0.00025 -0.05206158 0.0029001 0.0002499 -0.05206198 0.0029001 0.000132 -0.05182243 0.0029001 0.0001247 -0.05181706 0.0029001 -0.001368 -0.05182243 0.0029001 -0.0013753 -0.05181706 0.0029001 0.0012505 -0.05206192 0.0029001 0.0012503 -0.0520753 0.0029001 0.001258 -0.0521281 0.0029001 -0.0014209 -0.0523083 0.0029001 -0.001389 -0.0522948 0.0029001 -0.000241 -0.05199262 0.0029001 -0.0002492 -0.05204055 0.0029001 -0.0012502 -0.05206023 0.0029001 -0.0002495 -0.05206066 0.0029001 -0.00125 -0.05206158 0.0029001 -0.0012501 -0.05206198 0.0029001 6.44e-05 -0.05231167 0.0029001 7.91e-05 -0.0523083 0.0029001 -0.0013756 -0.05228617 0.0029001 -0.0013464 -0.05226734 0.0029001 0.000111 -0.0522948 0.0029001 0.0001244 -0.05228617 0.0029001 0.0001536 -0.05226734 0.0029001 0.001611 -0.0522948 0.0029001 0.0016244 -0.05228617 0.0029001 0.0016536 -0.05226734 0.0029001 -0.0002495 -0.05206192 0.0029001 -0.0002497 -0.0520753 0.0029001 -0.000242 -0.0521281 0.0029001 -0.001627 -0.05228596 0.0029001 -0.0015812 -0.05230759 0.0029001 -0.00325 -0.05233772 0.0029001 -0.0015646 -0.05231223 0.0029001 -0.0015502 -0.05231626 0.0029001 -0.0015 -0.05232146 0.0029001 -0.0014701 -0.05231961 0.0029001 -0.0014356 -0.05231167 0.0029001 0.0015299 -0.05231961 0.0029001 0.0015644 -0.05231167 0.0029001 0.0015791 -0.0523083 0.0029001 -0.0016897 -0.0522319 0.0029001 -0.001676 -0.05224537 0.0029001 -0.0016532 -0.05226769 0.0029001 2.99e-05 -0.05231961 0.0029001 -0.001742 -0.0521281 0.0029001 -0.0017321 -0.05215958 0.0029001 -0.0017497 -0.0520753 0.0029001 -0.0017156 -0.05219225 0.0029001 -0.0017087 -0.05220601 0.0029001 -0.001741 -0.05199262 0.0029001 -0.0017492 -0.05204055 0.0029001 -0.0017495 -0.05206066 0.0029001 -0.0017495 -0.05206192 0.0029001 -0.0016759 -0.05186504 0.0029001 -0.0016767 -0.05186613 0.0029001 -0.0017012 -0.05189932 0.0029001 -0.0017277 -0.05195038 0.0029001 -0.0017398 -0.05198606 0.0029001 -0.0017043 -0.05190533 0.0029001 -0.0017153 -0.05192643 0.0029001 0.0001767 -0.05187592 0.0028839 0.0002414 -0.0520008 0.002879 6.47e-05 -0.05231916 0.0028675 -6.47e-05 -0.05179953 0.0028816 0 -0.05179292 0.0028762 -0.000125 -0.05181891 0.0028974 -0.0001768 -0.05187592 0.0028839 -0.000125 -0.05184129 0.0028645 -0.0002165 -0.05194398 0.0028589 -0.0001768 -0.05189519 0.0028415 -0.0002415 -0.0520008 0.002879 -0.00025 -0.05208119 0.0028265 -0.0002415 -0.05201742 0.0028155 -0.0002415 -0.05214495 0.0028375 -0.0002165 -0.05220437 0.0028477 -0.0001768 -0.0522554 0.0028565 -0.000125 -0.05229455 0.0028633 -6.47e-05 -0.05231916 0.0028675 0 -0.05232756 0.0028689 0.000125 -0.05229455 0.0028633 0.0001767 -0.0522554 0.0028565 0.0002165 -0.05220437 0.0028477 0.0002414 -0.05214495 0.0028375 0.00025 -0.05208119 0.0028265 0.0002165 -0.05194398 0.0028589 0.0001767 -0.05189519 0.0028415 0.000125 -0.05184129 0.0028645 6.47e-05 -0.05179953 0.0028816 0.000125 -0.05181891 0.0028974 -6.47e-05 -0.05181951 0.0028522 0 -0.05181209 0.0028481 6.47e-05 -0.05181951 0.0028522 -0.000125 -0.05185775 0.0028282 -6.47e-05 -0.05183422 0.0028199 0 -0.05182619 0.002817 6.47e-05 -0.05183422 0.0028199 0.000125 -0.05185775 0.0028282 -0.0002165 -0.051958 0.0028053 -0.0001768 -0.05190698 0.0027965 -0.000125 -0.05186783 0.0027897 -6.47e-05 -0.05184321 0.0027855 0 -0.05183482 0.002784 6.47e-05 -0.05184321 0.0027855 0.000125 -0.05186783 0.0027897 0.0001767 -0.05190698 0.0027965 0.0002165 -0.051958 0.0028053 0.0002414 -0.05201742 0.0028155 0 -0.05233772 0.0027501 6.47e-05 -0.0523292 0.0027501 0.000125 -0.05230423 0.0027501 0.0001767 -0.0522645 0.0027501 0.0002165 -0.05221272 0.0027501 0.0002414 -0.05215243 0.0027501 0.00025 -0.05208772 0.0027501 0.0002414 -0.05202302 0.0027501 0.0002165 -0.05196272 0.0027501 0.0001767 -0.05191095 0.0027501 0.000125 -0.05187122 0.0027501 6.47e-05 -0.05184624 0.0027501 0 -0.05183772 0.0027501 -6.47e-05 -0.05184624 0.0027501 -0.000125 -0.05187122 0.0027501 -0.0001768 -0.05191095 0.0027501 -0.0002165 -0.05196272 0.0027501 -0.0002415 -0.05202302 0.0027501 -0.00025 -0.05208772 0.0027501 -0.0002415 -0.05215243 0.0027501 -0.0002165 -0.05221272 0.0027501 -0.0001768 -0.0522645 0.0027501 -0.000125 -0.05230423 0.0027501 -6.47e-05 -0.0523292 0.0027501 -0.0013233 -0.05187592 0.0028839 -0.0012586 -0.0520008 0.002879 -0.0014353 -0.05231916 0.0028675 -0.0015647 -0.05179953 0.0028816 -0.0015 -0.05179292 0.0028762 -0.001625 -0.05181891 0.0028974 -0.0016768 -0.05187592 0.0028839 -0.001625 -0.05184129 0.0028645 -0.0017165 -0.05194398 0.0028589 -0.0016768 -0.05189519 0.0028415 -0.0017415 -0.0520008 0.002879 -0.00175 -0.05208119 0.0028265 -0.0017415 -0.05201742 0.0028155 -0.0017415 -0.05214495 0.0028375 -0.0017165 -0.05220437 0.0028477 -0.0016768 -0.0522554 0.0028565 -0.001625 -0.05229455 0.0028633 -0.0015647 -0.05231916 0.0028675 -0.0015 -0.05232756 0.0028689 -0.001375 -0.05229455 0.0028633 -0.0013233 -0.0522554 0.0028565 -0.0012835 -0.05220437 0.0028477 -0.0012586 -0.05214495 0.0028375 -0.00125 -0.05208119 0.0028265 -0.0012835 -0.05194398 0.0028589 -0.0013233 -0.05189519 0.0028415 -0.001375 -0.05184129 0.0028645 -0.0014353 -0.05179953 0.0028816 -0.001375 -0.05181891 0.0028974 -0.0015647 -0.05181951 0.0028522 -0.0015 -0.05181209 0.0028481 -0.0014353 -0.05181951 0.0028522 -0.001625 -0.05185775 0.0028282 -0.0015647 -0.05183422 0.0028199 -0.0015 -0.05182619 0.002817 -0.0014353 -0.05183422 0.0028199 -0.001375 -0.05185775 0.0028282 -0.0017165 -0.051958 0.0028053 -0.0016768 -0.05190698 0.0027965 -0.001625 -0.05186783 0.0027897 -0.0015647 -0.05184321 0.0027855 -0.0015 -0.05183482 0.002784 -0.0014353 -0.05184321 0.0027855 -0.001375 -0.05186783 0.0027897 -0.0013233 -0.05190698 0.0027965 -0.0012835 -0.051958 0.0028053 -0.0012586 -0.05201742 0.0028155 -0.0015 -0.05233772 0.0027501 -0.0014353 -0.0523292 0.0027501 -0.001375 -0.05230423 0.0027501 -0.0013233 -0.0522645 0.0027501 -0.0012835 -0.05221272 0.0027501 -0.0012586 -0.05215243 0.0027501 -0.00125 -0.05208772 0.0027501 -0.0012586 -0.05202302 0.0027501 -0.0012835 -0.05196272 0.0027501 -0.0013233 -0.05191095 0.0027501 -0.001375 -0.05187122 0.0027501 -0.0014353 -0.05184624 0.0027501 -0.0015 -0.05183772 0.0027501 -0.0015647 -0.05184624 0.0027501 -0.001625 -0.05187122 0.0027501 -0.0016768 -0.05191095 0.0027501 -0.0017165 -0.05196272 0.0027501 -0.0017415 -0.05202302 0.0027501 -0.00175 -0.05208772 0.0027501 -0.0017415 -0.05215243 0.0027501 -0.0017165 -0.05221272 0.0027501 -0.0016768 -0.0522645 0.0027501 -0.001625 -0.05230423 0.0027501 -0.0015647 -0.0523292 0.0027501 0.00374996 -0.05083772 0.0019001 0.00324996 -0.05083772 0.0019001 0.00324996 -0.05233772 0.0019001 -0.00325 -0.05233772 0.0019001 -0.00325 -0.05083772 0.0019001 0.00309996 -0.05233772 0.00520009 0.00369996 -0.05233772 0.00520009 0.00369996 -0.05233772 0.00670009 -0.0031 -0.05233772 0.00670009 0.00374996 -0.05233772 0.00790008 -0.0031 -0.05233772 0.00680009 -0.00375 -0.05233772 0.00790009 -0.00375 -0.05233772 0.00680009 -0.00375 -0.05233772 0.0019001 -0.0031 -0.05233772 0.00510009 -0.00375 -0.05233772 0.00510009 0.00374996 -0.05233772 0.0019001 0.00309996 -0.05233772 0.00670009 -0.0031 -0.05233772 0.00520009 0.00309996 -0.05233772 0.00680009 -0.0037 -0.05233772 0.00670009 -0.0037 -0.05233772 0.00520009 0.00374996 -0.05233772 0.00680009 0.00309996 -0.05233772 0.00510009 0.00374996 -0.05233772 0.00510009 -0.00375 -0.05083772 0.0019001 -0.00375 -0.04863772 0.00510009 0.00374996 -0.04863772 0.00790008 0.00374996 -0.04863772 0.00680009 -0.00375 -0.04863772 0.00790009 -0.00375 -0.04863772 0.00680009 -0.0025 -0.05173772 0.00450008 -0.0025 -0.05173772 0.00790009 0.0025 -0.05173772 0.00450008 0.0025 -0.05173772 0.00790008 -0.0025 -0.04903772 0.00790009 -0.0025 -0.04903772 0.00610009 0.0025 -0.04903772 0.00790008 -0.0018 -0.04903772 0.00610009 -0.0018 -0.04903772 0.00510009 -0.0025 -0.04903772 0.00510009 -0.0025 -0.04903772 0.00480009 0.0025 -0.04903772 0.00480009 0.0025 -0.04903772 0.00510009 0.0018 -0.04903772 0.00510009 0.0025 -0.04903772 0.00610009 0.0018 -0.04903772 0.00610009 -0.0031 -0.05158772 0.00670009 -0.0031 -0.05158772 0.00680009 -0.0033 -0.05158772 0.00670009 -0.0033 -0.05158772 0.00680009 -0.0033 -0.05213772 0.00670009 -0.0033 -0.05213772 0.00520009 -0.0037 -0.05213772 0.00670009 -0.0037 -0.05213772 0.00520009 -0.0031 -0.05158772 0.00510009 -0.0031 -0.05158772 0.00520009 -0.0033 -0.05158772 0.00510009 -0.0033 -0.05158772 0.00520009 -0.0031 -0.04868772 0.00510009 -0.0031 -0.04868772 0.00680009 -0.0031 -0.04863772 0.00510009 -0.0031 -0.04863772 0.00680009 0.00309996 -0.04863772 0.00680009 0.00309996 -0.04868772 0.00680009 0.00309996 -0.04863772 0.00510009 0.00309996 -0.04868772 0.00510009 0.0025 -0.04863772 0.00510009 0.0018 -0.04863772 0.00510009 0.0025 -0.05033772 0.00610009 0.0025 -0.04953772 0.00610009 0.0025 -0.05033772 0.00790008 0.0025 -0.04863772 0.00610009 0.0025 -0.04953772 0.00790008 0.0025 -0.05068772 0.00450008 0.0025 -0.05038772 0.00480009 0.0018 -0.04863772 0.00610009 -0.0025 -0.05038772 0.00480009 -0.0025 -0.05033772 0.00790009 -0.0025 -0.05033772 0.00610009 -0.0025 -0.05068772 0.00450008 -0.0025 -0.04863772 0.00510009 -0.0025 -0.04863772 0.00610009 -0.0025 -0.04953772 0.00790009 -0.0025 -0.04953772 0.00610009 -0.0018 -0.04863772 0.00510009 -0.0018 -0.04863772 0.00610009 -0.0033 -0.04868772 0.00680009 -0.0033 -0.04868772 0.00510009 0.0015 -0.05183772 0.0014001 0.0015647 -0.05184624 0.0027501 0.0015647 -0.05184624 0.0014001 0.001625 -0.05187122 0.0027501 0.001625 -0.05187122 0.0014001 0.0016767 -0.05191095 0.0027501 0.0016767 -0.05191095 0.0014001 0.0017165 -0.05196272 0.0027501 0.0017165 -0.05196272 0.0014001 0.0017414 -0.05202302 0.0027501 0.0017414 -0.05202302 0.0014001 0.00175 -0.05208772 0.0027501 0.00175 -0.05208772 0.0014001 0.0017414 -0.05215243 0.0027501 0.0017414 -0.05215243 0.0014001 0.0017165 -0.05221272 0.0027501 0.0017165 -0.05221272 0.0014001 0.0016767 -0.0522645 0.0027501 0.0016767 -0.0522645 0.0014001 0.001625 -0.05230423 0.0027501 0.001625 -0.05230423 0.0014001 0.0015647 -0.0523292 0.0027501 0.0015647 -0.0523292 0.0014001 0.0015 -0.05233772 0.0027501 0.0015 -0.05233772 0.0014001 0.0014353 -0.0523292 0.0027501 0.0014353 -0.0523292 0.0014001 0.001375 -0.05230423 0.0027501 0.001375 -0.05230423 0.0014001 0.0013232 -0.0522645 0.0027501 0.0013232 -0.0522645 0.0014001 0.0012835 -0.05221272 0.0027501 0.0012835 -0.05221272 0.0014001 0.0012585 -0.05215243 0.0027501 0.0012585 -0.05215243 0.0014001 0.00125 -0.05208772 0.0027501 0.00125 -0.05208772 0.0014001 0.0012585 -0.05202302 0.0027501 0.0012585 -0.05202302 0.0014001 0.0012835 -0.05196272 0.0027501 0.0012835 -0.05196272 0.0014001 0.0013232 -0.05191095 0.0027501 0.0013232 -0.05191095 0.0014001 0.001375 -0.05187122 0.0027501 0.001375 -0.05187122 0.0014001 0.0014353 -0.05184624 0.0027501 0.0014353 -0.05184624 0.0014001 0.0015 -0.05183772 0.0027501 -0.0015 -0.05183772 0.0014001 -0.0014353 -0.05184624 0.0014001 -0.001375 -0.05187122 0.0014001 -0.0013233 -0.05191095 0.0014001 -0.0012835 -0.05196272 0.0014001 -0.0012586 -0.05202302 0.0014001 -0.00125 -0.05208772 0.0014001 -0.0012586 -0.05215243 0.0014001 -0.0012835 -0.05221272 0.0014001 -0.0013233 -0.0522645 0.0014001 -0.001375 -0.05230423 0.0014001 -0.0014353 -0.0523292 0.0014001 -0.0015 -0.05233772 0.0014001 -0.0015647 -0.0523292 0.0014001 -0.001625 -0.05230423 0.0014001 -0.0016768 -0.0522645 0.0014001 -0.0017165 -0.05221272 0.0014001 -0.0017415 -0.05215243 0.0014001 -0.00175 -0.05208772 0.0014001 -0.0017415 -0.05202302 0.0014001 -0.0017165 -0.05196272 0.0014001 -0.0016768 -0.05191095 0.0014001 -0.001625 -0.05187122 0.0014001 -0.0015647 -0.05184624 0.0014001 0 -0.05183772 0.0014001 6.47e-05 -0.05184624 0.0014001 0.000125 -0.05187122 0.0014001 0.0001767 -0.05191095 0.0014001 0.0002165 -0.05196272 0.0014001 0.0002414 -0.05202302 0.0014001 0.00025 -0.05208772 0.0014001 0.0002414 -0.05215243 0.0014001 0.0002165 -0.05221272 0.0014001 0.0001767 -0.0522645 0.0014001 0.000125 -0.05230423 0.0014001 6.47e-05 -0.0523292 0.0014001 0 -0.05233772 0.0014001 -6.47e-05 -0.0523292 0.0014001 -0.000125 -0.05230423 0.0014001 -0.0001768 -0.0522645 0.0014001 -0.0002165 -0.05221272 0.0014001 -0.0002415 -0.05215243 0.0014001 -0.00025 -0.05208772 0.0014001 -0.0002415 -0.05202302 0.0014001 -0.0002165 -0.05196272 0.0014001 -0.0001768 -0.05191095 0.0014001 -0.000125 -0.05187122 0.0014001 -6.47e-05 -0.05184624 0.0014001 0.00329996 -0.05158772 0.00520009 0.00329996 -0.05158772 0.00510009 0.00329996 -0.04868772 0.00510009 0.00329996 -0.04868772 0.00680009 0.00329996 -0.05158772 0.00680009 0.00329996 -0.05158772 0.00670009 0.00329996 -0.05213772 0.00670009 0.00329996 -0.05213772 0.00520009 0.00309996 -0.05158772 0.00680009 0.0015647 -0.04969624 0.00480009 0.001625 -0.04972122 0.00480009 0.0016767 -0.04976095 0.00480009 -0.0017165 -0.04981272 0.00480009 -0.0016768 -0.04976095 0.00480009 -0.001625 -0.04972122 0.00480009 -0.0015647 -0.04969624 0.00480009 -0.0013233 -0.04976095 0.00480009 -0.0012835 -0.04981272 0.00480009 -0.001625 -0.05015423 0.00480009 -0.0016768 -0.0501145 0.00480009 -0.00175 -0.04993772 0.00480009 -0.0017415 -0.04987302 0.00480009 0.0002165 -0.04981272 0.00480009 0.0002414 -0.04987302 0.00480009 0.0012585 -0.04987302 0.00480009 -0.0013233 -0.0501145 0.00480009 -0.000125 -0.05015423 0.00480009 -0.0001768 -0.0501145 0.00480009 -0.0015 -0.04968772 0.00480009 -0.0014353 -0.04969624 0.00480009 -0.001375 -0.04972122 0.00480009 6.47e-05 -0.04969624 0.00480009 0.0012835 -0.04981272 0.00480009 0.0017414 -0.05000243 0.00480009 0.0017165 -0.05006272 0.00480009 0.0016767 -0.0501145 0.00480009 0.001625 -0.05015423 0.00480009 -0.0002165 -0.05006272 0.00480009 -0.0002415 -0.05000243 0.00480009 -0.0012835 -0.05006272 0.00480009 -0.0012586 -0.05000243 0.00480009 -0.001375 -0.05015423 0.00480009 0 -0.05018772 0.00480009 -6.47e-05 -0.0501792 0.00480009 -0.0017165 -0.05006272 0.00480009 -0.0017415 -0.05000243 0.00480009 0.0012585 -0.05000243 0.00480009 0.0002165 -0.05006272 0.00480009 0.0012835 -0.05006272 0.00480009 0.0001767 -0.0501145 0.00480009 0.000125 -0.05015423 0.00480009 -0.0012586 -0.04987302 0.00480009 -0.0002165 -0.04981272 0.00480009 -0.0001768 -0.04976095 0.00480009 0.0017165 -0.04981272 0.00480009 0.0017414 -0.04987302 0.00480009 0.00175 -0.04993772 0.00480009 0.00125 -0.04993772 0.00480009 0.00025 -0.04993772 0.00480009 0.0002414 -0.05000243 0.00480009 0.000125 -0.04972122 0.00480009 0.0001767 -0.04976095 0.00480009 -0.00125 -0.04993772 0.00480009 -0.00025 -0.04993772 0.00480009 -0.0002415 -0.04987302 0.00480009 0.0014353 -0.0501792 0.00480009 0.0015 -0.05018772 0.00480009 0.0015647 -0.0501792 0.00480009 0 -0.04968772 0.00480009 -6.47e-05 -0.04969624 0.00480009 -0.000125 -0.04972122 0.00480009 0.0013232 -0.04976095 0.00480009 0.001375 -0.04972122 0.00480009 0.0014353 -0.04969624 0.00480009 0.0015 -0.04968772 0.00480009 0.001375 -0.05015423 0.00480009 0.0013232 -0.0501145 0.00480009 6.47e-05 -0.0501792 0.00480009 -0.0014353 -0.0501792 0.00480009 -0.0015 -0.05018772 0.00480009 -0.0015647 -0.0501792 0.00480009 0.00309996 -0.04953772 0.00610008 0.00309996 -0.05033772 0.00610009 0.00309996 -0.04953772 0.00790008 0.00309996 -0.05033772 0.00790008 -0.0031 -0.04953772 0.00610009 -0.0031 -0.04953772 0.00790009 -0.0031 -0.05033772 0.00610009 -0.0031 -0.05033772 0.00790009 0.0015 -0.05208772 0.0014001 -0.0015 -0.05208772 0.0014001 0 -0.05208772 0.0014001 0.0012585 -0.04987302 0.00720009 0.0012835 -0.04981272 0.00720009 0.0013232 -0.04976095 0.00720009 0.001375 -0.04972122 0.00720009 0.0014353 -0.04969624 0.00720009 0.0015 -0.04968772 0.00720009 0.0015647 -0.04969624 0.00720009 0.001625 -0.04972122 0.00720009 0.0016767 -0.04976095 0.00720009 0.0017165 -0.04981272 0.00720009 0.0017414 -0.04987302 0.00720009 0.00175 -0.04993772 0.00720009 0.0017414 -0.05000243 0.00720009 0.0017165 -0.05006272 0.00720009 0.0016767 -0.0501145 0.00720009 0.001625 -0.05015423 0.00720009 0.0015647 -0.0501792 0.00720009 0.0015 -0.05018772 0.00720009 0.0014353 -0.0501792 0.00720009 0.001375 -0.05015423 0.00720009 0.0013232 -0.0501145 0.00720009 0.0012835 -0.05006272 0.00720009 0.0012585 -0.05000243 0.00720009 0.00125 -0.04993772 0.00720009 -0.0017415 -0.04987302 0.00720009 -0.0017165 -0.04981272 0.00720009 -0.0016768 -0.04976095 0.00720009 -0.001625 -0.04972122 0.00720009 -0.0015647 -0.04969624 0.00720009 -0.0015 -0.04968772 0.00720009 -0.0014353 -0.04969624 0.00720009 -0.001375 -0.04972122 0.00720009 -0.0013233 -0.04976095 0.00720009 -0.0012835 -0.04981272 0.00720009 -0.0012586 -0.04987302 0.00720009 -0.00125 -0.04993772 0.00720009 -0.0012586 -0.05000243 0.00720009 -0.0012835 -0.05006272 0.00720009 -0.0013233 -0.0501145 0.00720009 -0.001375 -0.05015423 0.00720009 -0.0014353 -0.0501792 0.00720009 -0.0015 -0.05018772 0.00720009 -0.0015647 -0.0501792 0.00720009 -0.001625 -0.05015423 0.00720009 -0.0016768 -0.0501145 0.00720009 -0.0017165 -0.05006272 0.00720009 -0.0017415 -0.05000243 0.00720009 -0.00175 -0.04993772 0.00720009 -0.0002415 -0.04987302 0.00720009 -0.0002165 -0.04981272 0.00720009 -0.0001768 -0.04976095 0.00720009 -0.000125 -0.04972122 0.00720009 -6.47e-05 -0.04969624 0.00720009 0 -0.04968772 0.00720009 6.47e-05 -0.04969624 0.00720009 0.000125 -0.04972122 0.00720009 0.0001767 -0.04976095 0.00720009 0.0002165 -0.04981272 0.00720009 0.0002414 -0.04987302 0.00720009 0.00025 -0.04993772 0.00720009 0.0002414 -0.05000243 0.00720009 0.0002165 -0.05006272 0.00720009 0.0001767 -0.0501145 0.00720009 0.000125 -0.05015423 0.00720009 6.47e-05 -0.0501792 0.00720009 0 -0.05018772 0.00720009 -6.47e-05 -0.0501792 0.00720009 -0.000125 -0.05015423 0.00720009 -0.0001768 -0.0501145 0.00720009 -0.0002165 -0.05006272 0.00720009 -0.0002415 -0.05000243 0.00720009 -0.00025 -0.04993772 0.00720009 0.0015 -0.04993772 0.00720009 -0.0015 -0.04993772 0.00720009 0 -0.04993772 0.00720009 0.0016767 -0.05187592 0.0028839 0.0017414 -0.0520008 0.002879 0.0015647 -0.05231916 0.0028675 0.0014353 -0.05179953 0.0028816 0.0015 -0.05179292 0.0028762 0.001375 -0.05181891 0.0028974 0.0013232 -0.05187592 0.0028839 0.001375 -0.05184129 0.0028645 0.0012835 -0.05194398 0.0028589 0.0013232 -0.05189519 0.0028415 0.0012585 -0.0520008 0.002879 0.00125 -0.05208119 0.0028265 0.0012585 -0.05201742 0.0028155 0.0012585 -0.05214495 0.0028375 0.0012835 -0.05220437 0.0028477 0.0013232 -0.0522554 0.0028565 0.001375 -0.05229455 0.0028633 0.0014353 -0.05231916 0.0028675 0.0015 -0.05232756 0.0028689 0.001625 -0.05229455 0.0028633 0.0016767 -0.0522554 0.0028565 0.0017165 -0.05220437 0.0028477 0.0017414 -0.05214495 0.0028375 0.00175 -0.05208119 0.0028265 0.0017165 -0.05194398 0.0028589 0.0016767 -0.05189519 0.0028415 0.001625 -0.05184129 0.0028645 0.0015647 -0.05179953 0.0028816 0.001625 -0.05181891 0.0028974 0.0014353 -0.05181951 0.0028522 0.0015 -0.05181209 0.0028481 0.0015647 -0.05181951 0.0028522 0.001375 -0.05185775 0.0028282 0.0014353 -0.05183422 0.0028199 0.0015 -0.05182619 0.002817 0.0015647 -0.05183422 0.0028199 0.001625 -0.05185775 0.0028282 0.0012835 -0.051958 0.0028053 0.0013232 -0.05190698 0.0027965 0.001375 -0.05186783 0.0027897 0.0014353 -0.05184321 0.0027855 0.0015 -0.05183482 0.002784 0.0015647 -0.05184321 0.0027855 0.001625 -0.05186783 0.0027897 0.0016767 -0.05190698 0.0027965 0.0017165 -0.051958 0.0028053 0.0017414 -0.05201742 0.0028155 0.00374996 -0.04863772 0.00510009 0.00309996 -0.05158772 0.00670009 0.00369996 -0.05213772 0.00670009 0.00369996 -0.05213772 0.00520009 0.00309996 -0.05158772 0.00520009 0.00309996 -0.05158772 0.00510009</float_array>
          <technique_common>
            <accessor count="1488" source="#verts-array-array" stride="3">
              <param type="float" name="X"/>
              <param type="float" name="Y"/>
              <param type="float" name="Z"/>
            </accessor>
          </technique_common>
        </source>
        <source id="normals-array">
          <float_array count="4464" id="normals-array-array">-1.047036e-17 -1.248687e-17 1 0.9358631 -1.200617e-17 0.3523638 0.5773503 0.5773503 0.5773503 -0.5773503 0.5773503 0.5773503 -0.9358631 -1.200617e-17 0.3523638 -2.284404e-17 -4.276142e-17 1 -0.6894749 -0.1163745 0.7148995 -0.7281619 -0.1327428 0.6724282 -0.6652529 -0.3326545 0.6684157 -0.6672863 -0.253673 0.7002706 -0.7080483 -0.2020976 0.6766271 -0.6587776 -0.0111381 0.7522553 -0.6904394 0.09211151 0.7175019 -0.6387129 0.1068756 0.7619865 0.1924362 0.3135831 0.9298569 0.1727193 0.4006905 0.8997862 0.09788703 0.3589511 0.9282091 -0.6672864 -0.2536735 0.7002704 0.1924363 0.3135832 0.9298569 -0.6652535 -0.3326537 0.6684155 -0.6162366 -0.3830816 0.6881141 -0.708048 -0.2020973 0.6766274 -0.6894751 -0.1163738 0.7148995 -0.7281619 -0.1327426 0.6724281 -0.01192781 0.3628507 0.931771 0.07035223 0.3419402 0.9370845 0.3372105 0.4859859 0.806292 0.324032 0.373617 0.8691453 9.592985e-18 -0.9486833 0.3162278 0.1232326 -0.7327753 0.669219 0.02375303 -0.7510473 0.659821 -0.6162366 -0.3830827 0.6881135 0.388656 -0.6299712 0.672371 0.2663026 -0.6966134 0.6661927 -0.6894749 -0.1163745 0.7148995 -0.6461747 0.6667204 -0.3714056 -0.05989345 0.3417449 0.9378823 -0.01192781 0.3628507 0.9317709 0.07035216 0.3419403 0.9370845 0.09788702 0.358951 0.9282092 -0.4576694 -0.5789562 0.6747951 -0.4189042 -0.6500467 0.634002 -0.3345698 -0.6640193 0.6686864 -0.5198349 -0.55571 0.6488128 -0.5531681 -0.4792516 0.6814124 0.3372105 0.4859859 0.806292 0.3240318 0.3736174 0.8691452 -0.2479875 -0.7017512 0.6678678 0.2087458 -0.7464626 0.6318376 -0.7080483 -0.2020976 0.6766271 -0.3151716 0.4271415 0.8474768 -0.199259 0.3215719 0.9256821 -0.6808339 0.2133377 0.7006799 -0.2113917 0.2181131 0.952754 -0.199259 0.3215718 0.9256821 -0.6808339 0.2133377 0.7006799 0.1727195 0.4006905 0.8997862 0.1924363 0.3135832 0.9298569 0.2665691 0.4846333 0.8331096 -0.6652529 -0.3326545 0.6684157 -0.6672863 -0.253673 0.7002706 -0.6580281 0.1869564 0.729415 -0.5807813 0.2284504 0.7813473 -0.5843288 0.2823928 0.7607984 -0.4979178 0.3187294 0.8065293 -0.485133 0.3549911 0.7991416 -0.4056346 0.3560675 0.8418292 -0.2113919 0.2181131 0.952754 -0.0598935 0.3417448 0.9378823 0.2665691 0.4846333 0.8331096 -0.4189045 -0.6500466 0.6340019 -0.4576697 -0.5789557 0.6747954 6.705198e-17 -0.9486833 0.3162278 0.2665685 0.4846339 0.8331094 0.3372071 0.4859781 0.8062981 0.3240318 0.3736171 0.8691454 -0.4189045 -0.6500466 0.6340019 -0.4576692 -0.5789566 0.6747948 -0.5198362 -0.5557074 0.6488141 -0.5531704 -0.4792506 0.6814113 0.5630652 -0.4663186 0.6822789 0.536523 -0.5467673 0.6427975 0.4475534 -0.5725771 0.6869144 -0.05989345 0.3417449 0.9378823 -0.01192781 0.3628507 0.9317709 0.07035216 0.3419403 0.9370845 -0.4979129 0.3187328 0.8065309 -0.4851325 0.3550034 0.7991364 -0.5198343 -0.5557116 0.648812 -0.5531668 -0.4792523 0.6814131 -0.6162363 -0.3830829 0.6881136 0.6884291 -0.1446544 0.7107323 0.6491051 -0.274474 0.7094552 0.6099683 0.1864438 0.7701801 0.6790863 0.1211364 0.7239944 -0.6387129 0.1068756 0.7619865 0.580946 0.0231427 0.8136131 -0.6904394 0.09211151 0.7175019 0.686652 0.04216243 0.7257626 -0.6587776 -0.0111381 0.7522553 -0.3898139 0.3887685 0.8348079 -0.321487 0.380261 0.8672068 -0.3090234 0.4095669 0.8583469 -0.4056489 0.3560638 0.8418239 -0.3898174 0.3887615 0.8348095 -0.3214878 0.3802608 0.8672066 0.6673101 -0.3155362 0.6746363 0.6171722 -0.3822307 0.6877486 0.3844673 0.360831 0.8496975 -0.6580281 0.1869564 0.729415 -0.5807813 0.2284504 0.7813473 -0.6587776 -0.0111381 0.7522553 -0.6904396 0.0921112 0.7175017 0.1727195 0.4006905 0.8997862 -0.6387135 0.106875 0.7619861 0.09788702 0.358951 0.9282092 -0.6580278 0.1869564 0.7294153 -0.5807813 0.2284508 0.7813471 -0.5843299 0.2823919 0.7607978 -0.3090223 0.4095662 0.8583477 -0.3151711 0.4271422 0.8474767 0.4651168 0.3425185 0.8163011 0.4086816 0.225289 0.8844344 0.5033481 0.318576 0.8032123 -0.5843306 0.2823914 0.7607975 -0.4979123 0.3187329 0.8065313 -0.4851324 0.3550052 0.7991357 -0.199259 0.3215719 0.9256821 -0.6808339 0.2133377 0.7006799 -0.1489081 -0.7587222 0.6341663 -0.2479875 -0.7017513 0.6678677 -0.3345699 -0.6640191 0.6686865 0.5718682 0.2973457 0.7645602 0.5714108 0.2355305 0.7861394 -0.4056348 0.3560671 0.8418293 -0.3898133 0.3887686 0.8348081 -0.3214869 0.3802613 0.8672067 0.3886562 -0.629971 0.6723711 0.2663026 -0.6966134 0.6661927 0.2087458 -0.7464626 0.6318376 -0.3090234 0.4095669 0.8583469 -0.3151716 0.4271415 0.8474768 -0.1489081 -0.7587222 0.6341663 -0.2479875 -0.7017513 0.6678677 -0.3345699 -0.6640191 0.6686865 -0.7281619 -0.1327428 0.6724282 0.7105832 0.004444237 0.7035991 0.6901547 -0.04208143 0.7224373 0.1232326 -0.7327753 0.6692191 0.023753 -0.7510473 0.659821 -0.1312127 -0.7021371 0.6998477 0.5622052 -0.4660518 0.6831699 0.5357569 -0.5481581 0.6422517 0.4475538 -0.5725766 0.6869146 0.2663026 -0.6966134 0.6661927 0.2087458 -0.7464626 0.6318376 0.1232326 -0.7327753 0.6692191 0.023753 -0.7510473 0.659821 -0.1312127 -0.7021371 0.6998477 0.6884293 -0.1446545 0.7107322 0.6491049 -0.2744737 0.7094554 0.6901546 -0.04208169 0.7224374 0.6673094 -0.315537 0.6746366 0.6179813 -0.3815813 0.6873826 0.6884293 -0.1446545 0.7107322 0.6491049 -0.2744737 0.7094554 -0.1312127 -0.702137 0.6998478 0.5630657 -0.466318 0.6822789 0.5365227 -0.5467674 0.6427976 0.4475537 -0.5725775 0.6869139 0.388656 -0.6299712 0.672371 0.5714111 0.2355301 0.7861392 0.6099687 0.1864441 0.7701797 0.6790857 0.1211376 0.7239947 0.5809449 0.02314277 0.8136138 0.6866518 0.0421627 0.7257627 -0.1489081 -0.7587222 0.6341664 0.6901546 -0.04208169 0.7224374 0.6673094 -0.315537 0.6746366 0.6171729 -0.3822315 0.6877476 0.3844671 0.3608313 0.8496975 0.4651171 0.3425185 0.8163009 0.4086839 0.2252918 0.8844326 0.7105832 0.004444237 0.7035991 0.5033481 0.3185759 0.8032123 0.5718686 0.2973451 0.7645601 0.5714111 0.2355301 0.7861392 0.6099687 0.1864441 0.7701797 0.6790857 0.1211376 0.7239947 0.5809449 0.02314277 0.8136138 0.6866518 0.0421627 0.7257627 0.7105832 0.004444237 0.7035991 0.3844676 0.3608311 0.8496973 0.4651169 0.3425189 0.8163008 0.4086821 0.225291 0.8844337 0.5033474 0.3185761 0.8032127 0.5718686 0.2973451 0.7645601 -0.7004208 0.6276987 0.3397133 -0.9661278 0.2417137 0.09039627 -0.246864 -0.9591895 -0.1378897 0.2620654 0.7495709 0.6078365 -0.006568858 0.7722042 0.6353405 0.4631682 0.7858393 0.4097949 0.6951977 0.6334468 0.3397724 0.5013956 0.7518746 0.4281204 0.8689628 0.4645807 0.1704947 0.708128 0.6639615 0.2402288 0.9670002 0.2398121 0.08602731 0.9999858 -0.005188327 0.001232385 0.967825 0.2480886 0.04203432 0.9643818 -0.2618762 -0.03726319 0.8682202 -0.4909236 -0.07202563 0.7038484 -0.7040606 -0.09431864 0.5011935 -0.8574827 -0.1163121 0.2543439 -0.9593738 -0.1221112 0.003006921 -0.9911394 -0.132792 -0.4985468 -0.8594522 -0.1131059 -0.7081341 -0.7000952 -0.091721 -0.8627269 -0.5011521 -0.06744492 -0.9648795 -0.2607574 -0.03183003 -0.9999838 -0.004064466 0.003991673 -0.8688115 0.4643967 0.1717621 -0.7074009 0.664275 0.241501 -0.4990533 0.75229 0.4301228 -0.2617791 0.7480437 0.609838 -0.4866373 0.720783 0.4936152 0.2605556 0.8416206 0.4730598 -1.163494e-05 0.8716578 0.490115 -0.260654 0.8416423 0.4729669 0.5029688 0.8145281 0.2890785 0.2604758 0.9097455 0.3232884 0.0001385676 0.9424795 0.3342641 -0.2607086 0.909697 0.3232374 -0.503226 0.8144124 0.2889568 0.8690835 0.4874818 0.08399634 0.7107214 0.6932362 0.1195775 0.5029901 0.8517352 0.1467929 0.2606442 0.9514236 0.1638831 -6.63354e-06 0.9854988 0.1696822 -0.2605981 0.9514335 0.1638994 -0.5034275 0.8514775 0.1467885 -0.7106281 0.6933318 0.1195776 -0.8691396 0.487387 0.08396604 -0.9676344 0.2486834 0.04289918 -3.813461e-06 -0.9990965 -0.04250024 -0.2576953 -0.9653525 -0.04108082 -0.498416 -0.8661518 -0.03691192 -0.7050088 -0.7085522 -0.03027333 -0.864343 -0.5024407 -0.02155339 -0.9649574 -0.2621614 -0.01134358 -0.9999936 -0.003570425 -0.000307824 -0.9667278 0.2555788 0.01080536 -0.8674178 0.4971299 0.02117254 -0.7084841 0.705083 0.03013849 -0.5015549 0.8643334 0.0370199 -0.2595342 0.9648487 0.04133994 5.641417e-06 0.9990842 0.04278745 0.2595337 0.9648492 0.04133118 0.5011392 0.8645741 0.03702817 0.7085953 0.7049711 0.0301409 0.8673574 0.4972351 0.02117663 0.9667491 0.2554985 0.01079895 0.9999937 -0.003529664 -0.0002998935 0.9649596 -0.2621529 -0.01134622 0.8643088 -0.5024992 -0.02155803 0.7050939 -0.7084675 -0.03027055 0.4980169 -0.8663808 -0.03692459 0.2577008 -0.9653512 -0.04107815 -0.7004206 0.6276988 0.3397134 -0.9661278 0.2417138 0.09039652 -0.246864 -0.9591895 -0.1378897 0.2620655 0.7495708 0.6078365 -0.006568863 0.7722042 0.6353405 0.4631693 0.7858391 0.409794 0.6951974 0.6334473 0.3397722 0.5013959 0.7518744 0.4281203 0.8689629 0.4645805 0.1704947 0.7081279 0.6639616 0.240229 0.9670002 0.2398124 0.08602735 0.9999858 -0.005188353 0.001232431 0.9678249 0.2480887 0.04203435 0.9643818 -0.2618763 -0.0372631 0.8683166 -0.4907819 -0.07182913 0.7036651 -0.7042789 -0.09405651 0.5011937 -0.8574826 -0.116312 0.2543439 -0.9593738 -0.1221111 0.003006915 -0.9911394 -0.132792 -0.4985467 -0.8594523 -0.113106 -0.7081342 -0.7000951 -0.09172128 -0.8627271 -0.5011518 -0.06744494 -0.9648795 -0.2607575 -0.03182994 -0.9999838 -0.004064493 0.00399171 -0.8688118 0.4643962 0.1717621 -0.7074009 0.664275 0.241501 -0.4990533 0.7522901 0.4301227 -0.2617791 0.7480437 0.609838 -0.486639 0.7207823 0.4936146 0.2605557 0.8416206 0.4730598 -1.163494e-05 0.8716578 0.490115 -0.260654 0.8416423 0.4729669 0.502969 0.814528 0.2890784 0.2604759 0.9097455 0.3232884 0.0001385675 0.9424795 0.3342641 -0.2607086 0.909697 0.3232374 -0.5032258 0.8144125 0.2889568 0.8690835 0.4874818 0.08399634 0.7107213 0.6932362 0.1195775 0.5029903 0.851735 0.1467929 0.2606442 0.9514236 0.1638831 -6.633538e-06 0.9854988 0.1696822 -0.2605981 0.9514335 0.1638994 -0.5034274 0.8514775 0.1467885 -0.7106281 0.6933317 0.1195776 -0.8691399 0.4873865 0.08396596 -0.9676343 0.2486835 0.04289921 -3.813461e-06 -0.9990965 -0.04250024 -0.2576954 -0.9653525 -0.04108082 -0.4984158 -0.8661519 -0.03691193 -0.7050088 -0.7085521 -0.03027333 -0.8643433 -0.5024402 -0.02155337 -0.9649573 -0.2621615 -0.01134359 -0.9999936 -0.003570448 -0.0003078261 -0.9667278 0.2555789 0.01080537 -0.8674181 0.4971294 0.02117252 -0.7084841 0.7050829 0.03013849 -0.5015548 0.8643335 0.0370199 -0.2595342 0.9648487 0.04133994 5.641416e-06 0.9990842 0.04278745 0.2595337 0.9648492 0.04133118 0.5011395 0.8645739 0.03702817 0.7085952 0.7049712 0.0301409 0.8673573 0.4972351 0.02117663 0.9667491 0.2554987 0.01079896 0.9999937 -0.003529688 -0.0002998955 0.9649596 -0.262153 -0.01134623 0.8643088 -0.5024993 -0.02155803 0.7050939 -0.7084676 -0.03027055 0.4980171 -0.8663807 -0.03692458 0.2577008 -0.9653512 -0.04107815 -1 -1.027176e-16 0 0 -1.222466e-32 -5.071589e-32 0 -1 0 -7.961123e-17 -1 0 0 -2.864614e-33 0 0.7071068 -0.7071068 0 -0.7071068 -0.7071068 -9.995519e-17 -0.5773503 -0.5773503 -0.5773503 0 -0.9486833 -0.3162278 0 -1 3.210029e-16 0 -0.7071068 0.7071068 0 -0.9486833 0.3162278 3.352599e-17 -0.9486833 -0.3162278 0 -0.9486833 0.3162278 0 -0.7071068 0.7071068 1.060185e-16 -1 -6.764542e-16 0 -0.9486833 0.3162278 0 -0.9486833 -0.3162278 0 -0.7071068 -0.7071068 0 -0.7071068 0.7071068 -2.49888e-17 -0.7071068 -0.7071068 0 -0.7071068 0.7071068 0 -0.9486833 0.3162278 0 -0.9486833 -0.3162278 0.5773503 -0.5773503 -0.5773503 1 -2.377312e-17 0 0.5773503 0.5773503 -0.5773503 0 1 4.868017e-16 9.995519e-17 0.7071068 0.7071068 0 1 -1.66596e-15 0 0.7071068 0.7071068 -1 0 0 -0.3162278 -4.470132e-17 -0.9486833 1 -1.41358e-16 0 0.3162278 0 -0.9486833 0 -1 0 0.9486833 -0.3162278 4.470132e-17 0.3015113 -0.3015113 -0.904534 -0.7071068 -0.7071068 -1.069521e-14 0.7071068 -0.7071068 4.797849e-15 0 -1 -4.711933e-17 0.9486833 -0.3162278 0 -0.3015113 -0.3015113 -0.904534 -0.9486833 -0.3162278 0 0 -1 0 -0.9486833 -0.3162278 0 0 -1 0 0 0 -1 1.41358e-16 0 1 0.9486833 0 -0.3162278 0.3162278 0 0.9486833 0.3162278 0 -0.9486833 0.3162278 -2.235066e-17 0.9486833 0 0 -1 0 0 1 0 0 -1 0 0 1 0.3162278 0 -0.9486833 0.9486833 0 0.3162278 0 -1.41358e-16 -1 2.208719e-17 0 1 0 0.9486833 -0.3162278 0 0.9486833 0.3162278 0 0.9486833 0.3162278 0 0 1 0 0.9486833 -0.3162278 0 0 -1 0.2425356 0.9701425 -3.428435e-17 0 1 0 1 0 0 1 0 0 0.7071068 0 -0.7071068 0.2425356 0.9701425 0 0.7071068 0 -0.7071068 1 -4.652439e-17 8.791986e-17 1 -2.812819e-17 -7.637014e-15 0 1 3.53395e-17 -1 1.011189e-17 2.355966e-17 -1 -1.76927e-17 0 -0.7071068 -2.145057e-17 -0.7071068 -1 -2.791456e-17 -5.692227e-16 -1 -5.53387e-18 1.264649e-16 -0.2425356 0.9701425 -1.714217e-17 -0.2425356 0.9701425 0 -0.7071068 3.389628e-17 -0.7071068 1.766975e-17 1 0 0 1 1.766975e-17 0.3162278 -4.470132e-17 0.9486833 0.3162278 0 -0.9486833 -5.304379e-17 0.7342597 0.6788687 -0.2595342 0.9648487 0.04133994 -0.1900735 0.7092299 0.6788704 -0.5015552 0.8643332 0.03701989 -0.3674098 0.635792 0.6788068 -0.708484 0.7050831 0.03013849 -0.519025 0.5191421 0.6790468 -0.8674177 0.49713 0.02117255 -0.6360794 0.3671769 0.6786634 -0.9667278 0.2555789 0.01080537 -0.7090054 0.1900331 0.6791161 -0.9999936 -0.003570448 -0.0003078261 -0.7344901 5.522971e-06 0.6786194 -0.9649573 -0.2621615 -0.01134359 -0.7090081 -0.190053 0.6791078 -0.8643429 -0.5024408 -0.0215534 -0.6360761 -0.3671438 0.6786845 -0.7050087 -0.7085522 -0.03027333 -0.5190704 -0.5191154 0.6790324 -0.4984163 -0.8661517 -0.03691191 -0.367367 -0.6358341 0.6787905 -0.2576954 -0.9653525 -0.04108082 -0.1900135 -0.7092304 0.6788867 -3.813461e-06 -0.9990965 -0.04250024 5.424697e-17 -0.7342597 0.6788687 0.2577008 -0.9653512 -0.04107815 0.1900135 -0.7092304 0.6788867 0.4980167 -0.866381 -0.0369246 0.3670254 -0.6359286 0.6788867 0.705094 -0.7084675 -0.03027055 0.5192886 -0.5191871 0.6788108 0.8643092 -0.5024986 -0.02155801 0.6358224 -0.3670819 0.6789556 0.9649596 -0.262153 -0.01134623 0.7092879 -0.1900889 0.6788054 0.9999937 -0.003529688 -0.0002998955 0.734201 5.458793e-06 0.6789322 0.9667491 0.2554987 0.01079896 0.7092854 0.190069 0.6788137 0.8673577 0.4972345 0.02117661 0.6358258 0.367115 0.6789345 0.7085953 0.7049711 0.03014089 0.5192431 0.5192138 0.6788252 0.501139 0.8645742 0.03702818 0.3670682 0.6358865 0.678903 0.2595337 0.9648492 0.04133118 0.1900735 0.7092299 0.6788704 5.641416e-06 0.9990842 0.04278745 -5.304379e-17 0.7342597 0.6788687 -0.1900735 0.7092299 0.6788704 -0.3674094 0.6357921 0.6788069 -0.5190252 0.5191422 0.6790465 -0.6360796 0.3671764 0.6786636 -0.7090054 0.1900331 0.6791161 -0.7344901 5.522971e-06 0.6786194 -0.7090081 -0.190053 0.6791078 -0.6360763 -0.3671432 0.6786846 -0.5190707 -0.5191155 0.6790322 -0.3673666 -0.6358342 0.6787906 -0.1900135 -0.7092304 0.6788867 5.424697e-17 -0.7342597 0.6788687 0.1900135 -0.7092304 0.6788867 0.3670258 -0.6359285 0.6788866 0.5192883 -0.519187 0.6788111 0.6358223 -0.3670824 0.6789555 0.7092879 -0.1900889 0.6788054 0.734201 5.458793e-06 0.6789322 0.7092854 0.190069 0.6788137 0.6358257 0.3671155 0.6789344 0.5192429 0.5192137 0.6788254 0.3670686 0.6358864 0.6789029 0.1900735 0.7092299 0.6788704 -8.264368e-17 0.7342597 0.6788687 -0.1900735 0.7092299 0.6788704 -0.3674095 0.6357921 0.6788068 -0.5190251 0.5191422 0.6790466 -0.6360794 0.3671767 0.6786636 -0.7090056 0.1900331 0.679116 -0.73449 5.522934e-06 0.6786195 -0.7090082 -0.1900529 0.6791077 -0.636076 -0.3671436 0.6786846 -0.5190706 -0.5191155 0.6790323 -0.3673668 -0.6358342 0.6787905 -0.1900135 -0.7092304 0.6788867 7.556364e-17 -0.7342597 0.6788687 0.1900135 -0.7092304 0.6788867 0.3670256 -0.6359286 0.6788867 0.5192884 -0.519187 0.678811 0.6358222 -0.3670823 0.6789556 0.7092881 -0.1900889 0.6788053 0.7342008 5.458755e-06 0.6789323 0.7092855 0.1900689 0.6788136 0.6358256 0.3671154 0.6789345 0.519243 0.5192138 0.6788253 0.3670684 0.6358865 0.6789029 0.1900735 0.7092299 0.6788704 -0.3162278 0 0.9486833 -0.3162278 0 0.9486833 -0.3162278 0 -0.9486833 -0.9486833 0 -0.3162278 -0.3162278 0 -0.9486833 -0.9486833 0 0.3162278 -0.3162278 0 0.9486833 -0.3162278 0 -0.9486833 0 -3.53395e-17 1 0.4773619 0.4773185 -0.737762 0.3375218 0.584737 -0.7376732 0.4773617 0.4773182 -0.7377623 0.5847467 0.3376092 -0.7376255 0.6520449 0.1747301 -0.7377715 -0.1747502 0.652122 -0.7376986 -0.3377329 0.5844726 -0.737786 -0.4774953 0.4775864 -0.7375022 -0.6523957 -0.1748777 -0.7374264 -0.5845049 -0.3373768 -0.7379233 0.1747256 -0.6521589 -0.7376718 0.3374651 -0.5847456 -0.7376923 0.477377 -0.4772839 -0.7377746 0.5847722 -0.3376095 -0.7376051 0.5847463 0.3376095 -0.7376256 -0.5844789 0.337377 -0.7379439 -0.6524103 0.1748641 -0.7374166 -0.6748008 5.07414e-06 -0.7379999 -0.4775104 -0.4775518 -0.7375148 -0.3376774 -0.5844814 -0.7378045 -0.1747237 -0.6521594 -0.7376719 0.6520302 -0.1747439 -0.7377812 0.6752025 5.020138e-06 -0.7376324 0.6520449 0.1747301 -0.7377715 0.5847465 0.3376096 -0.7376255 0.4773618 0.4773183 -0.7377621 -0.6524103 0.1748641 -0.7374166 -0.4775103 -0.4775515 -0.7375151 -0.3376772 -0.5844817 -0.7378043 -9.918585e-07 -0.675107 -0.7377199 -0.1747237 -0.6521594 -0.7376719 -9.918585e-07 -0.675107 -0.7377198 -0.6523955 -0.1748776 -0.7374265 -0.5845052 -0.3373768 -0.7379232 -0.4775103 -0.4775516 -0.737515 -0.3376772 -0.5844816 -0.7378044 -0.1747237 -0.6521594 -0.7376719 -0.5845053 -0.3373765 -0.7379232 0.1747256 -0.6521589 -0.7376718 -0.6523957 -0.1748777 -0.7374264 0.3374649 -0.5847457 -0.7376922 0.4773769 -0.4772837 -0.7377747 0.3375215 0.5847373 -0.737673 0.1747502 0.652122 -0.7376986 2.440489e-16 0.6751211 -0.7377069 1.149499e-16 0.6751211 -0.7377069 -0.5844793 0.3373767 -0.7379437 0.1747502 0.6521221 -0.7376986 0.3375216 0.5847372 -0.7376731 -9.918585e-07 -0.675107 -0.7377198 0.1747256 -0.6521589 -0.7376718 0.3374648 -0.5847459 -0.7376922 0.4773768 -0.4772836 -0.7377749 -0.4774952 0.4775863 -0.7375024 -0.5844792 0.337377 -0.7379437 -0.6524102 0.1748639 -0.7374168 0.6752025 5.020138e-06 -0.7376324 -0.6748011 5.074108e-06 -0.7379997 0.6520302 -0.1747439 -0.7377812 0.5847726 -0.3376091 -0.7376049 0.5847724 -0.3376095 -0.7376049 0.6520301 -0.1747437 -0.7377814 -0.6748008 5.07414e-06 -0.7379999 0.6752027 5.020107e-06 -0.7376322 0.6520448 0.17473 -0.7377717 0.1747502 0.652122 -0.7376986 2.440489e-16 0.6751211 -0.7377069 -0.1747502 0.652122 -0.7376986 -0.3377327 0.5844729 -0.7377859 -0.4774951 0.4775861 -0.7375025 -0.1747502 0.6521221 -0.7376986 -0.3377327 0.5844728 -0.737786 0 0 0 0 0 0 0 0 -1 -1.177983e-17 0 -1 0 6.951371e-33 0 1.177983e-17 1.011189e-17 -1 0 -5.757041e-33 1.341331e-32 0 -1.597886e-17 -1 0 0 1 0 0 1 0 0 1 0.7092854 0.190069 -0.6788137 0.6358293 0.3671023 -0.6789381 0.5192545 0.5192071 -0.6788216 0.3670539 0.6359005 -0.6788976 0.1900535 0.7092301 -0.6788758 -2.654049e-16 0.7342597 -0.6788687 -0.1900535 0.7092301 -0.6788758 -0.3673955 0.635806 -0.6788013 -0.5190363 0.5191355 -0.6790432 -0.636083 0.3671642 -0.678667 -0.7090054 0.1900331 -0.6791161 -0.7344901 5.522971e-06 -0.6786194 -0.7090081 -0.190053 -0.6791078 -0.6360761 -0.3671438 -0.6786845 -0.5190704 -0.5191154 -0.6790324 -0.3673955 -0.635806 -0.6788013 -0.1900153 -0.7092523 -0.6788633 -1.078758e-06 -0.7342389 -0.6788912 0.1900173 -0.7092517 -0.6788633 0.3670534 -0.6359017 -0.6788968 0.5192886 -0.5191871 -0.6788108 0.6358224 -0.3670819 -0.6789556 0.7092879 -0.1900889 -0.6788054 0.734201 5.458793e-06 -0.6789322 0.7092854 0.190069 -0.6788137 0.6358292 0.3671028 -0.678938 0.5192542 0.519207 -0.6788218 0.3670543 0.6359004 -0.6788975 0.1900535 0.7092301 -0.6788758 -2.654049e-16 0.7342597 -0.6788687 -0.1900535 0.7092301 -0.6788758 -0.3673951 0.6358061 -0.6788014 -0.5190366 0.5191355 -0.6790429 -0.6360831 0.3671637 -0.6786672 -0.7090054 0.1900331 -0.6791161 -0.7344901 5.522971e-06 -0.6786194 -0.7090081 -0.190053 -0.6791078 -0.6360763 -0.3671432 -0.6786846 -0.5190707 -0.5191155 -0.6790322 -0.3673951 -0.6358061 -0.6788014 -0.1900153 -0.7092523 -0.6788633 -1.078758e-06 -0.7342389 -0.6788912 0.1900173 -0.7092517 -0.6788633 0.3670538 -0.6359015 -0.6788967 0.5192883 -0.519187 -0.6788111 0.6358223 -0.3670824 -0.6789555 0.7092879 -0.1900889 -0.6788054 0.734201 5.458793e-06 -0.6789322 0.7092855 0.1900689 -0.6788136 0.6358291 0.3671027 -0.6789381 0.5192544 0.5192071 -0.6788217 0.3670541 0.6359005 -0.6788975 0.1900535 0.7092301 -0.6788758 -1.232466e-16 0.7342597 -0.6788687 -0.1900535 0.7092301 -0.6788758 -0.3673953 0.6358061 -0.6788014 -0.5190365 0.5191355 -0.679043 -0.6360829 0.367164 -0.6786672 -0.7090056 0.1900331 -0.679116 -0.73449 5.522934e-06 -0.6786195 -0.7090082 -0.1900529 -0.6791077 -0.636076 -0.3671436 -0.6786846 -0.5190706 -0.5191155 -0.6790323 -0.3673953 -0.6358061 -0.6788014 -0.1900153 -0.7092523 -0.6788633 -1.078758e-06 -0.7342389 -0.6788912 0.1900173 -0.7092517 -0.6788633 0.3670536 -0.6359016 -0.6788967 0.5192884 -0.519187 -0.678811 0.6358222 -0.3670823 -0.6789556 0.7092881 -0.1900889 -0.6788053 0.7342008 5.458755e-06 -0.6789323 0 0 -1 0 0 -1 0 0 -1 -0.7004203 0.6276991 0.3397136 -0.9661278 0.2417138 0.09039652 -0.246864 -0.9591895 -0.1378897 0.2620655 0.7495708 0.6078365 -0.006568863 0.7722042 0.6353405 0.4631693 0.7858391 0.409794 0.6951978 0.6334469 0.339772 0.5013955 0.7518747 0.4281203 0.8689632 0.46458 0.1704944 0.7081281 0.6639614 0.2402288 0.9670002 0.2398124 0.08602735 0.9999858 -0.005188353 0.001232431 0.9678249 0.2480887 0.04203435 0.9643818 -0.2618763 -0.0372631 0.8682205 -0.4909231 -0.07202571 0.7038485 -0.7040606 -0.09431878 0.5011933 -0.8574828 -0.116312 0.2543439 -0.9593738 -0.1221111 0.003006915 -0.9911394 -0.132792 -0.4985471 -0.8594521 -0.1131058 -0.7081341 -0.7000952 -0.0917209 -0.8627268 -0.5011524 -0.06744497 -0.9648795 -0.2607575 -0.03182994 -0.9999838 -0.004064493 0.00399171 -0.8688114 0.464397 0.1717621 -0.7074008 0.664275 0.241501 -0.4990537 0.7522898 0.4301226 -0.2617791 0.7480437 0.609838 -0.486639 0.7207823 0.4936146 0.2605557 0.8416206 0.4730598 -1.163494e-05 0.8716578 0.490115 -0.260654 0.8416423 0.4729669 0.5029685 0.8145282 0.2890785 0.2604759 0.9097455 0.3232884 0.0001385675 0.9424795 0.3342641 -0.2607086 0.909697 0.3232374 -0.5032263 0.8144122 0.2889567 0.8690838 0.4874812 0.08399624 0.7107214 0.6932361 0.1195775 0.5029899 0.8517353 0.1467929 0.2606442 0.9514236 0.1638831 -6.633538e-06 0.9854988 0.1696822 -0.2605981 0.9514335 0.1638994 -0.5034279 0.8514773 0.1467885 -0.710628 0.6933319 0.1195776 -0.8691395 0.4873871 0.08396606 -0.9676343 0.2486835 0.04289921 -0.5773503 0.5773503 -0.5773503 0 0 -1 3.53395e-17 0 -1 0 0 1 0 -3.53395e-17 1 0 0 -1 0.5773503 0.5773503 -0.5773503 0.9358631 -1.200617e-17 -0.3523638 2.284404e-17 1.040467e-17 -1 -0.5773503 0.5773503 -0.5773503 1.047036e-17 -1.248687e-17 -1 -0.9358631 -1.200617e-17 -0.3523638 -0.07035216 0.3419403 -0.9370845 -0.09788702 0.358951 -0.9282092 -0.1727195 0.4006905 -0.8997862 -0.1924363 0.3135832 -0.9298569 -0.388656 -0.6299712 -0.672371 -0.2663026 -0.6966134 -0.6661927 0.6884125 -0.1169753 -0.7158247 0.7281619 -0.1327428 -0.6724282 0.6587776 -0.0111381 -0.7522553 -6.705198e-17 -0.9486833 -0.3162278 0.6904394 0.09211151 -0.7175019 0.6461747 0.6667204 0.3714056 0.05989345 0.3417449 -0.9378823 0.01192781 0.3628507 -0.9317709 0.199259 0.3215719 -0.9256821 0.6808339 0.2133377 -0.7006799 0.01192781 0.3628507 -0.9317709 -0.07035216 0.3419403 -0.9370845 -0.1924362 0.3135831 -0.9298569 -0.1727193 0.4006905 -0.8997862 -0.09788703 0.3589511 -0.9282091 -0.388656 -0.6299712 -0.672371 -0.2663026 -0.6966134 -0.6661927 0.6884124 -0.116976 -0.7158247 0.5807813 0.2284504 -0.7813473 0.6580281 0.1869564 -0.729415 0.6387129 0.1068756 -0.7619865 0.2113917 0.2181131 -0.952754 0.05989345 0.3417449 -0.9378823 -0.09788702 0.358951 -0.9282092 -0.1727195 0.4006905 -0.8997862 0.01192781 0.3628507 -0.931771 -0.1924363 0.3135832 -0.9298569 0.0598935 0.3417448 -0.9378823 -0.2665691 0.4846333 -0.8331096 -0.07035223 0.3419402 -0.9370845 0.6652529 -0.3326545 -0.6684157 0.6672863 -0.253673 -0.7002706 -0.2665685 0.4846339 -0.8331094 -0.3372071 0.4859781 -0.8062981 -0.3240318 0.3736171 -0.8691454 0.7080483 -0.2020976 -0.6766271 0.6894749 -0.1163745 -0.7148995 -0.5630657 -0.466318 -0.6822789 -0.5365227 -0.5467674 -0.6427976 -0.4475537 -0.5725775 -0.6869139 0.5843288 0.2823928 -0.7607984 0.4979178 0.3187294 -0.8065293 0.485133 0.3549911 -0.7991416 0.199259 0.3215718 -0.9256821 0.6808339 0.2133377 -0.7006799 -0.3240318 0.3736174 -0.8691452 -0.2087458 -0.7464626 -0.6318376 -0.1232326 -0.7327753 -0.669219 0.708199 -0.2044115 -0.6757737 0.6672863 -0.253673 -0.7002706 0.4056346 0.3560675 -0.8418292 0.3898139 0.3887685 -0.8348079 0.321487 0.380261 -0.8672068 -0.3372105 0.4859859 -0.806292 0.2113919 0.2181131 -0.952754 -0.2087458 -0.7464626 -0.6318376 -0.1232326 -0.7327753 -0.6692191 0.7081987 -0.2044112 -0.6757741 0.6672864 -0.2536735 -0.7002704 -0.5630652 -0.4663186 -0.6822789 -0.536523 -0.5467673 -0.6427975 -0.4475534 -0.5725771 -0.6869144 -0.6491049 -0.2744737 -0.7094554 -0.6673094 -0.315537 -0.6746366 -0.6171729 -0.3822315 -0.6877476 0.3090234 0.4095669 -0.8583469 0.3151716 0.4271415 -0.8474768 -0.3844671 0.3608313 -0.8496975 0.6387135 0.106875 -0.7619861 0.6580278 0.1869564 -0.7294153 0.5807813 0.2284508 -0.7813471 -0.3844673 0.360831 -0.8496975 0.6387129 0.1068756 -0.7619865 0.6580281 0.1869564 -0.729415 0.5807813 0.2284504 -0.7813473 0.6808339 0.2133377 -0.7006799 0.199259 0.3215719 -0.9256821 -0.2665691 0.4846333 -0.8331096 -0.3372105 0.4859859 -0.806292 -0.324032 0.373617 -0.8691453 0.5198343 -0.5557116 -0.648812 0.5531668 -0.4792523 -0.6814131 0.6162363 -0.3830829 -0.6881136 -0.4651171 0.3425185 -0.8163009 -0.4086839 0.2252918 -0.8844326 -0.5033481 0.3185759 -0.8032123 0.5843299 0.2823919 -0.7607978 0.4979129 0.3187328 -0.8065309 0.4851325 0.3550034 -0.7991364 -0.4651168 0.3425185 -0.8163011 -0.4086816 0.225289 -0.8844344 -0.5033481 0.318576 -0.8032123 0.5843306 0.2823914 -0.7607975 0.4979123 0.3187329 -0.8065313 0.4851324 0.3550052 -0.7991357 0.5198349 -0.55571 -0.6488128 0.5531681 -0.4792516 -0.6814124 -0.023753 -0.7510473 -0.659821 0.6162366 -0.3830816 -0.6881141 0.6652535 -0.3326537 -0.6684155 -0.6491051 -0.274474 -0.7094552 -0.6673101 -0.3155362 -0.6746363 -0.6171722 -0.3822307 -0.6877486 -0.5718686 0.2973451 -0.7645601 -0.5714111 0.2355301 -0.7861392 -0.6099687 0.1864441 -0.7701797 0.4056489 0.3560638 -0.8418239 0.3898174 0.3887615 -0.8348095 0.3214878 0.3802608 -0.8672066 -0.5718682 0.2973457 -0.7645602 -0.5714108 0.2355305 -0.7861394 -0.6099683 0.1864438 -0.7701801 0.4056348 0.3560671 -0.8418293 0.3898133 0.3887686 -0.8348081 0.3214869 0.3802613 -0.8672067 0.5198362 -0.5557074 -0.6488141 0.5531704 -0.4792506 -0.6814113 -0.02375303 -0.7510473 -0.659821 0.6162366 -0.3830827 -0.6881135 0.6652529 -0.3326545 -0.6684157 -0.6790857 0.1211376 -0.7239947 -0.5809449 0.02314277 -0.8136138 0.6904396 0.0921112 -0.7175017 -0.6866518 0.0421627 -0.7257627 0.6587776 -0.0111381 -0.7522553 0.728396 -0.1321572 -0.67229 0.3090223 0.4095662 -0.8583477 0.3151711 0.4271422 -0.8474767 0.3090234 0.4095669 -0.8583469 0.3151716 0.4271415 -0.8474768 -0.7105832 0.004444237 -0.7035991 -0.6901546 -0.04208169 -0.7224374 -0.6884293 -0.1446545 -0.7107322 0.2479875 -0.7017513 -0.6678677 0.3345699 -0.6640191 -0.6686865 -0.6790863 0.1211364 -0.7239944 -0.580946 0.0231427 -0.8136131 0.6904394 0.09211151 -0.7175019 -0.686652 0.04216243 -0.7257626 0.6587776 -0.0111381 -0.7522553 0.7283959 -0.1321573 -0.67229 0.1489081 -0.7587222 -0.6341664 0.2479875 -0.7017512 -0.6678678 0.4189045 -0.6500466 -0.6340019 0.4576692 -0.5789566 -0.6747948 0.3345698 -0.6640193 -0.6686864 0.4189042 -0.6500467 -0.634002 0.4576694 -0.5789562 -0.6747951 0.3345699 -0.6640191 -0.6686865 0.4189045 -0.6500466 -0.6340019 0.4576697 -0.5789557 -0.6747954 -0.7105832 0.004444237 -0.7035991 -0.6901547 -0.04208143 -0.7224373 -0.6884291 -0.1446544 -0.7107323 -0.3886562 -0.629971 -0.6723711 -0.2663026 -0.6966134 -0.6661927 -9.592985e-18 -0.9486833 -0.3162278 -0.2087458 -0.7464626 -0.6318376 -0.1232326 -0.7327753 -0.6692191 -0.023753 -0.7510473 -0.659821 0.1312127 -0.7021371 -0.6998477 0.1489081 -0.7587222 -0.6341663 0.1312127 -0.7021371 -0.6998477 0.1489081 -0.7587222 -0.6341663 0.2479875 -0.7017513 -0.6678677 -0.5630654 -0.466319 -0.6822785 -0.5365235 -0.5467669 -0.6427974 -0.4475538 -0.5725766 -0.6869146 0.1312127 -0.702137 -0.6998478 -0.6884293 -0.1446545 -0.7107322 -0.6491049 -0.2744737 -0.7094554 -0.6901546 -0.04208169 -0.7224374 -0.6673094 -0.315537 -0.6746366 -0.6171719 -0.3822322 -0.687748 -0.6790857 0.1211376 -0.7239947 -0.5809449 0.02314277 -0.8136138 -0.6866518 0.0421627 -0.7257627 -0.7105832 0.004444237 -0.7035991 -0.3844676 0.3608311 -0.8496973 -0.4651169 0.3425189 -0.8163008 -0.4086821 0.225291 -0.8844337 -0.5714111 0.2355301 -0.7861392 -0.6099687 0.1864441 -0.7701797 -0.5033474 0.3185761 -0.8032127 -0.5718686 0.2973451 -0.7645601 0.7004208 0.6276987 -0.3397133 0.9661278 0.2417137 -0.09039627 0.246864 -0.9591895 0.1378897 -0.2620654 0.7495709 -0.6078365 0.006568858 0.7722042 -0.6353405 -0.4631682 0.7858393 -0.4097949 -0.6951977 0.6334468 -0.3397724 -0.5013956 0.7518746 -0.4281204 -0.8689628 0.4645807 -0.1704947 -0.708128 0.6639615 -0.2402288 -0.9670002 0.2398121 -0.08602731 -0.9999858 -0.005188327 -0.001232385 -0.967825 0.2480886 -0.04203432 -0.9643818 -0.2618762 0.03726319 -0.8682202 -0.4909236 0.07202563 -0.7038484 -0.7040606 0.09431864 -0.5011935 -0.8574827 0.1163121 -0.2543439 -0.9593738 0.1221112 -0.003006921 -0.9911394 0.132792 0.4985468 -0.8594522 0.1131059 0.7081341 -0.7000952 0.091721 0.8627269 -0.5011521 0.06744492 0.964817 -0.2610174 0.03159168 0.9999832 -0.003898874 -0.004279386 0.8688115 0.4643967 -0.1717621 0.7074009 0.664275 -0.241501 0.4990533 0.75229 -0.4301228 0.2617791 0.7480437 -0.609838 0.4866373 0.720783 -0.4936152 -0.2605556 0.8416206 -0.4730598 1.163494e-05 0.8716578 -0.490115 0.260654 0.8416423 -0.4729669 -0.5029688 0.8145281 -0.2890785 -0.2604758 0.9097455 -0.3232884 -0.0001385676 0.9424795 -0.3342641 0.2607086 0.909697 -0.3232374 0.503226 0.8144124 -0.2889568 -0.8690835 0.4874818 -0.08399634 -0.7107214 0.6932362 -0.1195775 -0.5029901 0.8517352 -0.1467929 -0.2606442 0.9514236 -0.1638831 6.63354e-06 0.9854988 -0.1696822 0.2605981 0.9514335 -0.1638994 0.5034275 0.8514775 -0.1467885 0.7106281 0.6933318 -0.1195776 0.8691396 0.487387 -0.08396604 0.9676344 0.2486834 -0.04289918 3.813461e-06 -0.9990965 0.04250024 0.2576953 -0.9653525 0.04108082 0.498416 -0.8661518 0.03691192 0.7050088 -0.7085522 0.03027333 0.864343 -0.5024407 0.02155339 0.9649574 -0.2621614 0.01134358 0.9999936 -0.003570425 0.000307824 0.9667278 0.2555788 -0.01080536 0.8674178 0.4971299 -0.02117254 0.7084841 0.705083 -0.03013849 0.5015549 0.8643334 -0.0370199 0.2595342 0.9648487 -0.04133994 -5.641417e-06 0.9990842 -0.04278745 -0.2595337 0.9648492 -0.04133118 -0.5011392 0.8645741 -0.03702817 -0.7085953 0.7049711 -0.0301409 -0.8673574 0.4972351 -0.02117663 -0.9667491 0.2554985 -0.01079895 -0.9999937 -0.003529664 0.0002998935 -0.9649596 -0.2621529 0.01134622 -0.8643088 -0.5024992 0.02155803 -0.7050939 -0.7084675 0.03027055 -0.4980169 -0.8663808 0.03692459 -0.2577008 -0.9653512 0.04107815 0.7004206 0.6276988 -0.3397134 0.9661278 0.2417138 -0.09039652 0.246864 -0.9591895 0.1378897 -0.2620655 0.7495708 -0.6078365 0.006568863 0.7722042 -0.6353405 -0.4631693 0.7858391 -0.409794 -0.6951974 0.6334473 -0.3397722 -0.5013959 0.7518744 -0.4281203 -0.8689629 0.4645805 -0.1704947 -0.7081279 0.6639616 -0.240229 -0.9670002 0.2398124 -0.08602735 -0.9999858 -0.005188353 -0.001232431 -0.9678249 0.2480887 -0.04203435 -0.9643818 -0.2618763 0.0372631 -0.8682201 -0.4909238 0.07202582 -0.7038485 -0.7040606 0.09431876 -0.5011937 -0.8574826 0.116312 -0.2543439 -0.9593738 0.1221111 -0.003006915 -0.9911394 0.132792 0.4985467 -0.8594523 0.113106 0.7081342 -0.7000951 0.09172128 0.8627271 -0.5011518 0.06744494 0.964817 -0.2610175 0.03159159 0.9999832 -0.003898902 -0.004279423 0.8688118 0.4643962 -0.1717621 0.7074009 0.664275 -0.241501 0.4990533 0.7522901 -0.4301227 0.2617791 0.7480437 -0.609838 0.486639 0.7207823 -0.4936146 -0.2605557 0.8416206 -0.4730598 1.163494e-05 0.8716578 -0.490115 0.260654 0.8416423 -0.4729669 -0.502969 0.814528 -0.2890784 -0.2604759 0.9097455 -0.3232884 -0.0001385675 0.9424795 -0.3342641 0.2607086 0.909697 -0.3232374 0.5032258 0.8144125 -0.2889568 -0.8690835 0.4874818 -0.08399634 -0.7107213 0.6932362 -0.1195775 -0.5029903 0.851735 -0.1467929 -0.2606442 0.9514236 -0.1638831 6.633538e-06 0.9854988 -0.1696822 0.2605981 0.9514335 -0.1638994 0.5034274 0.8514775 -0.1467885 0.7106281 0.6933317 -0.1195776 0.8691399 0.4873865 -0.08396596 0.9676343 0.2486835 -0.04289921 3.813461e-06 -0.9990965 0.04250024 0.2576954 -0.9653525 0.04108082 0.4984158 -0.8661519 0.03691193 0.7050088 -0.7085521 0.03027333 0.8643433 -0.5024402 0.02155337 0.9649573 -0.2621615 0.01134359 0.9999936 -0.003570448 0.0003078261 0.9667278 0.2555789 -0.01080537 0.8674181 0.4971294 -0.02117252 0.7084841 0.7050829 -0.03013849 0.5015548 0.8643335 -0.0370199 0.2595342 0.9648487 -0.04133994 -5.641416e-06 0.9990842 -0.04278745 -0.2595337 0.9648492 -0.04133118 -0.5011395 0.8645739 -0.03702817 -0.7085952 0.7049712 -0.0301409 -0.8673573 0.4972351 -0.02117663 -0.9667491 0.2554987 -0.01079896 -0.9999937 -0.003529688 0.0002998955 -0.9649596 -0.262153 0.01134623 -0.8643088 -0.5024993 0.02155803 -0.7050939 -0.7084676 0.03027055 -0.4980171 -0.8663807 0.03692458 -0.2577008 -0.9653512 0.04107815 1 2.64579e-19 0 0 -2.864614e-33 0 0 -1 0 7.961123e-17 -1 0 0 -2.864614e-33 0 0 -0.9486833 -0.3162278 0 -0.7071068 -0.7071068 0 -0.7071068 0.7071068 3.352599e-17 -0.9486833 0.3162278 -9.767763e-07 -1 7.502654e-13 0 -0.9486833 -0.3162278 -8.238226e-07 -1 5.933786e-13 0 -0.7071068 -0.7071068 -0.7071068 -0.7071068 0 0 -0.9486833 0.3162278 -0.5773503 -0.5773503 0.5773503 0.7071068 -0.7071068 -4.99776e-17 0 -0.9486833 0.3162278 0 -0.9486833 -0.3162278 0 -0.9486833 -0.3162278 -3.74832e-17 -0.7071068 0.7071068 0 -0.7071068 -0.7071068 0 -0.7071068 -0.7071068 0 -0.9486833 0.3162278 0.5773503 -0.5773503 0.5773503 -1 -2.377312e-17 0 -0.5773503 0.5773503 0.5773503 -1.096625e-06 1 8.08384e-13 -9.995519e-17 0.7071068 -0.7071068 -9.89767e-07 1 7.004493e-13 0 0.7071068 -0.7071068 1 0 0 0.3162288 -2.315094e-06 0.948683 -1 1.41358e-16 0 -0.3162271 1.406277e-06 0.9486835 0.3015127 -0.3015077 0.9045348 0.9486833 -0.3162278 0 -0.3015104 -0.3015138 0.9045335 0 -1 0 0 -1 0 0.9486833 -0.3162278 0 0.7071068 -0.7071068 -8.246303e-16 -0.7071068 -0.7071068 1.429359e-14 -0.9486833 -0.3162278 0 0 -1 4.711933e-17 -0.9486833 -0.3162278 -4.470132e-17 0 -1 0 0 0 1 1.41358e-16 0 -1 -0.9486833 0 0.3162278 -0.3162278 0 -0.9486833 -0.3162278 0 0.9486833 -0.3162278 4.470132e-17 -0.9486833 0 1.41358e-16 1 0 0 -1 0 0 1 0 0 -1 -0.3162278 0 0.9486833 -0.9486833 0 -0.3162278 0 -1.236882e-16 1 -1.104359e-17 0 -1 0 0.9486833 0.3162278 0 0.9486833 -0.3162278 0 0.9486833 -0.3162278 0 0 -1 0 0.9486833 0.3162278 0 0 1 -0.2425356 0.9701425 3.428435e-17 0 1 0 -1 0 -7.72048e-18 -1 0 -1.830386e-17 -0.7071068 2.49888e-17 0.7071068 -0.2425356 0.9701425 0 -0.7071068 0 0.7071068 -1 2.923231e-17 -6.228769e-17 -1 1.702028e-17 1.092785e-15 0 1 -3.53395e-17 1 1.753914e-17 1.545829e-15 0.7071068 0 0.7071068 1 -4.711933e-17 0 1 -5.02519e-18 -6.951173e-17 0.2425356 0.9701425 1.714217e-17 0.2425356 0.9701425 0 0.7071068 7.496639e-17 0.7071068 1 0 0 -1.766975e-17 1 0 0 1 -1.766975e-17 -0.3162278 -4.470132e-17 -0.9486833 -0.3162278 0 0.9486833 5.304379e-17 0.7342597 -0.6788687 0.2595342 0.9648487 -0.04133994 0.1900735 0.7092299 -0.6788704 0.5015552 0.8643332 -0.03701989 0.3674098 0.635792 -0.6788068 0.708484 0.7050831 -0.03013849 0.519025 0.5191421 -0.6790468 0.8674177 0.49713 -0.02117255 0.6360794 0.3671769 -0.6786634 0.9667278 0.2555789 -0.01080537 0.7090054 0.1900331 -0.6791161 0.9999936 -0.003570448 0.0003078261 0.7344901 5.522971e-06 -0.6786194 0.9649573 -0.2621615 0.01134359 0.7090081 -0.190053 -0.6791078 0.8643429 -0.5024408 0.0215534 0.6360761 -0.3671438 -0.6786845 0.7050087 -0.7085522 0.03027333 0.5190704 -0.5191154 -0.6790324 0.4984163 -0.8661517 0.03691191 0.367367 -0.6358341 -0.6787905 0.2576954 -0.9653525 0.04108082 0.1900135 -0.7092304 -0.6788867 3.813461e-06 -0.9990965 0.04250024 -5.424697e-17 -0.7342597 -0.6788687 -0.2577008 -0.9653512 0.04107815 -0.1900135 -0.7092304 -0.6788867 -0.4980167 -0.866381 0.0369246 -0.3670254 -0.6359286 -0.6788867 -0.705094 -0.7084675 0.03027055 -0.5192886 -0.5191871 -0.6788108 -0.8643092 -0.5024986 0.02155801 -0.6358224 -0.3670819 -0.6789556 -0.9649596 -0.262153 0.01134623 -0.7092879 -0.1900889 -0.6788054 -0.9999937 -0.003529688 0.0002998955 -0.734201 5.458793e-06 -0.6789322 -0.9667491 0.2554987 -0.01079896 -0.7092854 0.190069 -0.6788137 -0.8673577 0.4972345 -0.02117661 -0.6358258 0.367115 -0.6789345 -0.7085953 0.7049711 -0.03014089 -0.5192431 0.5192138 -0.6788252 -0.501139 0.8645742 -0.03702818 -0.3670682 0.6358865 -0.678903 -0.2595337 0.9648492 -0.04133118 -0.1900735 0.7092299 -0.6788704 -5.641416e-06 0.9990842 -0.04278745 5.304379e-17 0.7342597 -0.6788687 0.1900735 0.7092299 -0.6788704 0.3674094 0.6357921 -0.6788069 0.5190252 0.5191422 -0.6790465 0.6360796 0.3671764 -0.6786636 0.7090054 0.1900331 -0.6791161 0.7344901 5.522971e-06 -0.6786194 0.7090081 -0.190053 -0.6791078 0.6360763 -0.3671432 -0.6786846 0.5190707 -0.5191155 -0.6790322 0.3673666 -0.6358342 -0.6787906 0.1900135 -0.7092304 -0.6788867 -5.424697e-17 -0.7342597 -0.6788687 -0.1900135 -0.7092304 -0.6788867 -0.3670258 -0.6359285 -0.6788866 -0.5192883 -0.519187 -0.6788111 -0.6358223 -0.3670824 -0.6789555 -0.7092879 -0.1900889 -0.6788054 -0.734201 5.458793e-06 -0.6789322 -0.7092854 0.190069 -0.6788137 -0.6358257 0.3671155 -0.6789344 -0.5192429 0.5192137 -0.6788254 -0.3670686 0.6358864 -0.6789029 -0.1900735 0.7092299 -0.6788704 8.264368e-17 0.7342597 -0.6788687 0.1900735 0.7092299 -0.6788704 0.3674095 0.6357921 -0.6788068 0.5190251 0.5191422 -0.6790466 0.6360794 0.3671767 -0.6786636 0.7090056 0.1900331 -0.679116 0.73449 5.522934e-06 -0.6786195 0.7090082 -0.1900529 -0.6791077 0.636076 -0.3671436 -0.6786846 0.5190706 -0.5191155 -0.6790323 0.3673668 -0.6358342 -0.6787905 0.1900135 -0.7092304 -0.6788867 -7.556364e-17 -0.7342597 -0.6788687 -0.1900135 -0.7092304 -0.6788867 -0.3670256 -0.6359286 -0.6788867 -0.5192884 -0.519187 -0.678811 -0.6358222 -0.3670823 -0.6789556 -0.7092881 -0.1900889 -0.6788053 -0.7342008 5.458755e-06 -0.6789323 -0.7092855 0.1900689 -0.6788136 -0.6358256 0.3671154 -0.6789345 -0.519243 0.5192138 -0.6788253 -0.3670684 0.6358865 -0.6789029 -0.1900735 0.7092299 -0.6788704 0.9486833 0 -0.3162278 0.3162278 0 0.9486833 0.3162278 0 0.9486833 0.3162278 0 -0.9486833 0.3162278 0 -0.9486833 0.9486833 0 0.3162278 0.3162278 0 0.9486833 0.3162278 0 -0.9486833 0 0 -1 0.1747502 0.652122 0.7376986 0.3377329 0.5844726 0.737786 0.4774953 0.4775864 0.7375022 -0.5847463 0.3376095 0.7376256 -0.4773619 0.4773185 0.737762 -0.3375218 0.584737 0.7376732 -0.1747502 0.652122 0.7376986 0.4774951 0.4775861 0.7375025 0.5844793 0.3373767 0.7379437 -0.3374651 -0.5847456 0.7376923 -0.477377 -0.4772839 0.7377746 -0.6752025 5.020138e-06 0.7376324 -0.6520449 0.1747301 0.7377715 0.5844792 0.337377 0.7379437 0.6524102 0.1748639 0.7374168 -0.6520449 0.1747301 0.7377715 0.4775103 -0.4775515 0.7375151 -0.3374649 -0.5847457 0.7376922 -0.4773769 -0.4772837 0.7377747 -2.440489e-16 0.6751211 0.7377069 0.1747502 0.652122 0.7376986 0.3377327 0.5844729 0.7377859 0.1747502 0.6521221 0.7376986 -0.5847467 0.3376092 0.7376255 0.6523957 -0.1748777 0.7374264 0.5845049 -0.3373768 0.7379233 0.4775104 -0.4775518 0.7375148 0.3376762 -0.5844812 0.7378052 -0.5847724 -0.3376095 0.7376049 -0.6520301 -0.1747437 0.7377814 0.5845053 -0.3373765 0.7379232 0.6523957 -0.1748777 0.7374264 0.337676 -0.5844815 0.737805 -2.545858e-17 -0.6751061 0.7377206 -0.1747244 -0.6521584 0.7376726 -0.5847722 -0.3376095 0.7376051 -0.6520302 -0.1747439 0.7377812 -0.6520302 -0.1747439 0.7377812 0.5845052 -0.3373768 0.7379232 -0.5847726 -0.3376091 0.7376049 0.4775103 -0.4775516 0.737515 0.337676 -0.5844814 0.7378051 0.6524103 0.1748641 0.7374166 -0.5847465 0.3376096 0.7376255 -0.4773618 0.4773183 0.7377621 0.5844789 0.337377 0.7379439 0.6524103 0.1748641 0.7374166 0.6748008 5.07414e-06 0.7379999 -0.6752025 5.020138e-06 0.7376324 0.6748011 5.074108e-06 0.7379997 0.6523955 -0.1748776 0.7374265 0.3377327 0.5844728 0.737786 0.4774952 0.4775863 0.7375024 0.6748008 5.07414e-06 0.7379999 -0.6752027 5.020107e-06 0.7376322 -0.6520448 0.17473 0.7377717 -0.1747244 -0.6521583 0.7376726 1.000462e-16 -0.6751061 0.7377206 0.1747244 -0.6521583 0.7376726 -1.149499e-16 0.6751211 0.7377069 -0.1747502 0.6521221 0.7376986 -0.3375216 0.5847372 0.7376731 -0.4773617 0.4773182 0.7377623 -0.3375215 0.5847373 0.737673 -0.1747502 0.652122 0.7376986 -2.440489e-16 0.6751211 0.7377069 -0.3374648 -0.5847459 0.7376922 -0.4773768 -0.4772836 0.7377749 0.1747244 -0.6521584 0.7376726 0.1747244 -0.6521583 0.7376726 1.000462e-16 -0.6751061 0.7377206 -0.1747244 -0.6521583 0.7376726 -3.845456e-32 0 -8.171694e-32 2.304056e-33 0 3.975863e-34 0 -1.177983e-17 1 -5.697258e-17 0 1 0 4.930381e-32 0 4.711933e-17 0 1 4.930381e-32 0 0 0 -3.53395e-17 1 0 0 -1 0 0 -1 0 0 -1 -0.7092854 0.190069 0.6788137 -0.6358293 0.3671023 0.6789381 -0.5192545 0.5192071 0.6788216 -0.3670539 0.6359005 0.6788976 -0.1900535 0.7092301 0.6788758 2.654049e-16 0.7342597 0.6788687 0.1900535 0.7092301 0.6788758 0.3673955 0.635806 0.6788013 0.5190363 0.5191355 0.6790432 0.636083 0.3671642 0.678667 0.7090054 0.1900331 0.6791161 0.7344901 5.522971e-06 0.6786194 0.7090081 -0.190053 0.6791078 0.6360761 -0.3671438 0.6786845 0.5190704 -0.5191154 0.6790324 0.3673528 -0.6358481 0.678785 0.1900122 -0.70922 0.6788979 -1.096837e-16 -0.7342705 0.6788571 -0.1900122 -0.70922 0.6788979 -0.3670112 -0.6359426 0.6788813 -0.5192886 -0.5191871 0.6788108 -0.6358224 -0.3670819 0.6789556 -0.7092879 -0.1900889 0.6788054 -0.734201 5.458793e-06 0.6789322 -0.7092854 0.190069 0.6788137 -0.6358292 0.3671028 0.678938 -0.5192542 0.519207 0.6788218 -0.3670543 0.6359004 0.6788975 -0.1900535 0.7092301 0.6788758 2.654049e-16 0.7342597 0.6788687 0.1900535 0.7092301 0.6788758 0.3673951 0.6358061 0.6788014 0.5190366 0.5191355 0.6790429 0.6360831 0.3671637 0.6786672 0.7090054 0.1900331 0.6791161 0.7344901 5.522971e-06 0.6786194 0.7090081 -0.190053 0.6791078 0.6360763 -0.3671432 0.6786846 0.5190707 -0.5191155 0.6790322 0.3673524 -0.6358482 0.6787852 0.1900122 -0.70922 0.6788979 -1.096837e-16 -0.7342705 0.6788571 -0.1900122 -0.70922 0.6788979 -0.3670116 -0.6359425 0.6788812 -0.5192883 -0.519187 0.6788111 -0.6358223 -0.3670824 0.6789555 -0.7092879 -0.1900889 0.6788054 -0.734201 5.458793e-06 0.6789322 -0.7092855 0.1900689 0.6788136 -0.6358291 0.3671027 0.6789381 -0.5192544 0.5192071 0.6788217 -0.3670541 0.6359005 0.6788975 -0.1900535 0.7092301 0.6788758 1.232466e-16 0.7342597 0.6788687 0.1900535 0.7092301 0.6788758 0.3673953 0.6358061 0.6788014 0.5190365 0.5191355 0.679043 0.6360829 0.367164 0.6786672 0.7090056 0.1900331 0.679116 0.73449 5.522934e-06 0.6786195 0.7090082 -0.1900529 0.6791077 0.636076 -0.3671436 0.6786846 0.5190706 -0.5191155 0.6790323 0.3673525 -0.6358482 0.6787851 0.1900122 -0.70922 0.6788979 2.856984e-17 -0.7342705 0.678857 -0.1900122 -0.70922 0.6788979 -0.3670113 -0.6359426 0.6788812 -0.5192884 -0.519187 0.678811 -0.6358222 -0.3670823 0.6789556 -0.7092881 -0.1900889 0.6788053 -0.7342008 5.458755e-06 0.6789323 0 0 1 0 0 1 0 0 1 0.7004203 0.6276991 -0.3397136 0.9661278 0.2417138 -0.09039652 0.246864 -0.9591895 0.1378897 -0.2620655 0.7495708 -0.6078365 0.006568863 0.7722042 -0.6353405 -0.4631693 0.7858391 -0.409794 -0.6951978 0.6334469 -0.339772 -0.5013955 0.7518747 -0.4281203 -0.8689632 0.46458 -0.1704944 -0.7081281 0.6639614 -0.2402288 -0.9670002 0.2398124 -0.08602735 -0.9999858 -0.005188353 -0.001232431 -0.9678249 0.2480887 -0.04203435 -0.9643818 -0.2618763 0.0372631 -0.8682205 -0.4909231 0.07202571 -0.7038485 -0.7040606 0.09431878 -0.5011933 -0.8574828 0.116312 -0.2543439 -0.9593738 0.1221111 -0.003006915 -0.9911394 0.132792 0.4985471 -0.8594521 0.1131058 0.7081341 -0.7000952 0.0917209 0.8627268 -0.5011524 0.06744497 0.9648795 -0.2607575 0.03182994 0.9999838 -0.004064493 -0.00399171 0.8688114 0.464397 -0.1717621 0.7074008 0.664275 -0.241501 0.4990537 0.7522898 -0.4301226 0.2617791 0.7480437 -0.609838 0.486639 0.7207823 -0.4936146 -0.2605557 0.8416206 -0.4730598 1.163494e-05 0.8716578 -0.490115 0.260654 0.8416423 -0.4729669 -0.5029685 0.8145282 -0.2890785 -0.2604759 0.9097455 -0.3232884 -0.0001385675 0.9424795 -0.3342641 0.2607086 0.909697 -0.3232374 0.5032263 0.8144122 -0.2889567 -0.8690838 0.4874812 -0.08399624 -0.7107214 0.6932361 -0.1195775 -0.5029899 0.8517353 -0.1467929 -0.2606442 0.9514236 -0.1638831 6.633538e-06 0.9854988 -0.1696822 0.2605981 0.9514335 -0.1638994 0.5034279 0.8514773 -0.1467885 0.710628 0.6933319 -0.1195776 0.8691395 0.4873871 -0.08396606 0.9676343 0.2486835 -0.04289921 0.5773503 0.5773503 0.5773503 0 0 1 5.300924e-17 0 1 0 0 -1 0 0 -1 0 0 1</float_array>
          <technique_common>
            <accessor count="1488" source="#normals-array-array" stride="3">
              <param type="float" name="X"/>
              <param type="float" name="Y"/>
              <param type="float" name="Z"/>
            </accessor>
          </technique_common>
        </source>
        <source id="colors-array">
          <float_array count="4464" id="colors-array-array">0.7529412 0.7529412 0.7529412 0.7529412 0.7529412 0.7529412 0.7529412 0.7529412 0.7529412 0.7529412 0.7529412 0.7529412 0.7529412 0.7529412 0.7529412 0.7529412 0.7529412 0.7529412 0.7529412 0.7529412 0.7529412 0.7529412 0.7529412 0.7529412 0.7529412 0.7529412 0.7529412 0.7529412 0.7529412 0.7529412 0.7529412 0.7529412 0.7529412 0.7529412 0.7529412 0.7529412 0.7529412 0.7529412 0.7529412 0.7529412 0.7529412 0.7529412 0.7529412 0.7529412 0.7529412 0.7529412 0.7529412 0.7529412 0.7529412 0.7529412 0.7529412 0.7529412 0.7529412 0.7529412 0.7529412 0.7529412 0.7529412 0.7529412 0.7529412 0.7529412 0.7529412 0.7529412 0.7529412 0.7529412 0.7529412 0.7529412 0.7529412 0.7529412 0.7529412 0.7529412 0.7529412 0.7529412 0.7529412 0.7529412 0.7529412 0.7529412 0.7529412 0.7529412 0.7529412 0.7529412 0.7529412 0.7529412 0.7529412 0.7529412 0.7529412 0.7529412 0.7529412 0.7529412 0.7529412 0.7529412 0.7529412 0.7529412 0.7529412 0.7529412 0.7529412 0.7529412 0.7529412 0.7529412 0.7529412 0.7529412 0.7529412 0.7529412 0.7529412 0.7529412 0.7529412 0.7529412 0.7529412 0.7529412 0.7529412 0.7529412 0.7529412 0.7529412 0.7529412 0.7529412 0.7529412 0.7529412 0.7529412 0.7529412 0.7529412 0.7529412 0.7529412 0.7529412 0.7529412 0.7529412 0.7529412 0.7529412 0.7529412 0.7529412 0.7529412 0.7529412 0.7529412 0.7529412 0.7529412 0.7529412 0.7529412 0.7529412 0.7529412 0.7529412 0.7529412 0.7529412 0.7529412 0.7529412 0.7529412 0.7529412 0.7529412 0.7529412 0.7529412 0.7529412 0.7529412 0.7529412 0.7529412 0.7529412 0.7529412 0.7529412 0.7529412 0.7529412 0.7529412 0.7529412 0.7529412 0.7529412 0.7529412 0.7529412 0.7529412 0.7529412 0.7529412 0.7529412 0.7529412 0.7529412 0.7529412 0.7529412 0.7529412 0.7529412 0.7529412 0.7529412 0.7529412 0.7529412 0.7529412 0.7529412 0.7529412 0.7529412 0.7529412 0.7529412 0.7529412 0.7529412 0.7529412 0.7529412 0.7529412 0.7529412 0.7529412 0.7529412 0.7529412 0.7529412 0.7529412 0.7529412 0.7529412 0.7529412 0.7529412 0.7529412 0.7529412 0.7529412 0.7529412 0.7529412 0.7529412 0.7529412 0.7529412 0.7529412 0.7529412 0.7529412 0.7529412 0.7529412 0.7529412 0.7529412 0.7529412 0.7529412 0.7529412 0.7529412 0.7529412 0.7529412 0.7529412 0.7529412 0.7529412 0.7529412 0.7529412 0.7529412 0.7529412 0.7529412 0.7529412 0.7529412 0.7529412 0.7529412 0.7529412 0.7529412 0.7529412 0.7529412 0.7529412 0.7529412 0.7529412 0.7529412 0.7529412 0.7529412 0.7529412 0.7529412 0.7529412 0.7529412 0.7529412 0.7529412 0.7529412 0.7529412 0.7529412 0.7529412 0.7529412 0.7529412 0.7529412 0.7529412 0.7529412 0.7529412 0.7529412 0.7529412 0.7529412 0.7529412 0.7529412 0.7529412 0.7529412 0.7529412 0.7529412 0.7529412 0.7529412 0.7529412 0.7529412 0.7529412 0.7529412 0.7529412 0.7529412 0.7529412 0.7529412 0.7529412 0.7529412 0.7529412 0.7529412 0.7529412 0.7529412 0.7529412 0.7529412 0.7529412 0.7529412 0.7529412 0.7529412 0.7529412 0.7529412 0.7529412 0.7529412 0.7529412 0.7529412 0.7529412 0.7529412 0.7529412 0.7529412 0.7529412 0.7529412 0.7529412 0.7529412 0.7529412 0.7529412 0.7529412 0.7529412 0.7529412 0.7529412 0.7529412 0.7529412 0.7529412 0.7529412 0.7529412 0.7529412 0.7529412 0.7529412 0.7529412 0.7529412 0.7529412 0.7529412 0.7529412 0.7529412 0.7529412 0.7529412 0.7529412 0.7529412 0.7529412 0.7529412 0.7529412 0.7529412 0.7529412 0.7529412 0.7529412 0.7529412 0.7529412 0.7529412 0.7529412 0.7529412 0.7529412 0.7529412 0.7529412 0.7529412 0.7529412 0.7529412 0.7529412 0.7529412 0.7529412 0.7529412 0.7529412 0.7529412 0.7529412 0.7529412 0.7529412 0.7529412 0.7529412 0.7529412 0.7529412 0.7529412 0.7529412 0.7529412 0.7529412 0.7529412 0.7529412 0.7529412 0.7529412 0.7529412 0.7529412 0.7529412 0.7529412 0.7529412 0.7529412 0.7529412 0.7529412 0.7529412 0.7529412 0.7529412 0.7529412 0.7529412 0.7529412 0.7529412 0.7529412 0.7529412 0.7529412 0.7529412 0.7529412 0.7529412 0.7529412 0.7529412 0.7529412 0.7529412 0.7529412 0.7529412 0.7529412 0.7529412 0.7529412 0.7529412 0.7529412 0.7529412 0.7529412 0.7529412 0.7529412 0.7529412 0.7529412 0.7529412 0.7529412 0.7529412 0.7529412 0.7529412 0.7529412 0.7529412 0.7529412 0.7529412 0.7529412 0.7529412 0.7529412 0.7529412 0.7529412 0.7529412 0.7529412 0.7529412 0.7529412 0.7529412 0.7529412 0.7529412 0.7529412 0.7529412 0.7529412 0.7529412 0.7529412 0.7529412 0.7529412 0.7529412 0.7529412 0.7529412 0.7529412 0.7529412 0.7529412 0.7529412 0.7529412 0.7529412 0.7529412 0.7529412 0.7529412 0.7529412 0.7529412 0.7529412 0.7529412 0.7529412 0.7529412 0.7529412 0.7529412 0.7529412 0.7529412 0.7529412 0.7529412 0.7529412 0.7529412 0.7529412 0.7529412 0.7529412 0.7529412 0.7529412 0.7529412 0.7529412 0.7529412 0.7529412 0.7529412 0.7529412 0.7529412 0.7529412 0.7529412 0.7529412 0.7529412 0.7529412 0.7529412 0.7529412 0.7529412 0.7529412 0.7529412 0.7529412 0.7529412 0.7529412 0.7529412 0.7529412 0.7529412 0.7529412 0.7529412 0.7529412 0.7529412 0.7529412 0.7529412 0.7529412 0.7529412 0.7529412 0.7529412 0.7529412 0.7529412 0.7529412 0.7529412 0.7529412 0.7529412 0.7529412 0.7529412 0.7529412 0.7529412 0.7529412 0.7529412 0.7529412 0.7529412 0.7529412 0.7529412 0.7529412 0.7529412 0.7529412 0.7529412 0.7529412 0.7529412 0.7529412 0.7529412 0.7529412 0.7529412 0.7529412 0.7529412 0.7529412 0.7529412 0.7529412 0.7529412 0.7529412 0.7529412 0.7529412 0.7529412 0.7529412 0.7529412 0.7529412 0.7529412 0.7529412 0.7529412 0.7529412 0.7529412 0.7529412 0.7529412 0.7529412 0.7529412 0.7529412 0.7529412 0.7529412 0.7529412 0.7529412 0.7529412 0.7529412 0.7529412 0.7529412 0.7529412 0.7529412 0.7529412 0.7529412 0.7529412 0.7529412 0.7529412 0.7529412 0.7529412 0.7529412 0.7529412 0.7529412 0.7529412 0.7529412 0.7529412 0.7529412 0.7529412 0.7529412 0.7529412 0.7529412 0.7529412 0.7529412 0.7529412 0.7529412 0.7529412 0.7529412 0.7529412 0.7529412 0.7529412 0.7529412 0.7529412 0.7529412 0.7529412 0.7529412 0.7529412 0.7529412 0.7529412 0.7529412 0.7529412 0.7529412 0.7529412 0.7529412 0.7529412 0.7529412 0.7529412 0.7529412 0.7529412 0.7529412 0.7529412 0.7529412 0.7529412 0.7529412 0.7529412 0.7529412 0.7529412 0.7529412 0.7529412 0.7529412 0.7529412 0.7529412 0.7529412 0.7529412 0.7529412 0.7529412 0.7529412 0.7529412 0.7529412 0.7529412 0.7529412 0.7529412 0.7529412 0.7529412 0.7529412 0.7529412 0.7529412 0.7529412 0.7529412 0.7529412 0.7529412 0.7529412 0.7529412 0.7529412 0.7529412 0.7529412 0.7529412 0.7529412 0.7529412 0.7529412 0.7529412 0.7529412 0.7529412 0.7529412 0.7529412 0.7529412 0.7529412 0.7529412 0.7529412 0.7529412 0.7529412 0.7529412 0.7529412 0.7529412 0.7529412 0.7529412 0.7529412 0.7529412 0.7529412 0.7529412 0.7529412 0.7529412 0.7529412 0.7529412 0.7529412 0.7529412 0.7529412 0.7529412 0.7529412 0.7529412 0.7529412 0.7529412 0.7529412 0.7529412 0.7529412 0.7529412 0.7529412 0.7529412 0.7529412 0.7529412 0.7529412 0.7529412 0.7529412 0.7529412 0.7529412 0.7529412 0.7529412 0.7529412 0.7529412 0.7529412 0.7529412 0.7529412 0.7529412 0.7529412 0.7529412 0.7529412 0.7529412 0.7529412 0.7529412 0.7529412 0.7529412 0.7529412 0.7529412 0.7529412 0.7529412 0.7529412 0.7529412 0.7529412 0.7529412 0.7529412 0.7529412 0.7529412 0.7529412 0.7529412 0.7529412 0.7529412 0.7529412 0.7529412 0.7529412 0.7529412 0.7529412 0.7529412 0.7529412 0.7529412 0.7529412 0.7529412 0.7529412 0.7529412 0.7529412 0.7529412 0.7529412 0.7529412 0.7529412 0.7529412 0.7529412 0.7529412 0.7529412 0.7529412 0.7529412 0.7529412 0.7529412 0.7529412 0.7529412 0.7529412 0.7529412 0.7529412 0.7529412 0.7529412 0.7529412 0.7529412 0.7529412 0.7529412 0.7529412 0.7529412 0.7529412 0.7529412 0.7529412 0.7529412 0.7529412 0.7529412 0.7529412 0.7529412 0.7529412 0.7529412 0.7529412 0.7529412 0.7529412 0.7529412 0.7529412 0.7529412 0.7529412 0.7529412 0.7529412 0.7529412 0.7529412 0.7529412 0.7529412 0.7529412 0.7529412 0.7529412 0.7529412 0.7529412 0.7529412 0.7529412 0.7529412 0.7529412 0.7529412 0.7529412 0.7529412 0.7529412 0.7529412 0.7529412 0.7529412 0.7529412 0.7529412 0.7529412 0.7529412 0.7529412 0.7529412 0.7529412 0.7529412 0.7529412 0.7529412 0.7529412 0.7529412 0.7529412 0.7529412 0.7529412 0.7529412 0.7529412 0.7529412 0.7529412 0.7529412 0.7529412 0.7529412 0.7529412 0.7529412 0.7529412 0.7529412 0.7529412 0.7529412 0.7529412 0.7529412 0.7529412 0.7529412 0.7529412 0.7529412 0.7529412 0.7529412 0.7529412 0.7529412 0.7529412 0.7529412 0.7529412 0.7529412 0.7529412 0.7529412 0.7529412 0.7529412 0.7529412 0.7529412 0.7529412 0.7529412 0.7529412 0.7529412 0.7529412 0.7529412 0.7529412 0.7529412 0.7529412 0.7529412 0.7529412 0.7529412 0.7529412 0.7529412 0.7529412 0.7529412 0.7529412 0.7529412 0.7529412 0.7529412 0.7529412 0.7529412 0.7529412 0.7529412 0.7529412 0.7529412 0.7529412 0.7529412 0.7529412 0.7529412 0.7529412 0.7529412 0.7529412 0.7529412 0.7529412 0.7529412 0.7529412 0.7529412 0.7529412 0.7529412 0.7529412 0.7529412 0.7529412 0.7529412 0.7529412 0.7529412 0.7529412 0.7529412 0.7529412 0.7529412 0.7529412 0.7529412 0.7529412 0.7529412 0.7529412 0.7529412 0.7529412 0.7529412 0.7529412 0.7529412 0.7529412 0.7529412 0.7529412 0.7529412 0.7529412 0.7529412 0.7529412 0.7529412 0.7529412 0.7529412 0.7529412 0.7529412 0.7529412 0.7529412 0.7529412 0.7529412 0.7529412 0.7529412 0.7529412 0.7529412 0.7529412 0.7529412 0.7529412 0.7529412 0.7529412 0.7529412 0.7529412 0.7529412 0.7529412 0.7529412 0.7529412 0.7529412 0.7529412 0.7529412 0.7529412 0.7529412 0.7529412 0.7529412 0.7529412 0.7529412 0.7529412 0.7529412 0.7529412 0.7529412 0.7529412 0.7529412 0.7529412 0.7529412 0.7529412 0.7529412 0.7529412 0.7529412 0.7529412 0.7529412 0.7529412 0.7529412 0.7529412 0.7529412 0.7529412 0.7529412 0.7529412 0.7529412 0.7529412 0.7529412 0.7529412 0.7529412 0.7529412 0.7529412 0.7529412 0.7529412 0.7529412 0.7529412 0.7529412 0.7529412 0.7529412 0.7529412 0.7529412 0.7529412 0.7529412 0.7529412 0.7529412 0.7529412 0.7529412 0.7529412 0.7529412 0.7529412 0.7529412 0.7529412 0.7529412 0.7529412 0.7529412 0.7529412 0.7529412 0.7529412 0.7529412 0.7529412 0.7529412 0.7529412 0.7529412 0.7529412 0.7529412 0.7529412 0.7529412 0.7529412 0.7529412 0.7529412 0.7529412 0.7529412 0.7529412 0.7529412 0.7529412 0.7529412 0.7529412 0.7529412 0.7529412 0.7529412 0.7529412 0.7529412 0.7529412 0.7529412 0.7529412 0.7529412 0.7529412 0.7529412 0.7529412 0.7529412 0.7529412 0.7529412 0.7529412 0.7529412 0.7529412 0.7529412 0.7529412 0.7529412 0.7529412 0.7529412 0.7529412 0.7529412 0.7529412 0.7529412 0.7529412 0.7529412 0.7529412 0.7529412 0.7529412 0.7529412 0.7529412 0.7529412 0.7529412 0.7529412 0.7529412 0.7529412 0.7529412 0.7529412 0.7529412 0.7529412 0.7529412 0.7529412 0.7529412 0.7529412 0.7529412 0.7529412 0.7529412 0.7529412 0.7529412 0.7529412 0.7529412 0.7529412 0.7529412 0.7529412 0.7529412 0.7529412 0.7529412 0.7529412 0.7529412 0.7529412 0.7529412 0.7529412 0.7529412 0.7529412 0.7529412 0.7529412 0.7529412 0.7529412 0.7529412 0.7529412 0.7529412 0.7529412 0.7529412 0.7529412 0.7529412 0.7529412 0.7529412 0.7529412 0.7529412 0.7529412 0.7529412 0.7529412 0.7529412 0.7529412 0.7529412 0.7529412 0.7529412 0.7529412 0.7529412 0.7529412 0.7529412 0.7529412 0.7529412 0.7529412 0.7529412 0.7529412 0.7529412 0.7529412 0.7529412 0.7529412 0.7529412 0.7529412 0.7529412 0.7529412 0.7529412 0.7529412 0.7529412 0.7529412 0.7529412 0.7529412 0.7529412 0.7529412 0.7529412 0.7529412 0.7529412 0.7529412 0.7529412 0.7529412 0.7529412 0.7529412 0.7529412 0.7529412 0.7529412 0.7529412 0.7529412 0.7529412 0.7529412 0.7529412 0.7529412 0.7529412 0.7529412 0.7529412 0.7529412 0.7529412 0.7529412 0.7529412 0.7529412 0.7529412 0.7529412 0.7529412 0.7529412 0.7529412 0.7529412 0.7529412 0.7529412 0.7529412 0.7529412 0.7529412 0.7529412 0.7529412 0.7529412 0.7529412 0.7529412 0.7529412 0.7529412 0.7529412 0.7529412 0.7529412 0.7529412 0.7529412 0.7529412 0.7529412 0.7529412 0.7529412 0.7529412 0.7529412 0.7529412 0.7529412 0.7529412 0.7529412 0.7529412 0.7529412 0.7529412 0.7529412 0.7529412 0.7529412 0.7529412 0.7529412 0.7529412 0.7529412 0.7529412 0.7529412 0.7529412 0.7529412 0.7529412 0.7529412 0.7529412 0.7529412 0.7529412 0.7529412 0.7529412 0.7529412 0.7529412 0.7529412 0.7529412 0.7529412 0.7529412 0.7529412 0.7529412 0.7529412 0.7529412 0.7529412 0.7529412 0.7529412 0.7529412 0.7529412 0.7529412 0.7529412 0.7529412 0.7529412 0.7529412 0.7529412 0.7529412 0.7529412 0.7529412 0.7529412 0.7529412 0.7529412 0.7529412 0.7529412 0.7529412 0.7529412 0.7529412 0.7529412 0.7529412 0.7529412 0.7529412 0.7529412 0.7529412 0.7529412 0.7529412 0.7529412 0.7529412 0.7529412 0.7529412 0.7529412 0.7529412 0.7529412 0.7529412 0.7529412 0.7529412 0.7529412 0.7529412 0.7529412 0.7529412 0.7529412 0.7529412 0.7529412 0.7529412 0.7529412 0.7529412 0.7529412 0.7529412 0.7529412 0.7529412 0.7529412 0.7529412 0.7529412 0.7529412 0.7529412 0.7529412 0.7529412 0.7529412 0.7529412 0.7529412 0.7529412 0.7529412 0.7529412 0.7529412 0.7529412 0.7529412 0.7529412 0.7529412 0.7529412 0.7529412 0.7529412 0.7529412 0.7529412 0.7529412 0.7529412 0.7529412 0.7529412 0.7529412 0.7529412 0.7529412 0.7529412 0.7529412 0.7529412 0.7529412 0.7529412 0.7529412 0.7529412 0.7529412 0.7529412 0.7529412 0.7529412 0.7529412 0.7529412 0.7529412 0.7529412 0.7529412 0.7529412 0.7529412 0.7529412 0.7529412 0.7529412 0.7529412 0.7529412 0.7529412 0.7529412 0.7529412 0.7529412 0.7529412 0.7529412 0.7529412 0.7529412 0.7529412 0.7529412 0.7529412 0.7529412 0.7529412 0.7529412 0.7529412 0.7529412 0.7529412 0.7529412 0.7529412 0.7529412 0.7529412 0.7529412 0.7529412 0.7529412 0.7529412 0.7529412 0.7529412 0.7529412 0.7529412 0.7529412 0.7529412 0.7529412 0.7529412 0.7529412 0.7529412 0.7529412 0.7529412 0.7529412 0.7529412 0.7529412 0.7529412 0.7529412 0.7529412 0.7529412 0.7529412 0.7529412 0.7529412 0.7529412 0.7529412 0.7529412 0.7529412 0.7529412 0.7529412 0.7529412 0.7529412 0.7529412 0.7529412 0.7529412 0.7529412 0.7529412 0.7529412 0.7529412 0.7529412 0.7529412 0.7529412 0.7529412 0.7529412 0.7529412 0.7529412 0.7529412 0.7529412 0.7529412 0.7529412 0.7529412 0.7529412 0.7529412 0.7529412 0.7529412 0.7529412 0.7529412 0.7529412 0.7529412 0.7529412 0.7529412 0.7529412 0.7529412 0.7529412 0.7529412 0.7529412 0.7529412 0.7529412 0.7529412 0.7529412 0.7529412 0.7529412 0.7529412 0.7529412 0.7529412 0.7529412 0.7529412 0.7529412 0.7529412 0.7529412 0.7529412 0.7529412 0.7529412 0.7529412 0.7529412 0.7529412 0.7529412 0.7529412 0.7529412 0.7529412 0.7529412 0.7529412 0.7529412 0.7529412 0.7529412 0.7529412 0.7529412 0.7529412 0.7529412 0.7529412 0.7529412 0.7529412 0.7529412 0.7529412 0.7529412 0.7529412 0.7529412 0.7529412 0.7529412 0.7529412 0.7529412 0.7529412 0.7529412 0.7529412 0.7529412 0.7529412 0.7529412 0.7529412 0.7529412 0.7529412 0.7529412 0.7529412 0.7529412 0.7529412 0.7529412 0.7529412 0.7529412 0.7529412 0.7529412 0.7529412 0.7529412 0.7529412 0.7529412 0.7529412 0.7529412 0.7529412 0.7529412 0.7529412 0.7529412 0.7529412 0.7529412 0.7529412 0.7529412 0.7529412 0.7529412 0.7529412 0.7529412 0.7529412 0.7529412 0.7529412 0.7529412 0.7529412 0.7529412 0.7529412 0.7529412 0.7529412 0.7529412 0.7529412 0.7529412 0.7529412 0.7529412 0.7529412 0.7529412 0.7529412 0.7529412 0.7529412 0.7529412 0.7529412 0.7529412 0.7529412 0.7529412 0.7529412 0.7529412 0.7529412 0.7529412 0.7529412 0.7529412 0.7529412 0.7529412 0.7529412 0.7529412 0.7529412 0.7529412 0.7529412 0.7529412 0.7529412 0.7529412 0.7529412 0.7529412 0.7529412 0.7529412 0.7529412 0.7529412 0.7529412 0.7529412 0.7529412 0.7529412 0.7529412 0.7529412 0.7529412 0.7529412 0.7529412 0.7529412 0.7529412 0.7529412 0.7529412 0.7529412 0.7529412 0.7529412 0.7529412 0.7529412 0.7529412 0.7529412 0.7529412 0.7529412 0.7529412 0.7529412 0.7529412 0.7529412 0.7529412 0.7529412 0.7529412 0.7529412 0.7529412 0.7529412 0.7529412 0.7529412 0.7529412 0.7529412 0.7529412 0.7529412 0.7529412 0.7529412 0.7529412 0.7529412 0.7529412 0.7529412 0.7529412 0.7529412 0.7529412 0.7529412 0.7529412 0.7529412 0.7529412 0.7529412 0.7529412 0.7529412 0.7529412 0.7529412 0.7529412 0.7529412 0.7529412 0.7529412 0.7529412 0.7529412 0.7529412 0.7529412 0.7529412 0.7529412 0.7529412 0.7529412 0.7529412 0.7529412 0.7529412 0.7529412 0.7529412 0.7529412 0.7529412 0.7529412 0.7529412 0.7529412 0.7529412 0.7529412 0.7529412 0.7529412 0.7529412 0.7529412 0.7529412 0.7529412 0.7529412 0.7529412 0.7529412 0.7529412 0.7529412 0.7529412 0.7529412 0.7529412 0.7529412 0.7529412 0.7529412 0.7529412 0.7529412 0.7529412 0.7529412 0.7529412 0.7529412 0.7529412 0.7529412 0.7529412 0.7529412 0.7529412 0.7529412 0.7529412 0.7529412 0.7529412 0.7529412 0.7529412 0.7529412 0.7529412 0.7529412 0.7529412 0.7529412 0.7529412 0.7529412 0.7529412 0.7529412 0.7529412 0.7529412 0.7529412 0.7529412 0.7529412 0.7529412 0.7529412 0.7529412 0.7529412 0.7529412 0.7529412 0.7529412 0.7529412 0.7529412 0.7529412 0.7529412 0.7529412 0.7529412 0.7529412 0.7529412 0.7529412 0.7529412 0.7529412 0.7529412 0.7529412 0.7529412 0.7529412 0.7529412 0.7529412 0.7529412 0.7529412 0.7529412 0.7529412 0.7529412 0.7529412 0.7529412 0.7529412 0.7529412 0.7529412 0.7529412 0.7529412 0.7529412 0.7529412 0.7529412 0.7529412 0.7529412 0.7529412 0.7529412 0.7529412 0.7529412 0.7529412 0.7529412 0.7529412 0.7529412 0.7529412 0.7529412 0.7529412 0.7529412 0.7529412 0.7529412 0.7529412 0.7529412 0.7529412 0.7529412 0.7529412 0.7529412 0.7529412 0.7529412 0.7529412 0.7529412 0.7529412 0.7529412 0.7529412 0.7529412 0.7529412 0.7529412 0.7529412 0.7529412 0.7529412 0.7529412 0.7529412 0.7529412 0.7529412 0.7529412 0.7529412 0.7529412 0.7529412 0.7529412 0.7529412 0.7529412 0.7529412 0.7529412 0.7529412 0.7529412 0.7529412 0.7529412 0.7529412 0.7529412 0.7529412 0.7529412 0.7529412 0.7529412 0.7529412 0.7529412 0.7529412 0.7529412 0.7529412 0.7529412 0.7529412 0.7529412 0.7529412 0.7529412 0.7529412 0.7529412 0.7529412 0.7529412 0.7529412 0.7529412 0.7529412 0.7529412 0.7529412 0.7529412 0.7529412 0.7529412 0.7529412 0.7529412 0.7529412 0.7529412 0.7529412 0.7529412 0.7529412 0.7529412 0.7529412 0.7529412 0.7529412 0.7529412 0.7529412 0.7529412 0.7529412 0.7529412 0.7529412 0.7529412 0.7529412 0.7529412 0.7529412 0.7529412 0.7529412 0.7529412 0.7529412 0.7529412 0.7529412 0.7529412 0.7529412 0.7529412 0.7529412 0.7529412 0.7529412 0.7529412 0.7529412 0.7529412 0.7529412 0.7529412 0.7529412 0.7529412 0.7529412 0.7529412 0.7529412 0.7529412 0.7529412 0.7529412 0.7529412 0.7529412 0.7529412 0.7529412 0.7529412 0.7529412 0.7529412 0.7529412 0.7529412 0.7529412 0.7529412 0.7529412 0.7529412 0.7529412 0.7529412 0.7529412 0.7529412 0.7529412 0.7529412 0.7529412 0.7529412 0.7529412 0.7529412 0.7529412 0.7529412 0.7529412 0.7529412 0.7529412 0.7529412 0.7529412 0.7529412 0.7529412 0.7529412 0.7529412 0.7529412 0.7529412 0.7529412 0.7529412 0.7529412 0.7529412 0.7529412 0.7529412 0.7529412 0.7529412 0.7529412 0.7529412 0.7529412 0.7529412 0.7529412 0.7529412 0.7529412 0.7529412 0.7529412 0.7529412 0.7529412 0.7529412 0.7529412 0.7529412 0.7529412 0.7529412 0.7529412 0.7529412 0.7529412 0.7529412 0.7529412 0.7529412 0.7529412 0.7529412 0.7529412 0.7529412 0.7529412 0.7529412 0.7529412 0.7529412 0.7529412 0.7529412 0.7529412 0.7529412 0.7529412 0.7529412 0.7529412 0.7529412 0.7529412 0.7529412 0.7529412 0.7529412 0.7529412 0.7529412 0.7529412 0.7529412 0.7529412 0.7529412 0.7529412 0.7529412 0.7529412 0.7529412 0.7529412 0.7529412 0.7529412 0.7529412 0.7529412 0.7529412 0.7529412 0.7529412 0.7529412 0.7529412 0.7529412 0.7529412 0.7529412 0.7529412 0.7529412 0.7529412 0.7529412 0.7529412 0.7529412 0.7529412 0.7529412 0.7529412 0.7529412 0.7529412 0.7529412 0.7529412 0.7529412 0.7529412 0.7529412 0.7529412 0.7529412 0.7529412 0.7529412 0.7529412 0.7529412 0.7529412 0.7529412 0.7529412 0.7529412 0.7529412 0.7529412 0.7529412 0.7529412 0.7529412 0.7529412 0.7529412 0.7529412 0.7529412 0.7529412 0.7529412 0.7529412 0.7529412 0.7529412 0.7529412 0.7529412 0.7529412 0.7529412 0.7529412 0.7529412 0.7529412 0.7529412 0.7529412 0.7529412 0.7529412 0.7529412 0.7529412 0.7529412 0.7529412 0.7529412 0.7529412 0.7529412 0.7529412 0.7529412 0.7529412 0.7529412 0.7529412 0.7529412 0.7529412 0.7529412 0.7529412 0.7529412 0.7529412 0.7529412 0.7529412 0.7529412 0.7529412 0.7529412 0.7529412 0.7529412 0.7529412 0.7529412 0.7529412 0.7529412 0.7529412 0.7529412 0.7529412 0.7529412 0.7529412 0.7529412 0.7529412 0.7529412 0.7529412 0.7529412 0.7529412 0.7529412 0.7529412 0.7529412 0.7529412 0.7529412 0.7529412 0.7529412 0.7529412 0.7529412 0.7529412 0.7529412 0.7529412 0.7529412 0.7529412 0.7529412 0.7529412 0.7529412 0.7529412 0.7529412 0.7529412 0.7529412 0.7529412 0.7529412 0.7529412 0.7529412 0.7529412 0.7529412 0.7529412 0.7529412 0.7529412 0.7529412 0.7529412 0.7529412 0.7529412 0.7529412 0.7529412 0.7529412 0.7529412 0.7529412 0.7529412 0.7529412 0.7529412 0.7529412 0.7529412 0.7529412 0.7529412 0.7529412 0.7529412 0.7529412 0.7529412 0.7529412 0.7529412 0.7529412 0.7529412 0.7529412 0.7529412 0.7529412 0.7529412 0.7529412 0.7529412 0.7529412 0.7529412 0.7529412 0.7529412 0.7529412 0.7529412 0.7529412 0.7529412 0.7529412 0.7529412 0.7529412 0.7529412 0.7529412 0.7529412 0.7529412 0.7529412 0.7529412 0.7529412 0.7529412 0.7529412 0.7529412 0.7529412 0.7529412 0.7529412 0.7529412 0.7529412 0.7529412 0.7529412 0.7529412 0.7529412 0.7529412 0.7529412 0.7529412 0.7529412 0.7529412 0.7529412 0.7529412 0.7529412 0.7529412 0.7529412 0.7529412 0.7529412 0.7529412 0.7529412 0.7529412 0.7529412 0.7529412 0.7529412 0.7529412 0.7529412 0.7529412 0.7529412 0.7529412 0.7529412 0.7529412 0.7529412 0.7529412 0.7529412 0.7529412 0.7529412 0.7529412 0.7529412 0.7529412 0.7529412 0.7529412 0.7529412 0.7529412 0.7529412 0.7529412 0.7529412 0.7529412 0.7529412 0.7529412 0.7529412 0.7529412 0.7529412 0.7529412 0.7529412 0.7529412 0.7529412 0.7529412 0.7529412 0.7529412 0.7529412 0.7529412 0.7529412 0.7529412 0.7529412 0.7529412 0.7529412 0.7529412 0.7529412 0.7529412 0.7529412 0.7529412 0.7529412 0.7529412 0.7529412 0.7529412 0.7529412 0.7529412 0.7529412 0.7529412 0.7529412 0.7529412 0.7529412 0.7529412 0.7529412 0.7529412 0.7529412 0.7529412 0.7529412 0.7529412 0.7529412 0.7529412 0.7529412 0.7529412 0.7529412 0.7529412 0.7529412 0.7529412 0.7529412 0.7529412 0.7529412 0.7529412 0.7529412 0.7529412 0.7529412 0.7529412 0.7529412 0.7529412 0.7529412 0.7529412 0.7529412 0.7529412 0.7529412 0.7529412 0.7529412 0.7529412 0.7529412 0.7529412 0.7529412 0.7529412 0.7529412 0.7529412 0.7529412 0.7529412 0.7529412 0.7529412 0.7529412 0.7529412 0.7529412 0.7529412 0.7529412 0.7529412 0.7529412 0.7529412 0.7529412 0.7529412 0.7529412 0.7529412 0.7529412 0.7529412 0.7529412 0.7529412 0.7529412 0.7529412 0.7529412 0.7529412 0.7529412 0.7529412 0.7529412 0.7529412 0.7529412 0.7529412 0.7529412 0.7529412 0.7529412 0.7529412 0.7529412 0.7529412 0.7529412 0.7529412 0.7529412 0.7529412 0.7529412 0.7529412 0.7529412 0.7529412 0.7529412 0.7529412 0.7529412 0.7529412 0.7529412 0.7529412 0.7529412 0.7529412 0.7529412 0.7529412 0.7529412 0.7529412 0.7529412 0.7529412 0.7529412 0.7529412 0.7529412 0.7529412 0.7529412 0.7529412 0.7529412 0.7529412 0.7529412 0.7529412 0.7529412 0.7529412 0.7529412 0.7529412 0.7529412 0.7529412 0.7529412 0.7529412 0.7529412 0.7529412 0.7529412 0.7529412 0.7529412 0.7529412 0.7529412 0.7529412 0.7529412 0.7529412 0.7529412 0.7529412 0.7529412 0.7529412 0.7529412 0.7529412 0.7529412 0.7529412 0.7529412 0.7529412 0.7529412 0.7529412 0.7529412 0.7529412 0.7529412 0.7529412 0.7529412 0.7529412 0.7529412 0.7529412 0.7529412 0.7529412 0.7529412 0.7529412 0.7529412 0.7529412 0.7529412 0.7529412 0.7529412 0.7529412 0.7529412 0.7529412 0.7529412 0.7529412 0.7529412 0.7529412 0.7529412 0.7529412 0.7529412 0.7529412 0.7529412 0.7529412 0.7529412 0.7529412 0.7529412 0.7529412 0.7529412 0.7529412 0.7529412 0.7529412 0.7529412 0.7529412 0.7529412 0.7529412 0.7529412 0.7529412 0.7529412 0.7529412 0.7529412 0.7529412 0.7529412 0.7529412 0.7529412 0.7529412 0.7529412 0.7529412 0.7529412 0.7529412 0.7529412 0.7529412 0.7529412 0.7529412 0.7529412 0.7529412 0.7529412 0.7529412 0.7529412 0.7529412 0.7529412 0.7529412 0.7529412 0.7529412 0.7529412 0.7529412 0.7529412 0.7529412 0.7529412 0.7529412 0.7529412 0.7529412 0.7529412 0.7529412 0.7529412 0.7529412 0.7529412 0.7529412 0.7529412 0.7529412 0.7529412 0.7529412 0.7529412 0.7529412 0.7529412 0.7529412 0.7529412 0.7529412 0.7529412 0.7529412 0.7529412 0.7529412 0.7529412 0.7529412 0.7529412 0.7529412 0.7529412 0.7529412 0.7529412 0.7529412 0.7529412 0.7529412 0.7529412 0.7529412 0.7529412 0.7529412 0.7529412 0.7529412 0.7529412 0.7529412 0.7529412 0.7529412 0.7529412 0.7529412 0.7529412 0.7529412 0.7529412 0.7529412 0.7529412 0.7529412 0.7529412 0.7529412 0.7529412 0.7529412 0.7529412 0.7529412 0.7529412 0.7529412 0.7529412 0.7529412 0.7529412 0.7529412 0.7529412 0.7529412 0.7529412 0.7529412 0.7529412 0.7529412 0.7529412 0.7529412 0.7529412 0.7529412 0.7529412 0.7529412 0.7529412 0.7529412 0.7529412 0.7529412 0.7529412 0.7529412 0.7529412 0.7529412 0.7529412 0.7529412 0.7529412 0.7529412 0.7529412 0.7529412 0.7529412 0.7529412 0.7529412 0.7529412 0.7529412 0.7529412 0.7529412 0.7529412 0.7529412 0.7529412 0.7529412 0.7529412 0.7529412 0.7529412 0.7529412 0.7529412 0.7529412 0.7529412 0.7529412 0.7529412 0.7529412 0.7529412 0.7529412 0.7529412 0.7529412 0.7529412 0.7529412 0.7529412 0.7529412 0.7529412 0.7529412 0.7529412 0.7529412 0.7529412 0.7529412 0.7529412 0.7529412 0.7529412 0.7529412 0.7529412 0.7529412 0.7529412 0.7529412 0.7529412 0.7529412 0.7529412 0.7529412 0.7529412 0.7529412 0.7529412 0.7529412 0.7529412 0.7529412 0.7529412 0.7529412 0.7529412 0.7529412 0.7529412 0.7529412 0.7529412 0.7529412 0.7529412 0.7529412 0.7529412 0.7529412 0.7529412 0.7529412 0.7529412 0.7529412 0.7529412 0.7529412 0.7529412 0.7529412 0.7529412 0.7529412 0.7529412 0.7529412 0.7529412 0.7529412 0.7529412 0.7529412 0.7529412 0.7529412 0.7529412 0.7529412 0.7529412 0.7529412 0.7529412 0.7529412 0.7529412 0.7529412 0.7529412 0.7529412 0.7529412 0.7529412 0.7529412 0.7529412 0.7529412 0.7529412 0.7529412 0.7529412 0.7529412 0.7529412 0.7529412 0.7529412 0.7529412 0.7529412 0.7529412 0.7529412 0.7529412 0.7529412 0.7529412 0.7529412 0.7529412 0.7529412 0.7529412 0.7529412 0.7529412 0.7529412 0.7529412 0.7529412 0.7529412 0.7529412 0.7529412 0.7529412 0.7529412 0.7529412 0.7529412 0.7529412 0.7529412 0.7529412 0.7529412 0.7529412 0.7529412 0.7529412 0.7529412 0.7529412 0.7529412 0.7529412 0.7529412 0.7529412 0.7529412 0.7529412 0.7529412 0.7529412 0.7529412 0.7529412 0.7529412 0.7529412 0.7529412 0.7529412 0.7529412 0.7529412 0.7529412 0.7529412 0.7529412 0.7529412 0.7529412 0.7529412 0.7529412 0.7529412 0.7529412 0.7529412 0.7529412 0.7529412 0.7529412 0.7529412 0.7529412 0.7529412 0.7529412 0.7529412 0.7529412 0.7529412 0.7529412 0.7529412 0.7529412 0.7529412 0.7529412 0.7529412 0.7529412 0.7529412 0.7529412 0.7529412 0.7529412 0.7529412 0.7529412 0.7529412 0.7529412 0.7529412 0.7529412 0.7529412 0.7529412 0.7529412 0.7529412 0.7529412 0.7529412 0.7529412 0.7529412 0.7529412 0.7529412 0.7529412 0.7529412 0.7529412 0.7529412 0.7529412 0.7529412 0.7529412 0.7529412 0.7529412 0.7529412 0.7529412 0.7529412 0.7529412 0.7529412 0.7529412 0.7529412 0.7529412 0.7529412 0.7529412 0.7529412 0.7529412 0.7529412 0.7529412 0.7529412 0.7529412 0.7529412 0.7529412 0.7529412 0.7529412 0.7529412 0.7529412 0.7529412 0.7529412 0.7529412 0.7529412 0.7529412 0.7529412 0.7529412 0.7529412 0.7529412 0.7529412 0.7529412 0.7529412 0.7529412 0.7529412 0.7529412 0.7529412 0.7529412 0.7529412 0.7529412 0.7529412 0.7529412 0.7529412 0.7529412 0.7529412 0.7529412 0.7529412 0.7529412 0.7529412 0.7529412 0.7529412 0.7529412 0.7529412 0.7529412 0.7529412 0.7529412 0.7529412 0.7529412 0.7529412 0.7529412 0.7529412 0.7529412 0.7529412 0.7529412 0.7529412 0.7529412 0.7529412 0.7529412 0.7529412 0.7529412 0.7529412 0.7529412 0.7529412 0.7529412 0.7529412 0.7529412 0.7529412 0.7529412 0.7529412 0.7529412 0.7529412 0.7529412 0.7529412 0.7529412 0.7529412 0.7529412 0.7529412 0.7529412 0.7529412 0.7529412 0.7529412 0.7529412 0.7529412 0.7529412 0.7529412 0.7529412 0.7529412 0.7529412 0.7529412 0.7529412 0.7529412 0.7529412 0.7529412 0.7529412 0.7529412 0.7529412 0.7529412 0.7529412 0.7529412 0.7529412 0.7529412 0.7529412 0.7529412 0.7529412 0.7529412 0.7529412 0.7529412 0.7529412 0.7529412 0.7529412 0.7529412 0.7529412 0.7529412 0.7529412 0.7529412 0.7529412 0.7529412 0.7529412 0.7529412 0.7529412 0.7529412 0.7529412 0.7529412 0.7529412 0.7529412 0.7529412 0.7529412 0.7529412 0.7529412 0.7529412 0.7529412 0.7529412 0.7529412 0.7529412 0.7529412 0.7529412 0.7529412 0.7529412 0.7529412 0.7529412 0.7529412 0.7529412 0.7529412 0.7529412 0.7529412 0.7529412 0.7529412 0.7529412 0.7529412 0.7529412 0.7529412 0.7529412 0.7529412 0.7529412 0.7529412 0.7529412 0.7529412 0.7529412 0.7529412 0.7529412 0.7529412 0.7529412 0.7529412 0.7529412 0.7529412 0.7529412 0.7529412 0.7529412 0.7529412 0.7529412 0.7529412 0.7529412 0.7529412 0.7529412 0.7529412 0.7529412 0.7529412 0.7529412 0.7529412 0.7529412 0.7529412 0.7529412 0.7529412 0.7529412 0.7529412 0.7529412 0.7529412 0.7529412 0.7529412 0.7529412 0.7529412 0.7529412 0.7529412 0.7529412 0.7529412 0.7529412 0.7529412 0.7529412 0.7529412 0.7529412 0.7529412 0.7529412 0.7529412 0.7529412 0.7529412 0.7529412 0.7529412 0.7529412 0.7529412 0.7529412 0.7529412 0.7529412 0.7529412 0.7529412 0.7529412 0.7529412 0.7529412 0.7529412 0.7529412 0.7529412 0.7529412 0.7529412 0.7529412 0.7529412 0.7529412 0.7529412 0.7529412 0.7529412 0.7529412 0.7529412 0.7529412 0.7529412 0.7529412 0.7529412 0.7529412 0.7529412 0.7529412 0.7529412 0.7529412 0.7529412 0.7529412 0.7529412 0.7529412 0.7529412 0.7529412 0.7529412 0.7529412 0.7529412 0.7529412 0.7529412 0.7529412 0.7529412 0.7529412 0.7529412 0.7529412 0.7529412 0.7529412 0.7529412 0.7529412 0.7529412 0.7529412 0.7529412 0.7529412 0.7529412 0.7529412 0.7529412 0.7529412 0.7529412 0.7529412 0.7529412 0.7529412 0.7529412 0.7529412 0.7529412 0.7529412 0.7529412 0.7529412 0.7529412 0.7529412 0.7529412 0.7529412 0.7529412 0.7529412 0.7529412 0.7529412 0.7529412 0.7529412 0.7529412 0.7529412 0.7529412 0.7529412 0.7529412 0.7529412 0.7529412 0.7529412 0.7529412 0.7529412 0.7529412 0.7529412 0.7529412 0.7529412 0.7529412 0.7529412 0.7529412 0.7529412 0.7529412 0.7529412 0.7529412 0.7529412 0.7529412 0.7529412 0.7529412 0.7529412 0.7529412 0.7529412 0.7529412 0.7529412 0.7529412 0.7529412 0.7529412 0.7529412 0.7529412 0.7529412 0.7529412 0.7529412 0.7529412 0.7529412 0.7529412 0.7529412 0.7529412 0.7529412 0.7529412 0.7529412 0.7529412 0.7529412 0.7529412 0.7529412 0.7529412 0.7529412 0.7529412 0.7529412 0.7529412 0.7529412 0.7529412 0.7529412 0.7529412 0.7529412 0.7529412 0.7529412 0.7529412 0.7529412 0.7529412 0.7529412 0.7529412 0.7529412 0.7529412 0.7529412 0.7529412 0.7529412 0.7529412 0.7529412 0.7529412 0.7529412 0.7529412 0.7529412 0.7529412 0.7529412 0.7529412 0.7529412 0.7529412 0.7529412 0.7529412 0.7529412 0.7529412 0.7529412 0.7529412 0.7529412 0.7529412 0.7529412 0.7529412 0.7529412 0.7529412 0.7529412 0.7529412 0.7529412 0.7529412 0.7529412 0.7529412 0.7529412 0.7529412 0.7529412 0.7529412 0.7529412 0.7529412 0.7529412 0.7529412 0.7529412 0.7529412 0.7529412 0.7529412 0.7529412 0.7529412 0.7529412 0.7529412 0.7529412 0.7529412 0.7529412 0.7529412 0.7529412 0.7529412 0.7529412 0.7529412 0.7529412 0.7529412 0.7529412 0.7529412 0.7529412 0.7529412 0.7529412 0.7529412 0.7529412 0.7529412 0.7529412 0.7529412 0.7529412 0.7529412 0.7529412 0.7529412 0.7529412 0.7529412 0.7529412 0.7529412 0.7529412 0.7529412 0.7529412 0.7529412 0.7529412 0.7529412 0.7529412 0.7529412 0.7529412 0.7529412 0.7529412 0.7529412 0.7529412 0.7529412 0.7529412 0.7529412 0.7529412 0.7529412 0.7529412 0.7529412 0.7529412 0.7529412 0.7529412 0.7529412 0.7529412 0.7529412 0.7529412 0.7529412 0.7529412 0.7529412 0.7529412 0.7529412 0.7529412 0.7529412 0.7529412 0.7529412 0.7529412 0.7529412 0.7529412 0.7529412 0.7529412 0.7529412 0.7529412 0.7529412 0.7529412 0.7529412 0.7529412 0.7529412 0.7529412 0.7529412 0.7529412 0.7529412 0.7529412 0.7529412 0.7529412 0.7529412 0.7529412 0.7529412 0.7529412 0.7529412 0.7529412 0.7529412 0.7529412 0.7529412 0.7529412 0.7529412 0.7529412 0.7529412 0.7529412 0.7529412 0.7529412 0.7529412 0.7529412 0.7529412 0.7529412 0.7529412 0.7529412 0.7529412 0.7529412 0.7529412 0.7529412 0.7529412 0.7529412 0.7529412 0.7529412 0.7529412 0.7529412 0.7529412 0.7529412 0.7529412 0.7529412 0.7529412 0.7529412 0.7529412 0.7529412 0.7529412 0.7529412 0.7529412 0.7529412 0.7529412 0.7529412 0.7529412 0.7529412 0.7529412 0.7529412 0.7529412 0.7529412 0.7529412 0.7529412 0.7529412 0.7529412 0.7529412 0.7529412 0.7529412 0.7529412 0.7529412 0.7529412 0.7529412 0.7529412 0.7529412 0.7529412 0.7529412 0.7529412 0.7529412 0.7529412 0.7529412 0.7529412 0.7529412 0.7529412 0.7529412 0.7529412 0.7529412 0.7529412 0.7529412 0.7529412 0.7529412 0.7529412 0.7529412 0.7529412 0.7529412 0.7529412 0.7529412 0.7529412 0.7529412 0.7529412 0.7529412 0.7529412 0.7529412 0.7529412 0.7529412 0.7529412 0.7529412 0.7529412 0.7529412 0.7529412 0.7529412 0.7529412 0.7529412 0.7529412 0.7529412 0.7529412 0.7529412 0.7529412 0.7529412 0.7529412 0.7529412 0.7529412 0.7529412 0.7529412 0.7529412 0.7529412 0.7529412 0.7529412 0.7529412 0.7529412 0.7529412 0.7529412 0.7529412 0.7529412 0.7529412 0.7529412 0.7529412 0.7529412 0.7529412 0.7529412 0.7529412 0.7529412 0.7529412 0.7529412 0.7529412 0.7529412 0.7529412 0.7529412 0.7529412 0.7529412 0.7529412 0.7529412 0.7529412 0.7529412 0.7529412 0.7529412 0.7529412 0.7529412 0.7529412 0.7529412 0.7529412 0.7529412 0.7529412 0.7529412 0.7529412 0.7529412 0.7529412 0.7529412 0.7529412 0.7529412 0.7529412 0.7529412 0.7529412 0.7529412 0.7529412 0.7529412 0.7529412 0.7529412 0.7529412 0.7529412 0.7529412 0.7529412 0.7529412 0.7529412 0.7529412 0.7529412 0.7529412 0.7529412 0.7529412 0.7529412 0.7529412 0.7529412 0.7529412 0.7529412 0.7529412 0.7529412 0.7529412 0.7529412 0.7529412 0.7529412 0.7529412 0.7529412 0.7529412 0.7529412 0.7529412 0.7529412 0.7529412 0.7529412 0.7529412 0.7529412 0.7529412 0.7529412 0.7529412 0.7529412 0.7529412 0.7529412 0.7529412 0.7529412 0.7529412 0.7529412 0.7529412 0.7529412 0.7529412 0.7529412 0.7529412 0.7529412 0.7529412 0.7529412 0.7529412 0.7529412 0.7529412 0.7529412 0.7529412 0.7529412 0.7529412 0.7529412 0.7529412 0.7529412 0.7529412 0.7529412 0.7529412 0.7529412 0.7529412 0.7529412 0.7529412 0.7529412 0.7529412 0.7529412 0.7529412 0.7529412 0.7529412 0.7529412 0.7529412 0.7529412 0.7529412 0.7529412 0.7529412 0.7529412 0.7529412 0.7529412 0.7529412 0.7529412 0.7529412 0.7529412 0.7529412 0.7529412 0.7529412 0.7529412 0.7529412 0.7529412 0.7529412 0.7529412 0.7529412 0.7529412 0.7529412 0.7529412 0.7529412 0.7529412 0.7529412 0.7529412 0.7529412 0.7529412 0.7529412 0.7529412 0.7529412 0.7529412 0.7529412 0.7529412 0.7529412 0.7529412 0.7529412 0.7529412 0.7529412 0.7529412 0.7529412 0.7529412 0.7529412 0.7529412 0.7529412 0.7529412 0.7529412 0.7529412 0.7529412 0.7529412 0.7529412 0.7529412 0.7529412 0.7529412 0.7529412 0.7529412 0.7529412 0.7529412 0.7529412 0.7529412 0.7529412 0.7529412 0.7529412 0.7529412 0.7529412 0.7529412 0.7529412 0.7529412 0.7529412 0.7529412 0.7529412 0.7529412 0.7529412 0.7529412 0.7529412 0.7529412 0.7529412 0.7529412 0.7529412 0.7529412 0.7529412 0.7529412 0.7529412 0.7529412 0.7529412 0.7529412 0.7529412 0.7529412 0.7529412 0.7529412 0.7529412 0.7529412 0.7529412 0.7529412 0.7529412 0.7529412 0.7529412 0.7529412 0.7529412 0.7529412 0.7529412 0.7529412 0.7529412 0.7529412 0.7529412 0.7529412 0.7529412 0.7529412 0.7529412 0.7529412 0.7529412 0.7529412 0.7529412 0.7529412 0.7529412 0.7529412 0.7529412 0.7529412 0.7529412 0.7529412 0.7529412 0.7529412 0.7529412 0.7529412 0.7529412 0.7529412 0.7529412 0.7529412 0.7529412 0.7529412 0.7529412 0.7529412 0.7529412 0.7529412 0.7529412 0.7529412 0.7529412 0.7529412 0.7529412 0.7529412 0.7529412 0.7529412 0.7529412 0.7529412 0.7529412 0.7529412 0.7529412 0.7529412 0.7529412 0.7529412 0.7529412 0.7529412 0.7529412 0.7529412 0.7529412 0.7529412 0.7529412 0.7529412 0.7529412 0.7529412 0.7529412 0.7529412 0.7529412 0.7529412 0.7529412 0.7529412 0.7529412 0.7529412 0.7529412 0.7529412 0.7529412 0.7529412 0.7529412 0.7529412 0.7529412 0.7529412 0.7529412 0.7529412 0.7529412 0.7529412 0.7529412 0.7529412 0.7529412 0.7529412 0.7529412 0.7529412 0.7529412 0.7529412 0.7529412 0.7529412 0.7529412 0.7529412 0.7529412 0.7529412 0.7529412 0.7529412 0.7529412 0.7529412 0.7529412 0.7529412 0.7529412 0.7529412 0.7529412 0.7529412 0.7529412 0.7529412 0.7529412 0.7529412 0.7529412 0.7529412 0.7529412 0.7529412 0.7529412 0.7529412 0.7529412 0.7529412 0.7529412 0.7529412 0.7529412 0.7529412 0.7529412 0.7529412 0.7529412 0.7529412 0.7529412 0.7529412 0.7529412 0.7529412 0.7529412 0.7529412 0.7529412 0.7529412 0.7529412 0.7529412 0.7529412 0.7529412 0.7529412 0.7529412 0.7529412 0.7529412 0.7529412 0.7529412 0.7529412 0.7529412 0.7529412 0.7529412 0.7529412 0.7529412 0.7529412 0.7529412 0.7529412 0.7529412 0.7529412 0.7529412 0.7529412 0.7529412 0.7529412 0.7529412 0.7529412 0.7529412 0.7529412 0.7529412 0.7529412 0.7529412 0.7529412 0.7529412 0.7529412 0.7529412 0.7529412 0.7529412 0.7529412 0.7529412 0.7529412 0.7529412 0.7529412 0.7529412 0.7529412 0.7529412 0.7529412 0.7529412 0.7529412 0.7529412 0.7529412 0.7529412 0.7529412 0.7529412 0.7529412 0.7529412 0.7529412 0.7529412 0.7529412 0.7529412 0.7529412 0.7529412 0.7529412 0.7529412 0.7529412 0.7529412 0.7529412 0.7529412 0.7529412 0.7529412 0.7529412 0.7529412 0.7529412 0.7529412 0.7529412 0.7529412 0.7529412 0.7529412 0.7529412 0.7529412 0.7529412 0.7529412 0.7529412 0.7529412 0.7529412 0.7529412 0.7529412 0.7529412 0.7529412 0.7529412 0.7529412 0.7529412 0.7529412 0.7529412 0.7529412 0.7529412 0.7529412 0.7529412 0.7529412 0.7529412 0.7529412 0.7529412 0.7529412 0.7529412 0.7529412 0.7529412 0.7529412 0.7529412 0.7529412 0.7529412 0.7529412 0.7529412 0.7529412 0.7529412 0.7529412 0.7529412 0.7529412 0.7529412 0.7529412 0.7529412 0.7529412 0.7529412 0.7529412 0.7529412 0.7529412 0.7529412 0.7529412 0.7529412 0.7529412 0.7529412 0.7529412 0.7529412 0.7529412 0.7529412 0.7529412 0.7529412 0.7529412 0.7529412 0.7529412 0.7529412 0.7529412 0.7529412 0.7529412 0.7529412 0.7529412 0.7529412 0.7529412 0.7529412 0.7529412 0.7529412 0.7529412 0.7529412 0.7529412 0.7529412 0.7529412 0.7529412 0.7529412 0.7529412 0.7529412 0.7529412 0.7529412 0.7529412 0.7529412 0.7529412 0.7529412 0.7529412 0.7529412 0.7529412 0.7529412 0.7529412 0.7529412 0.7529412 0.7529412 0.7529412 0.7529412 0.7529412 0.7529412 0.7529412 0.7529412 0.7529412 0.7529412 0.7529412 0.7529412 0.7529412 0.7529412 0.7529412 0.7529412 0.7529412 0.7529412 0.7529412 0.7529412 0.7529412 0.7529412 0.7529412 0.7529412 0.7529412 0.7529412 0.7529412 0.7529412 0.7529412 0.7529412 0.7529412 0.7529412 0.7529412 0.7529412 0.7529412 0.7529412 0.7529412 0.7529412 0.7529412 0.7529412 0.7529412 0.7529412 0.7529412 0.7529412 0.7529412 0.7529412 0.7529412 0.7529412 0.7529412 0.7529412 0.7529412 0.7529412 0.7529412 0.7529412 0.7529412 0.7529412 0.7529412 0.7529412 0.7529412 0.7529412 0.7529412 0.7529412 0.7529412 0.7529412 0.7529412 0.7529412 0.7529412 0.7529412 0.7529412 0.7529412 0.7529412 0.7529412 0.7529412 0.7529412 0.7529412 0.7529412 0.7529412 0.7529412 0.7529412 0.7529412 0.7529412 0.7529412 0.7529412 0.7529412 0.7529412 0.7529412 0.7529412 0.7529412 0.7529412 0.7529412 0.7529412 0.7529412 0.7529412 0.7529412 0.7529412 0.7529412 0.7529412 0.7529412 0.7529412 0.7529412 0.7529412 0.7529412 0.7529412 0.7529412 0.7529412 0.7529412 0.7529412 0.7529412 0.7529412 0.7529412 0.7529412 0.7529412 0.7529412 0.7529412 0.7529412 0.7529412 0.7529412 0.7529412 0.7529412 0.7529412 0.7529412 0.7529412 0.7529412 0.7529412 0.7529412 0.7529412 0.7529412 0.7529412 0.7529412 0.7529412 0.7529412 0.7529412 0.7529412 0.7529412 0.7529412 0.7529412 0.7529412 0.7529412 0.7529412 0.7529412 0.7529412 0.7529412 0.7529412 0.7529412 0.7529412 0.7529412 0.7529412 0.7529412 0.7529412 0.7529412 0.7529412 0.7529412 0.7529412 0.7529412 0.7529412 0.7529412 0.7529412 0.7529412 0.7529412 0.7529412 0.7529412 0.7529412 0.7529412 0.7529412 0.7529412 0.7529412 0.7529412 0.7529412 0.7529412 0.7529412 0.7529412 0.7529412 0.7529412 0.7529412 0.7529412 0.7529412 0.7529412 0.7529412 0.7529412 0.7529412 0.7529412 0.7529412 0.7529412 0.7529412 0.7529412 0.7529412 0.7529412 0.7529412 0.7529412 0.7529412 0.7529412 0.7529412 0.7529412 0.7529412 0.7529412 0.7529412 0.7529412 0.7529412 0.7529412 0.7529412 0.7529412 0.7529412 0.7529412 0.7529412 0.7529412 0.7529412 0.7529412 0.7529412 0.7529412 0.7529412 0.7529412 0.7529412 0.7529412 0.7529412 0.7529412 0.7529412 0.7529412 0.7529412 0.7529412 0.7529412 0.7529412 0.7529412 0.7529412 0.7529412 0.7529412 0.7529412 0.7529412 0.7529412 0.7529412 0.7529412 0.7529412 0.7529412 0.7529412 0.7529412 0.7529412 0.7529412 0.7529412 0.7529412 0.7529412 0.7529412 0.7529412 0.7529412 0.7529412 0.7529412 0.7529412 0.7529412 0.7529412 0.7529412 0.7529412 0.7529412 0.7529412 0.7529412 0.7529412 0.7529412 0.7529412 0.7529412 0.7529412 0.7529412 0.7529412 0.7529412 0.7529412 0.7529412 0.7529412 0.7529412 0.7529412 0.7529412 0.7529412 0.7529412 0.7529412 0.7529412 0.7529412 0.7529412 0.7529412 0.7529412 0.7529412 0.7529412 0.7529412 0.7529412 0.7529412 0.7529412 0.7529412 0.7529412 0.7529412 0.7529412 0.7529412 0.7529412 0.7529412 0.7529412 0.7529412 0.7529412 0.7529412 0.7529412 0.7529412 0.7529412 0.7529412 0.7529412 0.7529412 0.7529412 0.7529412 0.7529412 0.7529412 0.7529412 0.7529412 0.7529412 0.7529412 0.7529412 0.7529412 0.7529412 0.7529412 0.7529412 0.7529412 0.7529412 0.7529412 0.7529412 0.7529412 0.7529412 0.7529412 0.7529412 0.7529412 0.7529412 0.7529412 0.7529412 0.7529412 0.7529412 0.7529412 0.7529412 0.7529412 0.7529412 0.7529412 0.7529412 0.7529412 0.7529412 0.7529412 0.7529412 0.7529412 0.7529412 0.7529412 0.7529412 0.7529412 0.7529412 0.7529412 0.7529412 0.7529412 0.7529412 0.7529412 0.7529412 0.7529412 0.7529412 0.7529412 0.7529412 0.7529412 0.7529412 0.7529412 0.7529412 0.7529412 0.7529412 0.7529412 0.7529412 0.7529412 0.7529412 0.7529412 0.7529412 0.7529412 0.7529412 0.7529412 0.7529412 0.7529412 0.7529412 0.7529412 0.7529412 0.7529412 0.7529412 0.7529412 0.7529412 0.7529412 0.7529412 0.7529412 0.7529412 0.7529412 0.7529412 0.7529412 0.7529412 0.7529412 0.7529412 0.7529412 0.7529412 0.7529412 0.7529412 0.7529412 0.7529412 0.7529412 0.7529412 0.7529412 0.7529412 0.7529412 0.7529412 0.7529412 0.7529412 0.7529412 0.7529412 0.7529412 0.7529412 0.7529412 0.7529412 0.7529412 0.7529412 0.7529412 0.7529412 0.7529412 0.7529412 0.7529412 0.7529412 0.7529412 0.7529412 0.7529412 0.7529412 0.7529412 0.7529412 0.7529412 0.7529412 0.7529412 0.7529412 0.7529412 0.7529412 0.7529412 0.7529412 0.7529412 0.7529412 0.7529412 0.7529412 0.7529412 0.7529412 0.7529412 0.7529412 0.7529412 0.7529412 0.7529412 0.7529412 0.7529412 0.7529412 0.7529412 0.7529412 0.7529412 0.7529412 0.7529412 0.7529412 0.7529412 0.7529412 0.7529412 0.7529412 0.7529412 0.7529412 0.7529412 0.7529412 0.7529412 0.7529412 0.7529412 0.7529412 0.7529412 0.7529412 0.7529412 0.7529412 0.7529412 0.7529412 0.7529412 0.7529412 0.7529412 0.7529412 0.7529412 0.7529412 0.7529412 0.7529412 0.7529412 0.7529412 0.7529412 0.7529412 0.7529412 0.7529412 0.7529412 0.7529412 0.7529412 0.7529412 0.7529412 0.7529412 0.7529412 0.7529412 0.7529412 0.7529412 0.7529412 0.7529412 0.7529412 0.7529412 0.7529412 0.7529412 0.7529412 0.7529412 0.7529412 0.7529412 0.7529412 0.7529412 0.7529412 0.7529412 0.7529412 0.7529412 0.7529412 0.7529412 0.7529412 0.7529412 0.7529412 0.7529412 0.7529412 0.7529412 0.7529412 0.7529412 0.7529412 0.7529412 0.7529412 0.7529412 0.7529412 0.7529412 0.7529412 0.7529412 0.7529412 0.7529412 0.7529412 0.7529412 0.7529412 0.7529412 0.7529412 0.7529412 0.7529412 0.7529412 0.7529412 0.7529412 0.7529412 0.7529412 0.7529412 0.7529412 0.7529412 0.7529412 0.7529412 0.7529412 0.7529412 0.7529412 0.7529412 0.7529412 0.7529412 0.7529412 0.7529412 0.7529412 0.7529412 0.7529412 0.7529412 0.7529412 0.7529412 0.7529412 0.7529412 0.7529412 0.7529412 0.7529412 0.7529412 0.7529412 0.7529412 0.7529412 0.7529412 0.7529412 0.7529412 0.7529412 0.7529412 0.7529412 0.7529412 0.7529412 0.7529412 0.7529412 0.7529412 0.7529412 0.7529412 0.7529412 0.7529412 0.7529412 0.7529412 0.7529412 0.7529412 0.7529412 0.7529412 0.7529412 0.7529412 0.7529412 0.7529412 0.7529412 0.7529412 0.7529412 0.7529412 0.7529412 0.7529412 0.7529412 0.7529412 0.7529412 0.7529412 0.7529412 0.7529412 0.7529412 0.7529412 0.7529412 0.7529412 0.7529412 0.7529412 0.7529412 0.7529412 0.7529412</float_array>
          <technique_common>
            <accessor count="1488" source="#colors-array-array" stride="3">
              <param type="float" name="R"/>
              <param type="float" name="G"/>
              <param type="float" name="B"/>
            </accessor>
          </technique_common>
        </source>
        <vertices id="verts-array-vertices">
          <input semantic="POSITION" source="#verts-array"/>
        </vertices>
        <triangles count="3164" material="material1">
          <input offset="0" semantic="VERTEX" source="#verts-array-vertices"/>
          <input offset="1" semantic="NORMAL" source="#normals-array"/>
          <input offset="2" semantic="COLOR" source="#colors-array"/>
          <p>0 0 0 1 1 1 2 2 2 3 3 3 4 4 4 5 5 5 5 5 5 6 6 6 7 7 7 8 8 8 9 9 9 5 5 5 10 10 10 5 5 5 9 9 9 5 5 5 10 10 10 6 6 6 7 7 7 11 11 11 5 5 5 12 12 12 5 5 5 11 11 11 5 5 5 12 12 12 13 13 13 14 14 14 2 2 2 15 15 15 16 16 16 15 15 15 2 2 2 17 17 17 18 18 18 19 19 19 20 20 20 19 19 19 18 18 18 17 17 17 21 21 21 18 18 18 22 22 22 18 18 18 21 21 21 18 18 18 22 22 22 23 23 23 3 3 3 24 24 24 2 2 2 25 25 25 2 2 2 24 24 24 2 2 2 25 25 25 16 16 16 26 26 26 27 27 27 28 28 28 29 29 29 30 30 30 31 31 31 32 32 32 33 33 33 34 34 34 35 35 35 36 36 36 2 2 2 37 37 37 2 2 2 36 36 36 2 2 2 37 37 37 0 0 0 38 38 38 0 0 0 37 37 37 0 0 0 38 38 38 39 39 39 40 40 40 18 18 18 41 41 41 42 42 42 41 41 41 18 18 18 40 40 40 43 43 43 18 18 18 44 44 44 18 18 18 43 43 43 18 18 18 44 44 44 20 20 20 45 45 45 46 46 46 47 47 47 33 33 33 48 48 48 34 34 34 29 29 29 34 34 34 48 48 48 34 34 34 29 29 29 49 49 49 50 50 50 51 51 51 3 3 3 52 52 52 3 3 3 51 51 51 3 3 3 52 52 52 53 53 53 54 54 54 55 55 55 3 3 3 39 39 39 56 56 56 0 0 0 57 57 57 0 0 0 56 56 56 0 0 0 57 57 57 28 28 28 58 58 58 28 28 28 57 57 57 28 28 28 58 58 58 26 26 26 31 31 31 59 59 59 29 29 29 60 60 60 29 29 29 59 59 59 29 29 29 60 60 60 49 49 49 13 13 13 61 61 61 5 5 5 62 62 62 5 5 5 61 61 61 5 5 5 62 62 62 63 63 63 63 63 63 64 64 64 5 5 5 65 65 65 5 5 5 64 64 64 5 5 5 65 65 65 66 66 66 55 55 55 67 67 67 3 3 3 68 68 68 3 3 3 67 67 67 3 3 3 68 68 68 24 24 24 42 42 42 18 18 18 47 47 47 69 69 69 47 47 47 18 18 18 47 47 47 69 69 69 45 45 45 70 70 70 71 71 71 72 72 72 14 14 14 73 73 73 2 2 2 74 74 74 2 2 2 73 73 73 2 2 2 74 74 74 75 75 75 76 76 76 77 77 77 30 30 30 77 77 77 78 78 78 30 30 30 79 79 79 30 30 30 78 78 78 30 30 30 79 79 79 31 31 31 80 80 80 81 81 81 34 34 34 82 82 82 34 34 34 81 81 81 34 34 34 82 82 82 32 32 32 53 53 53 83 83 83 3 3 3 84 84 84 3 3 3 83 83 83 3 3 3 84 84 84 85 85 85 3 3 3 86 86 86 87 87 87 71 71 71 88 88 88 72 72 72 89 89 89 72 72 72 88 88 88 72 72 72 89 89 89 5 5 5 90 90 90 5 5 5 89 89 89 5 5 5 90 90 90 8 8 8 91 91 91 92 92 92 34 34 34 93 93 93 94 94 94 95 95 95 96 96 96 95 95 95 94 94 94 95 95 95 96 96 96 97 97 97 98 98 98 97 97 97 96 96 96 97 97 97 98 98 98 99 99 99 66 66 66 100 100 100 5 5 5 101 101 101 5 5 5 100 100 100 5 5 5 101 101 101 3 3 3 102 102 102 3 3 3 101 101 101 3 3 3 102 102 102 50 50 50 87 87 87 103 103 103 3 3 3 104 104 104 3 3 3 103 103 103 3 3 3 104 104 104 105 105 105 92 92 92 106 106 106 34 34 34 107 107 107 34 34 34 106 106 106 34 34 34 107 107 107 80 80 80 108 108 108 95 95 95 75 75 75 109 109 109 75 75 75 95 95 95 75 75 75 109 109 109 110 110 110 23 23 23 111 111 111 18 18 18 112 112 112 18 18 18 111 111 111 18 18 18 112 112 112 113 113 113 114 114 114 113 113 113 112 112 112 113 113 113 114 114 114 115 115 115 116 116 116 115 115 115 114 114 114 115 115 115 116 116 116 85 85 85 117 117 117 85 85 85 116 116 116 85 85 85 117 117 117 3 3 3 118 118 118 3 3 3 117 117 117 3 3 3 118 118 118 86 86 86 105 105 105 119 119 119 3 3 3 120 120 120 3 3 3 119 119 119 3 3 3 120 120 120 54 54 54 108 108 108 121 121 121 95 95 95 122 122 122 95 95 95 121 121 121 95 95 95 122 122 122 123 123 123 110 110 110 124 124 124 75 75 75 125 125 125 75 75 75 124 124 124 75 75 75 125 125 125 126 126 126 75 75 75 127 127 127 2 2 2 128 128 128 2 2 2 127 127 127 2 2 2 128 128 128 35 35 35 129 129 129 130 130 130 72 72 72 131 131 131 72 72 72 130 130 130 72 72 72 131 131 131 70 70 70 123 123 123 132 132 132 95 95 95 133 133 133 95 95 95 132 132 132 95 95 95 133 133 133 93 93 93 126 126 126 134 134 134 75 75 75 135 135 135 75 75 75 134 134 134 75 75 75 135 135 135 136 136 136 137 137 137 138 138 138 28 28 28 139 139 139 28 28 28 138 138 138 136 136 136 140 140 140 75 75 75 141 141 141 75 75 75 140 140 140 75 75 75 141 141 141 127 127 127 142 142 142 143 143 143 30 30 30 144 144 144 30 30 30 143 143 143 30 30 30 144 144 144 76 76 76 99 99 99 98 98 98 145 145 145 146 146 146 145 145 145 98 98 98 145 145 145 146 146 146 34 34 34 147 147 147 34 34 34 146 146 146 34 34 34 147 147 147 91 91 91 139 139 139 148 148 148 28 28 28 149 149 149 28 28 28 148 148 148 28 28 28 149 149 149 30 30 30 150 150 150 30 30 30 149 149 149 30 30 30 150 150 150 142 142 142 151 151 151 152 152 152 28 28 28 153 153 153 28 28 28 152 152 152 28 28 28 153 153 153 137 137 137 154 154 154 155 155 155 30 30 30 156 156 156 30 30 30 155 155 155 30 30 30 156 156 156 28 28 28 157 157 157 28 28 28 156 156 156 28 28 28 157 157 157 72 72 72 158 158 158 72 72 72 157 157 157 72 72 72 158 158 158 129 129 129 159 159 159 160 160 160 28 28 28 159 159 159 28 28 28 161 161 161 160 160 160 162 162 162 28 28 28 163 163 163 28 28 28 162 162 162 28 28 28 163 163 163 151 151 151 164 164 164 165 165 165 166 166 166 167 167 167 168 168 168 166 166 166 169 169 169 166 166 166 168 168 168 166 166 166 169 169 169 30 30 30 170 170 170 30 30 30 169 169 169 30 30 30 170 170 170 154 154 154 171 171 171 172 172 172 47 47 47 173 173 173 47 47 47 172 172 172 173 173 173 174 174 174 47 47 47 175 175 175 47 47 47 174 174 174 47 47 47 175 175 175 176 176 176 164 164 164 166 166 166 177 177 177 165 165 165 178 178 178 166 166 166 179 179 179 166 166 166 178 178 178 166 166 166 179 179 179 167 167 167 46 46 46 180 180 180 47 47 47 181 181 181 47 47 47 180 180 180 47 47 47 181 181 181 182 182 182 176 176 176 175 175 175 166 166 166 183 183 183 166 166 166 175 175 175 166 166 166 183 183 183 177 177 177 182 182 182 184 184 184 47 47 47 185 185 185 47 47 47 184 184 184 47 47 47 185 185 185 171 171 171 186 186 186 187 187 187 28 28 28 188 188 188 28 28 28 187 187 187 28 28 28 188 188 188 189 189 189 189 189 189 190 190 190 28 28 28 191 191 191 28 28 28 190 190 190 28 28 28 191 191 191 161 161 161 27 27 27 192 192 192 28 28 28 193 193 193 28 28 28 192 192 192 28 28 28 193 193 193 194 194 194 194 194 194 195 195 195 28 28 28 196 196 196 28 28 28 195 195 195 28 28 28 196 196 196 186 186 186 103 103 103 87 87 87 197 197 197 114 114 114 112 112 112 198 198 198 47 47 47 176 176 176 199 199 199 200 200 200 15 15 15 16 16 16 200 200 200 16 16 16 201 201 201 75 75 75 74 74 74 202 202 202 73 73 73 202 202 202 74 74 74 202 202 202 73 73 73 200 200 200 14 14 14 200 200 200 73 73 73 200 200 200 14 14 14 15 15 15 203 203 203 108 108 108 204 204 204 75 75 75 204 204 204 108 108 108 123 123 123 122 122 122 203 203 203 121 121 121 203 203 203 122 122 122 203 203 203 121 121 121 108 108 108 205 205 205 132 132 132 123 123 123 205 205 205 123 123 123 206 206 206 207 207 207 93 93 93 205 205 205 133 133 133 205 205 205 93 93 93 205 205 205 133 133 133 132 132 132 98 98 98 96 96 96 207 207 207 94 94 94 207 207 207 96 96 96 207 207 207 94 94 94 93 93 93 208 208 208 146 146 146 98 98 98 208 208 208 98 98 98 209 209 209 210 210 210 211 211 211 106 106 106 106 106 106 92 92 92 210 210 210 91 91 91 210 210 210 92 92 92 210 210 210 91 91 91 208 208 208 147 147 147 208 208 208 91 91 91 208 208 208 147 147 147 146 146 146 82 82 82 81 81 81 212 212 212 80 80 80 212 212 212 81 81 81 212 212 212 80 80 80 211 211 211 107 107 107 211 211 211 80 80 80 211 211 211 107 107 107 106 106 106 82 82 82 212 212 212 32 32 32 213 213 213 32 32 32 212 212 212 32 32 32 213 213 213 33 33 33 214 214 214 33 33 33 213 213 213 33 33 33 214 214 214 48 48 48 199 199 199 176 176 176 215 215 215 176 176 176 166 166 166 215 215 215 30 30 30 215 215 215 166 166 166 215 215 215 30 30 30 214 214 214 29 29 29 214 214 214 30 30 30 214 214 214 29 29 29 48 48 48 47 47 47 199 199 199 42 42 42 216 216 216 42 42 42 199 199 199 42 42 42 216 216 216 41 41 41 41 41 41 216 216 216 40 40 40 217 217 217 40 40 40 216 216 216 40 40 40 217 217 217 43 43 43 218 218 218 19 19 19 20 20 20 218 218 218 20 20 20 217 217 217 44 44 44 217 217 217 20 20 20 217 217 217 44 44 44 43 43 43 19 19 19 218 218 218 17 17 17 219 219 219 17 17 17 218 218 218 17 17 17 219 219 219 21 21 21 21 21 21 219 219 219 22 22 22 220 220 220 22 22 22 219 219 219 22 22 22 220 220 220 23 23 23 221 221 221 117 117 117 198 198 198 116 116 116 198 198 198 117 117 117 198 198 198 116 116 116 114 114 114 222 222 222 86 86 86 221 221 221 118 118 118 221 221 221 86 86 86 221 221 221 118 118 118 117 117 117 223 223 223 105 105 105 197 197 197 104 104 104 197 197 197 105 105 105 197 197 197 104 104 104 103 103 103 67 67 67 55 55 55 224 224 224 54 54 54 224 224 224 55 55 55 224 224 224 54 54 54 225 225 225 120 120 120 225 225 225 54 54 54 225 225 225 120 120 120 119 119 119 16 16 16 25 25 25 201 201 201 24 24 24 201 201 201 25 25 25 201 201 201 24 24 24 224 224 224 68 68 68 224 224 224 24 24 24 224 224 224 68 68 68 67 67 67 75 75 75 202 202 202 204 204 204 200 200 200 204 204 204 202 202 202 204 204 204 200 200 200 226 226 226 201 201 201 226 226 226 200 200 200 226 226 226 201 201 201 227 227 227 224 224 224 227 227 227 201 201 201 227 227 227 224 224 224 228 228 228 225 225 225 228 228 228 224 224 224 228 228 228 225 225 225 223 223 223 119 119 119 223 223 223 225 225 225 223 223 223 119 119 119 105 105 105 123 123 123 203 203 203 206 206 206 204 204 204 206 206 206 203 203 203 206 206 206 204 204 204 229 229 229 226 226 226 229 229 229 204 204 204 229 229 229 226 226 226 230 230 230 227 227 227 230 230 230 226 226 226 230 230 230 227 227 227 231 231 231 228 228 228 231 231 231 227 227 227 231 231 231 228 228 228 232 232 232 223 223 223 232 232 232 228 228 228 232 232 232 223 223 223 233 233 233 197 197 197 233 233 233 223 223 223 233 233 233 197 197 197 222 222 222 87 87 87 222 222 222 197 197 197 222 222 222 87 87 87 86 86 86 98 98 98 207 207 207 209 209 209 205 205 205 209 209 209 207 207 207 209 209 209 205 205 205 234 234 234 206 206 206 234 234 234 205 205 205 234 234 234 206 206 206 235 235 235 229 229 229 235 235 235 206 206 206 235 235 235 229 229 229 236 236 236 230 230 230 236 236 236 229 229 229 236 236 236 230 230 230 237 237 237 231 231 231 237 237 237 230 230 230 237 237 237 231 231 231 238 238 238 232 232 232 238 238 238 231 231 231 238 238 238 232 232 232 239 239 239 233 233 233 239 239 239 232 232 232 239 239 239 233 233 233 240 240 240 222 222 222 240 240 240 233 233 233 240 240 240 222 222 222 241 241 241 221 221 221 241 241 241 222 222 222 241 241 241 221 221 221 242 242 242 198 198 198 242 242 242 221 221 221 242 242 242 198 198 198 243 243 243 112 112 112 243 243 243 198 198 198 243 243 243 112 112 112 220 220 220 111 111 111 220 220 220 112 112 112 220 220 220 111 111 111 23 23 23 214 214 214 244 244 244 215 215 215 245 245 245 215 215 215 244 244 244 215 215 215 245 245 245 199 199 199 246 246 246 199 199 199 245 245 245 199 199 199 246 246 246 216 216 216 247 247 247 216 216 216 246 246 246 216 216 216 247 247 247 217 217 217 248 248 248 217 217 217 247 247 247 217 217 217 248 248 248 218 218 218 249 249 249 218 218 218 248 248 248 218 218 218 249 249 249 219 219 219 250 250 250 219 219 219 249 249 249 219 219 219 250 250 250 220 220 220 251 251 251 220 220 220 250 250 250 220 220 220 251 251 251 243 243 243 252 252 252 243 243 243 251 251 251 243 243 243 252 252 252 242 242 242 253 253 253 242 242 242 252 252 252 242 242 242 253 253 253 241 241 241 254 254 254 241 241 241 253 253 253 241 241 241 254 254 254 240 240 240 255 255 255 240 240 240 254 254 254 240 240 240 255 255 255 239 239 239 256 256 256 239 239 239 255 255 255 239 239 239 256 256 256 238 238 238 257 257 257 238 238 238 256 256 256 238 238 238 257 257 257 237 237 237 258 258 258 237 237 237 257 257 257 237 237 237 258 258 258 236 236 236 259 259 259 236 236 236 258 258 258 236 236 236 259 259 259 235 235 235 260 260 260 235 235 235 259 259 259 235 235 235 260 260 260 234 234 234 261 261 261 234 234 234 260 260 260 234 234 234 261 261 261 209 209 209 262 262 262 209 209 209 261 261 261 209 209 209 262 262 262 208 208 208 263 263 263 208 208 208 262 262 262 208 208 208 263 263 263 210 210 210 264 264 264 210 210 210 263 263 263 210 210 210 264 264 264 211 211 211 265 265 265 211 211 211 264 264 264 211 211 211 265 265 265 212 212 212 266 266 266 212 212 212 265 265 265 212 212 212 266 266 266 213 213 213 267 267 267 213 213 213 266 266 266 213 213 213 267 267 267 214 214 214 244 244 244 214 214 214 267 267 267 134 134 134 126 126 126 268 268 268 95 95 95 97 97 97 269 269 269 143 143 143 142 142 142 270 270 270 271 271 271 56 56 56 39 39 39 271 271 271 39 39 39 272 272 272 27 27 27 26 26 26 273 273 273 58 58 58 273 273 273 26 26 26 273 273 273 58 58 58 271 271 271 57 57 57 271 271 271 58 58 58 271 271 271 57 57 57 56 56 56 274 274 274 192 192 192 275 275 275 27 27 27 275 275 275 192 192 192 195 195 195 194 194 194 274 274 274 193 193 193 274 274 274 194 194 194 274 274 274 193 193 193 192 192 192 276 276 276 196 196 196 195 195 195 276 276 276 195 195 195 277 277 277 278 278 278 187 187 187 276 276 276 186 186 186 276 276 276 187 187 187 276 276 276 186 186 186 196 196 196 190 190 190 189 189 189 278 278 278 188 188 188 278 278 278 189 189 189 278 278 278 188 188 188 187 187 187 279 279 279 191 191 191 190 190 190 279 279 279 190 190 190 280 280 280 281 281 281 282 282 282 162 162 162 162 162 162 160 160 160 281 281 281 159 159 159 281 281 281 160 160 160 281 281 281 159 159 159 279 279 279 161 161 161 279 279 279 159 159 159 279 279 279 161 161 161 191 191 191 153 153 153 152 152 152 283 283 283 151 151 151 283 283 283 152 152 152 283 283 283 151 151 151 282 282 282 163 163 163 282 282 282 151 151 151 282 282 282 163 163 163 162 162 162 153 153 153 283 283 283 137 137 137 284 284 284 137 137 137 283 283 283 137 137 137 284 284 284 138 138 138 285 285 285 138 138 138 284 284 284 138 138 138 285 285 285 139 139 139 270 270 270 142 142 142 286 286 286 142 142 142 150 150 150 286 286 286 149 149 149 286 286 286 150 150 150 286 286 286 149 149 149 285 285 285 148 148 148 285 285 285 149 149 149 285 285 285 148 148 148 139 139 139 143 143 143 270 270 270 144 144 144 287 287 287 144 144 144 270 270 270 144 144 144 287 287 287 76 76 76 76 76 76 287 287 287 77 77 77 288 288 288 77 77 77 287 287 287 77 77 77 288 288 288 78 78 78 289 289 289 59 59 59 31 31 31 289 289 289 31 31 31 288 288 288 79 79 79 288 288 288 31 31 31 288 288 288 79 79 79 78 78 78 59 59 59 289 289 289 60 60 60 290 290 290 60 60 60 289 289 289 60 60 60 290 290 290 49 49 49 49 49 49 290 290 290 34 34 34 291 291 291 34 34 34 290 290 290 34 34 34 291 291 291 145 145 145 292 292 292 110 110 110 269 269 269 109 109 109 269 269 269 110 110 110 269 269 269 109 109 109 95 95 95 293 293 293 125 125 125 292 292 292 124 124 124 292 292 292 125 125 125 292 292 292 124 124 124 110 110 110 294 294 294 136 136 136 268 268 268 135 135 135 268 268 268 136 136 136 268 268 268 135 135 135 134 134 134 35 35 35 128 128 128 295 295 295 127 127 127 295 295 295 128 128 128 295 295 295 127 127 127 296 296 296 141 141 141 296 296 296 127 127 127 296 296 296 141 141 141 140 140 140 39 39 39 38 38 38 272 272 272 37 37 37 272 272 272 38 38 38 272 272 272 37 37 37 295 295 295 36 36 36 295 295 295 37 37 37 295 295 295 36 36 36 35 35 35 27 27 27 273 273 273 275 275 275 271 271 271 275 275 275 273 273 273 275 275 275 271 271 271 297 297 297 272 272 272 297 297 297 271 271 271 297 297 297 272 272 272 298 298 298 295 295 295 298 298 298 272 272 272 298 298 298 295 295 295 299 299 299 296 296 296 299 299 299 295 295 295 299 299 299 296 296 296 294 294 294 140 140 140 294 294 294 296 296 296 294 294 294 140 140 140 136 136 136 195 195 195 274 274 274 277 277 277 275 275 275 277 277 277 274 274 274 277 277 277 275 275 275 300 300 300 297 297 297 300 300 300 275 275 275 300 300 300 297 297 297 301 301 301 298 298 298 301 301 301 297 297 297 301 301 301 298 298 298 302 302 302 299 299 299 302 302 302 298 298 298 302 302 302 299 299 299 303 303 303 294 294 294 303 303 303 299 299 299 303 303 303 294 294 294 304 304 304 268 268 268 304 304 304 294 294 294 304 304 304 268 268 268 293 293 293 126 126 126 293 293 293 268 268 268 293 293 293 126 126 126 125 125 125 190 190 190 278 278 278 280 280 280 276 276 276 280 280 280 278 278 278 280 280 280 276 276 276 305 305 305 277 277 277 305 305 305 276 276 276 305 305 305 277 277 277 306 306 306 300 300 300 306 306 306 277 277 277 306 306 306 300 300 300 307 307 307 301 301 301 307 307 307 300 300 300 307 307 307 301 301 301 308 308 308 302 302 302 308 308 308 301 301 301 308 308 308 302 302 302 309 309 309 303 303 303 309 309 309 302 302 302 309 309 309 303 303 303 310 310 310 304 304 304 310 310 310 303 303 303 310 310 310 304 304 304 311 311 311 293 293 293 311 311 311 304 304 304 311 311 311 293 293 293 312 312 312 292 292 292 312 312 312 293 293 293 312 312 312 292 292 292 313 313 313 269 269 269 313 313 313 292 292 292 313 313 313 269 269 269 314 314 314 97 97 97 314 314 314 269 269 269 314 314 314 97 97 97 291 291 291 99 99 99 291 291 291 97 97 97 291 291 291 99 99 99 145 145 145 285 285 285 315 315 315 286 286 286 316 316 316 286 286 286 315 315 315 286 286 286 316 316 316 270 270 270 317 317 317 270 270 270 316 316 316 270 270 270 317 317 317 287 287 287 318 318 318 287 287 287 317 317 317 287 287 287 318 318 318 288 288 288 319 319 319 288 288 288 318 318 318 288 288 288 319 319 319 289 289 289 320 320 320 289 289 289 319 319 319 289 289 289 320 320 320 290 290 290 321 321 321 290 290 290 320 320 320 290 290 290 321 321 321 291 291 291 322 322 322 291 291 291 321 321 321 291 291 291 322 322 322 314 314 314 323 323 323 314 314 314 322 322 322 314 314 314 323 323 323 313 313 313 324 324 324 313 313 313 323 323 323 313 313 313 324 324 324 312 312 312 325 325 325 312 312 312 324 324 324 312 312 312 325 325 325 311 311 311 326 326 326 311 311 311 325 325 325 311 311 311 326 326 326 310 310 310 327 327 327 310 310 310 326 326 326 310 310 310 327 327 327 309 309 309 328 328 328 309 309 309 327 327 327 309 309 309 328 328 328 308 308 308 329 329 329 308 308 308 328 328 328 308 308 308 329 329 329 307 307 307 330 330 330 307 307 307 329 329 329 307 307 307 330 330 330 306 306 306 331 331 331 306 306 306 330 330 330 306 306 306 331 331 331 305 305 305 332 332 332 305 305 305 331 331 331 305 305 305 332 332 332 280 280 280 333 333 333 280 280 280 332 332 332 280 280 280 333 333 333 279 279 279 334 334 334 279 279 279 333 333 333 279 279 279 334 334 334 281 281 281 335 335 335 281 281 281 334 334 334 281 281 281 335 335 335 282 282 282 336 336 336 282 282 282 335 335 335 282 282 282 336 336 336 283 283 283 337 337 337 283 283 283 336 336 336 283 283 283 337 337 337 284 284 284 338 338 338 284 284 284 337 337 337 284 284 284 338 338 338 285 285 285 315 315 315 285 285 285 338 338 338 4 4 4 339 339 339 5 5 5 340 340 340 5 5 5 339 339 339 341 341 341 72 72 72 340 340 340 5 5 5 340 340 340 72 72 72 28 28 28 342 342 342 0 0 0 343 343 343 0 0 0 342 342 342 344 344 344 342 342 342 28 28 28 341 341 341 345 345 345 72 72 72 346 346 346 72 72 72 345 345 345 72 72 72 346 346 346 28 28 28 347 347 347 28 28 28 346 346 346 348 348 348 349 349 349 350 350 350 351 351 351 347 347 347 350 350 350 352 352 352 350 350 350 347 347 347 350 350 350 352 352 352 348 348 348 353 353 353 354 354 354 355 355 355 348 348 348 355 355 355 354 354 354 355 355 355 348 348 348 356 356 356 352 352 352 356 356 356 348 348 348 356 356 356 352 352 352 357 357 357 358 358 358 357 357 357 352 352 352 359 359 359 360 360 360 351 351 351 361 361 361 351 351 351 360 360 360 351 351 351 361 361 361 347 347 347 362 362 362 347 347 347 361 361 361 347 347 347 362 362 362 28 28 28 363 363 363 28 28 28 362 362 362 28 28 28 363 363 363 344 344 344 364 364 364 344 344 344 1 1 1 363 363 363 1 1 1 344 344 344 1 1 1 363 363 363 2 2 2 365 365 365 2 2 2 363 363 363 366 366 366 354 354 354 367 367 367 353 353 353 367 367 367 354 354 354 368 368 368 369 369 369 348 348 348 349 349 349 348 348 348 369 369 369 370 370 370 371 371 371 372 372 372 373 373 373 372 372 372 371 371 371 374 374 374 375 375 375 376 376 376 377 377 377 378 378 378 379 379 379 380 380 380 379 379 379 378 378 378 381 381 381 382 382 382 383 383 383 384 384 384 377 377 377 385 385 385 379 379 379 385 385 385 377 377 377 385 385 385 379 379 379 383 383 383 374 374 374 383 383 383 379 379 379 383 383 383 374 374 374 381 381 381 376 376 376 381 381 381 374 374 374 386 386 386 387 387 387 388 388 388 389 389 389 388 388 388 387 387 387 390 390 390 391 391 391 392 392 392 393 393 393 392 392 392 391 391 391 394 394 394 395 395 395 396 396 396 397 397 397 396 396 396 395 395 395 398 398 398 399 399 399 400 400 400 401 401 401 400 400 400 399 399 399 402 402 402 403 403 403 404 404 404 405 405 405 404 404 404 403 403 403 380 380 380 406 406 406 379 379 379 407 407 407 379 379 379 406 406 406 380 380 380 408 408 408 406 406 406 409 409 409 406 406 406 408 408 408 373 373 373 410 410 410 372 372 372 408 408 408 372 372 372 410 410 410 411 411 411 406 406 406 375 375 375 409 409 409 375 375 375 406 406 406 375 375 375 409 409 409 376 376 376 412 412 412 376 376 376 409 409 409 413 413 413 372 372 372 414 414 414 408 408 408 414 414 414 372 372 372 414 414 414 408 408 408 378 378 378 380 380 380 378 378 378 408 408 408 374 374 374 415 415 415 375 375 375 411 411 411 375 375 375 415 415 415 379 379 379 407 407 407 374 374 374 415 415 415 374 374 374 407 407 407 416 416 416 417 417 417 384 384 384 418 418 418 371 371 371 417 417 417 370 370 370 417 417 417 371 371 371 377 377 377 384 384 384 419 419 419 417 417 417 419 419 419 384 384 384 419 419 419 417 417 417 420 420 420 370 370 370 420 420 420 417 417 417 421 421 421 422 422 422 382 382 382 381 381 381 423 423 423 382 382 382 416 416 416 382 382 382 423 423 423 382 382 382 416 416 416 421 421 421 384 384 384 421 421 421 416 416 416 424 424 424 421 421 421 385 385 385 384 384 384 385 385 385 421 421 421 425 425 425 424 424 424 383 383 383 385 385 385 383 383 383 424 424 424 422 422 422 425 425 425 382 382 382 383 383 383 382 382 382 425 425 425 388 388 388 389 389 389 426 426 426 427 427 427 396 396 396 397 397 397 391 391 391 390 390 390 397 397 397 388 388 388 397 397 397 390 390 390 397 397 397 388 388 388 427 427 427 426 426 426 427 427 427 388 388 388 428 428 428 429 429 429 430 430 430 431 431 431 430 430 430 429 429 429 430 430 430 431 431 431 432 432 432 433 433 433 432 432 432 431 431 431 432 432 432 433 433 433 434 434 434 435 435 435 434 434 434 433 433 433 434 434 434 435 435 435 436 436 436 437 437 437 436 436 436 435 435 435 436 436 436 437 437 437 438 438 438 439 439 439 438 438 438 437 437 437 438 438 438 439 439 439 440 440 440 441 441 441 440 440 440 439 439 439 440 440 440 441 441 441 442 442 442 443 443 443 442 442 442 441 441 441 442 442 442 443 443 443 444 444 444 445 445 445 444 444 444 443 443 443 444 444 444 445 445 445 446 446 446 447 447 447 446 446 446 445 445 445 446 446 446 447 447 447 448 448 448 449 449 449 448 448 448 447 447 447 448 448 448 449 449 449 450 450 450 451 451 451 450 450 450 449 449 449 450 450 450 451 451 451 452 452 452 453 453 453 452 452 452 451 451 451 452 452 452 453 453 453 454 454 454 455 455 455 454 454 454 453 453 453 454 454 454 455 455 455 456 456 456 457 457 457 456 456 456 455 455 455 456 456 456 457 457 457 458 458 458 459 459 459 458 458 458 457 457 457 458 458 458 459 459 459 460 460 460 461 461 461 460 460 460 459 459 459 460 460 460 461 461 461 462 462 462 463 463 463 462 462 462 461 461 461 462 462 462 463 463 463 464 464 464 465 465 465 464 464 464 463 463 463 464 464 464 465 465 465 466 466 466 467 467 467 466 466 466 465 465 465 466 466 466 467 467 467 468 468 468 469 469 469 468 468 468 467 467 467 468 468 468 469 469 469 470 470 470 471 471 471 470 470 470 469 469 469 470 470 470 471 471 471 472 472 472 473 473 473 472 472 472 471 471 471 472 472 472 473 473 473 474 474 474 475 475 475 474 474 474 473 473 473 474 474 474 475 475 475 428 428 428 429 429 429 428 428 428 475 475 475 476 476 476 326 326 326 477 477 477 325 325 325 477 477 477 326 326 326 477 477 477 325 325 325 478 478 478 324 324 324 478 478 478 325 325 325 478 478 478 324 324 324 479 479 479 323 323 323 479 479 479 324 324 324 479 479 479 323 323 323 480 480 480 322 322 322 480 480 480 323 323 323 480 480 480 322 322 322 481 481 481 321 321 321 481 481 481 322 322 322 481 481 481 321 321 321 482 482 482 320 320 320 482 482 482 321 321 321 482 482 482 320 320 320 483 483 483 319 319 319 483 483 483 320 320 320 483 483 483 319 319 319 484 484 484 318 318 318 484 484 484 319 319 319 484 484 484 318 318 318 485 485 485 317 317 317 485 485 485 318 318 318 485 485 485 317 317 317 486 486 486 316 316 316 486 486 486 317 317 317 486 486 486 316 316 316 487 487 487 315 315 315 487 487 487 316 316 316 487 487 487 315 315 315 488 488 488 338 338 338 488 488 488 315 315 315 488 488 488 338 338 338 489 489 489 337 337 337 489 489 489 338 338 338 489 489 489 337 337 337 490 490 490 336 336 336 490 490 490 337 337 337 490 490 490 336 336 336 491 491 491 335 335 335 491 491 491 336 336 336 491 491 491 335 335 335 492 492 492 334 334 334 492 492 492 335 335 335 492 492 492 334 334 334 493 493 493 333 333 333 493 493 493 334 334 334 493 493 493 333 333 333 494 494 494 332 332 332 494 494 494 333 333 333 494 494 494 332 332 332 495 495 495 331 331 331 495 495 495 332 332 332 495 495 495 331 331 331 496 496 496 330 330 330 496 496 496 331 331 331 496 496 496 330 330 330 497 497 497 329 329 329 497 497 497 330 330 330 497 497 497 329 329 329 498 498 498 328 328 328 498 498 498 329 329 329 498 498 498 328 328 328 499 499 499 327 327 327 499 499 499 328 328 328 499 499 499 327 327 327 476 476 476 326 326 326 476 476 476 327 327 327 500 500 500 255 255 255 501 501 501 254 254 254 501 501 501 255 255 255 501 501 501 254 254 254 502 502 502 253 253 253 502 502 502 254 254 254 502 502 502 253 253 253 503 503 503 252 252 252 503 503 503 253 253 253 503 503 503 252 252 252 504 504 504 251 251 251 504 504 504 252 252 252 504 504 504 251 251 251 505 505 505 250 250 250 505 505 505 251 251 251 505 505 505 250 250 250 506 506 506 249 249 249 506 506 506 250 250 250 506 506 506 249 249 249 507 507 507 248 248 248 507 507 507 249 249 249 507 507 507 248 248 248 508 508 508 247 247 247 508 508 508 248 248 248 508 508 508 247 247 247 509 509 509 246 246 246 509 509 509 247 247 247 509 509 509 246 246 246 510 510 510 245 245 245 510 510 510 246 246 246 510 510 510 245 245 245 511 511 511 244 244 244 511 511 511 245 245 245 511 511 511 244 244 244 512 512 512 267 267 267 512 512 512 244 244 244 512 512 512 267 267 267 513 513 513 266 266 266 513 513 513 267 267 267 513 513 513 266 266 266 514 514 514 265 265 265 514 514 514 266 266 266 514 514 514 265 265 265 515 515 515 264 264 264 515 515 515 265 265 265 515 515 515 264 264 264 516 516 516 263 263 263 516 516 516 264 264 264 516 516 516 263 263 263 517 517 517 262 262 262 517 517 517 263 263 263 517 517 517 262 262 262 518 518 518 261 261 261 518 518 518 262 262 262 518 518 518 261 261 261 519 519 519 260 260 260 519 519 519 261 261 261 519 519 519 260 260 260 520 520 520 259 259 259 520 520 520 260 260 260 520 520 520 259 259 259 521 521 521 258 258 258 521 521 521 259 259 259 521 521 521 258 258 258 522 522 522 257 257 257 522 522 522 258 258 258 522 522 522 257 257 257 523 523 523 256 256 256 523 523 523 257 257 257 523 523 523 256 256 256 500 500 500 255 255 255 500 500 500 256 256 256 524 524 524 525 525 525 526 526 526 527 527 527 526 526 526 525 525 525 528 528 528 526 526 526 529 529 529 527 527 527 529 529 529 526 526 526 529 529 529 527 527 527 530 530 530 531 531 531 530 530 530 527 527 527 401 401 401 399 399 399 426 426 426 387 387 387 350 350 350 389 389 389 349 349 349 389 389 389 350 350 350 389 389 389 349 349 349 426 426 426 369 369 369 426 426 426 349 349 349 426 426 426 369 369 369 401 401 401 403 403 403 402 402 402 524 524 524 367 367 367 524 524 524 402 402 402 524 524 524 367 367 367 525 525 525 353 353 353 525 525 525 367 367 367 525 525 525 353 353 353 532 532 532 355 355 355 532 532 532 353 353 353 420 420 420 370 370 370 413 413 413 372 372 372 413 413 413 370 370 370 533 533 533 534 534 534 377 377 377 535 535 535 377 377 377 536 536 536 537 537 537 536 536 536 377 377 377 538 538 538 539 539 539 378 378 378 540 540 540 378 378 378 539 539 539 414 414 414 541 541 541 542 542 542 543 543 543 544 544 544 419 419 419 545 545 545 419 419 419 544 544 544 419 419 419 545 545 545 546 546 546 533 533 533 377 377 377 547 547 547 540 540 540 548 548 548 378 378 378 549 549 549 378 378 378 548 548 548 378 378 378 549 549 549 414 414 414 550 550 550 414 414 414 549 549 549 414 414 414 550 550 550 541 541 541 542 542 542 551 551 551 414 414 414 552 552 552 414 414 414 551 551 551 414 414 414 552 552 552 553 553 553 546 546 546 554 554 554 419 419 419 555 555 555 419 419 419 554 554 554 419 419 419 555 555 555 377 377 377 556 556 556 377 377 377 555 555 555 377 377 377 556 556 556 547 547 547 557 557 557 558 558 558 559 559 559 560 560 560 561 561 561 562 562 562 563 563 563 562 562 562 561 561 561 562 562 562 563 563 563 564 564 564 565 565 565 566 566 566 414 414 414 567 567 567 414 414 414 566 566 566 414 414 414 567 567 567 568 568 568 568 568 568 569 569 569 414 414 414 562 562 562 414 414 414 569 569 569 414 414 414 562 562 562 419 419 419 564 564 564 419 419 419 562 562 562 419 419 419 564 564 564 543 543 543 560 560 560 562 562 562 570 570 570 571 571 571 570 570 570 562 562 562 570 570 570 571 571 571 572 572 572 573 573 573 572 572 572 571 571 571 572 572 572 573 573 573 574 574 574 535 535 535 575 575 575 377 377 377 576 576 576 377 377 377 575 575 575 377 377 377 576 576 576 378 378 378 577 577 577 378 378 378 576 576 576 378 378 378 577 577 577 538 538 538 578 578 578 579 579 579 580 580 580 559 559 559 580 580 580 579 579 579 580 580 580 559 559 559 581 581 581 558 558 558 581 581 581 559 559 559 553 553 553 582 582 582 414 414 414 583 583 583 414 414 414 582 582 582 414 414 414 583 583 583 565 565 565 584 584 584 565 565 565 583 583 583 565 565 565 584 584 584 585 585 585 586 586 586 587 587 587 537 537 537 588 588 588 537 537 537 587 587 587 537 537 537 588 588 588 589 589 589 590 590 590 589 589 589 588 588 588 589 589 589 590 590 590 591 591 591 565 565 565 591 591 591 590 590 590 591 591 591 565 565 565 592 592 592 585 585 585 592 592 592 565 565 565 574 574 574 593 593 593 572 572 572 594 594 594 572 572 572 593 593 593 572 572 572 594 594 594 595 595 595 596 596 596 595 595 595 594 594 594 595 595 595 596 596 596 559 559 559 597 597 597 559 559 559 596 596 596 559 559 559 597 597 597 557 557 557 534 534 534 598 598 598 377 377 377 599 599 599 377 377 377 598 598 598 377 377 377 599 599 599 600 600 600 600 600 600 601 601 601 578 578 578 602 602 602 578 578 578 601 601 601 578 578 578 602 602 602 579 579 579 600 600 600 578 578 578 377 377 377 603 603 603 377 377 377 578 578 578 377 377 377 603 603 603 537 537 537 604 604 604 537 537 537 603 603 603 537 537 537 604 604 604 586 586 586 399 399 399 398 398 398 426 426 426 427 427 427 426 426 426 398 398 398 526 526 526 405 405 405 524 524 524 403 403 403 524 524 524 405 405 405 409 409 409 408 408 408 605 605 605 606 606 606 605 605 605 408 408 408 605 605 605 607 607 607 409 409 409 412 412 412 409 409 409 607 607 607 408 408 408 410 410 410 606 606 606 608 608 608 606 606 606 410 410 410 416 416 416 423 423 423 609 609 609 610 610 610 609 609 609 423 423 423 609 609 609 611 611 611 416 416 416 417 417 417 416 416 416 611 611 611 611 611 611 612 612 612 417 417 417 418 418 418 417 417 417 612 612 612 472 472 472 474 474 474 613 613 613 428 428 428 613 613 613 474 474 474 613 613 613 428 428 428 430 430 430 466 466 466 468 468 468 613 613 613 470 470 470 613 613 613 468 468 468 613 613 613 470 470 470 472 472 472 460 460 460 462 462 462 613 613 613 464 464 464 613 613 613 462 462 462 613 613 613 464 464 464 466 466 466 454 454 454 456 456 456 613 613 613 458 458 458 613 613 613 456 456 456 613 613 613 458 458 458 460 460 460 448 448 448 450 450 450 613 613 613 452 452 452 613 613 613 450 450 450 613 613 613 452 452 452 454 454 454 442 442 442 444 444 444 613 613 613 446 446 446 613 613 613 444 444 444 613 613 613 446 446 446 448 448 448 436 436 436 438 438 438 613 613 613 440 440 440 613 613 613 438 438 438 613 613 613 440 440 440 442 442 442 430 430 430 432 432 432 613 613 613 434 434 434 613 613 613 432 432 432 613 613 613 434 434 434 436 436 436 498 498 498 499 499 499 614 614 614 476 476 476 614 614 614 499 499 499 614 614 614 476 476 476 477 477 477 495 495 495 496 496 496 614 614 614 497 497 497 614 614 614 496 496 496 614 614 614 497 497 497 498 498 498 492 492 492 493 493 493 614 614 614 494 494 494 614 614 614 493 493 493 614 614 614 494 494 494 495 495 495 489 489 489 490 490 490 614 614 614 491 491 491 614 614 614 490 490 490 614 614 614 491 491 491 492 492 492 486 486 486 487 487 487 614 614 614 488 488 488 614 614 614 487 487 487 614 614 614 488 488 488 489 489 489 483 483 483 484 484 484 614 614 614 485 485 485 614 614 614 484 484 484 614 614 614 485 485 485 486 486 486 480 480 480 481 481 481 614 614 614 482 482 482 614 614 614 481 481 481 614 614 614 482 482 482 483 483 483 477 477 477 478 478 478 614 614 614 479 479 479 614 614 614 478 478 478 614 614 614 479 479 479 480 480 480 522 522 522 523 523 523 615 615 615 500 500 500 615 615 615 523 523 523 615 615 615 500 500 500 501 501 501 519 519 519 520 520 520 615 615 615 521 521 521 615 615 615 520 520 520 615 615 615 521 521 521 522 522 522 516 516 516 517 517 517 615 615 615 518 518 518 615 615 615 517 517 517 615 615 615 518 518 518 519 519 519 513 513 513 514 514 514 615 615 615 515 515 515 615 615 615 514 514 514 615 615 615 515 515 515 516 516 516 510 510 510 511 511 511 615 615 615 512 512 512 615 615 615 511 511 511 615 615 615 512 512 512 513 513 513 507 507 507 508 508 508 615 615 615 509 509 509 615 615 615 508 508 508 615 615 615 509 509 509 510 510 510 504 504 504 505 505 505 615 615 615 506 506 506 615 615 615 505 505 505 615 615 615 506 506 506 507 507 507 501 501 501 502 502 502 615 615 615 503 503 503 615 615 615 502 502 502 615 615 615 503 503 503 504 504 504 419 419 419 420 420 420 414 414 414 413 413 413 414 414 414 420 420 420 589 589 589 616 616 616 537 537 537 617 617 617 537 537 537 616 616 616 537 537 537 617 617 617 536 536 536 618 618 618 536 536 536 617 617 617 536 536 536 618 618 618 535 535 535 619 619 619 535 535 535 618 618 618 535 535 535 619 619 619 575 575 575 620 620 620 575 575 575 619 619 619 575 575 575 620 620 620 576 576 576 621 621 621 576 576 576 620 620 620 576 576 576 621 621 621 577 577 577 622 622 622 577 577 577 621 621 621 577 577 577 622 622 622 538 538 538 623 623 623 538 538 538 622 622 622 538 538 538 623 623 623 539 539 539 624 624 624 539 539 539 623 623 623 539 539 539 624 624 624 540 540 540 625 625 625 540 540 540 624 624 624 540 540 540 625 625 625 548 548 548 626 626 626 548 548 548 625 625 625 548 548 548 626 626 626 549 549 549 627 627 627 549 549 549 626 626 626 549 549 549 627 627 627 550 550 550 628 628 628 550 550 550 627 627 627 550 550 550 628 628 628 541 541 541 629 629 629 541 541 541 628 628 628 541 541 541 629 629 629 542 542 542 630 630 630 542 542 542 629 629 629 542 542 542 630 630 630 551 551 551 631 631 631 551 551 551 630 630 630 551 551 551 631 631 631 552 552 552 632 632 632 552 552 552 631 631 631 552 552 552 632 632 632 553 553 553 633 633 633 553 553 553 632 632 632 553 553 553 633 633 633 582 582 582 634 634 634 582 582 582 633 633 633 582 582 582 634 634 634 583 583 583 635 635 635 583 583 583 634 634 634 583 583 583 635 635 635 584 584 584 636 636 636 584 584 584 635 635 635 584 584 584 636 636 636 585 585 585 637 637 637 585 585 585 636 636 636 585 585 585 637 637 637 592 592 592 638 638 638 592 592 592 637 637 637 592 592 592 638 638 638 591 591 591 639 639 639 591 591 591 638 638 638 591 591 591 639 639 639 589 589 589 616 616 616 589 589 589 639 639 639 555 555 555 640 640 640 556 556 556 641 641 641 556 556 556 640 640 640 556 556 556 641 641 641 547 547 547 642 642 642 547 547 547 641 641 641 547 547 547 642 642 642 533 533 533 643 643 643 533 533 533 642 642 642 533 533 533 643 643 643 534 534 534 644 644 644 534 534 534 643 643 643 534 534 534 644 644 644 598 598 598 645 645 645 598 598 598 644 644 644 598 598 598 645 645 645 599 599 599 646 646 646 599 599 599 645 645 645 599 599 599 646 646 646 600 600 600 647 647 647 600 600 600 646 646 646 600 600 600 647 647 647 601 601 601 648 648 648 601 601 601 647 647 647 601 601 601 648 648 648 602 602 602 649 649 649 602 602 602 648 648 648 602 602 602 649 649 649 579 579 579 650 650 650 579 579 579 649 649 649 579 579 579 650 650 650 559 559 559 651 651 651 559 559 559 650 650 650 559 559 559 651 651 651 595 595 595 652 652 652 595 595 595 651 651 651 595 595 595 652 652 652 572 572 572 653 653 653 572 572 572 652 652 652 572 572 572 653 653 653 570 570 570 654 654 654 570 570 570 653 653 653 570 570 570 654 654 654 560 560 560 655 655 655 560 560 560 654 654 654 560 560 560 655 655 655 561 561 561 656 656 656 561 561 561 655 655 655 561 561 561 656 656 656 563 563 563 657 657 657 563 563 563 656 656 656 563 563 563 657 657 657 564 564 564 658 658 658 564 564 564 657 657 657 564 564 564 658 658 658 543 543 543 659 659 659 543 543 543 658 658 658 543 543 543 659 659 659 544 544 544 660 660 660 544 544 544 659 659 659 544 544 544 660 660 660 545 545 545 661 661 661 545 545 545 660 660 660 545 545 545 661 661 661 546 546 546 662 662 662 546 546 546 661 661 661 546 546 546 662 662 662 554 554 554 663 663 663 554 554 554 662 662 662 554 554 554 663 663 663 555 555 555 640 640 640 555 555 555 663 663 663 596 596 596 664 664 664 597 597 597 665 665 665 597 597 597 664 664 664 597 597 597 665 665 665 557 557 557 666 666 666 557 557 557 665 665 665 557 557 557 666 666 666 558 558 558 667 667 667 558 558 558 666 666 666 558 558 558 667 667 667 581 581 581 668 668 668 581 581 581 667 667 667 581 581 581 668 668 668 580 580 580 669 669 669 580 580 580 668 668 668 580 580 580 669 669 669 578 578 578 670 670 670 578 578 578 669 669 669 578 578 578 670 670 670 603 603 603 671 671 671 603 603 603 670 670 670 603 603 603 671 671 671 604 604 604 672 672 672 604 604 604 671 671 671 604 604 604 672 672 672 586 586 586 673 673 673 586 586 586 672 672 672 586 586 586 673 673 673 587 587 587 674 674 674 587 587 587 673 673 673 587 587 587 674 674 674 588 588 588 675 675 675 588 588 588 674 674 674 588 588 588 675 675 675 590 590 590 676 676 676 590 590 590 675 675 675 590 590 590 676 676 676 565 565 565 677 677 677 565 565 565 676 676 676 565 565 565 677 677 677 566 566 566 678 678 678 566 566 566 677 677 677 566 566 566 678 678 678 567 567 567 679 679 679 567 567 567 678 678 678 567 567 567 679 679 679 568 568 568 680 680 680 568 568 568 679 679 679 568 568 568 680 680 680 569 569 569 681 681 681 569 569 569 680 680 680 569 569 569 681 681 681 562 562 562 682 682 682 562 562 562 681 681 681 562 562 562 682 682 682 571 571 571 683 683 683 571 571 571 682 682 682 571 571 571 683 683 683 573 573 573 684 684 684 573 573 573 683 683 683 573 573 573 684 684 684 574 574 574 685 685 685 574 574 574 684 684 684 574 574 574 685 685 685 593 593 593 686 686 686 593 593 593 685 685 685 593 593 593 686 686 686 594 594 594 687 687 687 594 594 594 686 686 686 594 594 594 687 687 687 596 596 596 664 664 664 596 596 596 687 687 687 606 606 606 608 608 608 605 605 605 607 607 607 605 605 605 608 608 608 609 609 609 610 610 610 611 611 611 612 612 612 611 611 611 610 610 610 617 617 617 616 616 616 688 688 688 639 639 639 688 688 688 616 616 616 688 688 688 639 639 639 638 638 638 620 620 620 619 619 619 688 688 688 618 618 618 688 688 688 619 619 619 688 688 688 618 618 618 617 617 617 623 623 623 622 622 622 688 688 688 621 621 621 688 688 688 622 622 622 688 688 688 621 621 621 620 620 620 626 626 626 625 625 625 688 688 688 624 624 624 688 688 688 625 625 625 688 688 688 624 624 624 623 623 623 629 629 629 628 628 628 688 688 688 627 627 627 688 688 688 628 628 628 688 688 688 627 627 627 626 626 626 632 632 632 631 631 631 688 688 688 630 630 630 688 688 688 631 631 631 688 688 688 630 630 630 629 629 629 635 635 635 634 634 634 688 688 688 633 633 633 688 688 688 634 634 634 688 688 688 633 633 633 632 632 632 638 638 638 637 637 637 688 688 688 636 636 636 688 688 688 637 637 637 688 688 688 636 636 636 635 635 635 641 641 641 640 640 640 689 689 689 663 663 663 689 689 689 640 640 640 689 689 689 663 663 663 662 662 662 644 644 644 643 643 643 689 689 689 642 642 642 689 689 689 643 643 643 689 689 689 642 642 642 641 641 641 647 647 647 646 646 646 689 689 689 645 645 645 689 689 689 646 646 646 689 689 689 645 645 645 644 644 644 650 650 650 649 649 649 689 689 689 648 648 648 689 689 689 649 649 649 689 689 689 648 648 648 647 647 647 653 653 653 652 652 652 689 689 689 651 651 651 689 689 689 652 652 652 689 689 689 651 651 651 650 650 650 656 656 656 655 655 655 689 689 689 654 654 654 689 689 689 655 655 655 689 689 689 654 654 654 653 653 653 659 659 659 658 658 658 689 689 689 657 657 657 689 689 689 658 658 658 689 689 689 657 657 657 656 656 656 662 662 662 661 661 661 689 689 689 660 660 660 689 689 689 661 661 661 689 689 689 660 660 660 659 659 659 665 665 665 664 664 664 690 690 690 687 687 687 690 690 690 664 664 664 690 690 690 687 687 687 686 686 686 668 668 668 667 667 667 690 690 690 666 666 666 690 690 690 667 667 667 690 690 690 666 666 666 665 665 665 671 671 671 670 670 670 690 690 690 669 669 669 690 690 690 670 670 670 690 690 690 669 669 669 668 668 668 674 674 674 673 673 673 690 690 690 672 672 672 690 690 690 673 673 673 690 690 690 672 672 672 671 671 671 677 677 677 676 676 676 690 690 690 675 675 675 690 690 690 676 676 676 690 690 690 675 675 675 674 674 674 680 680 680 679 679 679 690 690 690 678 678 678 690 690 690 679 679 679 690 690 690 678 678 678 677 677 677 683 683 683 682 682 682 690 690 690 681 681 681 690 690 690 682 682 682 690 690 690 681 681 681 680 680 680 686 686 686 685 685 685 690 690 690 684 684 684 690 690 690 685 685 685 690 690 690 684 684 684 683 683 683 66 66 66 65 65 65 691 691 691 13 13 13 12 12 12 692 692 692 130 130 130 129 129 129 693 693 693 694 694 694 113 113 113 115 115 115 694 694 694 115 115 115 695 695 695 46 46 46 45 45 45 696 696 696 69 69 69 696 696 696 45 45 45 696 696 696 69 69 69 694 694 694 18 18 18 694 694 694 69 69 69 694 694 694 18 18 18 113 113 113 697 697 697 180 180 180 698 698 698 46 46 46 698 698 698 180 180 180 184 184 184 182 182 182 697 697 697 181 181 181 697 697 697 182 182 182 697 697 697 181 181 181 180 180 180 699 699 699 185 185 185 184 184 184 699 699 699 184 184 184 700 700 700 701 701 701 172 172 172 699 699 699 171 171 171 699 699 699 172 172 172 699 699 699 171 171 171 185 185 185 175 175 175 174 174 174 701 701 701 173 173 173 701 701 701 174 174 174 701 701 701 173 173 173 172 172 172 702 702 702 183 183 183 175 175 175 702 702 702 175 175 175 703 703 703 704 704 704 705 705 705 178 178 178 178 178 178 165 165 165 704 704 704 164 164 164 704 704 704 165 165 165 704 704 704 164 164 164 702 702 702 177 177 177 702 702 702 164 164 164 702 702 702 177 177 177 183 183 183 169 169 169 168 168 168 706 706 706 167 167 167 706 706 706 168 168 168 706 706 706 167 167 167 705 705 705 179 179 179 705 705 705 167 167 167 705 705 705 179 179 179 178 178 178 169 169 169 706 706 706 170 170 170 707 707 707 170 170 170 706 706 706 170 170 170 707 707 707 154 154 154 708 708 708 154 154 154 707 707 707 154 154 154 708 708 708 155 155 155 693 693 693 129 129 129 709 709 709 129 129 129 158 158 158 709 709 709 157 157 157 709 709 709 158 158 158 709 709 709 157 157 157 708 708 708 156 156 156 708 708 708 157 157 157 708 708 708 156 156 156 155 155 155 130 130 130 693 693 693 131 131 131 710 710 710 131 131 131 693 693 693 131 131 131 710 710 710 70 70 70 70 70 70 710 710 710 71 71 71 711 711 711 71 71 71 710 710 710 71 71 71 711 711 711 88 88 88 712 712 712 8 8 8 90 90 90 712 712 712 90 90 90 711 711 711 89 89 89 711 711 711 90 90 90 711 711 711 89 89 89 88 88 88 8 8 8 712 712 712 9 9 9 713 713 713 9 9 9 712 712 712 9 9 9 713 713 713 10 10 10 10 10 10 713 713 713 6 6 6 714 714 714 6 6 6 713 713 713 6 6 6 714 714 714 7 7 7 715 715 715 62 62 62 692 692 692 61 61 61 692 692 692 62 62 62 692 692 692 61 61 61 13 13 13 716 716 716 64 64 64 715 715 715 63 63 63 715 715 715 64 64 64 715 715 715 63 63 63 62 62 62 717 717 717 101 101 101 691 691 691 100 100 100 691 691 691 101 101 101 691 691 691 100 100 100 66 66 66 53 53 53 52 52 52 718 718 718 51 51 51 718 718 718 52 52 52 718 718 718 51 51 51 719 719 719 50 50 50 719 719 719 51 51 51 719 719 719 50 50 50 102 102 102 115 115 115 85 85 85 695 695 695 84 84 84 695 695 695 85 85 85 695 695 695 84 84 84 718 718 718 83 83 83 718 718 718 84 84 84 718 718 718 83 83 83 53 53 53 46 46 46 696 696 696 698 698 698 694 694 694 698 698 698 696 696 696 698 698 698 694 694 694 720 720 720 695 695 695 720 720 720 694 694 694 720 720 720 695 695 695 721 721 721 718 718 718 721 721 721 695 695 695 721 721 721 718 718 718 722 722 722 719 719 719 722 722 722 718 718 718 722 722 722 719 719 719 717 717 717 102 102 102 717 717 717 719 719 719 717 717 717 102 102 102 101 101 101 184 184 184 697 697 697 700 700 700 698 698 698 700 700 700 697 697 697 700 700 700 698 698 698 723 723 723 720 720 720 723 723 723 698 698 698 723 723 723 720 720 720 724 724 724 721 721 721 724 724 724 720 720 720 724 724 724 721 721 721 725 725 725 722 722 722 725 725 725 721 721 721 725 725 725 722 722 722 726 726 726 717 717 717 726 726 726 722 722 722 726 726 726 717 717 717 727 727 727 691 691 691 727 727 727 717 717 717 727 727 727 691 691 691 716 716 716 65 65 65 716 716 716 691 691 691 716 716 716 65 65 65 64 64 64 175 175 175 701 701 701 703 703 703 699 699 699 703 703 703 701 701 701 703 703 703 699 699 699 728 728 728 700 700 700 728 728 728 699 699 699 728 728 728 700 700 700 729 729 729 723 723 723 729 729 729 700 700 700 729 729 729 723 723 723 730 730 730 724 724 724 730 730 730 723 723 723 730 730 730 724 724 724 731 731 731 725 725 725 731 731 731 724 724 724 731 731 731 725 725 725 732 732 732 726 726 726 732 732 732 725 725 725 732 732 732 726 726 726 733 733 733 727 727 727 733 733 733 726 726 726 733 733 733 727 727 727 734 734 734 716 716 716 734 734 734 727 727 727 734 734 734 716 716 716 735 735 735 715 715 715 735 735 735 716 716 716 735 735 735 715 715 715 736 736 736 692 692 692 736 736 736 715 715 715 736 736 736 692 692 692 737 737 737 12 12 12 737 737 737 692 692 692 737 737 737 12 12 12 714 714 714 11 11 11 714 714 714 12 12 12 714 714 714 11 11 11 7 7 7 708 708 708 451 451 451 709 709 709 449 449 449 709 709 709 451 451 451 709 709 709 449 449 449 693 693 693 447 447 447 693 693 693 449 449 449 693 693 693 447 447 447 710 710 710 445 445 445 710 710 710 447 447 447 710 710 710 445 445 445 711 711 711 443 443 443 711 711 711 445 445 445 711 711 711 443 443 443 712 712 712 441 441 441 712 712 712 443 443 443 712 712 712 441 441 441 713 713 713 439 439 439 713 713 713 441 441 441 713 713 713 439 439 439 714 714 714 437 437 437 714 714 714 439 439 439 714 714 714 437 437 437 737 737 737 435 435 435 737 737 737 437 437 437 737 737 737 435 435 435 736 736 736 433 433 433 736 736 736 435 435 435 736 736 736 433 433 433 735 735 735 431 431 431 735 735 735 433 433 433 735 735 735 431 431 431 734 734 734 429 429 429 734 734 734 431 431 431 734 734 734 429 429 429 733 733 733 475 475 475 733 733 733 429 429 429 733 733 733 475 475 475 732 732 732 473 473 473 732 732 732 475 475 475 732 732 732 473 473 473 731 731 731 471 471 471 731 731 731 473 473 473 731 731 731 471 471 471 730 730 730 469 469 469 730 730 730 471 471 471 730 730 730 469 469 469 729 729 729 467 467 467 729 729 729 469 469 469 729 729 729 467 467 467 728 728 728 465 465 465 728 728 728 467 467 467 728 728 728 465 465 465 703 703 703 463 463 463 703 703 703 465 465 465 703 703 703 463 463 463 702 702 702 461 461 461 702 702 702 463 463 463 702 702 702 461 461 461 704 704 704 459 459 459 704 704 704 461 461 461 704 704 704 459 459 459 705 705 705 457 457 457 705 705 705 459 459 459 705 705 705 457 457 457 706 706 706 455 455 455 706 706 706 457 457 457 706 706 706 455 455 455 707 707 707 453 453 453 707 707 707 455 455 455 707 707 707 453 453 453 708 708 708 451 451 451 708 708 708 453 453 453 398 398 398 400 400 400 427 427 427 365 365 365 427 427 427 400 400 400 427 427 427 365 365 365 396 396 396 363 363 363 396 396 396 365 365 365 396 396 396 363 363 363 394 394 394 362 362 362 394 394 394 363 363 363 404 404 404 738 738 738 3 3 3 421 421 421 400 400 400 422 422 422 401 401 401 422 422 422 400 400 400 422 422 422 401 401 401 425 425 425 365 365 365 400 400 400 2 2 2 421 421 421 2 2 2 400 400 400 2 2 2 421 421 421 3 3 3 424 424 424 3 3 3 421 421 421 366 366 366 367 367 367 402 402 402 406 406 406 411 411 411 402 402 402 415 415 415 402 402 402 411 411 411 402 402 402 415 415 415 366 366 366 402 402 402 404 404 404 406 406 406 3 3 3 406 406 406 404 404 404 406 406 406 3 3 3 407 407 407 424 424 424 407 407 407 3 3 3 407 407 407 424 424 424 415 415 415 425 425 425 415 415 415 424 424 424 415 415 415 425 425 425 366 366 366 401 401 401 366 366 366 425 425 425 366 366 366 401 401 401 368 368 368 369 369 369 368 368 368 401 401 401 1 1 1 0 0 0 364 364 364 343 343 343 364 364 364 0 0 0 364 364 364 343 343 343 344 344 344 342 342 342 344 344 344 343 343 343 395 395 395 394 394 394 361 361 361 362 362 362 361 361 361 394 394 394 397 397 397 395 395 395 391 391 391 361 361 361 391 391 391 395 395 395 391 391 391 361 361 361 393 393 393 360 360 360 393 393 393 361 361 361 360 360 360 359 359 359 393 393 393 392 392 392 393 393 393 359 359 359 392 392 392 359 359 359 390 390 390 351 351 351 390 390 390 359 359 359 390 390 390 351 351 351 388 388 388 386 386 386 388 388 388 351 351 351 386 386 386 351 351 351 387 387 387 350 350 350 387 387 387 351 351 351 376 376 376 412 412 412 607 607 607 354 354 354 373 373 373 348 348 348 371 371 371 348 348 348 373 373 373 371 371 371 418 418 418 348 348 348 612 612 612 348 348 348 418 418 418 348 348 348 612 612 612 368 368 368 610 610 610 368 368 368 612 612 612 368 368 368 610 610 610 423 423 423 423 423 423 381 381 381 368 368 368 376 376 376 368 368 368 381 381 381 368 368 368 376 376 376 366 366 366 607 607 607 366 366 366 376 376 376 366 366 366 607 607 607 354 354 354 608 608 608 354 354 354 607 607 607 354 354 354 608 608 608 373 373 373 410 410 410 373 373 373 608 608 608 355 355 355 356 356 356 532 532 532 739 739 739 532 532 532 356 356 356 527 527 527 739 739 739 531 531 531 356 356 356 531 531 531 739 739 739 531 531 531 356 356 356 740 740 740 357 357 357 740 740 740 356 356 356 741 741 741 740 740 740 358 358 358 357 357 357 358 358 358 740 740 740 741 741 741 358 358 358 530 530 530 352 352 352 530 530 530 358 358 358 530 530 530 352 352 352 529 529 529 742 742 742 529 529 529 352 352 352 743 743 743 742 742 742 347 347 347 352 352 352 347 347 347 742 742 742 3 3 3 738 738 738 4 4 4 346 346 346 4 4 4 738 738 738 4 4 4 346 346 346 339 339 339 345 345 345 339 339 339 346 346 346 525 525 525 532 532 532 527 527 527 739 739 739 527 527 527 532 532 532 741 741 741 530 530 530 740 740 740 531 531 531 740 740 740 530 530 530 529 529 529 742 742 742 528 528 528 743 743 743 528 528 528 742 742 742 339 339 339 345 345 345 340 340 340 341 341 341 340 340 340 345 345 345 404 404 404 405 405 405 526 526 526 743 743 743 347 347 347 528 528 528 346 346 346 528 528 528 347 347 347 528 528 528 346 346 346 526 526 526 738 738 738 526 526 526 346 346 346 526 526 526 738 738 738 404 404 404 744 744 744 745 745 745 746 746 746 744 744 744 746 746 746 747 747 747 748 748 748 747 747 747 746 746 746 747 747 747 748 748 748 749 749 749 750 750 750 751 751 751 748 748 748 752 752 752 748 748 748 751 751 751 748 748 748 752 752 752 753 753 753 754 754 754 755 755 755 756 756 756 757 757 757 758 758 758 759 759 759 760 760 760 759 759 759 758 758 758 761 761 761 762 762 762 748 748 748 763 763 763 748 748 748 762 762 762 748 748 748 763 763 763 750 750 750 764 764 764 765 765 765 746 746 746 746 746 746 766 766 766 767 767 767 768 768 768 748 748 748 769 769 769 770 770 770 769 769 769 748 748 748 771 771 771 772 772 772 773 773 773 774 774 774 746 746 746 775 775 775 759 759 759 775 775 775 746 746 746 775 775 775 759 759 759 776 776 776 760 760 760 776 776 776 759 759 759 765 765 765 777 777 777 746 746 746 778 778 778 746 746 746 777 777 777 746 746 746 778 778 778 766 766 766 779 779 779 780 780 780 781 781 781 782 782 782 781 781 781 780 780 780 781 781 781 782 782 782 783 783 783 784 784 784 783 783 783 782 782 782 767 767 767 779 779 779 746 746 746 781 781 781 746 746 746 779 779 779 746 746 746 781 781 781 748 748 748 785 785 785 748 748 748 781 781 781 748 748 748 785 785 785 770 770 770 786 786 786 787 787 787 759 759 759 768 768 768 788 788 788 748 748 748 789 789 789 748 748 748 788 788 788 748 748 748 789 789 789 790 790 790 787 787 787 791 791 791 759 759 759 792 792 792 759 759 759 791 791 791 759 759 759 792 792 792 757 757 757 793 793 793 794 794 794 756 756 756 795 795 795 756 756 756 794 794 794 756 756 756 795 795 795 754 754 754 774 774 774 796 796 796 746 746 746 797 797 797 746 746 746 796 796 796 746 746 746 797 797 797 798 798 798 799 799 799 800 800 800 801 801 801 772 772 772 802 802 802 773 773 773 803 803 803 773 773 773 802 802 802 773 773 773 803 803 803 804 804 804 805 805 805 804 804 804 803 803 803 798 798 798 806 806 806 746 746 746 807 807 807 746 746 746 806 806 806 746 746 746 807 807 807 808 808 808 784 784 784 809 809 809 783 783 783 801 801 801 783 783 783 809 809 809 783 783 783 801 801 801 810 810 810 800 800 800 810 810 810 801 801 801 755 755 755 811 811 811 756 756 756 812 812 812 756 756 756 811 811 811 756 756 756 812 812 812 813 813 813 814 814 814 813 813 813 812 812 812 815 815 815 816 816 816 773 773 773 817 817 817 773 773 773 816 816 816 773 773 773 817 817 817 771 771 771 818 818 818 819 819 819 756 756 756 820 820 820 756 756 756 819 819 819 756 756 756 820 820 820 793 793 793 808 808 808 821 821 821 746 746 746 822 822 822 746 746 746 821 821 821 746 746 746 822 822 822 764 764 764 823 823 823 824 824 824 801 801 801 825 825 825 801 801 801 824 824 824 801 801 801 825 825 825 826 826 826 827 827 827 828 828 828 790 790 790 829 829 829 790 790 790 828 828 828 790 790 790 829 829 829 830 830 830 761 761 761 748 748 748 831 831 831 790 790 790 831 831 831 748 748 748 831 831 831 790 790 790 832 832 832 753 753 753 833 833 833 748 748 748 834 834 834 748 748 748 833 833 833 748 748 748 834 834 834 835 835 835 836 836 836 837 837 837 759 759 759 838 838 838 759 759 759 837 837 837 759 759 759 838 838 838 786 786 786 823 823 823 839 839 839 824 824 824 840 840 840 824 824 824 839 839 839 824 824 824 840 840 840 841 841 841 826 826 826 842 842 842 801 801 801 843 843 843 801 801 801 842 842 842 801 801 801 843 843 843 844 844 844 827 827 827 845 845 845 828 828 828 846 846 846 828 828 828 845 845 845 828 828 828 846 846 846 847 847 847 830 830 830 848 848 848 790 790 790 849 849 849 790 790 790 848 848 848 790 790 790 849 849 849 850 850 850 851 851 851 852 852 852 853 853 853 854 854 854 853 853 853 852 852 852 853 853 853 854 854 854 812 812 812 855 855 855 812 812 812 854 854 854 812 812 812 855 855 855 814 814 814 856 856 856 857 857 857 773 773 773 858 858 858 773 773 773 857 857 857 773 773 773 858 858 858 815 815 815 841 841 841 859 859 859 824 824 824 860 860 860 824 824 824 859 859 859 824 824 824 860 860 860 861 861 861 844 844 844 862 862 862 801 801 801 863 863 863 801 801 801 862 862 862 801 801 801 863 863 863 864 864 864 847 847 847 865 865 865 828 828 828 866 866 866 828 828 828 865 865 865 828 828 828 866 866 866 867 867 867 850 850 850 868 868 868 790 790 790 869 869 869 790 790 790 868 868 868 790 790 790 869 869 869 870 870 870 871 871 871 872 872 872 873 873 873 874 874 874 873 873 873 872 872 872 873 873 873 874 874 874 803 803 803 875 875 875 803 803 803 874 874 874 803 803 803 875 875 875 805 805 805 861 861 861 876 876 876 824 824 824 877 877 877 824 824 824 876 876 876 824 824 824 877 877 877 878 878 878 879 879 879 878 878 878 877 877 877 878 878 878 879 879 879 880 880 880 881 881 881 880 880 880 879 879 879 864 864 864 882 882 882 801 801 801 883 883 883 801 801 801 882 882 882 801 801 801 883 883 883 799 799 799 870 870 870 884 884 884 790 790 790 885 885 885 790 790 790 884 884 884 790 790 790 885 885 885 832 832 832 879 879 879 886 886 886 881 881 881 887 887 887 881 881 881 886 886 886 881 881 881 887 887 887 756 756 756 888 888 888 756 756 756 887 887 887 756 756 756 888 888 888 818 818 818 873 873 873 889 889 889 890 890 890 867 867 867 891 891 891 828 828 828 892 892 892 828 828 828 891 891 891 828 828 828 892 892 892 893 893 893 894 894 894 893 893 893 892 892 892 893 893 893 894 894 894 895 895 895 896 896 896 895 895 895 894 894 894 897 897 897 898 898 898 759 759 759 890 890 890 899 899 899 873 873 873 900 900 900 873 873 873 899 899 899 873 873 873 900 900 900 871 871 871 901 901 901 902 902 902 853 853 853 903 903 903 853 853 853 902 902 902 853 853 853 903 903 903 851 851 851 904 904 904 905 905 905 759 759 759 906 906 906 759 759 759 905 905 905 759 759 759 906 906 906 836 836 836 894 894 894 907 907 907 896 896 896 908 908 908 896 896 896 907 907 907 896 896 896 908 908 908 773 773 773 909 909 909 773 773 773 908 908 908 773 773 773 909 909 909 856 856 856 910 910 910 911 911 911 912 912 912 913 913 913 912 912 912 911 911 911 912 912 912 913 913 913 914 914 914 915 915 915 916 916 916 873 873 873 917 917 917 873 873 873 916 916 916 873 873 873 917 917 917 889 889 889 918 918 918 919 919 919 759 759 759 920 920 920 759 759 759 919 919 919 759 759 759 920 920 920 904 904 904 918 918 918 759 759 759 853 853 853 898 898 898 853 853 853 759 759 759 853 853 853 898 898 898 901 901 901 921 921 921 922 922 922 912 912 912 923 923 923 912 912 912 922 922 922 912 912 912 923 923 923 910 910 910 914 914 914 915 915 915 912 912 912 873 873 873 912 912 912 915 915 915 912 912 912 873 873 873 759 759 759 924 924 924 759 759 759 873 873 873 759 759 759 924 924 924 897 897 897 925 925 925 926 926 926 912 912 912 925 925 925 912 912 912 927 927 927 926 926 926 928 928 928 912 912 912 929 929 929 912 912 912 928 928 928 912 912 912 929 929 929 921 921 921 930 930 930 931 931 931 912 912 912 931 931 931 932 932 932 912 912 912 933 933 933 912 912 912 932 932 932 912 912 912 933 933 933 927 927 927 835 835 835 934 934 934 748 748 748 935 935 935 748 748 748 934 934 934 748 748 748 935 935 935 936 936 936 748 748 748 937 937 937 912 912 912 938 938 938 912 912 912 937 937 937 912 912 912 938 938 938 930 930 930 936 936 936 939 939 939 748 748 748 940 940 940 748 748 748 939 939 939 748 748 748 940 940 940 937 937 937 862 862 862 844 844 844 941 941 941 824 824 824 878 878 878 942 942 942 898 898 898 897 897 897 943 943 943 944 944 944 769 769 769 770 770 770 944 944 944 770 770 770 945 945 945 790 790 790 789 789 789 946 946 946 788 788 788 946 946 946 789 789 789 946 946 946 788 788 788 944 944 944 768 768 768 944 944 944 788 788 788 944 944 944 768 768 768 769 769 769 947 947 947 827 827 827 948 948 948 790 790 790 948 948 948 827 827 827 847 847 847 846 846 846 947 947 947 845 845 845 947 947 947 846 846 846 947 947 947 845 845 845 827 827 827 949 949 949 865 865 865 847 847 847 949 949 949 847 847 847 950 950 950 951 951 951 867 867 867 949 949 949 866 866 866 949 949 949 867 867 867 949 949 949 866 866 866 865 865 865 894 894 894 892 892 892 951 951 951 891 891 891 951 951 951 892 892 892 951 951 951 891 891 891 867 867 867 952 952 952 907 907 907 894 894 894 952 952 952 894 894 894 953 953 953 954 954 954 955 955 955 857 857 857 857 857 857 856 856 856 954 954 954 909 909 909 954 954 954 856 856 856 954 954 954 909 909 909 952 952 952 908 908 908 952 952 952 909 909 909 952 952 952 908 908 908 907 907 907 817 817 817 816 816 816 956 956 956 815 815 815 956 956 956 816 816 816 956 956 956 815 815 815 955 955 955 858 858 858 955 955 955 815 815 815 955 955 955 858 858 858 857 857 857 817 817 817 956 956 956 771 771 771 957 957 957 771 771 771 956 956 956 771 771 771 957 957 957 772 772 772 958 958 958 772 772 772 957 957 957 772 772 772 958 958 958 802 802 802 943 943 943 897 897 897 959 959 959 897 897 897 924 924 924 959 959 959 873 873 873 959 959 959 924 924 924 959 959 959 873 873 873 958 958 958 803 803 803 958 958 958 873 873 873 958 958 958 803 803 803 802 802 802 898 898 898 943 943 943 901 901 901 960 960 960 901 901 901 943 943 943 901 901 901 960 960 960 902 902 902 902 902 902 960 960 960 903 903 903 961 961 961 903 903 903 960 960 960 903 903 903 961 961 961 851 851 851 962 962 962 855 855 855 854 854 854 962 962 962 854 854 854 961 961 961 852 852 852 961 961 961 854 854 854 961 961 961 852 852 852 851 851 851 855 855 855 962 962 962 814 814 814 963 963 963 814 814 814 962 962 962 814 814 814 963 963 963 813 813 813 813 813 813 963 963 963 756 756 756 964 964 964 756 756 756 963 963 963 756 756 756 964 964 964 881 881 881 965 965 965 826 826 826 942 942 942 825 825 825 942 942 942 826 826 826 942 942 942 825 825 825 824 824 824 966 966 966 843 843 843 965 965 965 842 842 842 965 965 965 843 843 843 965 965 965 842 842 842 826 826 826 967 967 967 864 864 864 941 941 941 863 863 863 941 941 941 864 864 864 941 941 941 863 863 863 862 862 862 810 810 810 800 800 800 968 968 968 799 799 799 968 968 968 800 800 800 968 968 968 799 799 799 969 969 969 883 883 883 969 969 969 799 799 799 969 969 969 883 883 883 882 882 882 770 770 770 785 785 785 945 945 945 781 781 781 945 945 945 785 785 785 945 945 945 781 781 781 968 968 968 783 783 783 968 968 968 781 781 781 968 968 968 783 783 783 810 810 810 790 790 790 946 946 946 948 948 948 944 944 944 948 948 948 946 946 946 948 948 948 944 944 944 970 970 970 945 945 945 970 970 970 944 944 944 970 970 970 945 945 945 971 971 971 968 968 968 971 971 971 945 945 945 971 971 971 968 968 968 972 972 972 969 969 969 972 972 972 968 968 968 972 972 972 969 969 969 967 967 967 882 882 882 967 967 967 969 969 969 967 967 967 882 882 882 864 864 864 847 847 847 947 947 947 950 950 950 948 948 948 950 950 950 947 947 947 950 950 950 948 948 948 973 973 973 970 970 970 973 973 973 948 948 948 973 973 973 970 970 970 974 974 974 971 971 971 974 974 974 970 970 970 974 974 974 971 971 971 975 975 975 972 972 972 975 975 975 971 971 971 975 975 975 972 972 972 976 976 976 967 967 967 976 976 976 972 972 972 976 976 976 967 967 967 977 977 977 941 941 941 977 977 977 967 967 967 977 977 977 941 941 941 966 966 966 844 844 844 966 966 966 941 941 941 966 966 966 844 844 844 843 843 843 894 894 894 951 951 951 953 953 953 949 949 949 953 953 953 951 951 951 953 953 953 949 949 949 978 978 978 950 950 950 978 978 978 949 949 949 978 978 978 950 950 950 979 979 979 973 973 973 979 979 979 950 950 950 979 979 979 973 973 973 980 980 980 974 974 974 980 980 980 973 973 973 980 980 980 974 974 974 981 981 981 975 975 975 981 981 981 974 974 974 981 981 981 975 975 975 982 982 982 976 976 976 982 982 982 975 975 975 982 982 982 976 976 976 983 983 983 977 977 977 983 983 983 976 976 976 983 983 983 977 977 977 984 984 984 966 966 966 984 984 984 977 977 977 984 984 984 966 966 966 985 985 985 965 965 965 985 985 985 966 966 966 985 985 985 965 965 965 986 986 986 942 942 942 986 986 986 965 965 965 986 986 986 942 942 942 987 987 987 878 878 878 987 987 987 942 942 942 987 987 987 878 878 878 964 964 964 880 880 880 964 964 964 878 878 878 964 964 964 880 880 880 881 881 881 958 958 958 988 988 988 959 959 959 989 989 989 959 959 959 988 988 988 959 959 959 989 989 989 943 943 943 990 990 990 943 943 943 989 989 989 943 943 943 990 990 990 960 960 960 991 991 991 960 960 960 990 990 990 960 960 960 991 991 991 961 961 961 992 992 992 961 961 961 991 991 991 961 961 961 992 992 992 962 962 962 993 993 993 962 962 962 992 992 992 962 962 962 993 993 993 963 963 963 994 994 994 963 963 963 993 993 993 963 963 963 994 994 994 964 964 964 995 995 995 964 964 964 994 994 994 964 964 964 995 995 995 987 987 987 996 996 996 987 987 987 995 995 995 987 987 987 996 996 996 986 986 986 997 997 997 986 986 986 996 996 996 986 986 986 997 997 997 985 985 985 998 998 998 985 985 985 997 997 997 985 985 985 998 998 998 984 984 984 999 999 999 984 984 984 998 998 998 984 984 984 999 999 999 983 983 983 1000 1000 1000 983 983 983 999 999 999 983 983 983 1000 1000 1000 982 982 982 1001 1001 1001 982 982 982 1000 1000 1000 982 982 982 1001 1001 1001 981 981 981 1002 1002 1002 981 981 981 1001 1001 1001 981 981 981 1002 1002 1002 980 980 980 1003 1003 1003 980 980 980 1002 1002 1002 980 980 980 1003 1003 1003 979 979 979 1004 1004 1004 979 979 979 1003 1003 1003 979 979 979 1004 1004 1004 978 978 978 1005 1005 1005 978 978 978 1004 1004 1004 978 978 978 1005 1005 1005 953 953 953 1006 1006 1006 953 953 953 1005 1005 1005 953 953 953 1006 1006 1006 952 952 952 1007 1007 1007 952 952 952 1006 1006 1006 952 952 952 1007 1007 1007 954 954 954 1008 1008 1008 954 954 954 1007 1007 1007 954 954 954 1008 1008 1008 955 955 955 1009 1009 1009 955 955 955 1008 1008 1008 955 955 955 1009 1009 1009 956 956 956 1010 1010 1010 956 956 956 1009 1009 1009 956 956 956 1010 1010 1010 957 957 957 1011 1011 1011 957 957 957 1010 1010 1010 957 957 957 1011 1011 1011 958 958 958 988 988 988 958 958 958 1011 1011 1011 868 868 868 850 850 850 1012 1012 1012 828 828 828 893 893 893 1013 1013 1013 889 889 889 917 917 917 1014 1014 1014 1015 1015 1015 752 752 752 751 751 751 1015 1015 1015 751 751 751 1016 1016 1016 835 835 835 834 834 834 1017 1017 1017 833 833 833 1017 1017 1017 834 834 834 1017 1017 1017 833 833 833 1015 1015 1015 753 753 753 1015 1015 1015 833 833 833 1015 1015 1015 753 753 753 752 752 752 1018 1018 1018 934 934 934 1019 1019 1019 835 835 835 1019 1019 1019 934 934 934 939 939 939 936 936 936 1018 1018 1018 935 935 935 1018 1018 1018 936 936 936 1018 1018 1018 935 935 935 934 934 934 1020 1020 1020 940 940 940 939 939 939 1020 1020 1020 939 939 939 1021 1021 1021 1022 1022 1022 938 938 938 1020 1020 1020 937 937 937 1020 1020 1020 938 938 938 1020 1020 1020 937 937 937 940 940 940 932 932 932 931 931 931 1022 1022 1022 930 930 930 1022 1022 1022 931 931 931 1022 1022 1022 930 930 930 938 938 938 1023 1023 1023 933 933 933 932 932 932 1023 1023 1023 932 932 932 1024 1024 1024 1025 1025 1025 1026 1026 1026 928 928 928 928 928 928 926 926 926 1025 1025 1025 925 925 925 1025 1025 1025 926 926 926 1025 1025 1025 925 925 925 1023 1023 1023 927 927 927 1023 1023 1023 925 925 925 1023 1023 1023 927 927 927 933 933 933 923 923 923 922 922 922 1027 1027 1027 921 921 921 1027 1027 1027 922 922 922 1027 1027 1027 921 921 921 1026 1026 1026 929 929 929 1026 1026 1026 921 921 921 1026 1026 1026 929 929 929 928 928 928 923 923 923 1027 1027 1027 910 910 910 1028 1028 1028 910 910 910 1027 1027 1027 910 910 910 1028 1028 1028 911 911 911 1029 1029 1029 911 911 911 1028 1028 1028 911 911 911 1029 1029 1029 913 913 913 1014 1014 1014 917 917 917 1030 1030 1030 917 917 917 916 916 916 1030 1030 1030 915 915 915 1030 1030 1030 916 916 916 1030 1030 1030 915 915 915 1029 1029 1029 914 914 914 1029 1029 1029 915 915 915 1029 1029 1029 914 914 914 913 913 913 889 889 889 1014 1014 1014 890 890 890 1031 1031 1031 890 890 890 1014 1014 1014 890 890 890 1031 1031 1031 899 899 899 899 899 899 1031 1031 1031 900 900 900 1032 1032 1032 900 900 900 1031 1031 1031 900 900 900 1032 1032 1032 871 871 871 1033 1033 1033 875 875 875 874 874 874 1033 1033 1033 874 874 874 1032 1032 1032 872 872 872 1032 1032 1032 874 874 874 1032 1032 1032 872 872 872 871 871 871 875 875 875 1033 1033 1033 805 805 805 1034 1034 1034 805 805 805 1033 1033 1033 805 805 805 1034 1034 1034 804 804 804 804 804 804 1034 1034 1034 773 773 773 1035 1035 1035 773 773 773 1034 1034 1034 773 773 773 1035 1035 1035 896 896 896 1036 1036 1036 830 830 830 1013 1013 1013 829 829 829 1013 1013 1013 830 830 830 1013 1013 1013 829 829 829 828 828 828 1037 1037 1037 849 849 849 1036 1036 1036 848 848 848 1036 1036 1036 849 849 849 1036 1036 1036 848 848 848 830 830 830 1038 1038 1038 870 870 870 1012 1012 1012 869 869 869 1012 1012 1012 870 870 870 1012 1012 1012 869 869 869 868 868 868 761 761 761 831 831 831 1039 1039 1039 832 832 832 1039 1039 1039 831 831 831 1039 1039 1039 832 832 832 1040 1040 1040 885 885 885 1040 1040 1040 832 832 832 1040 1040 1040 885 885 885 884 884 884 751 751 751 750 750 750 1016 1016 1016 763 763 763 1016 1016 1016 750 750 750 1016 1016 1016 763 763 763 1039 1039 1039 762 762 762 1039 1039 1039 763 763 763 1039 1039 1039 762 762 762 761 761 761 835 835 835 1017 1017 1017 1019 1019 1019 1015 1015 1015 1019 1019 1019 1017 1017 1017 1019 1019 1019 1015 1015 1015 1041 1041 1041 1016 1016 1016 1041 1041 1041 1015 1015 1015 1041 1041 1041 1016 1016 1016 1042 1042 1042 1039 1039 1039 1042 1042 1042 1016 1016 1016 1042 1042 1042 1039 1039 1039 1043 1043 1043 1040 1040 1040 1043 1043 1043 1039 1039 1039 1043 1043 1043 1040 1040 1040 1038 1038 1038 884 884 884 1038 1038 1038 1040 1040 1040 1038 1038 1038 884 884 884 870 870 870 939 939 939 1018 1018 1018 1021 1021 1021 1019 1019 1019 1021 1021 1021 1018 1018 1018 1021 1021 1021 1019 1019 1019 1044 1044 1044 1041 1041 1041 1044 1044 1044 1019 1019 1019 1044 1044 1044 1041 1041 1041 1045 1045 1045 1042 1042 1042 1045 1045 1045 1041 1041 1041 1045 1045 1045 1042 1042 1042 1046 1046 1046 1043 1043 1043 1046 1046 1046 1042 1042 1042 1046 1046 1046 1043 1043 1043 1047 1047 1047 1038 1038 1038 1047 1047 1047 1043 1043 1043 1047 1047 1047 1038 1038 1038 1048 1048 1048 1012 1012 1012 1048 1048 1048 1038 1038 1038 1048 1048 1048 1012 1012 1012 1037 1037 1037 850 850 850 1037 1037 1037 1012 1012 1012 1037 1037 1037 850 850 850 849 849 849 932 932 932 1022 1022 1022 1024 1024 1024 1020 1020 1020 1024 1024 1024 1022 1022 1022 1024 1024 1024 1020 1020 1020 1049 1049 1049 1021 1021 1021 1049 1049 1049 1020 1020 1020 1049 1049 1049 1021 1021 1021 1050 1050 1050 1044 1044 1044 1050 1050 1050 1021 1021 1021 1050 1050 1050 1044 1044 1044 1051 1051 1051 1045 1045 1045 1051 1051 1051 1044 1044 1044 1051 1051 1051 1045 1045 1045 1052 1052 1052 1046 1046 1046 1052 1052 1052 1045 1045 1045 1052 1052 1052 1046 1046 1046 1053 1053 1053 1047 1047 1047 1053 1053 1053 1046 1046 1046 1053 1053 1053 1047 1047 1047 1054 1054 1054 1048 1048 1048 1054 1054 1054 1047 1047 1047 1054 1054 1054 1048 1048 1048 1055 1055 1055 1037 1037 1037 1055 1055 1055 1048 1048 1048 1055 1055 1055 1037 1037 1037 1056 1056 1056 1036 1036 1036 1056 1056 1056 1037 1037 1037 1056 1056 1056 1036 1036 1036 1057 1057 1057 1013 1013 1013 1057 1057 1057 1036 1036 1036 1057 1057 1057 1013 1013 1013 1058 1058 1058 893 893 893 1058 1058 1058 1013 1013 1013 1058 1058 1058 893 893 893 1035 1035 1035 895 895 895 1035 1035 1035 893 893 893 1035 1035 1035 895 895 895 896 896 896 1029 1029 1029 1059 1059 1059 1030 1030 1030 1060 1060 1060 1030 1030 1030 1059 1059 1059 1030 1030 1030 1060 1060 1060 1014 1014 1014 1061 1061 1061 1014 1014 1014 1060 1060 1060 1014 1014 1014 1061 1061 1061 1031 1031 1031 1062 1062 1062 1031 1031 1031 1061 1061 1061 1031 1031 1031 1062 1062 1062 1032 1032 1032 1063 1063 1063 1032 1032 1032 1062 1062 1062 1032 1032 1032 1063 1063 1063 1033 1033 1033 1064 1064 1064 1033 1033 1033 1063 1063 1063 1033 1033 1033 1064 1064 1064 1034 1034 1034 1065 1065 1065 1034 1034 1034 1064 1064 1064 1034 1034 1034 1065 1065 1065 1035 1035 1035 1066 1066 1066 1035 1035 1035 1065 1065 1065 1035 1035 1035 1066 1066 1066 1058 1058 1058 1067 1067 1067 1058 1058 1058 1066 1066 1066 1058 1058 1058 1067 1067 1067 1057 1057 1057 1068 1068 1068 1057 1057 1057 1067 1067 1067 1057 1057 1057 1068 1068 1068 1056 1056 1056 1069 1069 1069 1056 1056 1056 1068 1068 1068 1056 1056 1056 1069 1069 1069 1055 1055 1055 1070 1070 1070 1055 1055 1055 1069 1069 1069 1055 1055 1055 1070 1070 1070 1054 1054 1054 1071 1071 1071 1054 1054 1054 1070 1070 1070 1054 1054 1054 1071 1071 1071 1053 1053 1053 1072 1072 1072 1053 1053 1053 1071 1071 1071 1053 1053 1053 1072 1072 1072 1052 1052 1052 1073 1073 1073 1052 1052 1052 1072 1072 1072 1052 1052 1052 1073 1073 1073 1051 1051 1051 1074 1074 1074 1051 1051 1051 1073 1073 1073 1051 1051 1051 1074 1074 1074 1050 1050 1050 1075 1075 1075 1050 1050 1050 1074 1074 1074 1050 1050 1050 1075 1075 1075 1049 1049 1049 1076 1076 1076 1049 1049 1049 1075 1075 1075 1049 1049 1049 1076 1076 1076 1024 1024 1024 1077 1077 1077 1024 1024 1024 1076 1076 1076 1024 1024 1024 1077 1077 1077 1023 1023 1023 1078 1078 1078 1023 1023 1023 1077 1077 1077 1023 1023 1023 1078 1078 1078 1025 1025 1025 1079 1079 1079 1025 1025 1025 1078 1078 1078 1025 1025 1025 1079 1079 1079 1026 1026 1026 1080 1080 1080 1026 1026 1026 1079 1079 1079 1026 1026 1026 1080 1080 1080 1027 1027 1027 1081 1081 1081 1027 1027 1027 1080 1080 1080 1027 1027 1027 1081 1081 1081 1028 1028 1028 1082 1082 1082 1028 1028 1028 1081 1081 1081 1028 1028 1028 1082 1082 1082 1029 1029 1029 1059 1059 1059 1029 1029 1029 1082 1082 1082 745 745 745 1083 1083 1083 746 746 746 1084 1084 1084 746 746 746 1083 1083 1083 1085 1085 1085 759 759 759 1084 1084 1084 746 746 746 1084 1084 1084 759 759 759 912 912 912 1086 1086 1086 748 748 748 1087 1087 1087 748 748 748 1086 1086 1086 1088 1088 1088 1089 1089 1089 1090 1090 1090 1091 1091 1091 1092 1092 1092 1093 1093 1093 1094 1094 1094 1093 1093 1093 1092 1092 1092 1093 1093 1093 1094 1094 1094 1095 1095 1095 1096 1096 1096 1086 1086 1086 912 912 912 759 759 759 1097 1097 1097 912 912 912 1098 1098 1098 912 912 912 1097 1097 1097 912 912 912 1098 1098 1098 1096 1096 1096 759 759 759 1085 1085 1085 1099 1099 1099 1097 1097 1097 1100 1100 1100 1101 1101 1101 1102 1102 1102 1101 1101 1101 1100 1100 1100 1103 1103 1103 1104 1104 1104 1091 1091 1091 1101 1101 1101 1091 1091 1091 1104 1104 1104 1091 1091 1091 1101 1101 1101 1092 1092 1092 1102 1102 1102 1092 1092 1092 1101 1101 1101 1092 1092 1092 1102 1102 1102 1105 1105 1105 1090 1090 1090 1100 1100 1100 1088 1088 1088 1097 1097 1097 1088 1088 1088 1100 1100 1100 1088 1088 1088 1097 1097 1097 1106 1106 1106 759 759 759 1106 1106 1106 1097 1097 1097 1106 1106 1106 759 759 759 1107 1107 1107 1099 1099 1099 1107 1107 1107 759 759 759 1108 1108 1108 1096 1096 1096 749 749 749 1098 1098 1098 749 749 749 1096 1096 1096 749 749 749 1098 1098 1098 747 747 747 1109 1109 1109 747 747 747 1098 1098 1098 1110 1110 1110 1092 1092 1092 1111 1111 1111 1105 1105 1105 1111 1111 1111 1092 1092 1092 1112 1112 1112 1113 1113 1113 1094 1094 1094 1095 1095 1095 1094 1094 1094 1113 1113 1113 1114 1114 1114 1115 1115 1115 1116 1116 1116 1117 1117 1117 1116 1116 1116 1115 1115 1115 1118 1118 1118 1119 1119 1119 1120 1120 1120 1121 1121 1121 1120 1120 1120 1119 1119 1119 1122 1122 1122 1123 1123 1123 1124 1124 1124 1125 1125 1125 1126 1126 1126 1127 1127 1127 1128 1128 1128 1120 1120 1120 1129 1129 1129 1121 1121 1121 1129 1129 1129 1120 1120 1120 1129 1129 1129 1121 1121 1121 1127 1127 1127 1122 1122 1122 1127 1127 1127 1121 1121 1121 1127 1127 1127 1122 1122 1122 1125 1125 1125 1124 1124 1124 1125 1125 1125 1122 1122 1122 1130 1130 1130 1131 1131 1131 1132 1132 1132 1133 1133 1133 1132 1132 1132 1131 1131 1131 1134 1134 1134 1135 1135 1135 1136 1136 1136 1137 1137 1137 1136 1136 1136 1135 1135 1135 1138 1138 1138 1139 1139 1139 1140 1140 1140 1141 1141 1141 1140 1140 1140 1139 1139 1139 1142 1142 1142 1143 1143 1143 1144 1144 1144 1145 1145 1145 1144 1144 1144 1143 1143 1143 1146 1146 1146 1147 1147 1147 1148 1148 1148 1149 1149 1149 1148 1148 1148 1147 1147 1147 1126 1126 1126 1150 1150 1150 1127 1127 1127 1151 1151 1151 1127 1127 1127 1150 1150 1150 1126 1126 1126 1152 1152 1152 1150 1150 1150 1153 1153 1153 1150 1150 1150 1152 1152 1152 1117 1117 1117 1154 1154 1154 1116 1116 1116 1152 1152 1152 1116 1116 1116 1154 1154 1154 1155 1155 1155 1150 1150 1150 1128 1128 1128 1153 1153 1153 1128 1128 1128 1150 1150 1150 1128 1128 1128 1153 1153 1153 1120 1120 1120 1156 1156 1156 1120 1120 1120 1153 1153 1153 1157 1157 1157 1116 1116 1116 1158 1158 1158 1152 1152 1152 1158 1158 1158 1116 1116 1116 1158 1158 1158 1152 1152 1152 1125 1125 1125 1126 1126 1126 1125 1125 1125 1152 1152 1152 1129 1129 1129 1159 1159 1159 1128 1128 1128 1155 1155 1155 1128 1128 1128 1159 1159 1159 1127 1127 1127 1151 1151 1151 1129 1129 1129 1159 1159 1159 1129 1129 1129 1151 1151 1151 1160 1160 1160 1124 1124 1124 1123 1123 1123 1161 1161 1161 1115 1115 1115 1162 1162 1162 1114 1114 1114 1162 1162 1162 1115 1115 1115 1162 1162 1162 1114 1114 1114 1163 1163 1163 1164 1164 1164 1165 1165 1165 1123 1123 1123 1119 1119 1119 1123 1123 1123 1165 1165 1165 1118 1118 1118 1166 1166 1166 1119 1119 1119 1167 1167 1167 1119 1119 1119 1166 1166 1166 1119 1119 1119 1167 1167 1167 1123 1123 1123 1162 1162 1162 1123 1123 1123 1167 1167 1167 1123 1123 1123 1162 1162 1162 1160 1160 1160 1163 1163 1163 1160 1160 1160 1162 1162 1162 1168 1168 1168 1164 1164 1164 1122 1122 1122 1123 1123 1123 1122 1122 1122 1164 1164 1164 1169 1169 1169 1168 1168 1168 1121 1121 1121 1122 1122 1122 1121 1121 1121 1168 1168 1168 1165 1165 1165 1169 1169 1169 1119 1119 1119 1121 1121 1121 1119 1119 1119 1169 1169 1169 1132 1132 1132 1133 1133 1133 1170 1170 1170 1171 1171 1171 1140 1140 1140 1141 1141 1141 1135 1135 1135 1134 1134 1134 1141 1141 1141 1132 1132 1132 1141 1141 1141 1134 1134 1134 1141 1141 1141 1132 1132 1132 1171 1171 1171 1170 1170 1170 1171 1171 1171 1132 1132 1132 1172 1172 1172 1173 1173 1173 1174 1174 1174 1175 1175 1175 1174 1174 1174 1173 1173 1173 1174 1174 1174 1175 1175 1175 1176 1176 1176 1177 1177 1177 1176 1176 1176 1175 1175 1175 1176 1176 1176 1177 1177 1177 1178 1178 1178 1179 1179 1179 1178 1178 1178 1177 1177 1177 1178 1178 1178 1179 1179 1179 1180 1180 1180 1181 1181 1181 1180 1180 1180 1179 1179 1179 1180 1180 1180 1181 1181 1181 1182 1182 1182 1183 1183 1183 1182 1182 1182 1181 1181 1181 1182 1182 1182 1183 1183 1183 1184 1184 1184 1185 1185 1185 1184 1184 1184 1183 1183 1183 1184 1184 1184 1185 1185 1185 1186 1186 1186 1187 1187 1187 1186 1186 1186 1185 1185 1185 1186 1186 1186 1187 1187 1187 1188 1188 1188 1189 1189 1189 1188 1188 1188 1187 1187 1187 1188 1188 1188 1189 1189 1189 1190 1190 1190 1191 1191 1191 1190 1190 1190 1189 1189 1189 1190 1190 1190 1191 1191 1191 1192 1192 1192 1193 1193 1193 1192 1192 1192 1191 1191 1191 1192 1192 1192 1193 1193 1193 1194 1194 1194 1195 1195 1195 1194 1194 1194 1193 1193 1193 1194 1194 1194 1195 1195 1195 1196 1196 1196 1197 1197 1197 1196 1196 1196 1195 1195 1195 1196 1196 1196 1197 1197 1197 1198 1198 1198 1199 1199 1199 1198 1198 1198 1197 1197 1197 1198 1198 1198 1199 1199 1199 1200 1200 1200 1201 1201 1201 1200 1200 1200 1199 1199 1199 1200 1200 1200 1201 1201 1201 1202 1202 1202 1203 1203 1203 1202 1202 1202 1201 1201 1201 1202 1202 1202 1203 1203 1203 1204 1204 1204 1205 1205 1205 1204 1204 1204 1203 1203 1203 1204 1204 1204 1205 1205 1205 1206 1206 1206 1207 1207 1207 1206 1206 1206 1205 1205 1205 1206 1206 1206 1207 1207 1207 1208 1208 1208 1209 1209 1209 1208 1208 1208 1207 1207 1207 1208 1208 1208 1209 1209 1209 1210 1210 1210 1211 1211 1211 1210 1210 1210 1209 1209 1209 1210 1210 1210 1211 1211 1211 1212 1212 1212 1213 1213 1213 1212 1212 1212 1211 1211 1211 1212 1212 1212 1213 1213 1213 1214 1214 1214 1215 1215 1215 1214 1214 1214 1213 1213 1213 1214 1214 1214 1215 1215 1215 1216 1216 1216 1217 1217 1217 1216 1216 1216 1215 1215 1215 1216 1216 1216 1217 1217 1217 1218 1218 1218 1219 1219 1219 1218 1218 1218 1217 1217 1217 1218 1218 1218 1219 1219 1219 1172 1172 1172 1173 1173 1173 1172 1172 1172 1219 1219 1219 1220 1220 1220 1070 1070 1070 1221 1221 1221 1069 1069 1069 1221 1221 1221 1070 1070 1070 1221 1221 1221 1069 1069 1069 1222 1222 1222 1068 1068 1068 1222 1222 1222 1069 1069 1069 1222 1222 1222 1068 1068 1068 1223 1223 1223 1067 1067 1067 1223 1223 1223 1068 1068 1068 1223 1223 1223 1067 1067 1067 1224 1224 1224 1066 1066 1066 1224 1224 1224 1067 1067 1067 1224 1224 1224 1066 1066 1066 1225 1225 1225 1065 1065 1065 1225 1225 1225 1066 1066 1066 1225 1225 1225 1065 1065 1065 1226 1226 1226 1064 1064 1064 1226 1226 1226 1065 1065 1065 1226 1226 1226 1064 1064 1064 1227 1227 1227 1063 1063 1063 1227 1227 1227 1064 1064 1064 1227 1227 1227 1063 1063 1063 1228 1228 1228 1062 1062 1062 1228 1228 1228 1063 1063 1063 1228 1228 1228 1062 1062 1062 1229 1229 1229 1061 1061 1061 1229 1229 1229 1062 1062 1062 1229 1229 1229 1061 1061 1061 1230 1230 1230 1060 1060 1060 1230 1230 1230 1061 1061 1061 1230 1230 1230 1060 1060 1060 1231 1231 1231 1059 1059 1059 1231 1231 1231 1060 1060 1060 1231 1231 1231 1059 1059 1059 1232 1232 1232 1082 1082 1082 1232 1232 1232 1059 1059 1059 1232 1232 1232 1082 1082 1082 1233 1233 1233 1081 1081 1081 1233 1233 1233 1082 1082 1082 1233 1233 1233 1081 1081 1081 1234 1234 1234 1080 1080 1080 1234 1234 1234 1081 1081 1081 1234 1234 1234 1080 1080 1080 1235 1235 1235 1079 1079 1079 1235 1235 1235 1080 1080 1080 1235 1235 1235 1079 1079 1079 1236 1236 1236 1078 1078 1078 1236 1236 1236 1079 1079 1079 1236 1236 1236 1078 1078 1078 1237 1237 1237 1077 1077 1077 1237 1237 1237 1078 1078 1078 1237 1237 1237 1077 1077 1077 1238 1238 1238 1076 1076 1076 1238 1238 1238 1077 1077 1077 1238 1238 1238 1076 1076 1076 1239 1239 1239 1075 1075 1075 1239 1239 1239 1076 1076 1076 1239 1239 1239 1075 1075 1075 1240 1240 1240 1074 1074 1074 1240 1240 1240 1075 1075 1075 1240 1240 1240 1074 1074 1074 1241 1241 1241 1073 1073 1073 1241 1241 1241 1074 1074 1074 1241 1241 1241 1073 1073 1073 1242 1242 1242 1072 1072 1072 1242 1242 1242 1073 1073 1073 1242 1242 1242 1072 1072 1072 1243 1243 1243 1071 1071 1071 1243 1243 1243 1072 1072 1072 1243 1243 1243 1071 1071 1071 1220 1220 1220 1070 1070 1070 1220 1220 1220 1071 1071 1071 1244 1244 1244 999 999 999 1245 1245 1245 998 998 998 1245 1245 1245 999 999 999 1245 1245 1245 998 998 998 1246 1246 1246 997 997 997 1246 1246 1246 998 998 998 1246 1246 1246 997 997 997 1247 1247 1247 996 996 996 1247 1247 1247 997 997 997 1247 1247 1247 996 996 996 1248 1248 1248 995 995 995 1248 1248 1248 996 996 996 1248 1248 1248 995 995 995 1249 1249 1249 994 994 994 1249 1249 1249 995 995 995 1249 1249 1249 994 994 994 1250 1250 1250 993 993 993 1250 1250 1250 994 994 994 1250 1250 1250 993 993 993 1251 1251 1251 992 992 992 1251 1251 1251 993 993 993 1251 1251 1251 992 992 992 1252 1252 1252 991 991 991 1252 1252 1252 992 992 992 1252 1252 1252 991 991 991 1253 1253 1253 990 990 990 1253 1253 1253 991 991 991 1253 1253 1253 990 990 990 1254 1254 1254 989 989 989 1254 1254 1254 990 990 990 1254 1254 1254 989 989 989 1255 1255 1255 988 988 988 1255 1255 1255 989 989 989 1255 1255 1255 988 988 988 1256 1256 1256 1011 1011 1011 1256 1256 1256 988 988 988 1256 1256 1256 1011 1011 1011 1257 1257 1257 1010 1010 1010 1257 1257 1257 1011 1011 1011 1257 1257 1257 1010 1010 1010 1258 1258 1258 1009 1009 1009 1258 1258 1258 1010 1010 1010 1258 1258 1258 1009 1009 1009 1259 1259 1259 1008 1008 1008 1259 1259 1259 1009 1009 1009 1259 1259 1259 1008 1008 1008 1260 1260 1260 1007 1007 1007 1260 1260 1260 1008 1008 1008 1260 1260 1260 1007 1007 1007 1261 1261 1261 1006 1006 1006 1261 1261 1261 1007 1007 1007 1261 1261 1261 1006 1006 1006 1262 1262 1262 1005 1005 1005 1262 1262 1262 1006 1006 1006 1262 1262 1262 1005 1005 1005 1263 1263 1263 1004 1004 1004 1263 1263 1263 1005 1005 1005 1263 1263 1263 1004 1004 1004 1264 1264 1264 1003 1003 1003 1264 1264 1264 1004 1004 1004 1264 1264 1264 1003 1003 1003 1265 1265 1265 1002 1002 1002 1265 1265 1265 1003 1003 1003 1265 1265 1265 1002 1002 1002 1266 1266 1266 1001 1001 1001 1266 1266 1266 1002 1002 1002 1266 1266 1266 1001 1001 1001 1267 1267 1267 1000 1000 1000 1267 1267 1267 1001 1001 1001 1267 1267 1267 1000 1000 1000 1244 1244 1244 999 999 999 1244 1244 1244 1000 1000 1000 1268 1268 1268 1269 1269 1269 1270 1270 1270 1271 1271 1271 1272 1272 1272 1273 1273 1273 1274 1274 1274 1275 1275 1275 1273 1273 1273 1268 1268 1268 1273 1273 1273 1275 1275 1275 1273 1273 1273 1268 1268 1268 1271 1271 1271 1270 1270 1270 1271 1271 1271 1268 1268 1268 1145 1145 1145 1143 1143 1143 1170 1170 1170 1131 1131 1131 1093 1093 1093 1133 1133 1133 1095 1095 1095 1133 1133 1133 1093 1093 1093 1133 1133 1133 1095 1095 1095 1170 1170 1170 1113 1113 1113 1170 1170 1170 1095 1095 1095 1170 1170 1170 1113 1113 1113 1145 1145 1145 1147 1147 1147 1146 1146 1146 1271 1271 1271 1111 1111 1111 1271 1271 1271 1146 1146 1146 1271 1271 1271 1111 1111 1111 1272 1272 1272 1105 1105 1105 1272 1272 1272 1111 1111 1111 1272 1272 1272 1105 1105 1105 1276 1276 1276 1102 1102 1102 1276 1276 1276 1105 1105 1105 1163 1163 1163 1114 1114 1114 1157 1157 1157 1116 1116 1116 1157 1157 1157 1114 1114 1114 1277 1277 1277 1278 1278 1278 1125 1125 1125 1279 1279 1279 1125 1125 1125 1278 1278 1278 1280 1280 1280 1281 1281 1281 1124 1124 1124 1282 1282 1282 1124 1124 1124 1281 1281 1281 1124 1124 1124 1282 1282 1282 1283 1283 1283 1284 1284 1284 1285 1285 1285 1125 1125 1125 1286 1286 1286 1287 1287 1287 1160 1160 1160 1160 1160 1160 1288 1288 1288 1124 1124 1124 1289 1289 1289 1124 1124 1124 1288 1288 1288 1124 1124 1124 1289 1289 1289 1280 1280 1280 1290 1290 1290 1291 1291 1291 1292 1292 1292 1293 1293 1293 1294 1294 1294 1295 1295 1295 1283 1283 1283 1296 1296 1296 1124 1124 1124 1297 1297 1297 1124 1124 1124 1296 1296 1296 1124 1124 1124 1297 1297 1297 1125 1125 1125 1298 1298 1298 1125 1125 1125 1297 1297 1297 1125 1125 1125 1298 1298 1298 1284 1284 1284 1299 1299 1299 1292 1292 1292 1300 1300 1300 1301 1301 1301 1302 1302 1302 1158 1158 1158 1303 1303 1303 1158 1158 1158 1302 1302 1302 1158 1158 1158 1303 1303 1303 1304 1304 1304 1295 1295 1295 1305 1305 1305 1293 1293 1293 1306 1306 1306 1293 1293 1293 1305 1305 1305 1293 1293 1293 1306 1306 1306 1307 1307 1307 1308 1308 1308 1307 1307 1307 1306 1306 1306 1309 1309 1309 1310 1310 1310 1293 1293 1293 1311 1311 1311 1293 1293 1293 1310 1310 1310 1293 1293 1293 1311 1311 1311 1294 1294 1294 1287 1287 1287 1312 1312 1312 1160 1160 1160 1313 1313 1313 1160 1160 1160 1312 1312 1312 1160 1160 1160 1313 1313 1313 1288 1288 1288 1314 1314 1314 1315 1315 1315 1316 1316 1316 1317 1317 1317 1316 1316 1316 1315 1315 1315 1316 1316 1316 1317 1317 1317 1318 1318 1318 1319 1319 1319 1320 1320 1320 1285 1285 1285 1321 1321 1321 1285 1285 1285 1320 1320 1320 1279 1279 1279 1322 1322 1322 1125 1125 1125 1323 1323 1323 1125 1125 1125 1322 1322 1322 1125 1125 1125 1323 1323 1323 1158 1158 1158 1324 1324 1324 1158 1158 1158 1323 1323 1323 1158 1158 1158 1324 1324 1324 1301 1301 1301 1292 1292 1292 1291 1291 1291 1325 1325 1325 1326 1326 1326 1325 1325 1325 1291 1291 1291 1325 1325 1325 1326 1326 1326 1314 1314 1314 1327 1327 1327 1314 1314 1314 1326 1326 1326 1314 1314 1314 1327 1327 1327 1315 1315 1315 1299 1299 1299 1328 1328 1328 1292 1292 1292 1329 1329 1329 1292 1292 1292 1328 1328 1328 1292 1292 1292 1329 1329 1329 1290 1290 1290 1308 1308 1308 1306 1306 1306 1330 1330 1330 1331 1331 1331 1330 1330 1330 1306 1306 1306 1330 1330 1330 1331 1331 1331 1319 1319 1319 1332 1332 1332 1319 1319 1319 1331 1331 1331 1319 1319 1319 1332 1332 1332 1320 1320 1320 1333 1333 1333 1160 1160 1160 1334 1334 1334 1158 1158 1158 1334 1334 1334 1160 1160 1160 1334 1334 1334 1158 1158 1158 1335 1335 1335 1304 1304 1304 1335 1335 1335 1158 1158 1158 1336 1336 1336 1125 1125 1125 1337 1337 1337 1285 1285 1285 1337 1337 1337 1125 1125 1125 1337 1337 1337 1285 1285 1285 1338 1338 1338 1321 1321 1321 1338 1338 1338 1285 1285 1285 1300 1300 1300 1339 1339 1339 1299 1299 1299 1340 1340 1340 1299 1299 1299 1339 1339 1339 1299 1299 1299 1340 1340 1340 1336 1336 1336 1341 1341 1341 1336 1336 1336 1340 1340 1340 1336 1336 1336 1341 1341 1341 1125 1125 1125 1342 1342 1342 1125 1125 1125 1341 1341 1341 1125 1125 1125 1342 1342 1342 1277 1277 1277 1333 1333 1333 1343 1343 1343 1160 1160 1160 1344 1344 1344 1160 1160 1160 1343 1343 1343 1160 1160 1160 1344 1344 1344 1310 1310 1310 1316 1316 1316 1310 1310 1310 1344 1344 1344 1310 1310 1310 1316 1316 1316 1345 1345 1345 1318 1318 1318 1345 1345 1345 1316 1316 1316 1309 1309 1309 1346 1346 1346 1310 1310 1310 1347 1347 1347 1310 1310 1310 1346 1346 1346 1310 1310 1310 1347 1347 1347 1160 1160 1160 1348 1348 1348 1160 1160 1160 1347 1347 1347 1160 1160 1160 1348 1348 1348 1286 1286 1286 1143 1143 1143 1142 1142 1142 1170 1170 1170 1171 1171 1171 1170 1170 1170 1142 1142 1142 1270 1270 1270 1149 1149 1149 1271 1271 1271 1147 1147 1147 1271 1271 1271 1149 1149 1149 1153 1153 1153 1152 1152 1152 1349 1349 1349 1350 1350 1350 1349 1349 1349 1152 1152 1152 1349 1349 1349 1351 1351 1351 1153 1153 1153 1156 1156 1156 1153 1153 1153 1351 1351 1351 1152 1152 1152 1154 1154 1154 1350 1350 1350 1352 1352 1352 1350 1350 1350 1154 1154 1154 1167 1167 1167 1166 1166 1166 1353 1353 1353 1354 1354 1354 1353 1353 1353 1166 1166 1166 1353 1353 1353 1355 1355 1355 1167 1167 1167 1162 1162 1162 1167 1167 1167 1355 1355 1355 1355 1355 1355 1356 1356 1356 1162 1162 1162 1161 1161 1161 1162 1162 1162 1356 1356 1356 1216 1216 1216 1218 1218 1218 1357 1357 1357 1172 1172 1172 1357 1357 1357 1218 1218 1218 1357 1357 1357 1172 1172 1172 1174 1174 1174 1210 1210 1210 1212 1212 1212 1357 1357 1357 1214 1214 1214 1357 1357 1357 1212 1212 1212 1357 1357 1357 1214 1214 1214 1216 1216 1216 1204 1204 1204 1206 1206 1206 1357 1357 1357 1208 1208 1208 1357 1357 1357 1206 1206 1206 1357 1357 1357 1208 1208 1208 1210 1210 1210 1198 1198 1198 1200 1200 1200 1357 1357 1357 1202 1202 1202 1357 1357 1357 1200 1200 1200 1357 1357 1357 1202 1202 1202 1204 1204 1204 1192 1192 1192 1194 1194 1194 1357 1357 1357 1196 1196 1196 1357 1357 1357 1194 1194 1194 1357 1357 1357 1196 1196 1196 1198 1198 1198 1186 1186 1186 1188 1188 1188 1357 1357 1357 1190 1190 1190 1357 1357 1357 1188 1188 1188 1357 1357 1357 1190 1190 1190 1192 1192 1192 1180 1180 1180 1182 1182 1182 1357 1357 1357 1184 1184 1184 1357 1357 1357 1182 1182 1182 1357 1357 1357 1184 1184 1184 1186 1186 1186 1174 1174 1174 1176 1176 1176 1357 1357 1357 1178 1178 1178 1357 1357 1357 1176 1176 1176 1357 1357 1357 1178 1178 1178 1180 1180 1180 1242 1242 1242 1243 1243 1243 1358 1358 1358 1220 1220 1220 1358 1358 1358 1243 1243 1243 1358 1358 1358 1220 1220 1220 1221 1221 1221 1239 1239 1239 1240 1240 1240 1358 1358 1358 1241 1241 1241 1358 1358 1358 1240 1240 1240 1358 1358 1358 1241 1241 1241 1242 1242 1242 1236 1236 1236 1237 1237 1237 1358 1358 1358 1238 1238 1238 1358 1358 1358 1237 1237 1237 1358 1358 1358 1238 1238 1238 1239 1239 1239 1233 1233 1233 1234 1234 1234 1358 1358 1358 1235 1235 1235 1358 1358 1358 1234 1234 1234 1358 1358 1358 1235 1235 1235 1236 1236 1236 1230 1230 1230 1231 1231 1231 1358 1358 1358 1232 1232 1232 1358 1358 1358 1231 1231 1231 1358 1358 1358 1232 1232 1232 1233 1233 1233 1227 1227 1227 1228 1228 1228 1358 1358 1358 1229 1229 1229 1358 1358 1358 1228 1228 1228 1358 1358 1358 1229 1229 1229 1230 1230 1230 1224 1224 1224 1225 1225 1225 1358 1358 1358 1226 1226 1226 1358 1358 1358 1225 1225 1225 1358 1358 1358 1226 1226 1226 1227 1227 1227 1221 1221 1221 1222 1222 1222 1358 1358 1358 1223 1223 1223 1358 1358 1358 1222 1222 1222 1358 1358 1358 1223 1223 1223 1224 1224 1224 1266 1266 1266 1267 1267 1267 1359 1359 1359 1244 1244 1244 1359 1359 1359 1267 1267 1267 1359 1359 1359 1244 1244 1244 1245 1245 1245 1263 1263 1263 1264 1264 1264 1359 1359 1359 1265 1265 1265 1359 1359 1359 1264 1264 1264 1359 1359 1359 1265 1265 1265 1266 1266 1266 1260 1260 1260 1261 1261 1261 1359 1359 1359 1262 1262 1262 1359 1359 1359 1261 1261 1261 1359 1359 1359 1262 1262 1262 1263 1263 1263 1257 1257 1257 1258 1258 1258 1359 1359 1359 1259 1259 1259 1359 1359 1359 1258 1258 1258 1359 1359 1359 1259 1259 1259 1260 1260 1260 1254 1254 1254 1255 1255 1255 1359 1359 1359 1256 1256 1256 1359 1359 1359 1255 1255 1255 1359 1359 1359 1256 1256 1256 1257 1257 1257 1251 1251 1251 1252 1252 1252 1359 1359 1359 1253 1253 1253 1359 1359 1359 1252 1252 1252 1359 1359 1359 1253 1253 1253 1254 1254 1254 1248 1248 1248 1249 1249 1249 1359 1359 1359 1250 1250 1250 1359 1359 1359 1249 1249 1249 1359 1359 1359 1250 1250 1250 1251 1251 1251 1245 1245 1245 1246 1246 1246 1359 1359 1359 1247 1247 1247 1359 1359 1359 1246 1246 1246 1359 1359 1359 1247 1247 1247 1248 1248 1248 1160 1160 1160 1163 1163 1163 1158 1158 1158 1157 1157 1157 1158 1158 1158 1163 1163 1163 1325 1325 1325 1360 1360 1360 1292 1292 1292 1361 1361 1361 1292 1292 1292 1360 1360 1360 1292 1292 1292 1361 1361 1361 1300 1300 1300 1362 1362 1362 1300 1300 1300 1361 1361 1361 1300 1300 1300 1362 1362 1362 1339 1339 1339 1363 1363 1363 1339 1339 1339 1362 1362 1362 1339 1339 1339 1363 1363 1363 1340 1340 1340 1364 1364 1364 1340 1340 1340 1363 1363 1363 1340 1340 1340 1364 1364 1364 1341 1341 1341 1365 1365 1365 1341 1341 1341 1364 1364 1364 1341 1341 1341 1365 1365 1365 1342 1342 1342 1366 1366 1366 1342 1342 1342 1365 1365 1365 1342 1342 1342 1366 1366 1366 1277 1277 1277 1367 1367 1367 1277 1277 1277 1366 1366 1366 1277 1277 1277 1367 1367 1367 1278 1278 1278 1368 1368 1368 1278 1278 1278 1367 1367 1367 1278 1278 1278 1368 1368 1368 1279 1279 1279 1369 1369 1369 1279 1279 1279 1368 1368 1368 1279 1279 1279 1369 1369 1369 1322 1322 1322 1370 1370 1370 1322 1322 1322 1369 1369 1369 1322 1322 1322 1370 1370 1370 1323 1323 1323 1371 1371 1371 1323 1323 1323 1370 1370 1370 1323 1323 1323 1371 1371 1371 1324 1324 1324 1372 1372 1372 1324 1324 1324 1371 1371 1371 1324 1324 1324 1372 1372 1372 1301 1301 1301 1373 1373 1373 1301 1301 1301 1372 1372 1372 1301 1301 1301 1373 1373 1373 1302 1302 1302 1374 1374 1374 1302 1302 1302 1373 1373 1373 1302 1302 1302 1374 1374 1374 1303 1303 1303 1375 1375 1375 1303 1303 1303 1374 1374 1374 1303 1303 1303 1375 1375 1375 1304 1304 1304 1376 1376 1376 1304 1304 1304 1375 1375 1375 1304 1304 1304 1376 1376 1376 1335 1335 1335 1377 1377 1377 1335 1335 1335 1376 1376 1376 1335 1335 1335 1377 1377 1377 1334 1334 1334 1378 1378 1378 1334 1334 1334 1377 1377 1377 1334 1334 1334 1378 1378 1378 1333 1333 1333 1379 1379 1379 1333 1333 1333 1378 1378 1378 1333 1333 1333 1379 1379 1379 1343 1343 1343 1380 1380 1380 1343 1343 1343 1379 1379 1379 1343 1343 1343 1380 1380 1380 1344 1344 1344 1381 1381 1381 1344 1344 1344 1380 1380 1380 1344 1344 1344 1381 1381 1381 1316 1316 1316 1382 1382 1382 1316 1316 1316 1381 1381 1381 1316 1316 1316 1382 1382 1382 1314 1314 1314 1383 1383 1383 1314 1314 1314 1382 1382 1382 1314 1314 1314 1383 1383 1383 1325 1325 1325 1360 1360 1360 1325 1325 1325 1383 1383 1383 1288 1288 1288 1384 1384 1384 1289 1289 1289 1385 1385 1385 1289 1289 1289 1384 1384 1384 1289 1289 1289 1385 1385 1385 1280 1280 1280 1386 1386 1386 1280 1280 1280 1385 1385 1385 1280 1280 1280 1386 1386 1386 1281 1281 1281 1387 1387 1387 1281 1281 1281 1386 1386 1386 1281 1281 1281 1387 1387 1387 1282 1282 1282 1388 1388 1388 1282 1282 1282 1387 1387 1387 1282 1282 1282 1388 1388 1388 1283 1283 1283 1389 1389 1389 1283 1283 1283 1388 1388 1388 1283 1283 1283 1389 1389 1389 1296 1296 1296 1390 1390 1390 1296 1296 1296 1389 1389 1389 1296 1296 1296 1390 1390 1390 1297 1297 1297 1391 1391 1391 1297 1297 1297 1390 1390 1390 1297 1297 1297 1391 1391 1391 1298 1298 1298 1392 1392 1392 1298 1298 1298 1391 1391 1391 1298 1298 1298 1392 1392 1392 1284 1284 1284 1393 1393 1393 1284 1284 1284 1392 1392 1392 1284 1284 1284 1393 1393 1393 1285 1285 1285 1394 1394 1394 1285 1285 1285 1393 1393 1393 1285 1285 1285 1394 1394 1394 1319 1319 1319 1395 1395 1395 1319 1319 1319 1394 1394 1394 1319 1319 1319 1395 1395 1395 1330 1330 1330 1396 1396 1396 1330 1330 1330 1395 1395 1395 1330 1330 1330 1396 1396 1396 1308 1308 1308 1397 1397 1397 1308 1308 1308 1396 1396 1396 1308 1308 1308 1397 1397 1397 1307 1307 1307 1398 1398 1398 1307 1307 1307 1397 1397 1397 1307 1307 1307 1398 1398 1398 1293 1293 1293 1399 1399 1399 1293 1293 1293 1398 1398 1398 1293 1293 1293 1399 1399 1399 1309 1309 1309 1400 1400 1400 1309 1309 1309 1399 1399 1399 1309 1309 1309 1400 1400 1400 1346 1346 1346 1401 1401 1401 1346 1346 1346 1400 1400 1400 1346 1346 1346 1401 1401 1401 1347 1347 1347 1402 1402 1402 1347 1347 1347 1401 1401 1401 1347 1347 1347 1402 1402 1402 1348 1348 1348 1403 1403 1403 1348 1348 1348 1402 1402 1402 1348 1348 1348 1403 1403 1403 1286 1286 1286 1404 1404 1404 1286 1286 1286 1403 1403 1403 1286 1286 1286 1404 1404 1404 1287 1287 1287 1405 1405 1405 1287 1287 1287 1404 1404 1404 1287 1287 1287 1405 1405 1405 1312 1312 1312 1406 1406 1406 1312 1312 1312 1405 1405 1405 1312 1312 1312 1406 1406 1406 1313 1313 1313 1407 1407 1407 1313 1313 1313 1406 1406 1406 1313 1313 1313 1407 1407 1407 1288 1288 1288 1384 1384 1384 1288 1288 1288 1407 1407 1407 1331 1331 1331 1408 1408 1408 1332 1332 1332 1409 1409 1409 1332 1332 1332 1408 1408 1408 1332 1332 1332 1409 1409 1409 1320 1320 1320 1410 1410 1410 1320 1320 1320 1409 1409 1409 1320 1320 1320 1410 1410 1410 1321 1321 1321 1411 1411 1411 1321 1321 1321 1410 1410 1410 1321 1321 1321 1411 1411 1411 1338 1338 1338 1412 1412 1412 1338 1338 1338 1411 1411 1411 1338 1338 1338 1412 1412 1412 1337 1337 1337 1413 1413 1413 1337 1337 1337 1412 1412 1412 1337 1337 1337 1413 1413 1413 1336 1336 1336 1414 1414 1414 1336 1336 1336 1413 1413 1413 1336 1336 1336 1414 1414 1414 1299 1299 1299 1415 1415 1415 1299 1299 1299 1414 1414 1414 1299 1299 1299 1415 1415 1415 1328 1328 1328 1416 1416 1416 1328 1328 1328 1415 1415 1415 1328 1328 1328 1416 1416 1416 1329 1329 1329 1417 1417 1417 1329 1329 1329 1416 1416 1416 1329 1329 1329 1417 1417 1417 1290 1290 1290 1418 1418 1418 1290 1290 1290 1417 1417 1417 1290 1290 1290 1418 1418 1418 1291 1291 1291 1419 1419 1419 1291 1291 1291 1418 1418 1418 1291 1291 1291 1419 1419 1419 1326 1326 1326 1420 1420 1420 1326 1326 1326 1419 1419 1419 1326 1326 1326 1420 1420 1420 1327 1327 1327 1421 1421 1421 1327 1327 1327 1420 1420 1420 1327 1327 1327 1421 1421 1421 1315 1315 1315 1422 1422 1422 1315 1315 1315 1421 1421 1421 1315 1315 1315 1422 1422 1422 1317 1317 1317 1423 1423 1423 1317 1317 1317 1422 1422 1422 1317 1317 1317 1423 1423 1423 1318 1318 1318 1424 1424 1424 1318 1318 1318 1423 1423 1423 1318 1318 1318 1424 1424 1424 1345 1345 1345 1425 1425 1425 1345 1345 1345 1424 1424 1424 1345 1345 1345 1425 1425 1425 1310 1310 1310 1426 1426 1426 1310 1310 1310 1425 1425 1425 1310 1310 1310 1426 1426 1426 1311 1311 1311 1427 1427 1427 1311 1311 1311 1426 1426 1426 1311 1311 1311 1427 1427 1427 1294 1294 1294 1428 1428 1428 1294 1294 1294 1427 1427 1427 1294 1294 1294 1428 1428 1428 1295 1295 1295 1429 1429 1429 1295 1295 1295 1428 1428 1428 1295 1295 1295 1429 1429 1429 1305 1305 1305 1430 1430 1430 1305 1305 1305 1429 1429 1429 1305 1305 1305 1430 1430 1430 1306 1306 1306 1431 1431 1431 1306 1306 1306 1430 1430 1430 1306 1306 1306 1431 1431 1431 1331 1331 1331 1408 1408 1408 1331 1331 1331 1431 1431 1431 1350 1350 1350 1352 1352 1352 1349 1349 1349 1351 1351 1351 1349 1349 1349 1352 1352 1352 1353 1353 1353 1354 1354 1354 1355 1355 1355 1356 1356 1356 1355 1355 1355 1354 1354 1354 1361 1361 1361 1360 1360 1360 1432 1432 1432 1383 1383 1383 1432 1432 1432 1360 1360 1360 1432 1432 1432 1383 1383 1383 1382 1382 1382 1364 1364 1364 1363 1363 1363 1432 1432 1432 1362 1362 1362 1432 1432 1432 1363 1363 1363 1432 1432 1432 1362 1362 1362 1361 1361 1361 1367 1367 1367 1366 1366 1366 1432 1432 1432 1365 1365 1365 1432 1432 1432 1366 1366 1366 1432 1432 1432 1365 1365 1365 1364 1364 1364 1370 1370 1370 1369 1369 1369 1432 1432 1432 1368 1368 1368 1432 1432 1432 1369 1369 1369 1432 1432 1432 1368 1368 1368 1367 1367 1367 1373 1373 1373 1372 1372 1372 1432 1432 1432 1371 1371 1371 1432 1432 1432 1372 1372 1372 1432 1432 1432 1371 1371 1371 1370 1370 1370 1376 1376 1376 1375 1375 1375 1432 1432 1432 1374 1374 1374 1432 1432 1432 1375 1375 1375 1432 1432 1432 1374 1374 1374 1373 1373 1373 1379 1379 1379 1378 1378 1378 1432 1432 1432 1377 1377 1377 1432 1432 1432 1378 1378 1378 1432 1432 1432 1377 1377 1377 1376 1376 1376 1382 1382 1382 1381 1381 1381 1432 1432 1432 1380 1380 1380 1432 1432 1432 1381 1381 1381 1432 1432 1432 1380 1380 1380 1379 1379 1379 1385 1385 1385 1384 1384 1384 1433 1433 1433 1407 1407 1407 1433 1433 1433 1384 1384 1384 1433 1433 1433 1407 1407 1407 1406 1406 1406 1388 1388 1388 1387 1387 1387 1433 1433 1433 1386 1386 1386 1433 1433 1433 1387 1387 1387 1433 1433 1433 1386 1386 1386 1385 1385 1385 1391 1391 1391 1390 1390 1390 1433 1433 1433 1389 1389 1389 1433 1433 1433 1390 1390 1390 1433 1433 1433 1389 1389 1389 1388 1388 1388 1394 1394 1394 1393 1393 1393 1433 1433 1433 1392 1392 1392 1433 1433 1433 1393 1393 1393 1433 1433 1433 1392 1392 1392 1391 1391 1391 1397 1397 1397 1396 1396 1396 1433 1433 1433 1395 1395 1395 1433 1433 1433 1396 1396 1396 1433 1433 1433 1395 1395 1395 1394 1394 1394 1400 1400 1400 1399 1399 1399 1433 1433 1433 1398 1398 1398 1433 1433 1433 1399 1399 1399 1433 1433 1433 1398 1398 1398 1397 1397 1397 1403 1403 1403 1402 1402 1402 1433 1433 1433 1401 1401 1401 1433 1433 1433 1402 1402 1402 1433 1433 1433 1401 1401 1401 1400 1400 1400 1406 1406 1406 1405 1405 1405 1433 1433 1433 1404 1404 1404 1433 1433 1433 1405 1405 1405 1433 1433 1433 1404 1404 1404 1403 1403 1403 1409 1409 1409 1408 1408 1408 1434 1434 1434 1431 1431 1431 1434 1434 1434 1408 1408 1408 1434 1434 1434 1431 1431 1431 1430 1430 1430 1412 1412 1412 1411 1411 1411 1434 1434 1434 1410 1410 1410 1434 1434 1434 1411 1411 1411 1434 1434 1434 1410 1410 1410 1409 1409 1409 1415 1415 1415 1414 1414 1414 1434 1434 1434 1413 1413 1413 1434 1434 1434 1414 1414 1414 1434 1434 1434 1413 1413 1413 1412 1412 1412 1418 1418 1418 1417 1417 1417 1434 1434 1434 1416 1416 1416 1434 1434 1434 1417 1417 1417 1434 1434 1434 1416 1416 1416 1415 1415 1415 1421 1421 1421 1420 1420 1420 1434 1434 1434 1419 1419 1419 1434 1434 1434 1420 1420 1420 1434 1434 1434 1419 1419 1419 1418 1418 1418 1424 1424 1424 1423 1423 1423 1434 1434 1434 1422 1422 1422 1434 1434 1434 1423 1423 1423 1434 1434 1434 1422 1422 1422 1421 1421 1421 1427 1427 1427 1426 1426 1426 1434 1434 1434 1425 1425 1425 1434 1434 1434 1426 1426 1426 1434 1434 1434 1425 1425 1425 1424 1424 1424 1430 1430 1430 1429 1429 1429 1434 1434 1434 1428 1428 1428 1434 1434 1434 1429 1429 1429 1434 1434 1434 1428 1428 1428 1427 1427 1427 806 806 806 798 798 798 1435 1435 1435 776 776 776 760 760 760 1436 1436 1436 920 920 920 919 919 919 1437 1437 1437 1438 1438 1438 780 780 780 779 779 779 1438 1438 1438 779 779 779 1439 1439 1439 801 801 801 809 809 809 1440 1440 1440 784 784 784 1440 1440 1440 809 809 809 1440 1440 1440 784 784 784 1438 1438 1438 782 782 782 1438 1438 1438 784 784 784 1438 1438 1438 782 782 782 780 780 780 1441 1441 1441 823 823 823 1442 1442 1442 801 801 801 1442 1442 1442 823 823 823 841 841 841 840 840 840 1441 1441 1441 839 839 839 1441 1441 1441 840 840 840 1441 1441 1441 839 839 839 823 823 823 1443 1443 1443 859 859 859 841 841 841 1443 1443 1443 841 841 841 1444 1444 1444 1445 1445 1445 861 861 861 1443 1443 1443 860 860 860 1443 1443 1443 861 861 861 1443 1443 1443 860 860 860 859 859 859 879 879 879 877 877 877 1445 1445 1445 876 876 876 1445 1445 1445 877 877 877 1445 1445 1445 876 876 876 861 861 861 1446 1446 1446 886 886 886 879 879 879 1446 1446 1446 879 879 879 1447 1447 1447 1448 1448 1448 1449 1449 1449 819 819 819 819 819 819 818 818 818 1448 1448 1448 888 888 888 1448 1448 1448 818 818 818 1448 1448 1448 888 888 888 1446 1446 1446 887 887 887 1446 1446 1446 888 888 888 1446 1446 1446 887 887 887 886 886 886 795 795 795 794 794 794 1450 1450 1450 793 793 793 1450 1450 1450 794 794 794 1450 1450 1450 793 793 793 1449 1449 1449 820 820 820 1449 1449 1449 793 793 793 1449 1449 1449 820 820 820 819 819 819 795 795 795 1450 1450 1450 754 754 754 1451 1451 1451 754 754 754 1450 1450 1450 754 754 754 1451 1451 1451 755 755 755 1452 1452 1452 755 755 755 1451 1451 1451 755 755 755 1452 1452 1452 811 811 811 1437 1437 1437 919 919 919 1453 1453 1453 919 919 919 918 918 918 1453 1453 1453 853 853 853 1453 1453 1453 918 918 918 1453 1453 1453 853 853 853 1452 1452 1452 812 812 812 1452 1452 1452 853 853 853 1452 1452 1452 812 812 812 811 811 811 920 920 920 1437 1437 1437 904 904 904 1454 1454 1454 904 904 904 1437 1437 1437 904 904 904 1454 1454 1454 905 905 905 905 905 905 1454 1454 1454 906 906 906 1455 1455 1455 906 906 906 1454 1454 1454 906 906 906 1455 1455 1455 836 836 836 1456 1456 1456 786 786 786 838 838 838 1456 1456 1456 838 838 838 1455 1455 1455 837 837 837 1455 1455 1455 838 838 838 1455 1455 1455 837 837 837 836 836 836 786 786 786 1456 1456 1456 787 787 787 1457 1457 1457 787 787 787 1456 1456 1456 787 787 787 1457 1457 1457 791 791 791 791 791 791 1457 1457 1457 792 792 792 1458 1458 1458 792 792 792 1457 1457 1457 792 792 792 1458 1458 1458 757 757 757 1459 1459 1459 774 774 774 1436 1436 1436 775 775 775 1436 1436 1436 774 774 774 1436 1436 1436 775 775 775 776 776 776 1460 1460 1460 797 797 797 1459 1459 1459 796 796 796 1459 1459 1459 797 797 797 1459 1459 1459 796 796 796 774 774 774 1461 1461 1461 808 808 808 1435 1435 1435 807 807 807 1435 1435 1435 808 808 808 1435 1435 1435 807 807 807 806 806 806 777 777 777 765 765 765 1462 1462 1462 764 764 764 1462 1462 1462 765 765 765 1462 1462 1462 764 764 764 1463 1463 1463 822 822 822 1463 1463 1463 764 764 764 1463 1463 1463 822 822 822 821 821 821 779 779 779 767 767 767 1439 1439 1439 766 766 766 1439 1439 1439 767 767 767 1439 1439 1439 766 766 766 1462 1462 1462 778 778 778 1462 1462 1462 766 766 766 1462 1462 1462 778 778 778 777 777 777 801 801 801 1440 1440 1440 1442 1442 1442 1438 1438 1438 1442 1442 1442 1440 1440 1440 1442 1442 1442 1438 1438 1438 1464 1464 1464 1439 1439 1439 1464 1464 1464 1438 1438 1438 1464 1464 1464 1439 1439 1439 1465 1465 1465 1462 1462 1462 1465 1465 1465 1439 1439 1439 1465 1465 1465 1462 1462 1462 1466 1466 1466 1463 1463 1463 1466 1466 1466 1462 1462 1462 1466 1466 1466 1463 1463 1463 1461 1461 1461 821 821 821 1461 1461 1461 1463 1463 1463 1461 1461 1461 821 821 821 808 808 808 841 841 841 1441 1441 1441 1444 1444 1444 1442 1442 1442 1444 1444 1444 1441 1441 1441 1444 1444 1444 1442 1442 1442 1467 1467 1467 1464 1464 1464 1467 1467 1467 1442 1442 1442 1467 1467 1467 1464 1464 1464 1468 1468 1468 1465 1465 1465 1468 1468 1468 1464 1464 1464 1468 1468 1468 1465 1465 1465 1469 1469 1469 1466 1466 1466 1469 1469 1469 1465 1465 1465 1469 1469 1469 1466 1466 1466 1470 1470 1470 1461 1461 1461 1470 1470 1470 1466 1466 1466 1470 1470 1470 1461 1461 1461 1471 1471 1471 1435 1435 1435 1471 1471 1471 1461 1461 1461 1471 1471 1471 1435 1435 1435 1460 1460 1460 798 798 798 1460 1460 1460 1435 1435 1435 1460 1460 1460 798 798 798 797 797 797 879 879 879 1445 1445 1445 1447 1447 1447 1443 1443 1443 1447 1447 1447 1445 1445 1445 1447 1447 1447 1443 1443 1443 1472 1472 1472 1444 1444 1444 1472 1472 1472 1443 1443 1443 1472 1472 1472 1444 1444 1444 1473 1473 1473 1467 1467 1467 1473 1473 1473 1444 1444 1444 1473 1473 1473 1467 1467 1467 1474 1474 1474 1468 1468 1468 1474 1474 1474 1467 1467 1467 1474 1474 1474 1468 1468 1468 1475 1475 1475 1469 1469 1469 1475 1475 1475 1468 1468 1468 1475 1475 1475 1469 1469 1469 1476 1476 1476 1470 1470 1470 1476 1476 1476 1469 1469 1469 1476 1476 1476 1470 1470 1470 1477 1477 1477 1471 1471 1471 1477 1477 1477 1470 1470 1470 1477 1477 1477 1471 1471 1471 1478 1478 1478 1460 1460 1460 1478 1478 1478 1471 1471 1471 1478 1478 1478 1460 1460 1460 1479 1479 1479 1459 1459 1459 1479 1479 1479 1460 1460 1460 1479 1479 1479 1459 1459 1459 1480 1480 1480 1436 1436 1436 1480 1480 1480 1459 1459 1459 1480 1480 1480 1436 1436 1436 1481 1481 1481 760 760 760 1481 1481 1481 1436 1436 1436 1481 1481 1481 760 760 760 1458 1458 1458 758 758 758 1458 1458 1458 760 760 760 1458 1458 1458 758 758 758 757 757 757 1452 1452 1452 1195 1195 1195 1453 1453 1453 1193 1193 1193 1453 1453 1453 1195 1195 1195 1453 1453 1453 1193 1193 1193 1437 1437 1437 1191 1191 1191 1437 1437 1437 1193 1193 1193 1437 1437 1437 1191 1191 1191 1454 1454 1454 1189 1189 1189 1454 1454 1454 1191 1191 1191 1454 1454 1454 1189 1189 1189 1455 1455 1455 1187 1187 1187 1455 1455 1455 1189 1189 1189 1455 1455 1455 1187 1187 1187 1456 1456 1456 1185 1185 1185 1456 1456 1456 1187 1187 1187 1456 1456 1456 1185 1185 1185 1457 1457 1457 1183 1183 1183 1457 1457 1457 1185 1185 1185 1457 1457 1457 1183 1183 1183 1458 1458 1458 1181 1181 1181 1458 1458 1458 1183 1183 1183 1458 1458 1458 1181 1181 1181 1481 1481 1481 1179 1179 1179 1481 1481 1481 1181 1181 1181 1481 1481 1481 1179 1179 1179 1480 1480 1480 1177 1177 1177 1480 1480 1480 1179 1179 1179 1480 1480 1480 1177 1177 1177 1479 1479 1479 1175 1175 1175 1479 1479 1479 1177 1177 1177 1479 1479 1479 1175 1175 1175 1478 1478 1478 1173 1173 1173 1478 1478 1478 1175 1175 1175 1478 1478 1478 1173 1173 1173 1477 1477 1477 1219 1219 1219 1477 1477 1477 1173 1173 1173 1477 1477 1477 1219 1219 1219 1476 1476 1476 1217 1217 1217 1476 1476 1476 1219 1219 1219 1476 1476 1476 1217 1217 1217 1475 1475 1475 1215 1215 1215 1475 1475 1475 1217 1217 1217 1475 1475 1475 1215 1215 1215 1474 1474 1474 1213 1213 1213 1474 1474 1474 1215 1215 1215 1474 1474 1474 1213 1213 1213 1473 1473 1473 1211 1211 1211 1473 1473 1473 1213 1213 1213 1473 1473 1473 1211 1211 1211 1472 1472 1472 1209 1209 1209 1472 1472 1472 1211 1211 1211 1472 1472 1472 1209 1209 1209 1447 1447 1447 1207 1207 1207 1447 1447 1447 1209 1209 1209 1447 1447 1447 1207 1207 1207 1446 1446 1446 1205 1205 1205 1446 1446 1446 1207 1207 1207 1446 1446 1446 1205 1205 1205 1448 1448 1448 1203 1203 1203 1448 1448 1448 1205 1205 1205 1448 1448 1448 1203 1203 1203 1449 1449 1449 1201 1201 1201 1449 1449 1449 1203 1203 1203 1449 1449 1449 1201 1201 1201 1450 1450 1450 1199 1199 1199 1450 1450 1450 1201 1201 1201 1450 1450 1450 1199 1199 1199 1451 1451 1451 1197 1197 1197 1451 1451 1451 1199 1199 1199 1451 1451 1451 1197 1197 1197 1452 1452 1452 1195 1195 1195 1452 1452 1452 1197 1197 1197 1142 1142 1142 1144 1144 1144 1171 1171 1171 1109 1109 1109 1171 1171 1171 1144 1144 1144 1171 1171 1171 1109 1109 1109 1140 1140 1140 1098 1098 1098 1140 1140 1140 1109 1109 1109 1140 1140 1140 1098 1098 1098 1138 1138 1138 1097 1097 1097 1138 1138 1138 1098 1098 1098 1164 1164 1164 1168 1168 1168 744 744 744 1148 1148 1148 1482 1482 1482 744 744 744 1113 1113 1113 1112 1112 1112 1145 1145 1145 1110 1110 1110 1145 1145 1145 1112 1112 1112 1110 1110 1110 1111 1111 1111 1146 1146 1146 1146 1146 1146 1148 1148 1148 1150 1150 1150 744 744 744 1150 1150 1150 1148 1148 1148 1150 1150 1150 744 744 744 1151 1151 1151 1168 1168 1168 1151 1151 1151 744 744 744 1151 1151 1151 1168 1168 1168 1159 1159 1159 1169 1169 1169 1159 1159 1159 1168 1168 1168 747 747 747 1109 1109 1109 1144 1144 1144 744 744 744 747 747 747 1164 1164 1164 1144 1144 1144 1164 1164 1164 747 747 747 1164 1164 1164 1144 1144 1144 1165 1165 1165 1145 1145 1145 1165 1165 1165 1144 1144 1144 1165 1165 1165 1145 1145 1145 1169 1169 1169 1110 1110 1110 1169 1169 1169 1145 1145 1145 1169 1169 1169 1110 1110 1110 1159 1159 1159 1146 1146 1146 1159 1159 1159 1110 1110 1110 1159 1159 1159 1146 1146 1146 1155 1155 1155 1150 1150 1150 1155 1155 1155 1146 1146 1146 749 749 749 748 748 748 1108 1108 1108 1087 1087 1087 1108 1108 1108 748 748 748 1108 1108 1108 1087 1087 1087 1096 1096 1096 1086 1086 1086 1096 1096 1096 1087 1087 1087 1139 1139 1139 1138 1138 1138 1101 1101 1101 1097 1097 1097 1101 1101 1101 1138 1138 1138 1141 1141 1141 1139 1139 1139 1135 1135 1135 1101 1101 1101 1135 1135 1135 1139 1139 1139 1135 1135 1135 1101 1101 1101 1137 1137 1137 1104 1104 1104 1137 1137 1137 1101 1101 1101 1104 1104 1104 1103 1103 1103 1137 1137 1137 1136 1136 1136 1137 1137 1137 1103 1103 1103 1136 1136 1136 1103 1103 1103 1134 1134 1134 1091 1091 1091 1134 1134 1134 1103 1103 1103 1134 1134 1134 1091 1091 1091 1132 1132 1132 1130 1130 1130 1132 1132 1132 1091 1091 1091 1130 1130 1130 1091 1091 1091 1131 1131 1131 1093 1093 1093 1131 1131 1131 1091 1091 1091 1120 1120 1120 1156 1156 1156 1351 1351 1351 1094 1094 1094 1356 1356 1356 1112 1112 1112 1354 1354 1354 1112 1112 1112 1356 1356 1356 1352 1352 1352 1092 1092 1092 1351 1351 1351 1110 1110 1110 1351 1351 1351 1092 1092 1092 1351 1351 1351 1110 1110 1110 1120 1120 1120 1112 1112 1112 1120 1120 1120 1110 1110 1110 1120 1120 1120 1112 1112 1112 1118 1118 1118 1354 1354 1354 1118 1118 1118 1112 1112 1112 1118 1118 1118 1354 1354 1354 1166 1166 1166 1161 1161 1161 1356 1356 1356 1115 1115 1115 1094 1094 1094 1115 1115 1115 1356 1356 1356 1115 1115 1115 1094 1094 1094 1117 1117 1117 1092 1092 1092 1117 1117 1117 1094 1094 1094 1117 1117 1117 1092 1092 1092 1154 1154 1154 1352 1352 1352 1154 1154 1154 1092 1092 1092 1102 1102 1102 1100 1100 1100 1276 1276 1276 1483 1483 1483 1276 1276 1276 1100 1100 1100 1273 1273 1273 1483 1483 1483 1274 1274 1274 1100 1100 1100 1274 1274 1274 1483 1483 1483 1274 1274 1274 1100 1100 1100 1484 1484 1484 1090 1090 1090 1484 1484 1484 1100 1100 1100 1485 1485 1485 1484 1484 1484 1089 1089 1089 1090 1090 1090 1089 1089 1089 1484 1484 1484 1485 1485 1485 1089 1089 1089 1275 1275 1275 1088 1088 1088 1275 1275 1275 1089 1089 1089 1275 1275 1275 1088 1088 1088 1268 1268 1268 1486 1486 1486 1268 1268 1268 1088 1088 1088 1487 1487 1487 1486 1486 1486 1106 1106 1106 1088 1088 1088 1106 1106 1106 1486 1486 1486 744 744 744 1482 1482 1482 745 745 745 1107 1107 1107 745 745 745 1482 1482 1482 745 745 745 1107 1107 1107 1083 1083 1083 1099 1099 1099 1083 1083 1083 1107 1107 1107 1272 1272 1272 1276 1276 1276 1273 1273 1273 1483 1483 1483 1273 1273 1273 1276 1276 1276 1485 1485 1485 1275 1275 1275 1484 1484 1484 1274 1274 1274 1484 1484 1484 1275 1275 1275 1268 1268 1268 1486 1486 1486 1269 1269 1269 1487 1487 1487 1269 1269 1269 1486 1486 1486 1083 1083 1083 1099 1099 1099 1084 1084 1084 1085 1085 1085 1084 1084 1084 1099 1099 1099 1148 1148 1148 1149 1149 1149 1270 1270 1270 1487 1487 1487 1106 1106 1106 1269 1269 1269 1107 1107 1107 1269 1269 1269 1106 1106 1106 1269 1269 1269 1107 1107 1107 1270 1270 1270 1482 1482 1482 1270 1270 1270 1107 1107 1107 1270 1270 1270 1482 1482 1482 1148 1148 1148 5 5 5 340 340 340 339 339 339 339 339 339 4 4 4 5 5 5 340 340 340 5 5 5 72 72 72 72 72 72 341 341 341 340 340 340 0 0 0 343 343 343 342 342 342 342 342 342 28 28 28 0 0 0 367 367 367 353 353 353 354 354 354 354 354 354 366 366 366 367 367 367 348 348 348 349 349 349 369 369 369 369 369 369 368 368 368 348 348 348 372 372 372 373 373 373 371 371 371 371 371 371 370 370 370 372 372 372 388 388 388 389 389 389 387 387 387 387 387 387 386 386 386 388 388 388 392 392 392 393 393 393 391 391 391 391 391 391 390 390 390 392 392 392 396 396 396 397 397 397 395 395 395 395 395 395 394 394 394 396 396 396 400 400 400 401 401 401 399 399 399 399 399 399 398 398 398 400 400 400 404 404 404 405 405 405 403 403 403 403 403 403 402 402 402 404 404 404 379 379 379 407 407 407 406 406 406 406 406 406 380 380 380 379 379 379 375 375 375 411 411 411 415 415 415 415 415 415 374 374 374 375 375 375 374 374 374 415 415 415 407 407 407 407 407 407 379 379 379 374 374 374 385 385 385 384 384 384 421 421 421 421 421 421 424 424 424 385 385 385 383 383 383 385 385 385 424 424 424 424 424 424 425 425 425 383 383 383 382 382 382 383 383 383 425 425 425 425 425 425 422 422 422 382 382 382 413 413 413 372 372 372 370 370 370 370 370 370 420 420 420 413 413 413 378 378 378 414 414 414 419 419 419 419 419 419 377 377 377 378 378 378 426 426 426 427 427 427 398 398 398 398 398 398 399 399 399 426 426 426 524 524 524 403 403 403 405 405 405 405 405 405 526 526 526 524 524 524 605 605 605 606 606 606 408 408 408 408 408 408 409 409 409 605 605 605 409 409 409 412 412 412 607 607 607 607 607 607 605 605 605 409 409 409 606 606 606 608 608 608 410 410 410 410 410 410 408 408 408 606 606 606 609 609 609 610 610 610 423 423 423 423 423 423 416 416 416 609 609 609 416 416 416 417 417 417 611 611 611 611 611 611 609 609 609 416 416 416 417 417 417 418 418 418 612 612 612 612 612 612 611 611 611 417 417 417 414 414 414 413 413 413 420 420 420 420 420 420 419 419 419 414 414 414 605 605 605 607 607 607 608 608 608 608 608 608 606 606 606 605 605 605 611 611 611 612 612 612 610 610 610 610 610 610 609 609 609 611 611 611 422 422 422 425 425 425 424 424 424 424 424 424 421 421 421 422 422 422 407 407 407 415 415 415 411 411 411 411 411 411 406 406 406 407 407 407 364 364 364 343 343 343 0 0 0 0 0 0 1 1 1 364 364 364 344 344 344 342 342 342 343 343 343 343 343 343 364 364 364 344 344 344 361 361 361 362 362 362 394 394 394 394 394 394 395 395 395 361 361 361 393 393 393 392 392 392 359 359 359 359 359 359 360 360 360 393 393 393 387 387 387 350 350 350 351 351 351 351 351 351 386 386 386 387 387 387 348 348 348 368 368 368 366 366 366 366 366 366 354 354 354 348 348 348 532 532 532 739 739 739 356 356 356 356 356 356 355 355 355 532 532 532 358 358 358 357 357 357 740 740 740 740 740 740 741 741 741 358 358 358 347 347 347 352 352 352 742 742 742 742 742 742 743 743 743 347 347 347 527 527 527 739 739 739 532 532 532 532 532 532 525 525 525 527 527 527 740 740 740 531 531 531 530 530 530 530 530 530 741 741 741 740 740 740 528 528 528 743 743 743 742 742 742 742 742 742 529 529 529 528 528 528 340 340 340 341 341 341 345 345 345 345 345 345 339 339 339 340 340 340 746 746 746 1084 1084 1084 1083 1083 1083 1083 1083 1083 745 745 745 746 746 746 1084 1084 1084 746 746 746 759 759 759 759 759 759 1085 1085 1085 1084 1084 1084 748 748 748 1087 1087 1087 1086 1086 1086 1086 1086 1086 912 912 912 748 748 748 1111 1111 1111 1105 1105 1105 1092 1092 1092 1092 1092 1092 1110 1110 1110 1111 1111 1111 1094 1094 1094 1095 1095 1095 1113 1113 1113 1113 1113 1113 1112 1112 1112 1094 1094 1094 1116 1116 1116 1117 1117 1117 1115 1115 1115 1115 1115 1115 1114 1114 1114 1116 1116 1116 1132 1132 1132 1133 1133 1133 1131 1131 1131 1131 1131 1131 1130 1130 1130 1132 1132 1132 1136 1136 1136 1137 1137 1137 1135 1135 1135 1135 1135 1135 1134 1134 1134 1136 1136 1136 1140 1140 1140 1141 1141 1141 1139 1139 1139 1139 1139 1139 1138 1138 1138 1140 1140 1140 1144 1144 1144 1145 1145 1145 1143 1143 1143 1143 1143 1143 1142 1142 1142 1144 1144 1144 1148 1148 1148 1149 1149 1149 1147 1147 1147 1147 1147 1147 1146 1146 1146 1148 1148 1148 1127 1127 1127 1151 1151 1151 1150 1150 1150 1150 1150 1150 1126 1126 1126 1127 1127 1127 1128 1128 1128 1155 1155 1155 1159 1159 1159 1159 1159 1159 1129 1129 1129 1128 1128 1128 1129 1129 1129 1159 1159 1159 1151 1151 1151 1151 1151 1151 1127 1127 1127 1129 1129 1129 1122 1122 1122 1123 1123 1123 1164 1164 1164 1164 1164 1164 1168 1168 1168 1122 1122 1122 1121 1121 1121 1122 1122 1122 1168 1168 1168 1168 1168 1168 1169 1169 1169 1121 1121 1121 1119 1119 1119 1121 1121 1121 1169 1169 1169 1169 1169 1169 1165 1165 1165 1119 1119 1119 1157 1157 1157 1116 1116 1116 1114 1114 1114 1114 1114 1114 1163 1163 1163 1157 1157 1157 1158 1158 1158 1160 1160 1160 1124 1124 1124 1124 1124 1124 1125 1125 1125 1158 1158 1158 1170 1170 1170 1171 1171 1171 1142 1142 1142 1142 1142 1142 1143 1143 1143 1170 1170 1170 1271 1271 1271 1147 1147 1147 1149 1149 1149 1149 1149 1149 1270 1270 1270 1271 1271 1271 1349 1349 1349 1350 1350 1350 1152 1152 1152 1152 1152 1152 1153 1153 1153 1349 1349 1349 1153 1153 1153 1156 1156 1156 1351 1351 1351 1351 1351 1351 1349 1349 1349 1153 1153 1153 1350 1350 1350 1352 1352 1352 1154 1154 1154 1154 1154 1154 1152 1152 1152 1350 1350 1350 1353 1353 1353 1354 1354 1354 1166 1166 1166 1166 1166 1166 1167 1167 1167 1353 1353 1353 1167 1167 1167 1162 1162 1162 1355 1355 1355 1355 1355 1355 1353 1353 1353 1167 1167 1167 1162 1162 1162 1161 1161 1161 1356 1356 1356 1356 1356 1356 1355 1355 1355 1162 1162 1162 1158 1158 1158 1157 1157 1157 1163 1163 1163 1163 1163 1163 1160 1160 1160 1158 1158 1158 1349 1349 1349 1351 1351 1351 1352 1352 1352 1352 1352 1352 1350 1350 1350 1349 1349 1349 1355 1355 1355 1356 1356 1356 1354 1354 1354 1354 1354 1354 1353 1353 1353 1355 1355 1355 1165 1165 1165 1169 1169 1169 1168 1168 1168 1168 1168 1168 1164 1164 1164 1165 1165 1165 1151 1151 1151 1159 1159 1159 1155 1155 1155 1155 1155 1155 1150 1150 1150 1151 1151 1151 1108 1108 1108 1087 1087 1087 748 748 748 748 748 748 749 749 749 1108 1108 1108 1096 1096 1096 1086 1086 1086 1087 1087 1087 1087 1087 1087 1108 1108 1108 1096 1096 1096 1101 1101 1101 1097 1097 1097 1138 1138 1138 1138 1138 1138 1139 1139 1139 1101 1101 1101 1137 1137 1137 1136 1136 1136 1103 1103 1103 1103 1103 1103 1104 1104 1104 1137 1137 1137 1131 1131 1131 1093 1093 1093 1091 1091 1091 1091 1091 1091 1130 1130 1130 1131 1131 1131 1112 1112 1112 1110 1110 1110 1092 1092 1092 1092 1092 1092 1094 1094 1094 1112 1112 1112 1276 1276 1276 1483 1483 1483 1100 1100 1100 1100 1100 1100 1102 1102 1102 1276 1276 1276 1089 1089 1089 1090 1090 1090 1484 1484 1484 1484 1484 1484 1485 1485 1485 1089 1089 1089 1106 1106 1106 1088 1088 1088 1486 1486 1486 1486 1486 1486 1487 1487 1487 1106 1106 1106 1273 1273 1273 1483 1483 1483 1276 1276 1276 1276 1276 1276 1272 1272 1272 1273 1273 1273 1484 1484 1484 1274 1274 1274 1275 1275 1275 1275 1275 1275 1485 1485 1485 1484 1484 1484 1269 1269 1269 1487 1487 1487 1486 1486 1486 1486 1486 1486 1268 1268 1268 1269 1269 1269 1084 1084 1084 1085 1085 1085 1099 1099 1099 1099 1099 1099 1083 1083 1083 1084 1084 1084</p>
        </triangles>
      </mesh>
    </geometry>
    <geometry id="2e33b582f67048b4bc5c399b3fcc820a" name="6b2d15eeedaa4316a998a96959dce9f6">
      <mesh>
        <source id="verts-array">
          <float_array count="1386" id="verts-array-array">0.013 -0.05235 -0.01 0.013 -0.05235 -0.0095 0.013 -0.05395 -0.01 0.013 -0.05395 -0.0095 -0.013 -0.05235 0.01 -0.013 -0.05235 0.0095 -0.013 -0.05395 0.01 -0.013 -0.05395 0.0095 0.01 -0.05395 -0.013 0.0095 -0.05395 -0.013 0.01 -0.05235 -0.013 0.0095 -0.05235 -0.013 -0.01 -0.05235 -0.013 -0.0095 -0.05235 -0.013 -0.01 -0.05395 -0.013 -0.0095 -0.05395 -0.013 0.01 -0.05235 0.013 0.0095 -0.05235 0.013 0.01 -0.05395 0.013 0.0095 -0.05395 0.013 -0.009325 -0.05395 -0.012825 -0.009325 -0.05235 -0.012825 -0.008 -0.05395 -0.0115 -0.008 -0.05235 -0.0115 -0.0076179 -0.05395 -0.0112877 -0.0076179 -0.05235 -0.0112877 -0.004085 -0.05395 -0.009325 -0.004085 -0.05235 -0.009325 -0.0035 -0.05395 -0.009 -0.0035 -0.05235 -0.009 -0.0024 -0.05395 -0.0079 -0.0024 -0.05235 -0.0079 -0.0015 -0.05395 -0.007 -0.0015 -0.05235 -0.007 -0.001 -0.05235 -0.007 0.001 -0.05235 -0.007 -0.001 -0.05395 -0.007 0.001 -0.05395 -0.007 0.0015 -0.05395 -0.007 0.0015 -0.05235 -0.007 0.0024 -0.05395 -0.0079 0.0024 -0.05235 -0.0079 0.0035 -0.05395 -0.009 0.0035 -0.05235 -0.009 0.004085 -0.05395 -0.009325 0.004085 -0.05235 -0.009325 0.00761792 -0.05395 -0.0112877 0.00761792 -0.05235 -0.0112877 0.008 -0.05395 -0.0115 0.008 -0.05235 -0.0115 0.009325 -0.05395 -0.012825 0.009325 -0.05235 -0.012825 -5e-05 -0.05235 0 -5e-05 -0.05395 0 -4.83e-05 -0.05235 -1.29e-05 -4.83e-05 -0.05395 -1.29e-05 -4.33e-05 -0.05235 -2.5e-05 -4.33e-05 -0.05395 -2.5e-05 -3.54e-05 -0.05235 -3.54e-05 -3.54e-05 -0.05395 -3.54e-05 -2.5e-05 -0.05235 -4.33e-05 -2.5e-05 -0.05395 -4.33e-05 -1.29e-05 -0.05235 -4.83e-05 -1.29e-05 -0.05395 -4.83e-05 0 -0.05235 -5e-05 0 -0.05395 -5e-05 1.29e-05 -0.05235 -4.83e-05 1.29e-05 -0.05395 -4.83e-05 2.5e-05 -0.05235 -4.33e-05 2.5e-05 -0.05395 -4.33e-05 3.54e-05 -0.05235 -3.54e-05 3.54e-05 -0.05395 -3.54e-05 4.33e-05 -0.05235 -2.5e-05 4.33e-05 -0.05395 -2.5e-05 4.83e-05 -0.05235 -1.29e-05 4.83e-05 -0.05395 -1.29e-05 5e-05 -0.05235 0 5e-05 -0.05395 0 4.83e-05 -0.05235 1.29e-05 4.83e-05 -0.05395 1.29e-05 4.33e-05 -0.05235 2.5e-05 4.33e-05 -0.05395 2.5e-05 3.54e-05 -0.05235 3.54e-05 3.54e-05 -0.05395 3.54e-05 2.5e-05 -0.05235 4.33e-05 2.5e-05 -0.05395 4.33e-05 1.29e-05 -0.05235 4.83e-05 1.29e-05 -0.05395 4.83e-05 0 -0.05235 5e-05 0 -0.05395 5e-05 -1.29e-05 -0.05235 4.83e-05 -1.29e-05 -0.05395 4.83e-05 -2.5e-05 -0.05235 4.33e-05 -2.5e-05 -0.05395 4.33e-05 -3.54e-05 -0.05235 3.54e-05 -3.54e-05 -0.05395 3.54e-05 -4.33e-05 -0.05235 2.5e-05 -4.33e-05 -0.05395 2.5e-05 -4.83e-05 -0.05235 1.29e-05 -4.83e-05 -0.05395 1.29e-05 -0.008 -0.05395 0.0115 -0.008 -0.05235 0.0115 -0.0088 -0.05395 0.0123 -0.0088 -0.05235 0.0123 -0.009325 -0.05395 0.012825 -0.009325 -0.05235 0.012825 -0.0095 -0.05395 0.013 -0.0095 -0.05235 0.013 -0.0035 -0.05395 0.009 -0.0035 -0.05235 0.009 -0.004085 -0.05395 0.009325 -0.004085 -0.05235 0.009325 -0.0076179 -0.05395 0.01128774 -0.0076179 -0.05235 0.01128774 -0.0015 -0.05395 0.007 -0.0015 -0.05235 0.007 -0.0024 -0.05395 0.0079 -0.0024 -0.05235 0.0079 -0.001 -0.05395 0.007 0.001 -0.05395 0.007 -0.001 -0.05235 0.007 0.001 -0.05235 0.007 0.0035 -0.05395 0.009 0.0035 -0.05235 0.009 0.0024 -0.05395 0.0079 0.0024 -0.05235 0.0079 0.0015 -0.05395 0.007 0.0015 -0.05235 0.007 0.00761792 -0.05395 0.01128774 0.00761792 -0.05235 0.01128774 0.004085 -0.05395 0.009325 0.004085 -0.05235 0.009325 0.009325 -0.05395 0.012825 0.009325 -0.05235 0.012825 0.0088 -0.05395 0.0123 0.0088 -0.05235 0.0123 0.008 -0.05395 0.0115 0.008 -0.05235 0.0115 0.0115 -0.05395 0.008 0.0115 -0.05235 0.008 0.012825 -0.05395 0.009325 0.012825 -0.05235 0.009325 0.013 -0.05395 0.0095 0.013 -0.05235 0.0095 0.009 -0.05395 0.0035 0.009 -0.05235 0.0035 0.009325 -0.05395 0.004085 0.009325 -0.05235 0.004085 0.01128774 -0.05395 0.00761792 0.01128774 -0.05235 0.00761792 0.007 -0.05395 0.0015 0.007 -0.05235 0.0015 0.0079 -0.05395 0.0024 0.0079 -0.05235 0.0024 0.007 -0.05235 -0.001 0.007 -0.05235 0.001 0.007 -0.05395 -0.001 0.007 -0.05395 0.001 0.009 -0.05395 -0.0035 0.009 -0.05235 -0.0035 0.0079 -0.05395 -0.0024 0.0079 -0.05235 -0.0024 0.007 -0.05395 -0.0015 0.007 -0.05235 -0.0015 0.01128774 -0.05395 -0.0076179 0.01128774 -0.05235 -0.0076179 0.009325 -0.05395 -0.004085 0.009325 -0.05235 -0.004085 0.012825 -0.05395 -0.009325 0.012825 -0.05235 -0.009325 0.0115 -0.05395 -0.008 0.0115 -0.05235 -0.008 -0.0115 -0.05395 -0.008 -0.0115 -0.05235 -0.008 -0.0123 -0.05395 -0.0088 -0.0123 -0.05235 -0.0088 -0.012825 -0.05395 -0.009325 -0.012825 -0.05235 -0.009325 -0.013 -0.05395 -0.0095 -0.013 -0.05235 -0.0095 -0.009 -0.05395 -0.0035 -0.009 -0.05235 -0.0035 -0.009325 -0.05395 -0.004085 -0.009325 -0.05235 -0.004085 -0.0112877 -0.05395 -0.0076179 -0.0112877 -0.05235 -0.0076179 -0.007 -0.05395 -0.0015 -0.007 -0.05235 -0.0015 -0.0079 -0.05395 -0.0024 -0.0079 -0.05235 -0.0024 -0.007 -0.05395 -0.001 -0.007 -0.05395 0.001 -0.007 -0.05235 -0.001 -0.007 -0.05235 0.001 -0.009 -0.05395 0.0035 -0.009 -0.05235 0.0035 -0.0079 -0.05395 0.0024 -0.0079 -0.05235 0.0024 -0.007 -0.05395 0.0015 -0.007 -0.05235 0.0015 -0.0112877 -0.05395 0.00761792 -0.0112877 -0.05235 0.00761792 -0.009325 -0.05395 0.004085 -0.009325 -0.05235 0.004085 -0.012825 -0.05395 0.009325 -0.012825 -0.05235 0.009325 -0.0123 -0.05395 0.0088 -0.0123 -0.05235 0.0088 -0.0115 -0.05395 0.008 -0.0115 -0.05235 0.008 -0.00925 -0.05235 -0.007 -0.00925 -0.05395 -0.007 -0.0091733 -0.05235 -0.0075823 -0.0091733 -0.05395 -0.0075823 -0.0089486 -0.05235 -0.008125 -0.0089486 -0.05395 -0.008125 -0.008591 -0.05235 -0.008591 -0.008591 -0.05395 -0.008591 -0.008125 -0.05235 -0.0089486 -0.008125 -0.05395 -0.0089486 -0.0075823 -0.05235 -0.0091733 -0.0075823 -0.05395 -0.0091733 -0.007 -0.05235 -0.00925 -0.007 -0.05395 -0.00925 -0.0064177 -0.05235 -0.0091733 -0.0064177 -0.05395 -0.0091733 -0.005875 -0.05235 -0.0089486 -0.005875 -0.05395 -0.0089486 -0.005409 -0.05235 -0.008591 -0.005409 -0.05395 -0.008591 -0.0050514 -0.05235 -0.008125 -0.0050514 -0.05395 -0.008125 -0.0048267 -0.05235 -0.0075823 -0.0048267 -0.05395 -0.0075823 -0.00475 -0.05235 -0.007 -0.00475 -0.05395 -0.007 -0.0048267 -0.05235 -0.0064177 -0.0048267 -0.05395 -0.0064177 -0.0050514 -0.05235 -0.005875 -0.0050514 -0.05395 -0.005875 -0.005409 -0.05235 -0.005409 -0.005409 -0.05395 -0.005409 -0.005875 -0.05235 -0.0050514 -0.005875 -0.05395 -0.0050514 -0.0064177 -0.05235 -0.0048267 -0.0064177 -0.05395 -0.0048267 -0.007 -0.05235 -0.00475 -0.007 -0.05395 -0.00475 -0.0075823 -0.05235 -0.0048267 -0.0075823 -0.05395 -0.0048267 -0.008125 -0.05235 -0.0050514 -0.008125 -0.05395 -0.0050514 -0.008591 -0.05235 -0.005409 -0.008591 -0.05395 -0.005409 -0.0089486 -0.05235 -0.005875 -0.0089486 -0.05395 -0.005875 -0.0091733 -0.05235 -0.0064177 -0.0091733 -0.05395 -0.0064177 -0.00925 -0.05235 0.007 -0.00925 -0.05395 0.007 -0.0091733 -0.05235 0.00641766 -0.0091733 -0.05395 0.00641766 -0.0089486 -0.05235 0.005875 -0.0089486 -0.05395 0.005875 -0.008591 -0.05235 0.00540901 -0.008591 -0.05395 0.00540901 -0.008125 -0.05235 0.00505144 -0.008125 -0.05395 0.00505144 -0.0075823 -0.05235 0.00482667 -0.0075823 -0.05395 0.00482667 -0.007 -0.05235 0.00475 -0.007 -0.05395 0.00475 -0.0064177 -0.05235 0.00482667 -0.0064177 -0.05395 0.00482667 -0.005875 -0.05235 0.00505144 -0.005875 -0.05395 0.00505144 -0.005409 -0.05235 0.00540901 -0.005409 -0.05395 0.00540901 -0.0050514 -0.05235 0.005875 -0.0050514 -0.05395 0.005875 -0.0048267 -0.05235 0.00641766 -0.0048267 -0.05395 0.00641766 -0.00475 -0.05235 0.007 -0.00475 -0.05395 0.007 -0.0048267 -0.05235 0.00758234 -0.0048267 -0.05395 0.00758234 -0.0050514 -0.05235 0.008125 -0.0050514 -0.05395 0.008125 -0.005409 -0.05235 0.00859099 -0.005409 -0.05395 0.00859099 -0.005875 -0.05235 0.00894856 -0.005875 -0.05395 0.00894856 -0.0064177 -0.05235 0.00917333 -0.0064177 -0.05395 0.00917333 -0.007 -0.05235 0.00925 -0.007 -0.05395 0.00925 -0.0075823 -0.05235 0.00917333 -0.0075823 -0.05395 0.00917333 -0.008125 -0.05235 0.00894856 -0.008125 -0.05395 0.00894856 -0.008591 -0.05235 0.00859099 -0.008591 -0.05395 0.00859099 -0.0089486 -0.05235 0.008125 -0.0089486 -0.05395 0.008125 -0.0091733 -0.05235 0.00758234 -0.0091733 -0.05395 0.00758234 0.0125 -0.05235 -0.0105 0.0125 -0.05395 -0.0105 0.01243185 -0.05395 -0.0110176 0.01243185 -0.05235 -0.0110176 0.01223205 -0.05395 -0.0115 0.01223205 -0.05235 -0.0115 0.01191421 -0.05395 -0.0119142 0.01191421 -0.05235 -0.0119142 0.0115 -0.05395 -0.012232 0.0115 -0.05235 -0.012232 0.01101764 -0.05395 -0.0124319 0.01101764 -0.05235 -0.0124319 0.0105 -0.05395 -0.0125 0.0105 -0.05235 -0.0125 0.01287059 -0.05235 -0.010017 0.01287059 -0.05395 -0.010017 0.01275 -0.05235 -0.010067 0.01275 -0.05395 -0.010067 0.01264645 -0.05235 -0.0101464 0.01264645 -0.05395 -0.0101464 0.01256699 -0.05235 -0.01025 0.01256699 -0.05395 -0.01025 0.01251704 -0.05235 -0.0103706 0.01251704 -0.05395 -0.0103706 0.01037059 -0.05235 -0.012517 0.01037059 -0.05395 -0.012517 0.01025 -0.05235 -0.012567 0.01025 -0.05395 -0.012567 0.01014645 -0.05235 -0.0126464 0.01014645 -0.05395 -0.0126464 0.01006699 -0.05235 -0.01275 0.01006699 -0.05395 -0.01275 0.01001704 -0.05235 -0.0128706 0.01001704 -0.05395 -0.0128706 0.0125 -0.05235 0.0105 0.0125 -0.05395 0.0105 0.01251704 -0.05235 0.01037059 0.01251704 -0.05395 0.01037059 0.01256699 -0.05235 0.01025 0.01256699 -0.05395 0.01025 0.01264645 -0.05235 0.01014645 0.01264645 -0.05395 0.01014645 0.01275 -0.05235 0.01006699 0.01275 -0.05395 0.01006699 0.01287059 -0.05235 0.01001704 0.01287059 -0.05395 0.01001704 0.013 -0.05235 0.01 0.013 -0.05395 0.01 0.01001254 -0.05235 0.01288874 0.01001254 -0.05395 0.01288874 0.01004952 -0.05235 0.01278306 0.01004952 -0.05395 0.01278306 0.01010908 -0.05235 0.01268826 0.01010908 -0.05395 0.01268826 0.01018826 -0.05235 0.01260908 0.01018826 -0.05395 0.01260908 0.01028306 -0.05235 0.01254952 0.01028306 -0.05395 0.01254952 0.01038874 -0.05235 0.01251254 0.01038874 -0.05395 0.01251254 0.0105 -0.05235 0.0125 0.0105 -0.05395 0.0125 0.01101764 -0.05395 0.01243185 0.01101764 -0.05235 0.01243185 0.01133596 -0.05235 0.0123 0.01133596 -0.05395 0.0123 0.0115 -0.05235 0.01223205 0.0115 -0.05395 0.01223205 0.01191421 -0.05395 0.01191421 0.01191421 -0.05235 0.01191421 0.01223205 -0.05395 0.0115 0.01223205 -0.05235 0.0115 0.01243185 -0.05395 0.01101764 0.01243185 -0.05235 0.01101764 -0.0105 -0.05235 0.0125 -0.0105 -0.05395 0.0125 -0.0103706 -0.05235 0.01251704 -0.0103706 -0.05395 0.01251704 -0.01025 -0.05235 0.01256699 -0.01025 -0.05395 0.01256699 -0.0101464 -0.05235 0.01264645 -0.0101464 -0.05395 0.01264645 -0.010067 -0.05235 0.01275 -0.010067 -0.05395 0.01275 -0.010017 -0.05235 0.01287059 -0.010017 -0.05395 0.01287059 -0.01 -0.05235 0.013 -0.01 -0.05395 0.013 -0.0128887 -0.05235 0.01001254 -0.0128887 -0.05395 0.01001254 -0.0127831 -0.05235 0.01004952 -0.0127831 -0.05395 0.01004952 -0.0126883 -0.05235 0.01010908 -0.0126883 -0.05395 0.01010908 -0.0126091 -0.05235 0.01018826 -0.0126091 -0.05395 0.01018826 -0.0125495 -0.05235 0.01028306 -0.0125495 -0.05395 0.01028306 -0.0125125 -0.05235 0.01038874 -0.0125125 -0.05395 0.01038874 -0.0125 -0.05235 0.0105 -0.0125 -0.05395 0.0105 -0.0124319 -0.05395 0.01101764 -0.0124319 -0.05235 0.01101764 -0.0123 -0.05235 0.01133596 -0.0123 -0.05395 0.01133596 -0.012232 -0.05235 0.0115 -0.012232 -0.05395 0.0115 -0.0119142 -0.05395 0.01191421 -0.0119142 -0.05235 0.01191421 -0.0115 -0.05395 0.01223205 -0.0115 -0.05235 0.01223205 -0.011336 -0.05235 0.0123 -0.011336 -0.05395 0.0123 -0.0110176 -0.05235 0.01243185 -0.0110176 -0.05395 0.01243185 -0.0125 -0.05235 -0.0105 -0.0125 -0.05395 -0.0105 -0.012517 -0.05235 -0.0103706 -0.012517 -0.05395 -0.0103706 -0.012567 -0.05235 -0.01025 -0.012567 -0.05395 -0.01025 -0.0126464 -0.05235 -0.0101464 -0.0126464 -0.05395 -0.0101464 -0.01275 -0.05235 -0.010067 -0.01275 -0.05395 -0.010067 -0.0128706 -0.05235 -0.010017 -0.0128706 -0.05395 -0.010017 -0.013 -0.05235 -0.01 -0.013 -0.05395 -0.01 -0.0100125 -0.05235 -0.0128887 -0.0100125 -0.05395 -0.0128887 -0.0100495 -0.05235 -0.0127831 -0.0100495 -0.05395 -0.0127831 -0.0101091 -0.05235 -0.0126883 -0.0101091 -0.05395 -0.0126883 -0.0101883 -0.05235 -0.0126091 -0.0101883 -0.05395 -0.0126091 -0.0102831 -0.05235 -0.0125495 -0.0102831 -0.05395 -0.0125495 -0.0103887 -0.05235 -0.0125125 -0.0103887 -0.05395 -0.0125125 -0.0105 -0.05235 -0.0125 -0.0105 -0.05395 -0.0125 -0.0110176 -0.05395 -0.0124319 -0.0110176 -0.05235 -0.0124319 -0.0115 -0.05395 -0.012232 -0.0115 -0.05235 -0.012232 -0.0119142 -0.05395 -0.0119142 -0.0119142 -0.05235 -0.0119142 -0.012232 -0.05395 -0.0115 -0.012232 -0.05235 -0.0115 -0.0123 -0.05235 -0.011336 -0.0123 -0.05395 -0.011336 -0.0124319 -0.05235 -0.0110176 -0.0124319 -0.05395 -0.0110176</float_array>
          <technique_common>
            <accessor count="462" source="#verts-array-array" stride="3">
              <param type="float" name="X"/>
              <param type="float" name="Y"/>
              <param type="float" name="Z"/>
            </accessor>
          </technique_common>
        </source>
        <source id="normals-array">
          <float_array count="1386" id="normals-array-array">0.1302491 0 -0.9914813 0.7071049 0 0.7071087 0.1302491 0 -0.9914813 0.7071049 0 0.7071087 -0.1119619 0 0.9937125 -0.7071049 0 -0.7071087 -0.1119619 0 0.9937125 -0.7071049 0 -0.7071087 0.9914403 0 -0.1305608 -0.7071087 0 -0.7071049 0.9914403 0 -0.1305608 -0.7071087 0 -0.7071049 -0.9937522 0 -0.1116088 0.7071087 0 -0.7071049 -0.9937522 0 -0.1116088 0.7071087 0 -0.7071049 0.993708 0 0.1120017 -0.7071087 0 0.7071049 0.993708 0 0.1120017 -0.7071087 0 0.7071049 0.7071077 0 -0.7071058 0.7071077 0 -0.7071058 0.7071068 0 -0.7071068 0.7071068 0 -0.7071068 0.4856387 0 -0.8741596 0.4856387 0 -0.8741596 0.4856413 0 -0.8741582 0.4856413 0 -0.8741582 0.6021959 0 -0.7983483 0.6021959 0 -0.7983483 0.7071066 0 -0.7071069 0.7071066 0 -0.7071069 0.7071065 0 -0.7071071 0.7071065 0 -0.7071071 0 0 0 0 0 -1.232595e-32 0 0 -1.232595e-32 0 0 0 -0.7071065 0 -0.7071071 -0.7071065 0 -0.7071071 -0.7071066 0 -0.7071069 -0.7071066 0 -0.7071069 -0.6021959 0 -0.7983483 -0.6021959 0 -0.7983483 -0.4856402 0 -0.8741588 -0.4856402 0 -0.8741588 -0.4856366 0 -0.8741608 -0.4856366 0 -0.8741608 -0.7071068 0 -0.7071068 -0.7071068 0 -0.7071068 -0.7071077 0 -0.7071058 -0.7071077 0 -0.7071058 1 0 -2.178676e-20 1 0 8.317253e-19 0.9660186 0 0.2584725 0.9660186 0 0.2584725 0.8674512 0 0.4975222 0.8674512 0 0.4975222 0.7071068 0 0.7071068 0.7071068 0 0.7071068 0.4975222 0 0.8674512 0.4975222 0 0.8674512 0.2584725 0 0.9660186 0.2584725 0 0.9660186 9.742986e-18 0 1 -4.475332e-18 0 1 -0.2584725 0 0.9660186 -0.2584725 0 0.9660186 -0.4975222 0 0.8674512 -0.4975222 0 0.8674512 -0.7071068 0 0.7071068 -0.7071068 0 0.7071068 -0.8674512 0 0.4975222 -0.8674512 0 0.4975222 -0.9660186 0 0.2584725 -0.9660186 0 0.2584725 -1 0 9.742986e-18 -1 0 -4.475332e-18 -0.9660186 0 -0.2584725 -0.9660186 0 -0.2584725 -0.8674512 0 -0.4975222 -0.8674512 0 -0.4975222 -0.7071068 0 -0.7071068 -0.7071068 0 -0.7071068 -0.4975222 0 -0.8674512 -0.4975222 0 -0.8674512 -0.2584725 0 -0.9660186 -0.2584725 0 -0.9660186 -9.742986e-18 0 -1 4.475332e-18 0 -1 0.2584725 0 -0.9660186 0.2584725 0 -0.9660186 0.4975222 0 -0.8674512 0.4975222 0 -0.8674512 0.7071068 0 -0.7071068 0.7071068 0 -0.7071068 0.8674512 0 -0.4975222 0.8674512 0 -0.4975222 0.9660186 0 -0.2584725 0.9660186 0 -0.2584725 0.7071068 0 0.7071068 0.7071068 0 0.7071068 0.7071068 0 0.7071068 0.7071068 0 0.7071068 0.7071077 0 0.7071058 0.7071077 0 0.7071058 0.7071087 0 0.7071049 0.7071087 0 0.7071049 0.6021959 0 0.7983483 0.6021959 0 0.7983483 0.4856451 0 0.8741561 0.4856451 0 0.8741561 0.4856463 0 0.8741554 0.4856463 0 0.8741554 0.7071065 0 0.7071071 0.7071065 0 0.7071071 0.7071066 0 0.7071069 0.7071066 0 0.7071069 0 0 0 0 0 1.232595e-32 0 0 1.232595e-32 0 0 0 -0.6021959 0 0.7983483 -0.6021959 0 0.7983483 -0.7071066 0 0.7071069 -0.7071066 0 0.7071069 -0.7071065 0 0.7071071 -0.7071065 0 0.7071071 -0.4856442 0 0.8741566 -0.4856442 0 0.8741566 -0.485644 0 0.8741567 -0.485644 0 0.8741567 -0.7071077 0 0.7071058 -0.7071077 0 0.7071058 -0.7071068 0 0.7071068 -0.7071068 0 0.7071068 -0.7071068 0 0.7071068 -0.7071068 0 0.7071068 0.7071068 0 -0.7071068 0.7071068 0 -0.7071068 0.7071058 0 -0.7071077 0.7071058 0 -0.7071077 0.7071049 0 -0.7071087 0.7071049 0 -0.7071087 0.7983483 0 -0.6021959 0.7983483 0 -0.6021959 0.8741567 0 -0.485644 0.8741567 0 -0.485644 0.8741566 0 -0.4856442 0.8741566 0 -0.4856442 0.7071071 0 -0.7071065 0.7071071 0 -0.7071065 0.7071069 0 -0.7071066 0.7071069 0 -0.7071066 0 0 0 1.232595e-32 0 0 1.232595e-32 0 0 0 0 0 0.7983483 0 0.6021959 0.7983483 0 0.6021959 0.7071069 0 0.7071066 0.7071069 0 0.7071066 0.7071071 0 0.7071065 0.7071071 0 0.7071065 0.8741554 0 0.4856463 0.8741554 0 0.4856463 0.8741561 0 0.4856451 0.8741561 0 0.4856451 0.7071058 0 0.7071077 0.7071058 0 0.7071077 0.7071068 0 0.7071068 0.7071068 0 0.7071068 -0.7071068 0 0.7071068 -0.7071068 0 0.7071068 -0.7071068 0 0.7071068 -0.7071068 0 0.7071068 -0.7071058 0 0.7071077 -0.7071058 0 0.7071077 -0.7071049 0 0.7071087 -0.7071049 0 0.7071087 -0.7983483 0 0.6021959 -0.7983483 0 0.6021959 -0.8741582 0 0.4856413 -0.8741582 0 0.4856413 -0.8741596 0 0.4856387 -0.8741596 0 0.4856387 -0.7071071 0 0.7071065 -0.7071071 0 0.7071065 -0.7071069 0 0.7071066 -0.7071069 0 0.7071066 0 0 0 -1.232595e-32 0 0 -1.232595e-32 0 0 0 0 0 -0.7983483 0 -0.6021959 -0.7983483 0 -0.6021959 -0.7071069 0 -0.7071066 -0.7071069 0 -0.7071066 -0.7071071 0 -0.7071065 -0.7071071 0 -0.7071065 -0.8741608 0 -0.4856366 -0.8741608 0 -0.4856366 -0.8741588 0 -0.4856402 -0.8741588 0 -0.4856402 -0.7071058 0 -0.7071077 -0.7071058 0 -0.7071077 -0.7071068 0 -0.7071068 -0.7071068 0 -0.7071068 -0.7071068 0 -0.7071068 -0.7071068 0 -0.7071068 1 0 5.176923e-08 1 0 5.176923e-08 0.9659364 0 0.2587797 0.9659364 0 0.2587797 0.8660536 0 0.4999512 0.8660536 0 0.4999512 0.7071068 0 0.7071068 0.7071068 0 0.7071068 0.4999512 0 0.8660536 0.4999512 0 0.8660536 0.2587797 0 0.9659364 0.2587797 0 0.9659364 5.176923e-08 0 1 5.176923e-08 0 1 -0.2587795 0 0.9659364 -0.2587795 0 0.9659364 -0.4999513 0 0.8660535 -0.4999513 0 0.8660535 -0.707107 0 0.7071066 -0.707107 0 0.7071066 -0.8660536 0 0.4999512 -0.8660536 0 0.4999512 -0.9659364 0 0.2587797 -0.9659364 0 0.2587797 -1 0 5.176923e-08 -1 0 5.176923e-08 -0.9659364 0 -0.2587795 -0.9659364 0 -0.2587795 -0.8660535 0 -0.4999513 -0.8660535 0 -0.4999513 -0.7071068 0 -0.7071068 -0.7071068 0 -0.7071068 -0.4999513 0 -0.8660535 -0.4999513 0 -0.8660535 -0.2587795 0 -0.9659364 -0.2587795 0 -0.9659364 5.176923e-08 0 -1 5.176923e-08 0 -1 0.2587797 0 -0.9659364 0.2587797 0 -0.9659364 0.4999512 0 -0.8660536 0.4999512 0 -0.8660536 0.7071066 0 -0.707107 0.7071066 0 -0.707107 0.8660535 0 -0.4999513 0.8660535 0 -0.4999513 0.9659364 0 -0.2587795 0.9659364 0 -0.2587795 1 0 -5.176224e-08 1 0 -5.176224e-08 0.9659342 0 0.2587878 0.9659342 0 0.2587878 0.8660444 0 0.4999672 0.8660444 0 0.4999672 0.7070886 0 0.7071249 0.7070886 0 0.7071249 0.4999813 0 0.8660362 0.4999813 0 0.8660362 0.2588085 0 0.9659287 0.2588085 0 0.9659287 5.17498e-08 0 1 5.17498e-08 0 1 -0.2588083 0 0.9659287 -0.2588083 0 0.9659287 -0.4999814 0 0.8660361 -0.4999814 0 0.8660361 -0.7070888 0 0.7071248 -0.7070888 0 0.7071248 -0.8660444 0 0.4999672 -0.8660444 0 0.4999672 -0.9659342 0 0.2587878 -0.9659342 0 0.2587878 -1 0 -5.176224e-08 -1 0 -5.176224e-08 -0.9659341 0 -0.258788 -0.9659341 0 -0.258788 -0.8660444 0 -0.4999671 -0.8660444 0 -0.4999671 -0.707089 0 -0.7071246 -0.707089 0 -0.7071246 -0.4999814 0 -0.8660361 -0.4999814 0 -0.8660361 -0.2588083 0 -0.9659287 -0.2588083 0 -0.9659287 5.17498e-08 0 -1 5.17498e-08 0 -1 0.2588085 0 -0.9659287 0.2588085 0 -0.9659287 0.4999813 0 -0.8660362 0.4999813 0 -0.8660362 0.7070888 0 -0.7071248 0.7070888 0 -0.7071248 0.8660444 0 -0.4999671 0.8660444 0 -0.4999671 0.9659341 0 -0.258788 0.9659341 0 -0.258788 0.9914422 0 -0.1305467 0.9914422 0 -0.1305467 0.965928 0 -0.2588109 0.965928 0 -0.2588109 0.8660281 0 -0.4999954 0.8660281 0 -0.4999954 0.707081 0 -0.7071325 0.707081 0 -0.7071325 0.5000536 0 -0.8659944 0.5000536 0 -0.8659944 0.25886 0 -0.9659148 0.25886 0 -0.9659148 0.1303385 0 -0.9914696 0.1303385 0 -0.9914696 0.258854 0 -0.9659165 0.258854 0 -0.9659165 0.5000028 0 -0.8660238 0.5000028 0 -0.8660238 0.7070616 0 -0.707152 0.7070616 0 -0.707152 0.866086 0 -0.499895 0.866086 0 -0.499895 0.9659254 0 -0.2588205 0.9659254 0 -0.2588205 0.2588551 0 -0.9659162 0.2588551 0 -0.9659162 0.5000068 0 -0.8660215 0.5000068 0 -0.8660215 0.707058 0 -0.7071555 0.707058 0 -0.7071555 0.8660858 0 -0.4998953 0.8660858 0 -0.4998953 0.9659257 0 -0.2588195 0.9659257 0 -0.2588195 0.9914435 0 0.1305366 0.9914435 0 0.1305366 0.9659229 0 0.2588301 0.9659229 0 0.2588301 0.8660199 0 0.5000096 0.8660199 0 0.5000096 0.7071088 0 0.7071048 0.7071088 0 0.7071048 0.500008 0 0.8660208 0.500008 0 0.8660208 0.258829 0 0.9659232 0.258829 0 0.9659232 0.1305507 0 0.9914416 0.1305507 0 0.9914416 0.9749228 0 0.2225433 0.9749228 0 0.2225433 0.9009785 0 0.4338637 0.9009785 0 0.4338637 0.7818462 0 0.6234714 0.7818462 0 0.6234714 0.6234695 0 0.7818476 0.6234695 0 0.7818476 0.4338633 0 0.9009787 0.4338633 0 0.9009787 0.2225399 0 0.9749236 0.2225399 0 0.9749236 0.1212714 0 0.9926194 0.1212714 0 0.9926194 0.258818 0 0.9659261 0.258818 0 0.9659261 0.3826845 0 0.9238791 0.3826845 0 0.9238791 0.5000069 0 0.8660214 0.5000069 0 0.8660214 0.7071068 0 0.7071068 0.7071068 0 0.7071068 0.8660237 0 0.5000029 0.8660237 0 0.5000029 0.9659255 0 0.2588202 0.9659255 0 0.2588202 -0.1305467 0 0.9914422 -0.1305467 0 0.9914422 -0.2588205 0 0.9659254 -0.2588205 0 0.9659254 -0.499895 0 0.866086 -0.499895 0 0.866086 -0.707152 0 0.7070616 -0.707152 0 0.7070616 -0.8660238 0 0.5000028 -0.8660238 0 0.5000028 -0.9659165 0 0.258854 -0.9659165 0 0.258854 -0.9914813 0 0.1302491 -0.9914813 0 0.1302491 -0.222639 0 0.9749009 -0.222639 0 0.9749009 -0.4339702 0 0.9009272 -0.4339702 0 0.9009272 -0.6234208 0 0.7818865 -0.6234208 0 0.7818865 -0.7817151 0 0.6236357 -0.7817151 0 0.6236357 -0.900877 0 0.4340744 -0.900877 0 0.4340744 -0.9749439 0 0.2224509 -0.9749439 0 0.2224509 -0.9926467 0 0.1210476 -0.9926467 0 0.1210476 -0.965921 0 0.258837 -0.965921 0 0.258837 -0.9238032 0 0.3828677 -0.9238032 0 0.3828677 -0.8659712 0 0.5000938 -0.8659712 0 0.5000938 -0.7071325 0 0.707081 -0.7071325 0 0.707081 -0.5000494 0 0.8659969 -0.5000494 0 0.8659969 -0.3826833 0 0.9238796 -0.3826833 0 0.9238796 -0.2587798 0 0.9659363 -0.2587798 0 0.9659363 -0.9914682 0 -0.1303485 -0.9914682 0 -0.1303485 -0.9659187 0 -0.2588455 -0.9659187 0 -0.2588455 -0.8660876 0 -0.4998923 -0.8660876 0 -0.4998923 -0.7071083 0 -0.7071052 -0.7071083 0 -0.7071052 -0.4998901 0 -0.8660888 -0.4998901 0 -0.8660888 -0.2588444 0 -0.965919 -0.2588444 0 -0.965919 -0.1302592 0 -0.99148 -0.1302592 0 -0.99148 -0.9749221 0 -0.2225463 -0.9749221 0 -0.2225463 -0.9008257 0 -0.4341809 -0.9008257 0 -0.4341809 -0.7817518 0 -0.6235898 -0.7817518 0 -0.6235898 -0.6235852 0 -0.7817554 -0.6235852 0 -0.7817554 -0.4341809 0 -0.9008257 -0.4341809 0 -0.9008257 -0.2225467 0 -0.974922 -0.2225467 0 -0.974922 -0.1210327 0 -0.9926485 -0.1210327 0 -0.9926485 -0.2588507 0 -0.9659173 -0.2588507 0 -0.9659173 -0.5000461 0 -0.8659988 -0.5000461 0 -0.8659988 -0.7071068 0 -0.7071068 -0.7071068 0 -0.7071068 -0.8659467 0 -0.5001364 -0.8659467 0 -0.5001364 -0.9238037 0 -0.3828665 -0.9238037 0 -0.3828665 -0.9659312 0 -0.2587988 -0.9659312 0 -0.2587988</float_array>
          <technique_common>
            <accessor count="462" source="#normals-array-array" stride="3">
              <param type="float" name="X"/>
              <param type="float" name="Y"/>
              <param type="float" name="Z"/>
            </accessor>
          </technique_common>
        </source>
        <source id="colors-array">
          <float_array count="1386" id="colors-array-array">0.8666667 0.9098039 1 0.8666667 0.9098039 1 0.8666667 0.9098039 1 0.8666667 0.9098039 1 0.8666667 0.9098039 1 0.8666667 0.9098039 1 0.8666667 0.9098039 1 0.8666667 0.9098039 1 0.8666667 0.9098039 1 0.8666667 0.9098039 1 0.8666667 0.9098039 1 0.8666667 0.9098039 1 0.8666667 0.9098039 1 0.8666667 0.9098039 1 0.8666667 0.9098039 1 0.8666667 0.9098039 1 0.8666667 0.9098039 1 0.8666667 0.9098039 1 0.8666667 0.9098039 1 0.8666667 0.9098039 1 0.8666667 0.9098039 1 0.8666667 0.9098039 1 0.8666667 0.9098039 1 0.8666667 0.9098039 1 0.8666667 0.9098039 1 0.8666667 0.9098039 1 0.8666667 0.9098039 1 0.8666667 0.9098039 1 0.8666667 0.9098039 1 0.8666667 0.9098039 1 0.8666667 0.9098039 1 0.8666667 0.9098039 1 0.8666667 0.9098039 1 0.8666667 0.9098039 1 0.8666667 0.9098039 1 0.8666667 0.9098039 1 0.8666667 0.9098039 1 0.8666667 0.9098039 1 0.8666667 0.9098039 1 0.8666667 0.9098039 1 0.8666667 0.9098039 1 0.8666667 0.9098039 1 0.8666667 0.9098039 1 0.8666667 0.9098039 1 0.8666667 0.9098039 1 0.8666667 0.9098039 1 0.8666667 0.9098039 1 0.8666667 0.9098039 1 0.8666667 0.9098039 1 0.8666667 0.9098039 1 0.8666667 0.9098039 1 0.8666667 0.9098039 1 0.8666667 0.9098039 1 0.8666667 0.9098039 1 0.8666667 0.9098039 1 0.8666667 0.9098039 1 0.8666667 0.9098039 1 0.8666667 0.9098039 1 0.8666667 0.9098039 1 0.8666667 0.9098039 1 0.8666667 0.9098039 1 0.8666667 0.9098039 1 0.8666667 0.9098039 1 0.8666667 0.9098039 1 0.8666667 0.9098039 1 0.8666667 0.9098039 1 0.8666667 0.9098039 1 0.8666667 0.9098039 1 0.8666667 0.9098039 1 0.8666667 0.9098039 1 0.8666667 0.9098039 1 0.8666667 0.9098039 1 0.8666667 0.9098039 1 0.8666667 0.9098039 1 0.8666667 0.9098039 1 0.8666667 0.9098039 1 0.8666667 0.9098039 1 0.8666667 0.9098039 1 0.8666667 0.9098039 1 0.8666667 0.9098039 1 0.8666667 0.9098039 1 0.8666667 0.9098039 1 0.8666667 0.9098039 1 0.8666667 0.9098039 1 0.8666667 0.9098039 1 0.8666667 0.9098039 1 0.8666667 0.9098039 1 0.8666667 0.9098039 1 0.8666667 0.9098039 1 0.8666667 0.9098039 1 0.8666667 0.9098039 1 0.8666667 0.9098039 1 0.8666667 0.9098039 1 0.8666667 0.9098039 1 0.8666667 0.9098039 1 0.8666667 0.9098039 1 0.8666667 0.9098039 1 0.8666667 0.9098039 1 0.8666667 0.9098039 1 0.8666667 0.9098039 1 0.8666667 0.9098039 1 0.8666667 0.9098039 1 0.8666667 0.9098039 1 0.8666667 0.9098039 1 0.8666667 0.9098039 1 0.8666667 0.9098039 1 0.8666667 0.9098039 1 0.8666667 0.9098039 1 0.8666667 0.9098039 1 0.8666667 0.9098039 1 0.8666667 0.9098039 1 0.8666667 0.9098039 1 0.8666667 0.9098039 1 0.8666667 0.9098039 1 0.8666667 0.9098039 1 0.8666667 0.9098039 1 0.8666667 0.9098039 1 0.8666667 0.9098039 1 0.8666667 0.9098039 1 0.8666667 0.9098039 1 0.8666667 0.9098039 1 0.8666667 0.9098039 1 0.8666667 0.9098039 1 0.8666667 0.9098039 1 0.8666667 0.9098039 1 0.8666667 0.9098039 1 0.8666667 0.9098039 1 0.8666667 0.9098039 1 0.8666667 0.9098039 1 0.8666667 0.9098039 1 0.8666667 0.9098039 1 0.8666667 0.9098039 1 0.8666667 0.9098039 1 0.8666667 0.9098039 1 0.8666667 0.9098039 1 0.8666667 0.9098039 1 0.8666667 0.9098039 1 0.8666667 0.9098039 1 0.8666667 0.9098039 1 0.8666667 0.9098039 1 0.8666667 0.9098039 1 0.8666667 0.9098039 1 0.8666667 0.9098039 1 0.8666667 0.9098039 1 0.8666667 0.9098039 1 0.8666667 0.9098039 1 0.8666667 0.9098039 1 0.8666667 0.9098039 1 0.8666667 0.9098039 1 0.8666667 0.9098039 1 0.8666667 0.9098039 1 0.8666667 0.9098039 1 0.8666667 0.9098039 1 0.8666667 0.9098039 1 0.8666667 0.9098039 1 0.8666667 0.9098039 1 0.8666667 0.9098039 1 0.8666667 0.9098039 1 0.8666667 0.9098039 1 0.8666667 0.9098039 1 0.8666667 0.9098039 1 0.8666667 0.9098039 1 0.8666667 0.9098039 1 0.8666667 0.9098039 1 0.8666667 0.9098039 1 0.8666667 0.9098039 1 0.8666667 0.9098039 1 0.8666667 0.9098039 1 0.8666667 0.9098039 1 0.8666667 0.9098039 1 0.8666667 0.9098039 1 0.8666667 0.9098039 1 0.8666667 0.9098039 1 0.8666667 0.9098039 1 0.8666667 0.9098039 1 0.8666667 0.9098039 1 0.8666667 0.9098039 1 0.8666667 0.9098039 1 0.8666667 0.9098039 1 0.8666667 0.9098039 1 0.8666667 0.9098039 1 0.8666667 0.9098039 1 0.8666667 0.9098039 1 0.8666667 0.9098039 1 0.8666667 0.9098039 1 0.8666667 0.9098039 1 0.8666667 0.9098039 1 0.8666667 0.9098039 1 0.8666667 0.9098039 1 0.8666667 0.9098039 1 0.8666667 0.9098039 1 0.8666667 0.9098039 1 0.8666667 0.9098039 1 0.8666667 0.9098039 1 0.8666667 0.9098039 1 0.8666667 0.9098039 1 0.8666667 0.9098039 1 0.8666667 0.9098039 1 0.8666667 0.9098039 1 0.8666667 0.9098039 1 0.8666667 0.9098039 1 0.8666667 0.9098039 1 0.8666667 0.9098039 1 0.8666667 0.9098039 1 0.8666667 0.9098039 1 0.8666667 0.9098039 1 0.8666667 0.9098039 1 0.8666667 0.9098039 1 0.8666667 0.9098039 1 0.8666667 0.9098039 1 0.8666667 0.9098039 1 0.8666667 0.9098039 1 0.8666667 0.9098039 1 0.8666667 0.9098039 1 0.8666667 0.9098039 1 0.8666667 0.9098039 1 0.8666667 0.9098039 1 0.8666667 0.9098039 1 0.8666667 0.9098039 1 0.8666667 0.9098039 1 0.8666667 0.9098039 1 0.8666667 0.9098039 1 0.8666667 0.9098039 1 0.8666667 0.9098039 1 0.8666667 0.9098039 1 0.8666667 0.9098039 1 0.8666667 0.9098039 1 0.8666667 0.9098039 1 0.8666667 0.9098039 1 0.8666667 0.9098039 1 0.8666667 0.9098039 1 0.8666667 0.9098039 1 0.8666667 0.9098039 1 0.8666667 0.9098039 1 0.8666667 0.9098039 1 0.8666667 0.9098039 1 0.8666667 0.9098039 1 0.8666667 0.9098039 1 0.8666667 0.9098039 1 0.8666667 0.9098039 1 0.8666667 0.9098039 1 0.8666667 0.9098039 1 0.8666667 0.9098039 1 0.8666667 0.9098039 1 0.8666667 0.9098039 1 0.8666667 0.9098039 1 0.8666667 0.9098039 1 0.8666667 0.9098039 1 0.8666667 0.9098039 1 0.8666667 0.9098039 1 0.8666667 0.9098039 1 0.8666667 0.9098039 1 0.8666667 0.9098039 1 0.8666667 0.9098039 1 0.8666667 0.9098039 1 0.8666667 0.9098039 1 0.8666667 0.9098039 1 0.8666667 0.9098039 1 0.8666667 0.9098039 1 0.8666667 0.9098039 1 0.8666667 0.9098039 1 0.8666667 0.9098039 1 0.8666667 0.9098039 1 0.8666667 0.9098039 1 0.8666667 0.9098039 1 0.8666667 0.9098039 1 0.8666667 0.9098039 1 0.8666667 0.9098039 1 0.8666667 0.9098039 1 0.8666667 0.9098039 1 0.8666667 0.9098039 1 0.8666667 0.9098039 1 0.8666667 0.9098039 1 0.8666667 0.9098039 1 0.8666667 0.9098039 1 0.8666667 0.9098039 1 0.8666667 0.9098039 1 0.8666667 0.9098039 1 0.8666667 0.9098039 1 0.8666667 0.9098039 1 0.8666667 0.9098039 1 0.8666667 0.9098039 1 0.8666667 0.9098039 1 0.8666667 0.9098039 1 0.8666667 0.9098039 1 0.8666667 0.9098039 1 0.8666667 0.9098039 1 0.8666667 0.9098039 1 0.8666667 0.9098039 1 0.8666667 0.9098039 1 0.8666667 0.9098039 1 0.8666667 0.9098039 1 0.8666667 0.9098039 1 0.8666667 0.9098039 1 0.8666667 0.9098039 1 0.8666667 0.9098039 1 0.8666667 0.9098039 1 0.8666667 0.9098039 1 0.8666667 0.9098039 1 0.8666667 0.9098039 1 0.8666667 0.9098039 1 0.8666667 0.9098039 1 0.8666667 0.9098039 1 0.8666667 0.9098039 1 0.8666667 0.9098039 1 0.8666667 0.9098039 1 0.8666667 0.9098039 1 0.8666667 0.9098039 1 0.8666667 0.9098039 1 0.8666667 0.9098039 1 0.8666667 0.9098039 1 0.8666667 0.9098039 1 0.8666667 0.9098039 1 0.8666667 0.9098039 1 0.8666667 0.9098039 1 0.8666667 0.9098039 1 0.8666667 0.9098039 1 0.8666667 0.9098039 1 0.8666667 0.9098039 1 0.8666667 0.9098039 1 0.8666667 0.9098039 1 0.8666667 0.9098039 1 0.8666667 0.9098039 1 0.8666667 0.9098039 1 0.8666667 0.9098039 1 0.8666667 0.9098039 1 0.8666667 0.9098039 1 0.8666667 0.9098039 1 0.8666667 0.9098039 1 0.8666667 0.9098039 1 0.8666667 0.9098039 1 0.8666667 0.9098039 1 0.8666667 0.9098039 1 0.8666667 0.9098039 1 0.8666667 0.9098039 1 0.8666667 0.9098039 1 0.8666667 0.9098039 1 0.8666667 0.9098039 1 0.8666667 0.9098039 1 0.8666667 0.9098039 1 0.8666667 0.9098039 1 0.8666667 0.9098039 1 0.8666667 0.9098039 1 0.8666667 0.9098039 1 0.8666667 0.9098039 1 0.8666667 0.9098039 1 0.8666667 0.9098039 1 0.8666667 0.9098039 1 0.8666667 0.9098039 1 0.8666667 0.9098039 1 0.8666667 0.9098039 1 0.8666667 0.9098039 1 0.8666667 0.9098039 1 0.8666667 0.9098039 1 0.8666667 0.9098039 1 0.8666667 0.9098039 1 0.8666667 0.9098039 1 0.8666667 0.9098039 1 0.8666667 0.9098039 1 0.8666667 0.9098039 1 0.8666667 0.9098039 1 0.8666667 0.9098039 1 0.8666667 0.9098039 1 0.8666667 0.9098039 1 0.8666667 0.9098039 1 0.8666667 0.9098039 1 0.8666667 0.9098039 1 0.8666667 0.9098039 1 0.8666667 0.9098039 1 0.8666667 0.9098039 1 0.8666667 0.9098039 1 0.8666667 0.9098039 1 0.8666667 0.9098039 1 0.8666667 0.9098039 1 0.8666667 0.9098039 1 0.8666667 0.9098039 1 0.8666667 0.9098039 1 0.8666667 0.9098039 1 0.8666667 0.9098039 1 0.8666667 0.9098039 1 0.8666667 0.9098039 1 0.8666667 0.9098039 1 0.8666667 0.9098039 1 0.8666667 0.9098039 1 0.8666667 0.9098039 1 0.8666667 0.9098039 1 0.8666667 0.9098039 1 0.8666667 0.9098039 1 0.8666667 0.9098039 1 0.8666667 0.9098039 1 0.8666667 0.9098039 1 0.8666667 0.9098039 1 0.8666667 0.9098039 1 0.8666667 0.9098039 1 0.8666667 0.9098039 1 0.8666667 0.9098039 1 0.8666667 0.9098039 1 0.8666667 0.9098039 1 0.8666667 0.9098039 1 0.8666667 0.9098039 1 0.8666667 0.9098039 1 0.8666667 0.9098039 1 0.8666667 0.9098039 1 0.8666667 0.9098039 1 0.8666667 0.9098039 1 0.8666667 0.9098039 1 0.8666667 0.9098039 1 0.8666667 0.9098039 1 0.8666667 0.9098039 1 0.8666667 0.9098039 1 0.8666667 0.9098039 1 0.8666667 0.9098039 1 0.8666667 0.9098039 1 0.8666667 0.9098039 1 0.8666667 0.9098039 1 0.8666667 0.9098039 1 0.8666667 0.9098039 1 0.8666667 0.9098039 1 0.8666667 0.9098039 1 0.8666667 0.9098039 1 0.8666667 0.9098039 1 0.8666667 0.9098039 1 0.8666667 0.9098039 1 0.8666667 0.9098039 1 0.8666667 0.9098039 1 0.8666667 0.9098039 1 0.8666667 0.9098039 1 0.8666667 0.9098039 1 0.8666667 0.9098039 1 0.8666667 0.9098039 1 0.8666667 0.9098039 1 0.8666667 0.9098039 1 0.8666667 0.9098039 1 0.8666667 0.9098039 1 0.8666667 0.9098039 1 0.8666667 0.9098039 1 0.8666667 0.9098039 1 0.8666667 0.9098039 1 0.8666667 0.9098039 1 0.8666667 0.9098039 1 0.8666667 0.9098039 1 0.8666667 0.9098039 1 0.8666667 0.9098039 1 0.8666667 0.9098039 1 0.8666667 0.9098039 1 0.8666667 0.9098039 1 0.8666667 0.9098039 1 0.8666667 0.9098039 1 0.8666667 0.9098039 1 0.8666667 0.9098039 1 0.8666667 0.9098039 1 0.8666667 0.9098039 1 0.8666667 0.9098039 1 0.8666667 0.9098039 1 0.8666667 0.9098039 1 0.8666667 0.9098039 1 0.8666667 0.9098039 1 0.8666667 0.9098039 1 0.8666667 0.9098039 1 0.8666667 0.9098039 1 0.8666667 0.9098039 1 0.8666667 0.9098039 1</float_array>
          <technique_common>
            <accessor count="462" source="#colors-array-array" stride="3">
              <param type="float" name="R"/>
              <param type="float" name="G"/>
              <param type="float" name="B"/>
            </accessor>
          </technique_common>
        </source>
        <vertices id="verts-array-vertices">
          <input semantic="POSITION" source="#verts-array"/>
        </vertices>
        <triangles count="442" material="material2">
          <input offset="0" semantic="VERTEX" source="#verts-array-vertices"/>
          <input offset="1" semantic="NORMAL" source="#normals-array"/>
          <input offset="2" semantic="COLOR" source="#colors-array"/>
          <p>0 0 0 1 1 1 2 2 2 3 3 3 2 2 2 1 1 1 4 4 4 5 5 5 6 6 6 7 7 7 6 6 6 5 5 5 8 8 8 9 9 9 10 10 10 11 11 11 10 10 10 9 9 9 12 12 12 13 13 13 14 14 14 15 15 15 14 14 14 13 13 13 16 16 16 17 17 17 18 18 18 19 19 19 18 18 18 17 17 17 15 15 15 13 13 13 20 20 20 21 21 21 20 20 20 13 13 13 20 20 20 21 21 21 22 22 22 23 23 23 22 22 22 21 21 21 24 24 24 25 25 25 26 26 26 27 27 27 26 26 26 25 25 25 26 26 26 27 27 27 28 28 28 29 29 29 28 28 28 27 27 27 28 28 28 29 29 29 30 30 30 31 31 31 30 30 30 29 29 29 30 30 30 31 31 31 32 32 32 33 33 33 32 32 32 31 31 31 34 34 34 35 35 35 36 36 36 37 37 37 36 36 36 35 35 35 38 38 38 39 39 39 40 40 40 41 41 41 40 40 40 39 39 39 40 40 40 41 41 41 42 42 42 43 43 43 42 42 42 41 41 41 42 42 42 43 43 43 44 44 44 45 45 45 44 44 44 43 43 43 44 44 44 45 45 45 46 46 46 47 47 47 46 46 46 45 45 45 48 48 48 49 49 49 50 50 50 51 51 51 50 50 50 49 49 49 50 50 50 51 51 51 9 9 9 11 11 11 9 9 9 51 51 51 52 52 52 53 53 53 54 54 54 55 55 55 54 54 54 53 53 53 54 54 54 55 55 55 56 56 56 57 57 57 56 56 56 55 55 55 56 56 56 57 57 57 58 58 58 59 59 59 58 58 58 57 57 57 58 58 58 59 59 59 60 60 60 61 61 61 60 60 60 59 59 59 60 60 60 61 61 61 62 62 62 63 63 63 62 62 62 61 61 61 62 62 62 63 63 63 64 64 64 65 65 65 64 64 64 63 63 63 64 64 64 65 65 65 66 66 66 67 67 67 66 66 66 65 65 65 66 66 66 67 67 67 68 68 68 69 69 69 68 68 68 67 67 67 68 68 68 69 69 69 70 70 70 71 71 71 70 70 70 69 69 69 70 70 70 71 71 71 72 72 72 73 73 73 72 72 72 71 71 71 72 72 72 73 73 73 74 74 74 75 75 75 74 74 74 73 73 73 74 74 74 75 75 75 76 76 76 77 77 77 76 76 76 75 75 75 76 76 76 77 77 77 78 78 78 79 79 79 78 78 78 77 77 77 78 78 78 79 79 79 80 80 80 81 81 81 80 80 80 79 79 79 80 80 80 81 81 81 82 82 82 83 83 83 82 82 82 81 81 81 82 82 82 83 83 83 84 84 84 85 85 85 84 84 84 83 83 83 84 84 84 85 85 85 86 86 86 87 87 87 86 86 86 85 85 85 86 86 86 87 87 87 88 88 88 89 89 89 88 88 88 87 87 87 88 88 88 89 89 89 90 90 90 91 91 91 90 90 90 89 89 89 90 90 90 91 91 91 92 92 92 93 93 93 92 92 92 91 91 91 92 92 92 93 93 93 94 94 94 95 95 95 94 94 94 93 93 93 94 94 94 95 95 95 96 96 96 97 97 97 96 96 96 95 95 95 96 96 96 97 97 97 98 98 98 99 99 99 98 98 98 97 97 97 98 98 98 99 99 99 52 52 52 53 53 53 52 52 52 99 99 99 100 100 100 101 101 101 102 102 102 103 103 103 102 102 102 101 101 101 102 102 102 103 103 103 104 104 104 105 105 105 104 104 104 103 103 103 104 104 104 105 105 105 106 106 106 107 107 107 106 106 106 105 105 105 108 108 108 109 109 109 110 110 110 111 111 111 110 110 110 109 109 109 110 110 110 111 111 111 112 112 112 113 113 113 112 112 112 111 111 111 114 114 114 115 115 115 116 116 116 117 117 117 116 116 116 115 115 115 116 116 116 117 117 117 108 108 108 109 109 109 108 108 108 117 117 117 118 118 118 119 119 119 120 120 120 121 121 121 120 120 120 119 119 119 122 122 122 123 123 123 124 124 124 125 125 125 124 124 124 123 123 123 124 124 124 125 125 125 126 126 126 127 127 127 126 126 126 125 125 125 128 128 128 129 129 129 130 130 130 131 131 131 130 130 130 129 129 129 130 130 130 131 131 131 122 122 122 123 123 123 122 122 122 131 131 131 19 19 19 17 17 17 132 132 132 133 133 133 132 132 132 17 17 17 132 132 132 133 133 133 134 134 134 135 135 135 134 134 134 133 133 133 134 134 134 135 135 135 136 136 136 137 137 137 136 136 136 135 135 135 138 138 138 139 139 139 140 140 140 141 141 141 140 140 140 139 139 139 140 140 140 141 141 141 142 142 142 143 143 143 142 142 142 141 141 141 144 144 144 145 145 145 146 146 146 147 147 147 146 146 146 145 145 145 146 146 146 147 147 147 148 148 148 149 149 149 148 148 148 147 147 147 150 150 150 151 151 151 152 152 152 153 153 153 152 152 152 151 151 151 152 152 152 153 153 153 144 144 144 145 145 145 144 144 144 153 153 153 154 154 154 155 155 155 156 156 156 157 157 157 156 156 156 155 155 155 158 158 158 159 159 159 160 160 160 161 161 161 160 160 160 159 159 159 160 160 160 161 161 161 162 162 162 163 163 163 162 162 162 161 161 161 164 164 164 165 165 165 166 166 166 167 167 167 166 166 166 165 165 165 166 166 166 167 167 167 158 158 158 159 159 159 158 158 158 167 167 167 3 3 3 1 1 1 168 168 168 169 169 169 168 168 168 1 1 1 168 168 168 169 169 169 170 170 170 171 171 171 170 170 170 169 169 169 172 172 172 173 173 173 174 174 174 175 175 175 174 174 174 173 173 173 174 174 174 175 175 175 176 176 176 177 177 177 176 176 176 175 175 175 176 176 176 177 177 177 178 178 178 179 179 179 178 178 178 177 177 177 180 180 180 181 181 181 182 182 182 183 183 183 182 182 182 181 181 181 182 182 182 183 183 183 184 184 184 185 185 185 184 184 184 183 183 183 186 186 186 187 187 187 188 188 188 189 189 189 188 188 188 187 187 187 188 188 188 189 189 189 180 180 180 181 181 181 180 180 180 189 189 189 190 190 190 191 191 191 192 192 192 193 193 193 192 192 192 191 191 191 194 194 194 195 195 195 196 196 196 197 197 197 196 196 196 195 195 195 196 196 196 197 197 197 198 198 198 199 199 199 198 198 198 197 197 197 200 200 200 201 201 201 202 202 202 203 203 203 202 202 202 201 201 201 202 202 202 203 203 203 194 194 194 195 195 195 194 194 194 203 203 203 7 7 7 5 5 5 204 204 204 205 205 205 204 204 204 5 5 5 204 204 204 205 205 205 206 206 206 207 207 207 206 206 206 205 205 205 206 206 206 207 207 207 208 208 208 209 209 209 208 208 208 207 207 207 210 210 210 211 211 211 212 212 212 213 213 213 212 212 212 211 211 211 212 212 212 213 213 213 214 214 214 215 215 215 214 214 214 213 213 213 214 214 214 215 215 215 216 216 216 217 217 217 216 216 216 215 215 215 216 216 216 217 217 217 218 218 218 219 219 219 218 218 218 217 217 217 218 218 218 219 219 219 220 220 220 221 221 221 220 220 220 219 219 219 220 220 220 221 221 221 222 222 222 223 223 223 222 222 222 221 221 221 222 222 222 223 223 223 224 224 224 225 225 225 224 224 224 223 223 223 224 224 224 225 225 225 226 226 226 227 227 227 226 226 226 225 225 225 226 226 226 227 227 227 228 228 228 229 229 229 228 228 228 227 227 227 228 228 228 229 229 229 230 230 230 231 231 231 230 230 230 229 229 229 230 230 230 231 231 231 232 232 232 233 233 233 232 232 232 231 231 231 232 232 232 233 233 233 234 234 234 235 235 235 234 234 234 233 233 233 234 234 234 235 235 235 236 236 236 237 237 237 236 236 236 235 235 235 236 236 236 237 237 237 238 238 238 239 239 239 238 238 238 237 237 237 238 238 238 239 239 239 240 240 240 241 241 241 240 240 240 239 239 239 240 240 240 241 241 241 242 242 242 243 243 243 242 242 242 241 241 241 242 242 242 243 243 243 244 244 244 245 245 245 244 244 244 243 243 243 244 244 244 245 245 245 246 246 246 247 247 247 246 246 246 245 245 245 246 246 246 247 247 247 248 248 248 249 249 249 248 248 248 247 247 247 248 248 248 249 249 249 250 250 250 251 251 251 250 250 250 249 249 249 250 250 250 251 251 251 252 252 252 253 253 253 252 252 252 251 251 251 252 252 252 253 253 253 254 254 254 255 255 255 254 254 254 253 253 253 254 254 254 255 255 255 256 256 256 257 257 257 256 256 256 255 255 255 256 256 256 257 257 257 210 210 210 211 211 211 210 210 210 257 257 257 258 258 258 259 259 259 260 260 260 261 261 261 260 260 260 259 259 259 260 260 260 261 261 261 262 262 262 263 263 263 262 262 262 261 261 261 262 262 262 263 263 263 264 264 264 265 265 265 264 264 264 263 263 263 264 264 264 265 265 265 266 266 266 267 267 267 266 266 266 265 265 265 266 266 266 267 267 267 268 268 268 269 269 269 268 268 268 267 267 267 268 268 268 269 269 269 270 270 270 271 271 271 270 270 270 269 269 269 270 270 270 271 271 271 272 272 272 273 273 273 272 272 272 271 271 271 272 272 272 273 273 273 274 274 274 275 275 275 274 274 274 273 273 273 274 274 274 275 275 275 276 276 276 277 277 277 276 276 276 275 275 275 276 276 276 277 277 277 278 278 278 279 279 279 278 278 278 277 277 277 278 278 278 279 279 279 280 280 280 281 281 281 280 280 280 279 279 279 280 280 280 281 281 281 282 282 282 283 283 283 282 282 282 281 281 281 282 282 282 283 283 283 284 284 284 285 285 285 284 284 284 283 283 283 284 284 284 285 285 285 286 286 286 287 287 287 286 286 286 285 285 285 286 286 286 287 287 287 288 288 288 289 289 289 288 288 288 287 287 287 288 288 288 289 289 289 290 290 290 291 291 291 290 290 290 289 289 289 290 290 290 291 291 291 292 292 292 293 293 293 292 292 292 291 291 291 292 292 292 293 293 293 294 294 294 295 295 295 294 294 294 293 293 293 294 294 294 295 295 295 296 296 296 297 297 297 296 296 296 295 295 295 296 296 296 297 297 297 298 298 298 299 299 299 298 298 298 297 297 297 298 298 298 299 299 299 300 300 300 301 301 301 300 300 300 299 299 299 300 300 300 301 301 301 302 302 302 303 303 303 302 302 302 301 301 301 302 302 302 303 303 303 304 304 304 305 305 305 304 304 304 303 303 303 304 304 304 305 305 305 258 258 258 259 259 259 258 258 258 305 305 305 306 306 306 307 307 307 308 308 308 306 306 306 308 308 308 309 309 309 310 310 310 309 309 309 308 308 308 309 309 309 310 310 310 311 311 311 312 312 312 311 311 311 310 310 310 311 311 311 312 312 312 313 313 313 314 314 314 313 313 313 312 312 312 313 313 313 314 314 314 315 315 315 316 316 316 315 315 315 314 314 314 315 315 315 316 316 316 317 317 317 318 318 318 317 317 317 316 316 316 317 317 317 318 318 318 319 319 319 0 0 0 2 2 2 320 320 320 321 321 321 320 320 320 2 2 2 320 320 320 321 321 321 322 322 322 323 323 323 322 322 322 321 321 321 322 322 322 323 323 323 324 324 324 325 325 325 324 324 324 323 323 323 324 324 324 325 325 325 326 326 326 327 327 327 326 326 326 325 325 325 326 326 326 327 327 327 328 328 328 329 329 329 328 328 328 327 327 327 328 328 328 329 329 329 306 306 306 307 307 307 306 306 306 329 329 329 319 319 319 318 318 318 330 330 330 331 331 331 330 330 330 318 318 318 330 330 330 331 331 331 332 332 332 333 333 333 332 332 332 331 331 331 332 332 332 333 333 333 334 334 334 335 335 335 334 334 334 333 333 333 334 334 334 335 335 335 336 336 336 337 337 337 336 336 336 335 335 335 336 336 336 337 337 337 338 338 338 339 339 339 338 338 338 337 337 337 338 338 338 339 339 339 10 10 10 8 8 8 10 10 10 339 339 339 340 340 340 341 341 341 342 342 342 343 343 343 342 342 342 341 341 341 342 342 342 343 343 343 344 344 344 345 345 345 344 344 344 343 343 343 344 344 344 345 345 345 346 346 346 347 347 347 346 346 346 345 345 345 346 346 346 347 347 347 348 348 348 349 349 349 348 348 348 347 347 347 348 348 348 349 349 349 350 350 350 351 351 351 350 350 350 349 349 349 350 350 350 351 351 351 352 352 352 353 353 353 352 352 352 351 351 351 16 16 16 18 18 18 354 354 354 355 355 355 354 354 354 18 18 18 354 354 354 355 355 355 356 356 356 357 357 357 356 356 356 355 355 355 356 356 356 357 357 357 358 358 358 359 359 359 358 358 358 357 357 357 358 358 358 359 359 359 360 360 360 361 361 361 360 360 360 359 359 359 360 360 360 361 361 361 362 362 362 363 363 363 362 362 362 361 361 361 362 362 362 363 363 363 364 364 364 365 365 365 364 364 364 363 363 363 364 364 364 365 365 365 366 366 366 367 367 367 366 366 366 365 365 365 367 367 367 368 368 368 366 366 366 369 369 369 366 366 366 368 368 368 369 369 369 368 368 368 370 370 370 371 371 371 370 370 370 368 368 368 370 370 370 371 371 371 372 372 372 371 371 371 373 373 373 372 372 372 374 374 374 372 372 372 373 373 373 372 372 372 374 374 374 375 375 375 376 376 376 375 375 375 374 374 374 375 375 375 376 376 376 377 377 377 378 378 378 377 377 377 376 376 376 377 377 377 378 378 378 379 379 379 341 341 341 379 379 379 378 378 378 379 379 379 341 341 341 340 340 340 380 380 380 381 381 381 382 382 382 383 383 383 382 382 382 381 381 381 382 382 382 383 383 383 384 384 384 385 385 385 384 384 384 383 383 383 384 384 384 385 385 385 386 386 386 387 387 387 386 386 386 385 385 385 386 386 386 387 387 387 388 388 388 389 389 389 388 388 388 387 387 387 388 388 388 389 389 389 390 390 390 391 391 391 390 390 390 389 389 389 390 390 390 391 391 391 392 392 392 393 393 393 392 392 392 391 391 391 4 4 4 6 6 6 394 394 394 395 395 395 394 394 394 6 6 6 394 394 394 395 395 395 396 396 396 397 397 397 396 396 396 395 395 395 396 396 396 397 397 397 398 398 398 399 399 399 398 398 398 397 397 397 398 398 398 399 399 399 400 400 400 401 401 401 400 400 400 399 399 399 400 400 400 401 401 401 402 402 402 403 403 403 402 402 402 401 401 401 402 402 402 403 403 403 404 404 404 405 405 405 404 404 404 403 403 403 404 404 404 405 405 405 406 406 406 407 407 407 406 406 406 405 405 405 407 407 407 408 408 408 406 406 406 409 409 409 406 406 406 408 408 408 409 409 409 408 408 408 410 410 410 411 411 411 410 410 410 408 408 408 410 410 410 411 411 411 412 412 412 411 411 411 413 413 413 412 412 412 414 414 414 412 412 412 413 413 413 412 412 412 414 414 414 415 415 415 416 416 416 415 415 415 414 414 414 415 415 415 416 416 416 417 417 417 417 417 417 416 416 416 418 418 418 419 419 419 418 418 418 416 416 416 418 418 418 419 419 419 420 420 420 419 419 419 421 421 421 420 420 420 381 381 381 420 420 420 421 421 421 420 420 420 381 381 381 380 380 380 422 422 422 423 423 423 424 424 424 425 425 425 424 424 424 423 423 423 424 424 424 425 425 425 426 426 426 427 427 427 426 426 426 425 425 425 426 426 426 427 427 427 428 428 428 429 429 429 428 428 428 427 427 427 428 428 428 429 429 429 430 430 430 431 431 431 430 430 430 429 429 429 430 430 430 431 431 431 432 432 432 433 433 433 432 432 432 431 431 431 432 432 432 433 433 433 434 434 434 435 435 435 434 434 434 433 433 433 12 12 12 14 14 14 436 436 436 437 437 437 436 436 436 14 14 14 436 436 436 437 437 437 438 438 438 439 439 439 438 438 438 437 437 437 438 438 438 439 439 439 440 440 440 441 441 441 440 440 440 439 439 439 440 440 440 441 441 441 442 442 442 443 443 443 442 442 442 441 441 441 442 442 442 443 443 443 444 444 444 445 445 445 444 444 444 443 443 443 444 444 444 445 445 445 446 446 446 447 447 447 446 446 446 445 445 445 446 446 446 447 447 447 448 448 448 449 449 449 448 448 448 447 447 447 448 448 448 449 449 449 450 450 450 448 448 448 450 450 450 451 451 451 452 452 452 451 451 451 450 450 450 451 451 451 452 452 452 453 453 453 454 454 454 453 453 453 452 452 452 453 453 453 454 454 454 455 455 455 456 456 456 455 455 455 454 454 454 455 455 455 456 456 456 457 457 457 457 457 457 456 456 456 458 458 458 459 459 459 458 458 458 456 456 456 458 458 458 459 459 459 460 460 460 459 459 459 461 461 461 460 460 460 423 423 423 460 460 460 461 461 461 460 460 460 423 423 423 422 422 422 2 2 2 3 3 3 1 1 1 1 1 1 0 0 0 2 2 2 6 6 6 7 7 7 5 5 5 5 5 5 4 4 4 6 6 6 10 10 10 11 11 11 9 9 9 9 9 9 8 8 8 10 10 10 14 14 14 15 15 15 13 13 13 13 13 13 12 12 12 14 14 14 18 18 18 19 19 19 17 17 17 17 17 17 16 16 16 18 18 18 36 36 36 37 37 37 35 35 35 35 35 35 34 34 34 36 36 36 120 120 120 121 121 121 119 119 119 119 119 119 118 118 118 120 120 120 156 156 156 157 157 157 155 155 155 155 155 155 154 154 154 156 156 156 192 192 192 193 193 193 191 191 191 191 191 191 190 190 190 192 192 192</p>
        </triangles>
      </mesh>
    </geometry>
  </library_geometries>
  <library_materials>
    <material id="1bf20d88130d496dbb873b4366af69ff" name="defaultmaterial">
      <instance_effect url="#bbf04fb185974c83ba23c9ebe79f2b43"/>
    </material>
    <material id="bb490d4446a6425aa2200c43c1887121" name="defaultmaterial">
      <instance_effect url="#5ff1cb103f394ee1a542bc84096f52ac"/>
    </material>
    <material id="5d71110752b5481a98fee2d62cee3685" name="defaultmaterial">
      <instance_effect url="#23147c1eaea04e7a87ff9bdc73036927"/>
    </material>
  </library_materials>
  <library_visual_scenes>
    <visual_scene id="scene">
      <node id="node0" name="node0">
        <instance_geometry url="#0e1265db8600414290f18b9b1e550871">
          <bind_material>
            <technique_common>
              <instance_material symbol="material0" target="#1bf20d88130d496dbb873b4366af69ff"/>
            </technique_common>
          </bind_material>
        </instance_geometry>
      </node>
      <node id="node1" name="node1">
        <instance_geometry url="#20f999e4e1b347f69b8104c6c842058f">
          <bind_material>
            <technique_common>
              <instance_material symbol="material1" target="#bb490d4446a6425aa2200c43c1887121"/>
            </technique_common>
          </bind_material>
        </instance_geometry>
      </node>
      <node id="node2" name="node2">
        <instance_geometry url="#2e33b582f67048b4bc5c399b3fcc820a">
          <bind_material>
            <technique_common>
              <instance_material symbol="material2" target="#5d71110752b5481a98fee2d62cee3685"/>
            </technique_common>
          </bind_material>
        </instance_geometry>
      </node>
    </visual_scene>
  </library_visual_scenes>
  <scene>
    <instance_visual_scene url="#scene"/>
  </scene>
</COLLADA>
