<COLLADA xmlns="http://www.collada.org/2005/11/COLLADASchema" version="1.4.1">
  <asset>
    <created>2025-07-30T22:24:09.498127</created>
    <modified>2025-07-30T22:24:09.498135</modified>
    <up_axis>Y_UP</up_axis>
  </asset>
  <library_effects>
    <effect id="e24d0cebdc5443fcb1c5edad3a1454ee" name="e24d0cebdc5443fcb1c5edad3a1454ee">
      <profile_COMMON>
        <technique sid="common">
          <phong>
            <emission>
              <color>0.0 0.0 0.0 1.0</color>
            </emission>
            <ambient>
              <color>0.0 0.0 0.0 1.0</color>
            </ambient>
            <diffuse>
              <color>0.29411764705882354 0.29411764705882354 0.29411764705882354 1.0</color>
            </diffuse>
            <specular>
              <color>0.0 0.0 0.0 1.0</color>
            </specular>
            <shininess>
              <float>0.0</float>
            </shininess>
            <reflective>
              <color>0.0 0.0 0.0 1.0</color>
            </reflective>
            <reflectivity>
              <float>0.0</float>
            </reflectivity>
            <transparent>
              <color>0.0 0.0 0.0 1.0</color>
            </transparent>
            <transparency>
              <float>1.0</float>
            </transparency>
          </phong>
        </technique>
        <extra>
          <technique profile="GOOGLEEARTH">
            <double_sided>0</double_sided>
          </technique>
        </extra>
      </profile_COMMON>
    </effect>
    <effect id="dfb7d45298fd4c12b6c21c6d02f1b770" name="dfb7d45298fd4c12b6c21c6d02f1b770">
      <profile_COMMON>
        <technique sid="common">
          <phong>
            <emission>
              <color>0.0 0.0 0.0 1.0</color>
            </emission>
            <ambient>
              <color>0.0 0.0 0.0 1.0</color>
            </ambient>
            <diffuse>
              <color>0.29411764705882354 0.29411764705882354 0.29411764705882354 1.0</color>
            </diffuse>
            <specular>
              <color>0.0 0.0 0.0 1.0</color>
            </specular>
            <shininess>
              <float>0.0</float>
            </shininess>
            <reflective>
              <color>0.0 0.0 0.0 1.0</color>
            </reflective>
            <reflectivity>
              <float>0.0</float>
            </reflectivity>
            <transparent>
              <color>0.0 0.0 0.0 1.0</color>
            </transparent>
            <transparency>
              <float>1.0</float>
            </transparency>
          </phong>
        </technique>
        <extra>
          <technique profile="GOOGLEEARTH">
            <double_sided>0</double_sided>
          </technique>
        </extra>
      </profile_COMMON>
    </effect>
    <effect id="db3e6369eb3f41cba63d0b091c3f25a2" name="db3e6369eb3f41cba63d0b091c3f25a2">
      <profile_COMMON>
        <technique sid="common">
          <phong>
            <emission>
              <color>0.0 0.0 0.0 1.0</color>
            </emission>
            <ambient>
              <color>0.0 0.0 0.0 1.0</color>
            </ambient>
            <diffuse>
              <color>0.29411764705882354 0.29411764705882354 0.29411764705882354 1.0</color>
            </diffuse>
            <specular>
              <color>0.0 0.0 0.0 1.0</color>
            </specular>
            <shininess>
              <float>0.0</float>
            </shininess>
            <reflective>
              <color>0.0 0.0 0.0 1.0</color>
            </reflective>
            <reflectivity>
              <float>0.0</float>
            </reflectivity>
            <transparent>
              <color>0.0 0.0 0.0 1.0</color>
            </transparent>
            <transparency>
              <float>1.0</float>
            </transparency>
          </phong>
        </technique>
        <extra>
          <technique profile="GOOGLEEARTH">
            <double_sided>0</double_sided>
          </technique>
        </extra>
      </profile_COMMON>
    </effect>
    <effect id="a3d77efbe4a54f2997c2eb8ac46922e3" name="a3d77efbe4a54f2997c2eb8ac46922e3">
      <profile_COMMON>
        <technique sid="common">
          <phong>
            <emission>
              <color>0.0 0.0 0.0 1.0</color>
            </emission>
            <ambient>
              <color>0.0 0.0 0.0 1.0</color>
            </ambient>
            <diffuse>
              <color>0.29411764705882354 0.29411764705882354 0.29411764705882354 1.0</color>
            </diffuse>
            <specular>
              <color>0.0 0.0 0.0 1.0</color>
            </specular>
            <shininess>
              <float>0.0</float>
            </shininess>
            <reflective>
              <color>0.0 0.0 0.0 1.0</color>
            </reflective>
            <reflectivity>
              <float>0.0</float>
            </reflectivity>
            <transparent>
              <color>0.0 0.0 0.0 1.0</color>
            </transparent>
            <transparency>
              <float>1.0</float>
            </transparency>
          </phong>
        </technique>
        <extra>
          <technique profile="GOOGLEEARTH">
            <double_sided>0</double_sided>
          </technique>
        </extra>
      </profile_COMMON>
    </effect>
    <effect id="54c52f33c1dc485e8fea2e4b19c27124" name="54c52f33c1dc485e8fea2e4b19c27124">
      <profile_COMMON>
        <technique sid="common">
          <phong>
            <emission>
              <color>0.0 0.0 0.0 1.0</color>
            </emission>
            <ambient>
              <color>0.0 0.0 0.0 1.0</color>
            </ambient>
            <diffuse>
              <color>0.29411764705882354 0.29411764705882354 0.29411764705882354 1.0</color>
            </diffuse>
            <specular>
              <color>0.0 0.0 0.0 1.0</color>
            </specular>
            <shininess>
              <float>0.0</float>
            </shininess>
            <reflective>
              <color>0.0 0.0 0.0 1.0</color>
            </reflective>
            <reflectivity>
              <float>0.0</float>
            </reflectivity>
            <transparent>
              <color>0.0 0.0 0.0 1.0</color>
            </transparent>
            <transparency>
              <float>1.0</float>
            </transparency>
          </phong>
        </technique>
        <extra>
          <technique profile="GOOGLEEARTH">
            <double_sided>0</double_sided>
          </technique>
        </extra>
      </profile_COMMON>
    </effect>
  </library_effects>
  <library_geometries>
    <geometry id="9e620ed340804da68a3d24079fb8a005" name="691519e6d6e44eef9bfd3d109b428746">
      <mesh>
        <source id="verts-array">
          <float_array count="2115" id="verts-array-array">-0.01 0.07180297 0.02099149 -0.01 0.07130297 0.02099149 -0.01 0.07130297 0.01874149 -0.01 0.07330297 0.02249149 -0.01 0.07380297 0.02249149 -0.01 0.07380297 0.02474149 -0.01 0.07380297 0.01874149 -0.01 0.07380297 0.02099149 -0.01 0.07330297 0.02099149 -0.01 0.07130297 0.02474149 -0.01 0.07130297 0.02249149 -0.01 0.07180297 0.02249149 -0.0135 0.05890297 0.02249149 -0.0135 0.05890297 0.02474149 -0.0135 0.05630297 0.02474149 -0.0135 0.05630297 0.01874149 -0.0135 0.05890297 0.01874149 -0.0135 0.05890297 0.02099149 -0.0135 0.05940297 0.02099149 -0.0135 0.05940297 0.02249149 -0.0135 0.06980297 0.02249149 -0.0135 0.06980297 0.02474149 -0.0135 0.06944872 0.02474149 -0.0135 0.06330297 0.02249149 -0.0135 0.06330297 0.02099149 -0.0135 0.06380297 0.02249149 -0.0135 0.06380297 0.02099149 -0.0135 0.06380297 0.01874149 -0.0135 0.06415722 0.01874149 -0.0135 0.06588373 0.02266072 -0.0135 0.06380297 0.02474149 -0.0135 0.07030297 0.02099149 -0.0135 0.07030297 0.02249149 -0.0135 0.06980297 0.02099149 -0.0135 0.06745297 0.02286732 -0.0135 0.06865655 0.0252861 -0.0135 0.06697121 0.02301934 -0.0135 0.06775732 0.02562597 -0.0135 0.06680297 0.02574149 -0.0135 0.06630974 0.02293225 -0.0135 0.06584862 0.02562597 -0.0135 0.06494939 0.0252861 -0.0135 0.06415722 0.02474149 -0.0135 0.06799373 0.02223472 -0.0135 0.06808082 0.02157326 -0.0135 0.06944872 0.01874149 -0.0135 0.06980297 0.01874149 -0.0135 0.06578044 0.02095687 -0.0135 0.06552512 0.02157326 -0.0135 0.0678255 0.02095687 -0.0135 0.06865655 0.01819688 -0.0135 0.0672962 0.02055073 -0.0135 0.06775732 0.01785701 -0.0135 0.06680297 0.01774149 -0.0135 0.06663474 0.02046364 -0.0135 0.06584862 0.01785701 -0.0135 0.06494939 0.01819688 -0.0135 0.06615297 0.02061566 -0.0135 0.07730297 0.02474149 -0.0135 0.07470297 0.02474149 -0.0135 0.07730297 0.01874149 -0.0135 0.07470297 0.02249149 -0.0135 0.07470297 0.01874149 -0.0135 0.07470297 0.02099149 -0.0135 0.07420297 0.02099149 -0.0135 0.07420297 0.02249149 -0.01 0.06180297 0.02249149 -0.01 0.06230297 0.02249149 -0.01 0.06230297 0.02474149 -0.01 0.06230297 0.01874149 -0.01 0.06230297 0.02099149 -0.01 0.05980297 0.01874149 -0.01 0.06180297 0.02099149 -0.01 0.05980297 0.02474149 -0.01 0.05980297 0.02249149 -0.01 0.06030297 0.02249149 -0.01 0.05980297 0.02099149 -0.01 0.06030297 0.02099149 -0.0155 0.03480297 0.01974149 -0.0155 0.03480297 0.02474149 -0.0155 0.03328897 0.01959692 -0.0155 0.03281917 0.02458924 -0.0155 0.03182967 0.01916843 -0.0155 0.03088187 0.02413606 -0.0155 0.02903647 0.02339255 -0.0155 0.03047787 0.01847152 -0.0155 0.02369487 0.01471791 -0.0155 0.02928237 0.01753136 -0.0155 0.02828637 0.01638195 -0.0155 0.05107187 0.01686259 -0.0155 0.05240237 0.01766947 -0.0155 0.05630297 0.02474149 -0.0155 0.02579077 0.02111064 -0.0155 0.02732607 0.02237614 -0.0155 0.02681207 0.01212215 -0.0155 0.02702847 0.01362756 -0.0155 0.02752587 0.01506481 -0.0155 0.04988267 0.01585908 -0.0155 0.03912807 0.01847152 -0.0155 0.04886357 0.01468324 -0.0155 0.04032357 0.01753136 -0.0155 0.04789677 0.01315795 -0.0155 0.02446667 0.01962568 -0.0155 0.02338457 0.01795605 -0.0155 0.02254347 0.01602599 -0.0155 0.04625917 0.01274378 -0.0155 0.04131957 0.01638195 -0.0155 0.04208007 0.01506481 -0.0155 0.05384187 0.01826018 -0.0155 0.05630297 0.01874149 -0.0155 0.02985767 0.005453086 -0.0155 0.02866257 0.002018086 -0.0155 0.03113717 0.004630786 -0.0155 0.03027597 0.001169986 -0.0155 0.03254907 0.004065586 -0.0155 0.03200317 0.000587486 -0.0155 0.03404257 0.003777686 -0.0155 0.03380067 0.000285286 -0.0155 0.03556337 0.003777686 -0.0155 0.03562337 0.000270786 -0.0155 0.03705687 0.004065586 -0.0155 0.04736182 0.01285594 -0.0155 0.03777627 0.01916843 -0.0155 0.03631697 0.01959692 -0.0155 0.04257747 0.01362756 -0.0155 0.04279387 0.01212215 -0.0155 0.04627367 0.01092109 -0.0155 0.04272157 0.01060299 -0.0155 0.04599997 0.009118986 -0.0155 0.04236297 0.009124986 -0.0155 0.02336407 0.01292542 -0.0155 0.02332067 0.01110319 -0.0155 0.02688437 0.01060299 -0.0155 0.02356577 0.009296986 -0.0155 0.02724297 0.009124986 -0.0155 0.02409317 0.007552186 -0.0155 0.02787477 0.007741486 -0.0155 0.02488957 0.005912686 -0.0155 0.02875697 0.006502586 -0.0155 0.02593507 0.004419586 -0.0155 0.02720337 0.003110386 -0.0155 0.02283214 0.01513309 -0.0155 0.03742547 0.000544486 -0.0155 0.03916167 0.001099486 -0.0155 0.03846877 0.004630786 -0.0155 0.04078837 0.001921886 -0.0155 0.03974827 0.005453086 -0.0155 0.04226467 0.002990886 -0.0155 0.04084897 0.006502586 -0.0155 0.04355357 0.004279786 -0.0155 0.04173117 0.007741486 -0.0155 0.04462257 0.005756086 -0.0155 0.04544497 0.007382786 -0.0195 0.0664018 0.0186943 -0.0195 0.06760531 0.01874712 -0.0195 0.06865655 0.01819688 -0.0195 0.06835297 0.01905681 -0.0195 0.06944872 0.01874149 -0.0195 0.068995 0.01954946 -0.0195 0.07430297 0.01874149 -0.0195 0.06525297 0.01905681 -0.0195 0.06415722 0.01874149 -0.0195 0.06461094 0.01954946 -0.0195 0.06948765 0.02019149 -0.0195 0.06979734 0.02093915 -0.0195 0.07430297 0.02474149 -0.0195 0.06990297 0.02174149 -0.0195 0.05690694 0.01874149 -0.0195 0.05535567 0.01862043 -0.0195 0.03480297 0.02474149 -0.0195 0.06411829 0.02329149 -0.0195 0.06461094 0.02393352 -0.0195 0.06415722 0.02474149 -0.0195 0.06525297 0.02442617 -0.0195 0.06494939 0.0252861 -0.0195 0.06600063 0.02473586 -0.0195 0.06584862 0.02562597 -0.0195 0.06680297 0.02484149 -0.0195 0.06680297 0.02574149 -0.0195 0.06760531 0.02473586 -0.0195 0.06775732 0.02562597 -0.0195 0.06835297 0.02442617 -0.0195 0.06865655 0.0252861 -0.0195 0.068995 0.02393352 -0.0195 0.06944872 0.02474149 -0.0195 0.06948765 0.02329149 -0.0195 0.06979734 0.02254382 -0.0195 0.0638086 0.02254382 -0.0195 0.06370297 0.02174149 -0.0195 0.0638086 0.02093915 -0.0195 0.06411829 0.02019149 -0.0195 0.03088187 0.02413606 -0.0195 0.03281917 0.02458924 -0.0195 0.02338457 0.01795605 -0.0195 0.02446667 0.01962568 -0.0195 0.02579077 0.02111064 -0.0195 0.02732607 0.02237614 -0.0195 0.02903647 0.02339255 -0.0195 0.02256997 0.01614085 -0.0195 0.02254772 0.01556103 -0.0195 0.02369487 0.01471791 -0.0195 0.02303327 0.01492396 -0.0195 0.02276327 0.01514899 -0.0195 0.03080297 0.01174149 -0.0195 0.02938907 0.01305463 -0.0195 0.02986322 0.01325102 -0.0195 0.03017562 0.01365818 -0.0195 0.03004622 0.01464114 -0.0195 0.03024262 0.014167 -0.0195 0.02847312 0.01464114 -0.0195 0.02827672 0.014167 -0.0195 0.02336407 0.01292542 -0.0195 0.02829377 0.01377877 -0.0195 0.02332067 0.01110319 -0.0195 0.02847312 0.01343404 -0.0195 0.02875967 0.01317156 -0.0195 0.02951847 0.01500352 -0.0195 0.02875967 0.01490362 -0.0195 0.02875967 0.008579386 -0.0195 0.02957437 0.008520911 -0.0195 0.03084312 0.007469886 -0.0195 0.03004622 0.008841836 -0.0195 0.02847312 0.008841836 -0.0195 0.02409317 0.007552186 -0.0195 0.03017562 0.009824786 -0.0195 0.02986322 0.01023194 -0.0195 0.03024262 0.009315986 -0.0195 0.02938907 0.01042834 -0.0195 0.02888027 0.01036134 -0.0195 0.02847312 0.01004894 -0.0195 0.02829377 0.009704186 -0.0195 0.02356577 0.009296986 -0.0195 0.02827672 0.009315986 -0.0195 0.02488957 0.005912686 -0.0195 0.02593507 0.004419586 -0.0195 0.02720337 0.003110386 -0.0195 0.03027597 0.001169986 -0.0195 0.02866257 0.002018086 -0.0195 0.03200317 0.000587486 -0.0195 0.03380067 0.000285286 -0.0195 0.03742547 0.000544486 -0.0195 0.03562337 0.000270786 -0.0195 0.03916167 0.001099486 -0.0195 0.04462257 0.005756086 -0.0195 0.03907457 0.007469886 -0.0195 0.04544497 0.007382786 -0.0195 0.04355357 0.004279786 -0.0195 0.04226467 0.002990886 -0.0195 0.04078837 0.001921886 -0.0195 0.03955972 0.008841836 -0.0195 0.03996687 0.008529436 -0.0195 0.04047567 0.008462436 -0.0195 0.04094982 0.008658836 -0.0195 0.04021687 0.01042834 -0.0195 0.03974272 0.01023194 -0.0195 0.03880297 0.01174149 -0.0195 0.03943032 0.009824786 -0.0195 0.04126222 0.009065986 -0.0195 0.04599997 0.009118986 -0.0195 0.04132922 0.009574786 -0.0195 0.04627367 0.01092109 -0.0195 0.04113282 0.01004894 -0.0195 0.04084627 0.01031139 -0.0195 0.03936332 0.009315986 -0.0195 0.03936332 0.014167 -0.0195 0.03943032 0.01365818 -0.0195 0.04132922 0.01390818 -0.0195 0.04126222 0.014417 -0.0195 0.04625917 0.01274378 -0.0195 0.04105337 0.0147447 -0.0195 0.03955972 0.01464114 -0.0195 0.03907457 0.01538954 -0.0195 0.04015657 0.01499558 -0.0195 0.03974272 0.01325102 -0.0195 0.04021687 0.01305463 -0.0195 0.04072567 0.01312161 -0.0195 0.04113282 0.01343404 -0.0195 0.04060507 0.01500352 -0.0195 0.04736182 0.01285594 -0.0195 0.04988267 0.01585908 -0.0195 0.04886357 0.01468324 -0.0195 0.04789677 0.01315795 -0.0195 0.05384187 0.01826018 -0.0195 0.05240237 0.01766947 -0.0195 0.04579957 0.01846313 -0.0195 0.05107187 0.01686259 -0.0195 0.06775732 0.01785701 -0.0195 0.06680297 0.01774149 -0.0195 0.03583827 0.01560519 -0.0195 0.03866667 0.01277677 -0.0195 0.03826707 0.01374149 -0.0195 0.03763137 0.01456992 -0.0195 0.03680297 0.01520559 -0.0195 0.03480297 0.007741486 -0.0195 0.03583827 0.007877786 -0.0195 0.03680297 0.008277386 -0.0195 0.03763137 0.008913086 -0.0195 0.03826707 0.009741486 -0.0195 0.03866667 0.01070619 -0.0195 0.03093927 0.01070619 -0.0195 0.03133887 0.009741486 -0.0195 0.03197457 0.008913086 -0.0195 0.03280297 0.008277386 -0.0195 0.03376767 0.007877786 -0.0195 0.03093927 0.01277677 -0.0195 0.03197457 0.01456992 -0.0195 0.03115487 0.01570134 -0.0195 0.03280297 0.01520559 -0.0195 0.03133887 0.01374149 -0.0195 0.03376767 0.01560519 -0.0195 0.03480297 0.01574149 -0.0195 0.03622285 0.01685358 -0.0195 0.03671967 0.01636879 -0.0195 0.03722847 0.01630181 -0.0195 0.03770262 0.0164982 -0.0195 0.03801502 0.01690536 -0.0195 0.03802355 0.01759948 -0.0195 0.03770262 0.01807133 -0.0195 0.03611612 0.01741418 -0.0195 0.03722847 0.01826773 -0.0195 0.03671967 0.01820074 -0.0195 0.03631252 0.01788832 -0.0195 0.03770262 0.005411636 -0.0195 0.03722847 0.005215236 -0.0195 0.03671967 0.007114136 -0.0195 0.03631252 0.006801736 -0.0195 0.03611612 0.006327586 -0.0195 0.03628755 0.005654936 -0.0195 0.03671967 0.005282236 -0.0195 0.03770262 0.006984736 -0.0195 0.03802355 0.006512886 -0.0195 0.03722847 0.007181136 -0.0195 0.03796507 0.005698186 -0.0195 0.03190332 0.0164982 -0.0195 0.03237747 0.01630181 -0.0195 0.03305012 0.01647322 -0.0195 0.03342282 0.01690536 -0.0195 0.03348982 0.01741418 -0.0195 0.03159092 0.01690536 -0.0195 0.03329342 0.01788832 -0.0195 0.03288627 0.01820074 -0.0195 0.03158239 0.01759948 -0.0195 0.03214039 0.01816953 -0.0195 0.03212747 0.005282236 -0.0195 0.03263627 0.005215236 -0.0195 0.03311042 0.005411636 -0.0195 0.03342282 0.005818786 -0.0195 0.03348982 0.006327586 -0.0195 0.03329342 0.006801736 -0.0195 0.03288627 0.007114136 -0.0195 0.03172032 0.005594636 -0.0195 0.03159092 0.006577586 -0.0195 0.03190332 0.006984736 -0.0195 0.03154097 0.005939386 -0.0195 0.03237747 0.007181136 -0.0155 0.05690694 0.01874149 -0.0155 0.04723957 0.01282955 -0.0195 0.04723957 0.01282955 -0.0155 0.02314272 0.01488024 -0.0165 0.07730297 0.02474149 -0.0165 0.07730297 0.01874149 -0.0155 0.05535567 0.01862043 -0.0195 0.02251802 0.01579326 -0.0155 0.02254772 0.01556103 -0.0195 0.02257637 0.01544668 -0.0155 0.02276327 0.01514899 -0.0195 0.04759592 0.01293824 -0.0155 0.04759592 0.01293824 -0.0195 0.06584862 0.01785701 -0.0195 0.06494939 0.01819688 -0.0175 0.06680297 0.01864149 -0.0195 0.06680297 0.01864149 -0.0175 0.06600063 0.01874712 -0.0195 0.06600063 0.01874712 -0.0175 0.06525297 0.01905681 -0.0175 0.06461094 0.01954946 -0.0175 0.06411829 0.02019149 -0.0175 0.0638086 0.02093915 -0.0175 0.06370297 0.02174149 -0.0175 0.0638086 0.02254382 -0.0175 0.06411829 0.02329149 -0.0175 0.06461094 0.02393352 -0.0175 0.06525297 0.02442617 -0.0175 0.06600063 0.02473586 -0.0175 0.06680297 0.02484149 -0.0175 0.06760531 0.02473586 -0.0175 0.06835297 0.02442617 -0.0175 0.068995 0.02393352 -0.0175 0.06948765 0.02329149 -0.0175 0.06979734 0.02254382 -0.0175 0.06990297 0.02174149 -0.0175 0.06979734 0.02093915 -0.0175 0.06948765 0.02019149 -0.0175 0.068995 0.01954946 -0.0175 0.06835297 0.01905681 -0.0175 0.06760531 0.01874712 -0.0175 0.06561221 0.02124825 -0.0175 0.06552512 0.02190972 -0.0175 0.06578044 0.0225261 -0.0175 0.06615297 0.02286732 -0.0175 0.06663474 0.02301934 -0.0175 0.0672962 0.02293225 -0.0175 0.0678255 0.0225261 -0.0175 0.06808082 0.02190972 -0.0175 0.06799373 0.02124825 -0.0175 0.06772221 0.02082225 -0.0175 0.0672962 0.02055073 -0.0175 0.06680297 0.02044149 -0.0175 0.06630974 0.02055073 -0.0175 0.06588373 0.02082225 -0.0135 0.06680297 0.02044149 -0.0175 0.06663474 0.02046364 -0.0135 0.06630974 0.02055073 -0.0175 0.06601835 0.02071895 -0.0135 0.06588373 0.02082225 -0.0135 0.06561221 0.02124825 -0.0135 0.06550297 0.02174149 -0.0135 0.06561221 0.02223472 -0.0135 0.06601835 0.02276402 -0.0175 0.06630974 0.02293225 -0.0135 0.06663474 0.02301934 -0.0175 0.06697121 0.02301934 -0.0135 0.0672962 0.02293225 -0.0175 0.06758759 0.02276402 -0.0135 0.0678255 0.0225261 -0.0175 0.06799373 0.02223472 -0.0135 0.06808082 0.02190972 -0.0175 0.06810297 0.02174149 -0.0135 0.06799373 0.02124825 -0.0135 0.06772221 0.02082225 -0.0175 0.03280297 0.01520559 -0.0175 0.03197457 0.01456992 -0.0175 0.03133887 0.01374149 -0.0175 0.03093927 0.01277677 -0.0175 0.03080297 0.01174149 -0.0175 0.03093927 0.01070619 -0.0175 0.03133887 0.009741486 -0.0175 0.03197457 0.008913086 -0.0175 0.03280297 0.008277386 -0.0175 0.03376767 0.007877786 -0.0175 0.03480297 0.007741486 -0.0175 0.03583827 0.007877786 -0.0175 0.03680297 0.008277386 -0.0175 0.03763137 0.008913086 -0.0175 0.03826707 0.009741486 -0.0175 0.03866667 0.01070619 -0.0175 0.03880297 0.01174149 -0.0175 0.03866667 0.01277677 -0.0175 0.03826707 0.01374149 -0.0175 0.03763137 0.01456992 -0.0175 0.03680297 0.01520559 -0.0175 0.03583827 0.01560519 -0.0175 0.03376767 0.01560519 -0.0175 0.03480297 0.01574149 -0.0175 0.03631697 0.01959692 -0.0175 0.03328897 0.01959692 -0.0175 0.03777627 0.01916843 -0.0175 0.03480297 0.01974149 -0.0175 0.03618312 0.01766418 -0.0175 0.03655582 0.01809631 -0.0175 0.03671967 0.01636879 -0.0175 0.03631252 0.01668121 -0.0175 0.03611612 0.01715536 -0.0175 0.03722847 0.01826773 -0.0175 0.03783385 0.01792805 -0.0175 0.03912807 0.01847152 -0.0175 0.03808202 0.01741418 -0.0175 0.03907457 0.01601313 -0.0175 0.03801502 0.01690536 -0.0175 0.03770262 0.0164982 -0.0175 0.03722847 0.01630181 -0.0175 0.04032357 0.01753136 -0.0175 0.04131957 0.01638195 -0.0175 0.04132922 0.01390818 -0.0175 0.04113282 0.01343404 -0.0175 0.04279387 0.01212215 -0.0175 0.03936332 0.014167 -0.0175 0.03955972 0.01464114 -0.0175 0.04047567 0.01502055 -0.0175 0.04094982 0.01482416 -0.0175 0.04208007 0.01506481 -0.0175 0.04126222 0.014417 -0.0175 0.03974272 0.01325102 -0.0175 0.04021687 0.01305463 -0.0175 0.03996687 0.01495357 -0.0175 0.03943032 0.01365818 -0.0175 0.04072567 0.01312161 -0.0175 0.04257747 0.01362756 -0.0175 0.04272157 0.01060299 -0.0175 0.04236297 0.009124986 -0.0175 0.04021687 0.01042834 -0.0175 0.04072567 0.01036134 -0.0175 0.04115779 0.009988638 -0.0175 0.04132922 0.009315986 -0.0175 0.03907457 0.008093386 -0.0175 0.04003157 0.008520911 -0.0175 0.03955972 0.008841836 -0.0175 0.03974272 0.01023194 -0.0175 0.03936332 0.009315986 -0.0175 0.03943032 0.009824786 -0.0175 0.04113282 0.008841836 -0.0175 0.04173117 0.007741486 -0.0175 0.04072567 0.008529436 -0.0175 0.03974827 0.005453086 -0.0175 0.04084897 0.006502586 -0.0175 0.03655582 0.005386661 -0.0175 0.03618312 0.005818786 -0.0175 0.03556337 0.003777686 -0.0175 0.03611612 0.006327586 -0.0175 0.03705687 0.004065586 -0.0175 0.03722847 0.005215236 -0.0175 0.03631252 0.006801736 -0.0175 0.03671967 0.007114136 -0.0175 0.03722847 0.007181136 -0.0175 0.03770262 0.006984736 -0.0175 0.03802355 0.005883486 -0.0175 0.03846877 0.004630786 -0.0175 0.03801502 0.006577586 -0.0175 0.03770262 0.005411636 -0.0175 0.03329342 0.006801736 -0.0175 0.03288627 0.007114136 -0.0175 0.03237747 0.007181136 -0.0175 0.03092106 0.007625761 -0.0175 0.03190332 0.006984736 -0.0175 0.03348982 0.006327586 -0.0175 0.03342282 0.005818786 -0.0175 0.03190332 0.005411636 -0.0175 0.03159092 0.005818786 -0.0175 0.03113717 0.004630786 -0.0175 0.03158239 0.006512886 -0.0175 0.03305012 0.005386661 -0.0175 0.03404257 0.003777686 -0.0175 0.03254907 0.004065586 -0.0175 0.03237747 0.005215236 -0.0175 0.02787477 0.007741486 -0.0175 0.02875697 0.006502586 -0.0175 0.02985767 0.005453086 -0.0175 0.02938907 0.01042834 -0.0175 0.02986322 0.01023194 -0.0175 0.03017562 0.009824786 -0.0175 0.03024262 0.009315986 -0.0175 0.02871642 0.01025692 -0.0175 0.02681207 0.01212215 -0.0175 0.03004622 0.008841836 -0.0175 0.02688437 0.01060299 -0.0175 0.02834372 0.009824786 -0.0175 0.02888027 0.008529436 -0.0175 0.02847312 0.008841836 -0.0175 0.02724297 0.009124986 -0.0175 0.02827672 0.009315986 -0.0175 0.02957437 0.008520911 -0.0175 0.02702847 0.01362756 -0.0175 0.02827672 0.01390818 -0.0175 0.02752587 0.01506481 -0.0175 0.03024262 0.014167 -0.0175 0.03047787 0.01847152 -0.0175 0.03004622 0.01464114 -0.0175 0.02828637 0.01638195 -0.0175 0.02865612 0.01482416 -0.0175 0.02913027 0.01502055 -0.0175 0.02834372 0.014417 -0.0175 0.02963907 0.01495357 -0.0175 0.02986322 0.01325102 -0.0175 0.03017562 0.01365818 -0.0175 0.02847312 0.01343404 -0.0175 0.02888027 0.01312161 -0.0175 0.02938907 0.01305463 -0.0175 0.02928237 0.01753136 -0.0175 0.03348982 0.01715536 -0.0175 0.03329342 0.01668121 -0.0175 0.03311042 0.01807133 -0.0175 0.03342282 0.01766418 -0.0175 0.03263627 0.01826773 -0.0175 0.03182967 0.01916843 -0.0175 0.03212747 0.01820074 -0.0175 0.03237747 0.01630181 -0.0175 0.03190332 0.0164982 -0.0175 0.03115487 0.01601313 -0.0175 0.03158239 0.01697006 -0.0175 0.03169535 0.01782803 -0.0175 0.03288627 0.01636879 -0.0195 0.03709907 0.007198186 -0.0175 0.03709907 0.007198186 -0.0175 0.03618312 0.006577586 -0.0195 0.03618312 0.006577586 -0.0195 0.03609907 0.006198186 -0.0175 0.03609907 0.006198186 -0.0195 0.03618312 0.005818786 -0.0175 0.03671967 0.005282236 -0.0195 0.03709907 0.005198186 -0.0175 0.03709907 0.005198186 -0.0195 0.03747847 0.005282236 -0.0175 0.03747847 0.005282236 -0.0175 0.03801502 0.005818786 -0.0195 0.03801502 0.005818786 -0.0195 0.03801502 0.006577586 -0.0175 0.03747847 0.007114136 -0.0195 0.03747847 0.007114136 -0.0195 0.04072567 0.01036134 -0.0175 0.03996687 0.01036134 -0.0195 0.03996687 0.01036134 -0.0195 0.03934627 0.009445386 -0.0195 0.03943032 0.009065986 -0.0175 0.03996687 0.008529436 -0.0195 0.04034627 0.008445386 -0.0175 0.04034627 0.008445386 -0.0195 0.04072567 0.008529436 -0.0175 0.04126222 0.009065986 -0.0195 0.04134627 0.009445386 -0.0175 0.04134627 0.009445386 -0.0195 0.04126222 0.009824786 -0.0175 0.04126222 0.009824786 -0.0195 0.04021687 0.01502055 -0.0195 0.03974272 0.01482416 -0.0175 0.03943032 0.014417 -0.0195 0.03943032 0.014417 -0.0195 0.03934627 0.01403759 -0.0175 0.03934627 0.01403759 -0.0195 0.03996687 0.01312161 -0.0195 0.04047567 0.01305463 -0.0195 0.04094982 0.01325102 -0.0175 0.04126222 0.01365818 -0.0195 0.04126222 0.01365818 -0.0195 0.04134627 0.01403759 -0.0175 0.04134627 0.01403759 -0.0195 0.04072567 0.01495357 -0.0175 0.03696967 0.01826773 -0.0175 0.03649552 0.01807133 -0.0195 0.03618312 0.01766418 -0.0195 0.03609907 0.01728477 -0.0175 0.03609907 0.01728477 -0.0195 0.03618312 0.01690536 -0.0175 0.03618312 0.01690536 -0.0195 0.03649552 0.0164982 -0.0195 0.03696967 0.01630181 -0.0195 0.03747847 0.01636879 -0.0175 0.03801502 0.01766418 -0.0195 0.03801502 0.01766418 -0.0175 0.03747847 0.01820074 -0.0195 0.03263627 0.01826773 -0.0175 0.03237747 0.01826773 -0.0195 0.03212747 0.01820074 -0.0175 0.03190332 0.01807133 -0.0195 0.03159092 0.01766418 -0.0175 0.03159092 0.01766418 -0.0195 0.03150687 0.01728477 -0.0175 0.03150687 0.01728477 -0.0175 0.03159092 0.01690536 -0.0195 0.03288627 0.01636879 -0.0175 0.03342282 0.01690536 -0.0195 0.03350687 0.01728477 -0.0175 0.03350687 0.01728477 -0.0195 0.03342282 0.01766418 -0.0195 0.03311042 0.01807133 -0.0175 0.03288627 0.01820074 -0.0175 0.02888027 0.01495357 -0.0195 0.02913027 0.01502055 -0.0175 0.02938907 0.01502055 -0.0195 0.02865612 0.01482416 -0.0195 0.02834372 0.014417 -0.0195 0.02825967 0.01403759 -0.0175 0.02825967 0.01403759 -0.0195 0.02834372 0.01365818 -0.0175 0.02834372 0.01365818 -0.0175 0.02865612 0.01325102 -0.0195 0.02888027 0.01312161 -0.0175 0.02913027 0.01305463 -0.0175 0.02963907 0.01312161 -0.0195 0.03025967 0.01403759 -0.0175 0.03025967 0.01403759 -0.0195 0.03017562 0.014417 -0.0175 0.03017562 0.014417 -0.0175 0.02986322 0.01482416 -0.0195 0.02963907 0.01495357 -0.0195 0.02963907 0.01036134 -0.0175 0.02888027 0.01036134 -0.0195 0.02834372 0.009824786 -0.0175 0.02834372 0.009065986 -0.0195 0.02834372 0.009065986 -0.0195 0.02888027 0.008529436 -0.0195 0.02925967 0.008445386 -0.0175 0.02925967 0.008445386 -0.0195 0.02963907 0.008529436 -0.0175 0.02963907 0.008529436 -0.0175 0.03017562 0.009065986 -0.0195 0.03017562 0.009065986 -0.0195 0.03025967 0.009445386 -0.0175 0.03025967 0.009445386 -0.0175 0.02963907 0.01036134 -0.0195 0.03250687 0.007198186 -0.0175 0.03212747 0.007114136 -0.0195 0.03212747 0.007114136 -0.0175 0.03159092 0.006577586 -0.0195 0.03150687 0.006198186 -0.0175 0.03150687 0.006198186 -0.0195 0.03159092 0.005818786 -0.0175 0.03212747 0.005282236 -0.0195 0.03250687 0.005198186 -0.0175 0.03250687 0.005198186 -0.0195 0.03288627 0.005282236 -0.0175 0.03288627 0.005282236 -0.0195 0.03350687 0.006198186 -0.0175 0.03350687 0.006198186 -0.0195 0.03342282 0.006577586 -0.0175 0.03342282 0.006577586</float_array>
          <technique_common>
            <accessor count="705" source="#verts-array-array" stride="3">
              <param type="float" name="X"/>
              <param type="float" name="Y"/>
              <param type="float" name="Z"/>
            </accessor>
          </technique_common>
        </source>
        <source id="normals-array">
          <float_array count="2115" id="normals-array-array">1 0 0 1 0 0 0.6223357 0 -0.7827505 1 0 0 1 0 0 0.6528651 0 0.7574742 0.6528651 0 -0.7574742 1 0 0 1 0 0 0.6223357 0 0.7827505 1 0 0 1 0 0 1 0 0 0.3321491 0 0.9432269 0.5773503 -0.5773503 0.5773503 0.5773503 -0.5773503 -0.5773503 0.3321491 0 -0.9432269 1 0 0 1 0 0 1 0 0 1 0 0 0.342597 0 0.9394824 0.7803485 0.1854841 0.5972034 1 0 0 1 0 0 1 0 0 1 0 0 0.342597 0 -0.9394824 0.7803477 -0.1854826 -0.5972049 1 0 0 0.342597 0 0.9394824 1 0 0 1 0 0 1 0 0 1 0 0 0.681033 0.3393223 0.6488871 1 0 0 0.681035 0.1747052 0.7111043 0.6810335 -3.098911e-17 0.7322523 1 0 0 0.681035 -0.1747052 0.7111043 0.6810334 -0.3393207 0.6488875 0.7803479 -0.185483 0.5972045 1 0 0 1 0 0 0.7803483 0.1854837 -0.5972038 0.342597 0 -0.9394824 1 0 0 1 0 0 1 0 0 0.6810333 0.3393222 -0.6488868 0.7641614 -0.2468401 0.5959256 0.6810348 0.1747059 -0.7111043 0.6810335 3.098911e-17 -0.7322523 1 0 0 0.6810348 -0.1747059 -0.7111043 0.6810338 -0.3393206 -0.6488871 1 0 0 0.7071068 0 0.7071068 0.3321491 0 0.9432269 0.7071068 0 -0.7071068 1 0 0 0.3321491 0 -0.9432269 1 0 0 1 0 0 1 0 0 1 0 0 1 0 0 0.6223357 0 0.7827505 0.6223357 0 -0.7827505 1 0 0 0.6528651 0 -0.7574742 1 0 0 0.6528651 0 0.7574742 1 0 0 1 0 0 1 0 0 1 0 0 0.7291416 -7.940601e-19 -0.6843629 0.6985896 -0.02739638 0.714998 0.7291413 0.1295172 -0.6719958 0.690282 -0.1104088 0.7150669 0.7291418 0.2543535 -0.6353397 0.6902803 -0.2182388 0.6898442 0.6902837 -0.3209498 0.6484595 0.7291414 0.3699973 -0.5757212 0.8854813 -0.3958595 -0.2433477 0.7291389 0.4722638 -0.4953013 0.7291399 0.5574584 -0.3969826 0.7250457 0.4018562 -0.5593035 0.7250432 0.3102303 -0.6148736 0.3015113 -0.3015113 0.904534 0.6902777 -0.501594 0.5214597 0.6902835 -0.4161354 0.5918953 0.7291327 0.683597 -0.03256855 0.7291421 0.6650754 -0.1613272 0.7291473 0.6225121 -0.2842937 0.7250467 0.4837608 -0.4901864 0.7291413 -0.3699971 -0.5757214 0.7242701 0.5532547 -0.4115119 0.729139 -0.4722635 -0.4953014 0.6513737 0.5538893 -0.518574 0.6902866 -0.5752853 0.4388066 0.6898005 -0.6372333 0.34367 0.6210273 -0.7679482 0.1567825 0.8945612 0.3307206 -0.3006395 0.7291399 -0.5574584 -0.3969826 0.7291473 -0.6225121 -0.2842937 0.7250464 0.2110889 -0.6555526 0.904534 -0.3015113 -0.3015113 0.7291394 0.4230468 0.5379471 0.6897023 -0.3866334 -0.6122298 0.7291452 0.313587 0.6082849 0.6896941 -0.2850551 -0.6656317 0.7291346 0.1928124 0.6566476 0.6896925 -0.1762808 -0.7023171 0.7291452 0.06506362 0.6812591 0.6897029 -0.06310417 -0.7213375 0.7291452 -0.06506362 0.6812591 0.6896952 0.05164654 -0.7222556 0.7291346 -0.1928123 0.6566477 1 0 0 0.7291418 -0.2543535 -0.6353397 0.7291413 -0.1295172 -0.6719958 0.7291423 -0.6650754 -0.1613268 0.7291325 -0.6835971 -0.03256814 0.6896951 0.7222558 -0.05164602 0.7291495 -0.6773895 0.0973878 0.6896963 0.7050203 -0.1651223 0.7291365 -0.6467274 0.2238384 0.6896954 -0.7202506 0.07456094 0.6896945 -0.7229843 -0.0401893 0.7291495 0.6773895 0.0973878 0.6896972 -0.7075489 -0.153923 0.7291366 0.6467272 0.2238387 0.6896985 -0.6743426 -0.2637766 0.729142 0.5926791 0.3421746 0.6896948 -0.6241973 -0.3670134 0.7291432 0.5172059 0.448161 0.6896979 -0.5583636 -0.4610281 0.6896948 -0.4785062 -0.5434638 1 0 0 0.6896964 0.165122 -0.7050203 0.6896942 0.2744526 -0.6700728 0.7291452 -0.3135868 0.608285 0.6897002 0.3768726 -0.6182885 0.7291394 -0.4230468 0.5379471 0.6896959 0.4698256 -0.5509841 0.7291432 -0.5172059 0.448161 0.689696 0.5509842 -0.4698253 0.7291421 -0.5926792 0.3421742 0.6897001 0.6182886 -0.3768726 0.6896944 0.6700727 -0.2744527 -1 0 0 -0.7461227 -0.1723237 0.6431217 -0.6810333 0.3393222 -0.6488868 -0.7377003 -0.3375647 0.584678 -0.7803483 0.1854837 -0.5972038 -0.7376993 -0.4773873 0.4773899 -0.5547002 0 -0.8320503 -0.7461236 0.3329049 0.5766056 -0.7803477 -0.1854826 -0.5972049 -0.7376986 0.4773891 0.4773891 -0.7377021 -0.584677 0.3375626 -0.7376986 -0.652126 0.1747354 -0.5547002 0 0.8320503 -0.7377017 -0.6751268 -6.085096e-07 -0.7159753 0.02717887 -0.6975963 -0.7250438 0.106837 -0.6803656 -0.6985896 -0.02739638 0.714998 -0.7377016 0.5846767 -0.337564 -0.7376986 0.4773891 -0.4773891 -0.7803479 -0.185483 0.5972045 -0.7377014 0.3375647 -0.5846766 -0.6810334 -0.3393207 0.6488875 -0.7377001 0.1747348 -0.6521245 -0.681035 -0.1747052 0.7111043 -0.7376999 -1.211852e-18 -0.6751288 -0.6810335 2.997898e-17 0.7322523 -0.7377005 -0.1747358 -0.6521238 -0.681035 0.1747052 0.7111043 -0.7377003 -0.3375647 -0.584678 -0.681033 0.3393223 0.6488871 -0.7376993 -0.4773873 -0.4773899 -0.7803485 0.1854841 0.5972034 -0.7377026 -0.5846772 -0.337561 -0.7376978 -0.6521271 -0.1747348 -0.7376999 0.6521249 -0.174734 -0.7376995 0.6751292 -6.084703e-07 -0.7377007 0.6521238 0.1747346 -0.737701 0.5846765 0.3375656 -0.6902803 -0.2182388 0.6898442 -0.690282 -0.1104088 0.7150669 -0.6902798 -0.6355103 0.3458909 -0.6902866 -0.5752853 0.4388066 -0.6902777 -0.501594 0.5214597 -0.6902835 -0.4161354 0.5918953 -0.6902837 -0.3209498 0.6484595 -0.6633346 -0.7179367 0.2110785 -1 0 0 -0.8904862 -0.3893468 -0.2354642 -0.6660178 -0.3570308 -0.6549422 -0.6629738 -0.5636645 -0.4926947 -0.7377004 0.6751283 -8.645401e-07 -0.7701204 -0.08325949 0.6324416 -0.7688512 -0.3920565 0.5051331 -0.7669017 -0.5816628 0.2711645 -1 0 0 -1 0 0 -1 0 0 -1 0 0 -0.6896954 -0.7202506 0.07456094 -1 0 0 -0.6896945 -0.7229843 -0.0401893 -1 0 0 -1 0 0 -1 0 0 -1 0 0 -1 0 0 -1 0 0 -1 0 0 -1 0 0 -1 0 0 -0.6896985 -0.6743426 -0.2637766 -0.7721706 -0.5571095 -0.3055839 -1 0 0 -1 0 0 -1 0 0 -0.7839536 0.2375783 -0.5735619 -1 0 0 -1 0 0 -0.6896972 -0.7075489 -0.153923 -1 0 0 -0.6896948 -0.6241973 -0.3670134 -0.6896979 -0.5583636 -0.4610281 -0.6896948 -0.4785062 -0.5434638 -0.6896941 -0.2850551 -0.6656317 -0.6897023 -0.3866334 -0.6122298 -0.6896925 -0.1762808 -0.7023171 -0.6897029 -0.06310417 -0.7213375 -0.6896964 0.165122 -0.7050203 -0.6896952 0.05164654 -0.7222556 -0.6896942 0.2744526 -0.6700728 -0.6897001 0.6182886 -0.3768726 -1 0 0 -0.6896944 0.6700727 -0.2744527 -0.689696 0.5509842 -0.4698253 -0.6896959 0.4698256 -0.5509841 -0.6897002 0.3768726 -0.6182885 -1 0 0 -0.76746 0.3024142 0.5652883 -1 0 0 -1 0 0 -1 0 0 -1 0 0 -0.7377008 -0.6751278 -8.645509e-07 -0.7721704 0.5571097 -0.3055841 -0.7721709 -0.5571086 0.3055847 -0.6896963 0.7050203 -0.1651223 -1 0 0 -0.6896951 0.7222558 -0.05164602 -1 0 0 -1 0 0 -1 0 0 -1 0 0 -0.7674592 0.5652927 0.3024077 -1 0 0 -0.7597127 -0.5733707 -0.3067289 -0.8945612 0.3307206 -0.3006395 -1 0 0 -1 0 0 -1 0 0 -1 0 0 -1 0 0 -1 0 0 -1 0 0 -1 0 0 -1 0 0 -1 0 0 -0.7250467 0.4837608 -0.4901864 -0.7242701 0.5532547 -0.4115119 -0.6513737 0.5538893 -0.518574 -0.7250464 0.2110889 -0.6555526 -0.7250432 0.3102303 -0.6148736 -1 0 0 -0.7250457 0.4018562 -0.5593035 -0.6810348 0.1747059 -0.7111043 -0.6810335 -2.997898e-17 -0.7322523 -0.737701 -0.1747381 -0.6521226 -0.7376998 -0.6521241 -0.1747375 -0.7377023 -0.5846735 -0.3375682 -0.7376966 -0.4773896 -0.4773917 -0.737701 -0.3375694 -0.5846744 -0.7377002 -4.459431e-18 0.6751285 -0.7377012 -0.1747382 0.6521224 -0.7377035 -0.3375747 0.5846682 -0.737692 -0.4773944 0.4773941 -0.7377036 -0.5846684 0.3375742 -0.7377009 -0.6521226 0.1747383 -0.7377011 0.6521226 0.1747377 -0.7377036 0.5846684 0.3375742 -0.737692 0.4773944 0.4773941 -0.7377035 0.3375747 0.5846682 -0.7377012 0.1747382 0.6521224 -0.7377 0.652124 -0.1747368 -0.7376966 0.4773896 -0.4773917 -1 0 0 -0.737701 0.3375694 -0.5846744 -0.7377023 0.5846735 -0.3375682 -0.737701 0.1747381 -0.6521226 -0.7377003 3.781257e-19 -0.6751283 -1 0 0 -1 0 0 -1 0 0 -1 0 0 -0.7897127 -0.5692114 0.2288061 -1 0 0 -0.768848 -0.3920609 -0.5051347 -1 0 0 -0.7655634 -0.08397303 -0.6378567 -0.7689793 0.2797115 -0.5748323 -1 0 0 -1 0 0 -1 0 0 -0.7721712 0.3055844 -0.5571084 -1 0 0 -1 0 0 -1 0 0 -0.776972 0.3027569 0.5519536 -1 0 0 -1 0 0 -1 0 0 -1 0 0 -0.7702691 0.388224 0.5059325 -0.770258 0.08323871 0.6322767 -1 0 0 -0.7829587 -0.5454152 0.299162 -1 0 0 -0.7768393 0.5707273 0.2660659 -1 0 0 -1 0 0 -1 0 0 -1 0 0 -0.7721711 0.305585 0.5571082 -1 0 0 -1 0 0 -0.7721709 -0.5571087 0.3055847 -1 0 0 -1 0 0 -0.7721712 -0.3055844 -0.5571084 -1 0 0 -0.7766067 0.5523486 -0.3029737 -1 0 0 -1 0 0 -1 0 0 0.01240142 0.01946041 -0.9997337 0 0.190484 -0.9816903 0 0.190484 -0.9816903 0.003302452 -0.4339677 -0.9009224 0 0 1 0 0 -1 -0.6900087 0.1122817 -0.715039 -0.001995744 -0.9999556 -0.009214764 0.006827089 -0.96998 -0.2430889 -0.0008989885 -0.9343167 -0.3564429 0.006695362 -0.7529311 -0.6580653 0 0.447001 -0.8945335 0 0.447001 -0.8945335 -0.6810348 -0.1747059 -0.7111043 -0.6810338 -0.3393206 -0.6488871 -0.6788747 -3.072397e-18 0.7342542 0 -3.751595e-18 1 -0.6788746 0.1900375 0.7092356 0 0.258817 0.9659264 -0.6788734 0.3671289 0.635883 -0.6788758 0.5191954 0.5191953 -0.6788737 0.6358824 0.3671296 -0.678874 0.709236 0.1900377 -0.678875 0.7342538 -6.617573e-07 -0.6788747 0.7092357 -0.1900366 -0.6788733 0.6358835 -0.3671284 -0.6788758 0.5191954 -0.5191953 -0.6788734 0.3671289 -0.635883 -0.6788746 0.1900375 -0.7092356 -0.6788747 -2.754624e-18 -0.7342542 -0.6788742 -0.1900389 -0.7092355 -0.6788744 -0.3671278 -0.6358827 -0.6788752 -0.5191943 -0.5191972 -0.6788724 -0.6358858 -0.3671261 -0.6788765 -0.709234 -0.1900364 -0.6788731 -0.7342556 -6.618039e-07 -0.6788758 -0.7092343 0.1900375 -0.6788728 -0.6358846 0.3671273 -0.6788752 -0.5191943 0.5191972 -0.6788744 -0.3671278 0.6358827 -0.6788742 -0.1900389 0.7092355 -0.7609482 0.5985568 0.250375 -0.7668779 0.6363018 -0.08377528 -0.7593093 0.5162582 -0.3961399 -1 0 0 -1 0 0 -1 0 0 -1 0 0 -1 0 0 -0.7564524 -0.6042615 0.2502956 -0.7591692 -0.4602481 0.4602541 -0.7495154 -0.2286426 0.6212481 -1 0 0 -1 0 0 -1 0 0 -0.001243048 -0.001189686 0.9999985 0.0107428 0.13052 0.9913875 -0.002954232 0.382681 0.9238758 0.005818262 0.6114832 0.791236 0.005778997 0.7111653 0.7030011 0.006594989 0.9221001 0.3868953 -0.001242905 0.9999985 0.0011868 -0.006510356 0.9073108 -0.4204102 -0.01014204 0.6087361 -0.7933079 0.01014429 0.3826678 -0.9238303 -0.01014291 0.1305186 -0.991394 0.01014268 -0.1305215 -0.9913936 -0.01014438 -0.3826685 -0.92383 0.01014186 -0.6087377 -0.7933067 -0.0101432 -0.7933118 -0.6087311 0.006510356 -0.9073108 -0.4204102 -0.01074341 -0.9913867 -0.1305257 0.001242905 -0.9999985 0.0011868 -0.005171191 -0.9384453 0.3453891 0 -0.7071022 0.7071114 0.737701 0.3375694 -0.5846744 0.7376966 0.4773896 -0.4773917 0.7377023 0.5846735 -0.3375682 0.7377 0.652124 -0.1747368 0.7377004 0.6751283 -8.645401e-07 0.7377011 0.6521226 0.1747377 0.7377036 0.5846684 0.3375742 0.737692 0.4773944 0.4773941 0.7377035 0.3375747 0.5846682 0.7377012 0.1747382 0.6521224 0.7377002 -2.518738e-18 0.6751285 0.7377012 -0.1747382 0.6521224 0.7377035 -0.3375747 0.5846682 0.737692 -0.4773944 0.4773941 0.7377036 -0.5846684 0.3375742 0.7377009 -0.6521226 0.1747383 0.7377008 -0.6751278 -8.645509e-07 0.7376998 -0.6521241 -0.1747375 0.7377023 -0.5846735 -0.3375682 0.7376966 -0.4773896 -0.4773917 0.737701 -0.3375694 -0.5846744 0.737701 -0.1747381 -0.6521226 0.737701 0.1747381 -0.6521226 0.7377003 -1.86675e-18 -0.6751283 0.6863246 -0.1376422 -0.714152 0.6863246 0.1376422 -0.714152 0.6863242 -0.2703102 -0.6751974 0.6863244 -3.666509e-19 -0.7272956 0.7717669 0.5763504 -0.2686932 1 0 0 0.7689831 0.2797052 0.5748305 1 0 0 1 0 0 1 0 0 1 0 0 0.6863246 -0.3932082 -0.6118381 1 0 0 1 0 0 0.776428 -0.596765 0.2025614 0.7688516 -0.3920563 0.5051327 0.765558 -0.08397325 0.6378631 0.6863267 -0.5018869 -0.5263699 0.6863259 -0.5924272 -0.4218849 1 0 0 1 0 0 0.6863324 -0.726464 -0.03461042 1 0 0 1 0 0 0.7655583 -0.08397277 -0.6378629 0.7688518 -0.3920564 -0.5051323 0.6863193 -0.6615749 -0.3021332 0.7669014 -0.5816636 -0.2711637 0.7688518 0.3920564 0.5051323 0.7655583 0.08397277 0.6378629 0.7689836 0.2797051 -0.5748297 0.7669014 0.5816635 0.2711638 0.768984 -0.2797049 0.5748293 0.6863238 -0.7067994 -0.1714478 0.6863173 -0.7199003 0.1034995 0.6863289 -0.6872896 0.2378774 1 0 0 0.7886047 -0.2353132 -0.5680936 1 0 0 1 0 0 1 0 0 1 0 0 0.7737039 0.5004879 0.3884509 1 0 0 0.7651824 0.6383041 0.08404667 0.7739111 0.5664815 -0.2831258 1 0 0 0.6863239 -0.6298611 0.3636406 0.7819776 -0.2997612 0.5464926 0.6863263 -0.4495835 0.5716912 0.6863229 -0.5496546 0.4762779 1 0 0 0.7769714 0.5519542 0.3027574 0.6863211 -0.06914599 0.7240042 1 0 0 0.6863306 -0.2049042 0.6978285 1 0 0 1 0 0 0.7721712 0.3055844 -0.5571084 1 0 0 1 0 0 1 0 0 0.6863211 -0.3332626 0.6464514 0.7934483 -0.5623079 -0.2329154 1 0 0 1 0 0 0.7775055 -0.248365 -0.5777543 1 0 0 1 0 0 1 0 0 1 0 0 0.7769714 -0.5519542 0.3027574 1 0 0 0.7819765 0.5464937 0.2997621 0.6863212 0.3332627 0.6464512 1 0 0 1 0 0 0.6863211 0.06914599 0.7240042 0.6863305 0.2049044 0.6978285 1 0 0 0.686324 0.6298608 0.3636409 0.6863229 0.5496546 0.4762779 0.6863263 0.4495835 0.5716912 1 0 0 1 0 0 0.7721706 -0.5571095 -0.3055839 1 0 0 1 0 0 0.6863323 0.7264641 -0.03461086 1 0 0 0.6863173 0.7199003 0.1034995 0.7886026 0.5680969 -0.2353123 0.7819774 0.2997617 0.5464927 1 0 0 0.6863288 0.6872896 0.2378778 1 0 0 1 0 0 0.6863239 0.7067992 -0.1714482 1 0 0 0.6863193 0.6615749 -0.3021332 1 0 0 0.6863245 0.3932084 -0.611838 1 0 0 0.6863259 0.5924272 -0.4218849 1 0 0 1 0 0 0.767459 0.5652931 -0.3024077 1 0 0 1 0 0 0.7674596 -0.5652923 0.3024076 1 0 0 1 0 0 1 0 0 0.6863268 0.5018871 -0.5263696 1 0 0 1 0 0 1 0 0 0.7674609 -0.5652896 -0.3024095 1 0 0 0.6863242 0.2703102 -0.6751974 1 0 0 0.770258 0.08323871 0.6322767 0.7750896 0.384652 0.5012773 1 0 0 1 0 0 1 0 0 0.7764383 -0.2787295 0.5652021 0 -1.036728e-06 -1 0 -1.036728e-06 -1 0 0.8767637 -0.4809215 0 0.8767637 -0.4809215 0 1 8.760682e-18 0 1 -2.590632e-18 0 0.8767637 0.4809215 0 0.4809213 0.8767638 0 -1.036728e-06 1 0 -1.036728e-06 1 0 -0.4809222 0.8767633 0 -0.4809222 0.8767633 0 -0.9238796 0.3826832 0 -0.9238796 0.3826832 0 -0.9238796 -0.3826832 0 -0.4809222 -0.8767633 0 -0.4809222 -0.8767633 0 -0.382685 -0.9238789 0 0.382685 -0.9238789 0 0.382685 -0.9238789 0.001383509 0.9999973 -0.001860819 0.0172799 0.8808533 0.4730738 0 0.4225362 0.906346 0 1.036728e-06 1 0 1.036728e-06 1 0 -0.4809211 0.8767639 0 -0.8767636 0.4809216 0 -1 2.458936e-18 0 -1 7.453829e-18 0 -0.8767645 -0.48092 0 -0.8767645 -0.48092 0.01460268 0.130507 -0.9913398 0.00390963 0.6131324 -0.7899705 -0.01462916 0.8816633 -0.4716523 0 0.9063499 -0.422528 0 1 2.591694e-07 0 1 2.591694e-07 0.02289986 0.4374246 0.8989634 0.01460268 -0.130507 0.9913398 0.00390963 -0.6131324 0.7899705 -0.01462916 -0.8816631 0.4716525 0 -0.9063497 0.4225283 0 -1 2.591694e-07 0 -1 2.591694e-07 0.02289986 -0.4374246 -0.8989634 -0.01460289 0.1305099 -0.9913395 -0.003909133 0.6131339 -0.7899693 0.01462802 0.8816607 -0.4716571 0 1 -9.342259e-18 0 1 1.336309e-17 0 0.9063483 0.4225314 -0.01462843 0.8816629 0.471653 0.003910209 0.613131 0.7899716 0.01460297 0.1305089 0.9913396 0.02289956 -0.4374239 0.8989638 -0.01518145 -0.9277363 -0.3729275 0.6414093 -0.7264872 -0.2465979 -0.02290045 -0.4374308 -0.8989605 0.01460272 -0.1305086 -0.9913396 -0.01460272 0.1305086 -0.9913396 0.02290045 0.4374308 -0.8989605 -0.003908797 0.613135 -0.7899685 0.0146286 0.8816609 -0.4716567 0 0.9063472 -0.4225338 0 1 -9.342259e-18 0 1 1.336309e-17 0 0.9063495 0.4225288 0.6414041 -0.3393279 0.6880824 0 -0.8767695 0.4809109 0 -1 9.342259e-18 0 -1 -1.336309e-17 0 -0.9063472 -0.4225338 0.003908797 -0.613135 -0.7899685 -0.02290045 -0.4374308 -0.8989605 -0.02289986 0.4374246 -0.8989634 0.01460268 0.130507 -0.9913398 -0.01460277 -0.1305076 -0.9913398 0.00390963 0.6131324 -0.7899705 0 0.9063499 -0.422528 0 1 2.591694e-07 0 1 2.591694e-07 0.01462916 0.8816631 0.4716525 0 0.9063497 0.4225283 -0.00390963 0.6131324 0.7899705 0.02289986 0.4374246 0.8989634 -0.01460268 0.130507 0.9913398 -0.02289954 -0.4374248 0.8989634 0 -1 2.591694e-07 0 -1 2.591694e-07 0.01462887 -0.8816632 -0.4716525 0 -0.9063493 -0.4225293 -0.003909798 -0.6131319 -0.7899709 0.02289954 -0.4374248 -0.8989634 0 -0.382685 -0.9238789 0 0.382685 -0.9238789 0 0.9238802 -0.3826818 0 0.9238795 0.3826834 0 0.9238795 0.3826834 0 0.4809216 0.8767636 0 2.458936e-18 1 0 7.453829e-18 1 0 -0.4809216 0.8767636 0 -0.4809216 0.8767636 0 -0.8767636 0.4809216 0 -0.8767636 0.4809216 0 -1 2.458936e-18 0 -1 7.453829e-18 0 -0.382685 -0.9238789 -0.005128947 1.033776e-06 -0.9999868 -0.01990672 0.3948564 -0.9185272 0 0.4809222 -0.8767633 0 0.8767637 -0.4809215 0 1 8.760682e-18 0 1 -2.590632e-18 0 0.8767637 0.4809215 0 0.4809222 0.8767633 0 1.036728e-06 1 0 1.036728e-06 1 0 -0.4809213 0.8767638 0 -0.4809213 0.8767638 0 -1 -8.760682e-18 0 -1 2.590632e-18 0 -0.8767637 -0.4809215 0 -0.8767637 -0.4809215</float_array>
          <technique_common>
            <accessor count="705" source="#normals-array-array" stride="3">
              <param type="float" name="X"/>
              <param type="float" name="Y"/>
              <param type="float" name="Z"/>
            </accessor>
          </technique_common>
        </source>
        <source id="colors-array">
          <float_array count="2115" id="colors-array-array">0.2941176 0.2941176 0.2941176 0.2941176 0.2941176 0.2941176 0.2941176 0.2941176 0.2941176 0.2941176 0.2941176 0.2941176 0.2941176 0.2941176 0.2941176 0.2941176 0.2941176 0.2941176 0.2941176 0.2941176 0.2941176 0.2941176 0.2941176 0.2941176 0.2941176 0.2941176 0.2941176 0.2941176 0.2941176 0.2941176 0.2941176 0.2941176 0.2941176 0.2941176 0.2941176 0.2941176 0.2941176 0.2941176 0.2941176 0.2941176 0.2941176 0.2941176 0.2941176 0.2941176 0.2941176 0.2941176 0.2941176 0.2941176 0.2941176 0.2941176 0.2941176 0.2941176 0.2941176 0.2941176 0.2941176 0.2941176 0.2941176 0.2941176 0.2941176 0.2941176 0.2941176 0.2941176 0.2941176 0.2941176 0.2941176 0.2941176 0.2941176 0.2941176 0.2941176 0.2941176 0.2941176 0.2941176 0.2941176 0.2941176 0.2941176 0.2941176 0.2941176 0.2941176 0.2941176 0.2941176 0.2941176 0.2941176 0.2941176 0.2941176 0.2941176 0.2941176 0.2941176 0.2941176 0.2941176 0.2941176 0.2941176 0.2941176 0.2941176 0.2941176 0.2941176 0.2941176 0.2941176 0.2941176 0.2941176 0.2941176 0.2941176 0.2941176 0.2941176 0.2941176 0.2941176 0.2941176 0.2941176 0.2941176 0.2941176 0.2941176 0.2941176 0.2941176 0.2941176 0.2941176 0.2941176 0.2941176 0.2941176 0.2941176 0.2941176 0.2941176 0.2941176 0.2941176 0.2941176 0.2941176 0.2941176 0.2941176 0.2941176 0.2941176 0.2941176 0.2941176 0.2941176 0.2941176 0.2941176 0.2941176 0.2941176 0.2941176 0.2941176 0.2941176 0.2941176 0.2941176 0.2941176 0.2941176 0.2941176 0.2941176 0.2941176 0.2941176 0.2941176 0.2941176 0.2941176 0.2941176 0.2941176 0.2941176 0.2941176 0.2941176 0.2941176 0.2941176 0.2941176 0.2941176 0.2941176 0.2941176 0.2941176 0.2941176 0.2941176 0.2941176 0.2941176 0.2941176 0.2941176 0.2941176 0.2941176 0.2941176 0.2941176 0.2941176 0.2941176 0.2941176 0.2941176 0.2941176 0.2941176 0.2941176 0.2941176 0.2941176 0.2941176 0.2941176 0.2941176 0.2941176 0.2941176 0.2941176 0.2941176 0.2941176 0.2941176 0.2941176 0.2941176 0.2941176 0.2941176 0.2941176 0.2941176 0.2941176 0.2941176 0.2941176 0.2941176 0.2941176 0.2941176 0.2941176 0.2941176 0.2941176 0.2941176 0.2941176 0.2941176 0.2941176 0.2941176 0.2941176 0.2941176 0.2941176 0.2941176 0.2941176 0.2941176 0.2941176 0.2941176 0.2941176 0.2941176 0.2941176 0.2941176 0.2941176 0.2941176 0.2941176 0.2941176 0.2941176 0.2941176 0.2941176 0.2941176 0.2941176 0.2941176 0.2941176 0.2941176 0.2941176 0.2941176 0.2941176 0.2941176 0.2941176 0.2941176 0.2941176 0.2941176 0.2941176 0.2941176 0.2941176 0.2941176 0.2941176 0.2941176 0.2941176 0.2941176 0.2941176 0.2941176 0.2941176 0.2941176 0.2941176 0.2941176 0.2941176 0.2941176 0.2941176 0.2941176 0.2941176 0.2941176 0.2941176 0.2941176 0.2941176 0.2941176 0.2941176 0.2941176 0.2941176 0.2941176 0.2941176 0.2941176 0.2941176 0.2941176 0.2941176 0.2941176 0.2941176 0.2941176 0.2941176 0.2941176 0.2941176 0.2941176 0.2941176 0.2941176 0.2941176 0.2941176 0.2941176 0.2941176 0.2941176 0.2941176 0.2941176 0.2941176 0.2941176 0.2941176 0.2941176 0.2941176 0.2941176 0.2941176 0.2941176 0.2941176 0.2941176 0.2941176 0.2941176 0.2941176 0.2941176 0.2941176 0.2941176 0.2941176 0.2941176 0.2941176 0.2941176 0.2941176 0.2941176 0.2941176 0.2941176 0.2941176 0.2941176 0.2941176 0.2941176 0.2941176 0.2941176 0.2941176 0.2941176 0.2941176 0.2941176 0.2941176 0.2941176 0.2941176 0.2941176 0.2941176 0.2941176 0.2941176 0.2941176 0.2941176 0.2941176 0.2941176 0.2941176 0.2941176 0.2941176 0.2941176 0.2941176 0.2941176 0.2941176 0.2941176 0.2941176 0.2941176 0.2941176 0.2941176 0.2941176 0.2941176 0.2941176 0.2941176 0.2941176 0.2941176 0.2941176 0.2941176 0.2941176 0.2941176 0.2941176 0.2941176 0.2941176 0.2941176 0.2941176 0.2941176 0.2941176 0.2941176 0.2941176 0.2941176 0.2941176 0.2941176 0.2941176 0.2941176 0.2941176 0.2941176 0.2941176 0.2941176 0.2941176 0.2941176 0.2941176 0.2941176 0.2941176 0.2941176 0.2941176 0.2941176 0.2941176 0.2941176 0.2941176 0.2941176 0.2941176 0.2941176 0.2941176 0.2941176 0.2941176 0.2941176 0.2941176 0.2941176 0.2941176 0.2941176 0.2941176 0.2941176 0.2941176 0.2941176 0.2941176 0.2941176 0.2941176 0.2941176 0.2941176 0.2941176 0.2941176 0.2941176 0.2941176 0.2941176 0.2941176 0.2941176 0.2941176 0.2941176 0.2941176 0.2941176 0.2941176 0.2941176 0.2941176 0.2941176 0.2941176 0.2941176 0.2941176 0.2941176 0.2941176 0.2941176 0.2941176 0.2941176 0.2941176 0.2941176 0.2941176 0.2941176 0.2941176 0.2941176 0.2941176 0.2941176 0.2941176 0.2941176 0.2941176 0.2941176 0.2941176 0.2941176 0.2941176 0.2941176 0.2941176 0.2941176 0.2941176 0.2941176 0.2941176 0.2941176 0.2941176 0.2941176 0.2941176 0.2941176 0.2941176 0.2941176 0.2941176 0.2941176 0.2941176 0.2941176 0.2941176 0.2941176 0.2941176 0.2941176 0.2941176 0.2941176 0.2941176 0.2941176 0.2941176 0.2941176 0.2941176 0.2941176 0.2941176 0.2941176 0.2941176 0.2941176 0.2941176 0.2941176 0.2941176 0.2941176 0.2941176 0.2941176 0.2941176 0.2941176 0.2941176 0.2941176 0.2941176 0.2941176 0.2941176 0.2941176 0.2941176 0.2941176 0.2941176 0.2941176 0.2941176 0.2941176 0.2941176 0.2941176 0.2941176 0.2941176 0.2941176 0.2941176 0.2941176 0.2941176 0.2941176 0.2941176 0.2941176 0.2941176 0.2941176 0.2941176 0.2941176 0.2941176 0.2941176 0.2941176 0.2941176 0.2941176 0.2941176 0.2941176 0.2941176 0.2941176 0.2941176 0.2941176 0.2941176 0.2941176 0.2941176 0.2941176 0.2941176 0.2941176 0.2941176 0.2941176 0.2941176 0.2941176 0.2941176 0.2941176 0.2941176 0.2941176 0.2941176 0.2941176 0.2941176 0.2941176 0.2941176 0.2941176 0.2941176 0.2941176 0.2941176 0.2941176 0.2941176 0.2941176 0.2941176 0.2941176 0.2941176 0.2941176 0.2941176 0.2941176 0.2941176 0.2941176 0.2941176 0.2941176 0.2941176 0.2941176 0.2941176 0.2941176 0.2941176 0.2941176 0.2941176 0.2941176 0.2941176 0.2941176 0.2941176 0.2941176 0.2941176 0.2941176 0.2941176 0.2941176 0.2941176 0.2941176 0.2941176 0.2941176 0.2941176 0.2941176 0.2941176 0.2941176 0.2941176 0.2941176 0.2941176 0.2941176 0.2941176 0.2941176 0.2941176 0.2941176 0.2941176 0.2941176 0.2941176 0.2941176 0.2941176 0.2941176 0.2941176 0.2941176 0.2941176 0.2941176 0.2941176 0.2941176 0.2941176 0.2941176 0.2941176 0.2941176 0.2941176 0.2941176 0.2941176 0.2941176 0.2941176 0.2941176 0.2941176 0.2941176 0.2941176 0.2941176 0.2941176 0.2941176 0.2941176 0.2941176 0.2941176 0.2941176 0.2941176 0.2941176 0.2941176 0.2941176 0.2941176 0.2941176 0.2941176 0.2941176 0.2941176 0.2941176 0.2941176 0.2941176 0.2941176 0.2941176 0.2941176 0.2941176 0.2941176 0.2941176 0.2941176 0.2941176 0.2941176 0.2941176 0.2941176 0.2941176 0.2941176 0.2941176 0.2941176 0.2941176 0.2941176 0.2941176 0.2941176 0.2941176 0.2941176 0.2941176 0.2941176 0.2941176 0.2941176 0.2941176 0.2941176 0.2941176 0.2941176 0.2941176 0.2941176 0.2941176 0.2941176 0.2941176 0.2941176 0.2941176 0.2941176 0.2941176 0.2941176 0.2941176 0.2941176 0.2941176 0.2941176 0.2941176 0.2941176 0.2941176 0.2941176 0.2941176 0.2941176 0.2941176 0.2941176 0.2941176 0.2941176 0.2941176 0.2941176 0.2941176 0.2941176 0.2941176 0.2941176 0.2941176 0.2941176 0.2941176 0.2941176 0.2941176 0.2941176 0.2941176 0.2941176 0.2941176 0.2941176 0.2941176 0.2941176 0.2941176 0.2941176 0.2941176 0.2941176 0.2941176 0.2941176 0.2941176 0.2941176 0.2941176 0.2941176 0.2941176 0.2941176 0.2941176 0.2941176 0.2941176 0.2941176 0.2941176 0.2941176 0.2941176 0.2941176 0.2941176 0.2941176 0.2941176 0.2941176 0.2941176 0.2941176 0.2941176 0.2941176 0.2941176 0.2941176 0.2941176 0.2941176 0.2941176 0.2941176 0.2941176 0.2941176 0.2941176 0.2941176 0.2941176 0.2941176 0.2941176 0.2941176 0.2941176 0.2941176 0.2941176 0.2941176 0.2941176 0.2941176 0.2941176 0.2941176 0.2941176 0.2941176 0.2941176 0.2941176 0.2941176 0.2941176 0.2941176 0.2941176 0.2941176 0.2941176 0.2941176 0.2941176 0.2941176 0.2941176 0.2941176 0.2941176 0.2941176 0.2941176 0.2941176 0.2941176 0.2941176 0.2941176 0.2941176 0.2941176 0.2941176 0.2941176 0.2941176 0.2941176 0.2941176 0.2941176 0.2941176 0.2941176 0.2941176 0.2941176 0.2941176 0.2941176 0.2941176 0.2941176 0.2941176 0.2941176 0.2941176 0.2941176 0.2941176 0.2941176 0.2941176 0.2941176 0.2941176 0.2941176 0.2941176 0.2941176 0.2941176 0.2941176 0.2941176 0.2941176 0.2941176 0.2941176 0.2941176 0.2941176 0.2941176 0.2941176 0.2941176 0.2941176 0.2941176 0.2941176 0.2941176 0.2941176 0.2941176 0.2941176 0.2941176 0.2941176 0.2941176 0.2941176 0.2941176 0.2941176 0.2941176 0.2941176 0.2941176 0.2941176 0.2941176 0.2941176 0.2941176 0.2941176 0.2941176 0.2941176 0.2941176 0.2941176 0.2941176 0.2941176 0.2941176 0.2941176 0.2941176 0.2941176 0.2941176 0.2941176 0.2941176 0.2941176 0.2941176 0.2941176 0.2941176 0.2941176 0.2941176 0.2941176 0.2941176 0.2941176 0.2941176 0.2941176 0.2941176 0.2941176 0.2941176 0.2941176 0.2941176 0.2941176 0.2941176 0.2941176 0.2941176 0.2941176 0.2941176 0.2941176 0.2941176 0.2941176 0.2941176 0.2941176 0.2941176 0.2941176 0.2941176 0.2941176 0.2941176 0.2941176 0.2941176 0.2941176 0.2941176 0.2941176 0.2941176 0.2941176 0.2941176 0.2941176 0.2941176 0.2941176 0.2941176 0.2941176 0.2941176 0.2941176 0.2941176 0.2941176 0.2941176 0.2941176 0.2941176 0.2941176 0.2941176 0.2941176 0.2941176 0.2941176 0.2941176 0.2941176 0.2941176 0.2941176 0.2941176 0.2941176 0.2941176 0.2941176 0.2941176 0.2941176 0.2941176 0.2941176 0.2941176 0.2941176 0.2941176 0.2941176 0.2941176 0.2941176 0.2941176 0.2941176 0.2941176 0.2941176 0.2941176 0.2941176 0.2941176 0.2941176 0.2941176 0.2941176 0.2941176 0.2941176 0.2941176 0.2941176 0.2941176 0.2941176 0.2941176 0.2941176 0.2941176 0.2941176 0.2941176 0.2941176 0.2941176 0.2941176 0.2941176 0.2941176 0.2941176 0.2941176 0.2941176 0.2941176 0.2941176 0.2941176 0.2941176 0.2941176 0.2941176 0.2941176 0.2941176 0.2941176 0.2941176 0.2941176 0.2941176 0.2941176 0.2941176 0.2941176 0.2941176 0.2941176 0.2941176 0.2941176 0.2941176 0.2941176 0.2941176 0.2941176 0.2941176 0.2941176 0.2941176 0.2941176 0.2941176 0.2941176 0.2941176 0.2941176 0.2941176 0.2941176 0.2941176 0.2941176 0.2941176 0.2941176 0.2941176 0.2941176 0.2941176 0.2941176 0.2941176 0.2941176 0.2941176 0.2941176 0.2941176 0.2941176 0.2941176 0.2941176 0.2941176 0.2941176 0.2941176 0.2941176 0.2941176 0.2941176 0.2941176 0.2941176 0.2941176 0.2941176 0.2941176 0.2941176 0.2941176 0.2941176 0.2941176 0.2941176 0.2941176 0.2941176 0.2941176 0.2941176 0.2941176 0.2941176 0.2941176 0.2941176 0.2941176 0.2941176 0.2941176 0.2941176 0.2941176 0.2941176 0.2941176 0.2941176 0.2941176 0.2941176 0.2941176 0.2941176 0.2941176 0.2941176 0.2941176 0.2941176 0.2941176 0.2941176 0.2941176 0.2941176 0.2941176 0.2941176 0.2941176 0.2941176 0.2941176 0.2941176 0.2941176 0.2941176 0.2941176 0.2941176 0.2941176 0.2941176 0.2941176 0.2941176 0.2941176 0.2941176 0.2941176 0.2941176 0.2941176 0.2941176 0.2941176 0.2941176 0.2941176 0.2941176 0.2941176 0.2941176 0.2941176 0.2941176 0.2941176 0.2941176 0.2941176 0.2941176 0.2941176 0.2941176 0.2941176 0.2941176 0.2941176 0.2941176 0.2941176 0.2941176 0.2941176 0.2941176 0.2941176 0.2941176 0.2941176 0.2941176 0.2941176 0.2941176 0.2941176 0.2941176 0.2941176 0.2941176 0.2941176 0.2941176 0.2941176 0.2941176 0.2941176 0.2941176 0.2941176 0.2941176 0.2941176 0.2941176 0.2941176 0.2941176 0.2941176 0.2941176 0.2941176 0.2941176 0.2941176 0.2941176 0.2941176 0.2941176 0.2941176 0.2941176 0.2941176 0.2941176 0.2941176 0.2941176 0.2941176 0.2941176 0.2941176 0.2941176 0.2941176 0.2941176 0.2941176 0.2941176 0.2941176 0.2941176 0.2941176 0.2941176 0.2941176 0.2941176 0.2941176 0.2941176 0.2941176 0.2941176 0.2941176 0.2941176 0.2941176 0.2941176 0.2941176 0.2941176 0.2941176 0.2941176 0.2941176 0.2941176 0.2941176 0.2941176 0.2941176 0.2941176 0.2941176 0.2941176 0.2941176 0.2941176 0.2941176 0.2941176 0.2941176 0.2941176 0.2941176 0.2941176 0.2941176 0.2941176 0.2941176 0.2941176 0.2941176 0.2941176 0.2941176 0.2941176 0.2941176 0.2941176 0.2941176 0.2941176 0.2941176 0.2941176 0.2941176 0.2941176 0.2941176 0.2941176 0.2941176 0.2941176 0.2941176 0.2941176 0.2941176 0.2941176 0.2941176 0.2941176 0.2941176 0.2941176 0.2941176 0.2941176 0.2941176 0.2941176 0.2941176 0.2941176 0.2941176 0.2941176 0.2941176 0.2941176 0.2941176 0.2941176 0.2941176 0.2941176 0.2941176 0.2941176 0.2941176 0.2941176 0.2941176 0.2941176 0.2941176 0.2941176 0.2941176 0.2941176 0.2941176 0.2941176 0.2941176 0.2941176 0.2941176 0.2941176 0.2941176 0.2941176 0.2941176 0.2941176 0.2941176 0.2941176 0.2941176 0.2941176 0.2941176 0.2941176 0.2941176 0.2941176 0.2941176 0.2941176 0.2941176 0.2941176 0.2941176 0.2941176 0.2941176 0.2941176 0.2941176 0.2941176 0.2941176 0.2941176 0.2941176 0.2941176 0.2941176 0.2941176 0.2941176 0.2941176 0.2941176 0.2941176 0.2941176 0.2941176 0.2941176 0.2941176 0.2941176 0.2941176 0.2941176 0.2941176 0.2941176 0.2941176 0.2941176 0.2941176 0.2941176 0.2941176 0.2941176 0.2941176 0.2941176 0.2941176 0.2941176 0.2941176 0.2941176 0.2941176 0.2941176 0.2941176 0.2941176 0.2941176 0.2941176 0.2941176 0.2941176 0.2941176 0.2941176 0.2941176 0.2941176 0.2941176 0.2941176 0.2941176 0.2941176 0.2941176 0.2941176 0.2941176 0.2941176 0.2941176 0.2941176 0.2941176 0.2941176 0.2941176 0.2941176 0.2941176 0.2941176 0.2941176 0.2941176 0.2941176 0.2941176 0.2941176 0.2941176 0.2941176 0.2941176 0.2941176 0.2941176 0.2941176 0.2941176 0.2941176 0.2941176 0.2941176 0.2941176 0.2941176 0.2941176 0.2941176 0.2941176 0.2941176 0.2941176 0.2941176 0.2941176 0.2941176 0.2941176 0.2941176 0.2941176 0.2941176 0.2941176 0.2941176 0.2941176 0.2941176 0.2941176 0.2941176 0.2941176 0.2941176 0.2941176 0.2941176 0.2941176 0.2941176 0.2941176 0.2941176 0.2941176 0.2941176 0.2941176 0.2941176 0.2941176 0.2941176 0.2941176 0.2941176 0.2941176 0.2941176 0.2941176 0.2941176 0.2941176 0.2941176 0.2941176 0.2941176 0.2941176 0.2941176 0.2941176 0.2941176 0.2941176 0.2941176 0.2941176 0.2941176 0.2941176 0.2941176 0.2941176 0.2941176 0.2941176 0.2941176 0.2941176 0.2941176 0.2941176 0.2941176 0.2941176 0.2941176 0.2941176 0.2941176 0.2941176 0.2941176 0.2941176 0.2941176 0.2941176 0.2941176 0.2941176 0.2941176 0.2941176 0.2941176 0.2941176 0.2941176 0.2941176 0.2941176 0.2941176 0.2941176 0.2941176 0.2941176 0.2941176 0.2941176 0.2941176 0.2941176 0.2941176 0.2941176 0.2941176 0.2941176 0.2941176 0.2941176 0.2941176 0.2941176 0.2941176 0.2941176 0.2941176 0.2941176 0.2941176 0.2941176 0.2941176 0.2941176 0.2941176 0.2941176 0.2941176 0.2941176 0.2941176 0.2941176 0.2941176 0.2941176 0.2941176 0.2941176 0.2941176 0.2941176 0.2941176 0.2941176 0.2941176 0.2941176 0.2941176 0.2941176 0.2941176 0.2941176 0.2941176 0.2941176 0.2941176 0.2941176 0.2941176 0.2941176 0.2941176 0.2941176 0.2941176 0.2941176 0.2941176 0.2941176 0.2941176 0.2941176 0.2941176 0.2941176 0.2941176 0.2941176 0.2941176 0.2941176 0.2941176 0.2941176 0.2941176 0.2941176 0.2941176 0.2941176 0.2941176 0.2941176 0.2941176 0.2941176 0.2941176 0.2941176 0.2941176 0.2941176 0.2941176 0.2941176 0.2941176 0.2941176 0.2941176 0.2941176 0.2941176 0.2941176 0.2941176 0.2941176 0.2941176 0.2941176 0.2941176 0.2941176 0.2941176 0.2941176 0.2941176 0.2941176 0.2941176 0.2941176 0.2941176 0.2941176 0.2941176 0.2941176 0.2941176 0.2941176 0.2941176 0.2941176 0.2941176 0.2941176 0.2941176 0.2941176 0.2941176 0.2941176 0.2941176 0.2941176 0.2941176 0.2941176 0.2941176 0.2941176 0.2941176 0.2941176 0.2941176 0.2941176 0.2941176 0.2941176 0.2941176 0.2941176 0.2941176 0.2941176 0.2941176 0.2941176 0.2941176 0.2941176 0.2941176 0.2941176 0.2941176 0.2941176 0.2941176 0.2941176 0.2941176 0.2941176 0.2941176 0.2941176 0.2941176 0.2941176 0.2941176 0.2941176 0.2941176 0.2941176 0.2941176 0.2941176 0.2941176 0.2941176 0.2941176 0.2941176 0.2941176 0.2941176 0.2941176 0.2941176 0.2941176 0.2941176 0.2941176 0.2941176 0.2941176 0.2941176 0.2941176 0.2941176 0.2941176 0.2941176 0.2941176 0.2941176 0.2941176 0.2941176 0.2941176 0.2941176 0.2941176 0.2941176 0.2941176 0.2941176 0.2941176 0.2941176 0.2941176 0.2941176 0.2941176 0.2941176 0.2941176 0.2941176 0.2941176 0.2941176 0.2941176 0.2941176 0.2941176 0.2941176 0.2941176 0.2941176 0.2941176 0.2941176 0.2941176 0.2941176 0.2941176 0.2941176 0.2941176 0.2941176 0.2941176 0.2941176 0.2941176 0.2941176 0.2941176 0.2941176 0.2941176 0.2941176 0.2941176 0.2941176 0.2941176 0.2941176 0.2941176 0.2941176 0.2941176 0.2941176 0.2941176 0.2941176 0.2941176 0.2941176 0.2941176 0.2941176 0.2941176 0.2941176 0.2941176 0.2941176 0.2941176 0.2941176 0.2941176 0.2941176 0.2941176 0.2941176 0.2941176 0.2941176 0.2941176 0.2941176 0.2941176 0.2941176 0.2941176 0.2941176 0.2941176 0.2941176 0.2941176 0.2941176 0.2941176 0.2941176 0.2941176 0.2941176 0.2941176 0.2941176 0.2941176 0.2941176 0.2941176 0.2941176 0.2941176 0.2941176 0.2941176 0.2941176 0.2941176 0.2941176 0.2941176 0.2941176 0.2941176 0.2941176 0.2941176 0.2941176 0.2941176 0.2941176 0.2941176 0.2941176 0.2941176 0.2941176 0.2941176 0.2941176 0.2941176 0.2941176 0.2941176 0.2941176 0.2941176 0.2941176 0.2941176 0.2941176 0.2941176 0.2941176 0.2941176 0.2941176 0.2941176 0.2941176 0.2941176 0.2941176 0.2941176 0.2941176 0.2941176 0.2941176 0.2941176 0.2941176 0.2941176 0.2941176 0.2941176 0.2941176 0.2941176 0.2941176 0.2941176 0.2941176 0.2941176 0.2941176 0.2941176 0.2941176 0.2941176 0.2941176 0.2941176 0.2941176 0.2941176 0.2941176 0.2941176 0.2941176 0.2941176 0.2941176 0.2941176 0.2941176 0.2941176 0.2941176 0.2941176 0.2941176 0.2941176 0.2941176 0.2941176 0.2941176 0.2941176 0.2941176 0.2941176 0.2941176 0.2941176 0.2941176 0.2941176 0.2941176 0.2941176 0.2941176 0.2941176 0.2941176 0.2941176 0.2941176 0.2941176 0.2941176 0.2941176 0.2941176 0.2941176 0.2941176 0.2941176 0.2941176 0.2941176 0.2941176 0.2941176 0.2941176 0.2941176 0.2941176 0.2941176 0.2941176 0.2941176 0.2941176 0.2941176 0.2941176 0.2941176 0.2941176 0.2941176 0.2941176 0.2941176 0.2941176 0.2941176 0.2941176 0.2941176 0.2941176 0.2941176 0.2941176 0.2941176 0.2941176 0.2941176 0.2941176 0.2941176 0.2941176 0.2941176 0.2941176 0.2941176 0.2941176 0.2941176 0.2941176 0.2941176 0.2941176 0.2941176 0.2941176 0.2941176 0.2941176 0.2941176 0.2941176 0.2941176 0.2941176 0.2941176 0.2941176 0.2941176 0.2941176 0.2941176 0.2941176 0.2941176 0.2941176 0.2941176 0.2941176 0.2941176 0.2941176 0.2941176 0.2941176 0.2941176 0.2941176 0.2941176 0.2941176 0.2941176 0.2941176 0.2941176 0.2941176 0.2941176 0.2941176 0.2941176 0.2941176 0.2941176 0.2941176 0.2941176 0.2941176 0.2941176 0.2941176 0.2941176 0.2941176 0.2941176 0.2941176 0.2941176 0.2941176 0.2941176 0.2941176 0.2941176 0.2941176 0.2941176 0.2941176 0.2941176 0.2941176 0.2941176 0.2941176 0.2941176 0.2941176 0.2941176 0.2941176 0.2941176 0.2941176 0.2941176 0.2941176 0.2941176 0.2941176 0.2941176 0.2941176 0.2941176 0.2941176 0.2941176 0.2941176 0.2941176 0.2941176 0.2941176 0.2941176 0.2941176 0.2941176 0.2941176 0.2941176 0.2941176 0.2941176 0.2941176 0.2941176 0.2941176 0.2941176 0.2941176 0.2941176 0.2941176 0.2941176 0.2941176 0.2941176 0.2941176 0.2941176 0.2941176 0.2941176 0.2941176 0.2941176 0.2941176 0.2941176 0.2941176 0.2941176 0.2941176 0.2941176 0.2941176 0.2941176 0.2941176 0.2941176 0.2941176 0.2941176 0.2941176 0.2941176 0.2941176 0.2941176 0.2941176 0.2941176 0.2941176 0.2941176 0.2941176 0.2941176 0.2941176 0.2941176 0.2941176 0.2941176 0.2941176 0.2941176 0.2941176 0.2941176 0.2941176 0.2941176 0.2941176 0.2941176 0.2941176 0.2941176 0.2941176 0.2941176 0.2941176 0.2941176 0.2941176 0.2941176 0.2941176 0.2941176 0.2941176 0.2941176 0.2941176 0.2941176 0.2941176 0.2941176 0.2941176 0.2941176 0.2941176 0.2941176 0.2941176 0.2941176 0.2941176 0.2941176 0.2941176 0.2941176 0.2941176 0.2941176 0.2941176 0.2941176 0.2941176 0.2941176 0.2941176 0.2941176 0.2941176 0.2941176 0.2941176 0.2941176 0.2941176 0.2941176 0.2941176 0.2941176 0.2941176 0.2941176 0.2941176 0.2941176 0.2941176 0.2941176 0.2941176 0.2941176 0.2941176 0.2941176 0.2941176 0.2941176 0.2941176 0.2941176 0.2941176 0.2941176 0.2941176 0.2941176 0.2941176 0.2941176 0.2941176 0.2941176 0.2941176 0.2941176 0.2941176 0.2941176 0.2941176 0.2941176 0.2941176 0.2941176 0.2941176 0.2941176 0.2941176 0.2941176 0.2941176 0.2941176 0.2941176 0.2941176 0.2941176 0.2941176 0.2941176 0.2941176 0.2941176 0.2941176 0.2941176 0.2941176 0.2941176 0.2941176 0.2941176 0.2941176 0.2941176 0.2941176 0.2941176 0.2941176 0.2941176 0.2941176 0.2941176 0.2941176 0.2941176 0.2941176 0.2941176 0.2941176 0.2941176 0.2941176 0.2941176 0.2941176 0.2941176 0.2941176 0.2941176 0.2941176 0.2941176 0.2941176 0.2941176 0.2941176 0.2941176 0.2941176 0.2941176 0.2941176 0.2941176 0.2941176 0.2941176 0.2941176 0.2941176 0.2941176 0.2941176 0.2941176 0.2941176 0.2941176 0.2941176 0.2941176 0.2941176 0.2941176 0.2941176 0.2941176 0.2941176 0.2941176 0.2941176 0.2941176 0.2941176 0.2941176 0.2941176 0.2941176 0.2941176 0.2941176 0.2941176 0.2941176 0.2941176 0.2941176 0.2941176 0.2941176 0.2941176 0.2941176 0.2941176 0.2941176 0.2941176 0.2941176 0.2941176 0.2941176 0.2941176 0.2941176 0.2941176 0.2941176 0.2941176 0.2941176 0.2941176 0.2941176 0.2941176 0.2941176 0.2941176 0.2941176 0.2941176 0.2941176 0.2941176 0.2941176 0.2941176 0.2941176 0.2941176 0.2941176 0.2941176 0.2941176 0.2941176 0.2941176 0.2941176 0.2941176 0.2941176 0.2941176 0.2941176 0.2941176 0.2941176</float_array>
          <technique_common>
            <accessor count="705" source="#colors-array-array" stride="3">
              <param type="float" name="R"/>
              <param type="float" name="G"/>
              <param type="float" name="B"/>
            </accessor>
          </technique_common>
        </source>
        <vertices id="verts-array-vertices">
          <input semantic="POSITION" source="#verts-array"/>
        </vertices>
        <triangles count="1102" material="material0">
          <input offset="0" semantic="VERTEX" source="#verts-array-vertices"/>
          <input offset="1" semantic="NORMAL" source="#normals-array"/>
          <input offset="2" semantic="COLOR" source="#colors-array"/>
          <p>0 0 0 1 1 1 2 2 2 3 3 3 4 4 4 5 5 5 6 6 6 7 7 7 8 8 8 9 9 9 10 10 10 11 11 11 2 2 2 6 6 6 0 0 0 8 8 8 0 0 0 6 6 6 0 0 0 8 8 8 11 11 11 3 3 3 11 11 11 8 8 8 11 11 11 3 3 3 9 9 9 5 5 5 9 9 9 3 3 3 12 12 12 13 13 13 14 14 14 15 15 15 16 16 16 17 17 17 18 18 18 19 19 19 17 17 17 12 12 12 17 17 17 19 19 19 17 17 17 12 12 12 15 15 15 14 14 14 15 15 15 12 12 12 20 20 20 21 21 21 22 22 22 23 23 23 24 24 24 25 25 25 26 26 26 25 25 25 24 24 24 26 26 26 27 27 27 28 28 28 28 28 28 29 29 29 26 26 26 26 26 26 29 29 29 25 25 25 30 30 30 25 25 25 29 29 29 31 31 31 32 32 32 33 33 33 20 20 20 33 33 33 32 32 32 33 33 33 20 20 20 34 34 34 22 22 22 34 34 34 20 20 20 35 35 35 34 34 34 22 22 22 34 34 34 35 35 35 36 36 36 37 37 37 36 36 36 35 35 35 38 38 38 36 36 36 37 37 37 36 36 36 38 38 38 39 39 39 40 40 40 39 39 39 38 38 38 41 41 41 39 39 39 40 40 40 39 39 39 41 41 41 29 29 29 42 42 42 29 29 29 41 41 41 29 29 29 42 42 42 30 30 30 43 43 43 44 44 44 45 45 45 45 45 45 46 46 46 43 43 43 33 33 33 43 43 43 46 46 46 34 34 34 43 43 43 33 33 33 28 28 28 47 47 47 48 48 48 44 44 44 49 49 49 45 45 45 45 45 45 49 49 49 50 50 50 51 51 51 50 50 50 49 49 49 50 50 50 51 51 51 52 52 52 52 52 52 51 51 51 53 53 53 54 54 54 53 53 53 51 51 51 53 53 53 54 54 54 55 55 55 55 55 55 54 54 54 56 56 56 57 57 57 56 56 56 54 54 54 56 56 56 57 57 57 28 28 28 47 47 47 28 28 28 57 57 57 28 28 28 48 48 48 29 29 29 58 58 58 59 59 59 60 60 60 61 61 61 60 60 60 59 59 59 62 62 62 60 60 60 63 63 63 61 61 61 63 63 63 60 60 60 63 63 63 61 61 61 64 64 64 65 65 65 64 64 64 61 61 61 66 66 66 67 67 67 68 68 68 69 69 69 70 70 70 71 71 71 72 72 72 71 71 71 70 70 70 73 73 73 74 74 74 75 75 75 76 76 76 71 71 71 77 77 77 72 72 72 77 77 77 71 71 71 77 77 77 72 72 72 75 75 75 66 66 66 75 75 75 72 72 72 75 75 75 66 66 66 73 73 73 68 68 68 73 73 73 66 66 66 78 78 78 79 79 79 80 80 80 81 81 81 80 80 80 79 79 79 80 80 80 81 81 81 82 82 82 81 81 81 83 83 83 82 82 82 84 84 84 82 82 82 83 83 83 82 82 82 84 84 84 85 85 85 85 85 85 86 86 86 87 87 87 88 88 88 87 87 87 86 86 86 89 89 89 90 90 90 91 91 91 85 85 85 92 92 92 86 86 86 92 92 92 85 85 85 93 93 93 84 84 84 93 93 93 85 85 85 94 94 94 95 95 95 86 86 86 96 96 96 86 86 86 95 95 95 86 86 86 96 96 96 88 88 88 97 97 97 98 98 98 99 99 99 100 100 100 99 99 99 98 98 98 99 99 99 100 100 100 101 101 101 92 92 92 102 102 102 86 86 86 103 103 103 86 86 86 102 102 102 86 86 86 103 103 103 104 104 104 105 105 105 106 106 106 107 107 107 90 90 90 108 108 108 91 91 91 91 91 91 108 108 108 109 109 109 110 110 110 111 111 111 112 112 112 113 113 113 112 112 112 111 111 111 112 112 112 113 113 113 114 114 114 115 115 115 114 114 114 113 113 113 114 114 114 115 115 115 116 116 116 117 117 117 116 116 116 115 115 115 116 116 116 117 117 117 118 118 118 119 119 119 118 118 118 117 117 117 118 118 118 119 119 119 120 120 120 106 106 106 105 105 105 100 100 100 121 121 121 100 100 100 105 105 105 97 97 97 89 89 89 98 98 98 91 91 91 98 98 98 89 89 89 98 98 98 91 91 91 122 122 122 79 79 79 122 122 122 91 91 91 122 122 122 79 79 79 123 123 123 78 78 78 123 123 123 79 79 79 107 107 107 124 124 124 105 105 105 125 125 125 105 105 105 124 124 124 105 105 105 125 125 125 126 126 126 127 127 127 126 126 126 125 125 125 126 126 126 127 127 127 128 128 128 129 129 129 128 128 128 127 127 127 86 86 86 130 130 130 94 94 94 131 131 131 94 94 94 130 130 130 94 94 94 131 131 131 132 132 132 133 133 133 132 132 132 131 131 131 132 132 132 133 133 133 134 134 134 135 135 135 134 134 134 133 133 133 134 134 134 135 135 135 136 136 136 137 137 137 136 136 136 135 135 135 136 136 136 137 137 137 138 138 138 139 139 139 138 138 138 137 137 137 138 138 138 139 139 139 110 110 110 140 140 140 110 110 110 139 139 139 110 110 110 140 140 140 111 111 111 86 86 86 104 104 104 141 141 141 121 121 121 101 101 101 100 100 100 119 119 119 142 142 142 120 120 120 143 143 143 120 120 120 142 142 142 120 120 120 143 143 143 144 144 144 145 145 145 144 144 144 143 143 143 144 144 144 145 145 145 146 146 146 147 147 147 146 146 146 145 145 145 146 146 146 147 147 147 148 148 148 149 149 149 148 148 148 147 147 147 148 148 148 149 149 149 150 150 150 151 151 151 150 150 150 149 149 149 150 150 150 151 151 151 129 129 129 152 152 152 129 129 129 151 151 151 129 129 129 152 152 152 128 128 128 153 153 153 154 154 154 155 155 155 156 156 156 155 155 155 154 154 154 155 155 155 156 156 156 157 157 157 158 158 158 157 157 157 156 156 156 157 157 157 158 158 158 159 159 159 160 160 160 161 161 161 162 162 162 161 161 161 160 160 160 153 153 153 158 158 158 163 163 163 159 159 159 164 164 164 159 159 159 163 163 163 159 159 159 164 164 164 165 165 165 166 166 166 165 165 165 164 164 164 167 167 167 168 168 168 169 169 169 170 170 170 169 169 169 171 171 171 172 172 172 171 171 171 169 169 169 171 171 171 172 172 172 173 173 173 174 174 174 173 173 173 172 172 172 173 173 173 174 174 174 175 175 175 176 176 176 175 175 175 174 174 174 175 175 175 176 176 176 177 177 177 178 178 178 177 177 177 176 176 176 177 177 177 178 178 178 179 179 179 180 180 180 179 179 179 178 178 178 179 179 179 180 180 180 181 181 181 182 182 182 181 181 181 180 180 180 181 181 181 182 182 182 183 183 183 184 184 184 183 183 183 182 182 182 183 183 183 184 184 184 185 185 185 165 165 165 185 185 185 184 184 184 185 185 185 165 165 165 186 186 186 166 166 166 186 186 186 165 165 165 170 170 170 187 187 187 169 169 169 188 188 188 169 169 169 187 187 187 169 169 169 188 188 188 167 167 167 189 189 189 167 167 167 188 188 188 167 167 167 189 189 189 161 161 161 190 190 190 161 161 161 189 189 189 161 161 161 190 190 190 162 162 162 191 191 191 192 192 192 169 169 169 193 193 193 194 194 194 191 191 191 195 195 195 191 191 191 194 194 194 195 195 195 196 196 196 191 191 191 197 197 197 191 191 191 196 196 196 193 193 193 191 191 191 198 198 198 199 199 199 198 198 198 191 191 191 200 200 200 201 201 201 191 191 191 191 191 191 201 201 201 202 202 202 199 199 199 191 191 191 202 202 202 203 203 203 204 204 204 205 205 205 206 206 206 203 203 203 205 205 205 207 207 207 191 191 191 208 208 208 209 209 209 210 210 210 200 200 200 200 200 200 210 210 210 211 211 211 212 212 212 211 211 211 210 210 210 211 211 211 212 212 212 213 213 213 214 214 214 213 213 213 212 212 212 214 214 214 215 215 215 213 213 213 213 213 213 215 215 215 203 203 203 204 204 204 203 203 203 215 215 215 216 216 216 191 191 191 207 207 207 217 217 217 191 191 191 216 216 216 191 191 191 217 217 217 200 200 200 200 200 200 217 217 217 209 209 209 218 218 218 219 219 219 220 220 220 221 221 221 220 220 220 219 219 219 222 222 222 218 218 218 223 223 223 224 224 224 225 225 225 203 203 203 221 221 221 226 226 226 220 220 220 220 220 220 226 226 226 203 203 203 224 224 224 203 203 203 226 226 226 225 225 225 227 227 227 203 203 203 203 203 203 227 227 227 213 213 213 228 228 228 213 213 213 227 227 227 228 228 228 229 229 229 213 213 213 230 230 230 213 213 213 229 229 229 213 213 213 230 230 230 231 231 231 232 232 232 231 231 231 230 230 230 231 231 231 232 232 232 223 223 223 222 222 222 223 223 223 232 232 232 220 220 220 223 223 223 218 218 218 223 223 223 220 220 220 233 233 233 234 234 234 233 233 233 220 220 220 235 235 235 236 236 236 237 237 237 236 236 236 235 235 235 220 220 220 220 220 220 235 235 235 234 234 234 238 238 238 236 236 236 239 239 239 240 240 240 241 241 241 242 242 242 243 243 243 244 244 244 245 245 245 243 243 243 246 246 246 244 244 244 247 247 247 244 244 244 246 246 246 244 244 244 247 247 247 242 242 242 242 242 242 247 247 247 248 248 248 249 249 249 250 250 250 244 244 244 251 251 251 244 244 244 250 250 250 244 244 244 251 251 251 245 245 245 245 245 245 251 251 251 252 252 252 253 253 253 254 254 254 255 255 255 255 255 255 254 254 254 256 256 256 252 252 252 257 257 257 245 245 245 245 245 245 257 257 257 258 258 258 259 259 259 258 258 258 257 257 257 258 258 258 259 259 259 260 260 260 261 261 261 260 260 260 259 259 259 261 261 261 262 262 262 260 260 260 260 260 260 262 262 262 255 255 255 253 253 253 255 255 255 262 262 262 263 263 263 255 255 255 256 256 256 255 255 255 263 263 263 244 244 244 244 244 244 263 263 263 249 249 249 264 264 264 265 265 265 255 255 255 266 266 266 267 267 267 268 268 268 268 268 268 267 267 267 269 269 269 270 270 270 271 271 271 272 272 272 264 264 264 271 271 271 270 270 270 273 273 273 255 255 255 265 265 265 273 273 273 274 274 274 255 255 255 255 255 255 274 274 274 260 260 260 275 275 275 260 260 260 274 274 274 275 275 275 276 276 276 260 260 260 260 260 260 276 276 276 268 268 268 266 266 266 268 268 268 276 276 276 277 277 277 268 268 268 269 269 269 268 268 268 277 277 277 278 278 278 279 279 279 272 272 272 271 271 271 272 272 272 279 279 279 277 277 277 279 279 279 280 280 280 277 277 277 281 281 281 277 277 277 280 280 280 278 278 278 277 277 277 281 281 281 282 282 282 283 283 283 284 284 284 285 285 285 284 284 284 283 283 283 284 284 284 285 285 285 279 279 279 168 168 168 284 284 284 169 169 169 284 284 284 168 168 168 282 282 282 153 153 153 155 155 155 161 161 161 161 161 161 155 155 155 286 286 286 286 286 286 287 287 287 161 161 161 288 288 288 279 279 279 271 271 271 264 264 264 255 255 255 271 271 271 289 289 289 271 271 271 255 255 255 271 271 271 289 289 289 290 290 290 290 290 290 291 291 291 271 271 271 292 292 292 271 271 271 291 291 291 271 271 271 292 292 292 288 288 288 293 293 293 294 294 294 244 244 244 295 295 295 244 244 244 294 294 294 244 244 244 295 295 295 296 296 296 296 296 296 297 297 297 244 244 244 298 298 298 244 244 244 297 297 297 244 244 244 298 298 298 255 255 255 299 299 299 300 300 300 220 220 220 220 220 220 300 300 300 301 301 301 301 301 301 302 302 302 220 220 220 303 303 303 220 220 220 302 302 302 220 220 220 303 303 303 293 293 293 203 203 203 191 191 191 304 304 304 191 191 191 203 203 203 208 208 208 206 206 206 208 208 208 203 203 203 305 305 305 306 306 306 307 307 307 306 306 306 305 305 305 308 308 308 307 307 307 306 306 306 309 309 309 309 309 309 306 306 306 310 310 310 310 310 310 311 311 311 312 312 312 310 310 310 279 279 279 288 288 288 279 279 279 310 310 310 313 313 313 312 312 312 313 313 313 310 310 310 314 314 314 279 279 279 313 313 313 314 314 314 315 315 315 279 279 279 279 279 279 315 315 315 284 284 284 316 316 316 284 284 284 315 315 315 317 317 317 284 284 284 316 316 316 311 311 311 310 310 310 318 318 318 169 169 169 318 318 318 310 310 310 317 317 317 319 319 319 284 284 284 284 284 284 319 319 319 169 169 169 320 320 320 169 169 169 319 319 319 320 320 320 321 321 321 169 169 169 169 169 169 321 321 321 318 318 318 322 322 322 242 242 242 323 323 323 324 324 324 325 325 325 293 293 293 325 325 325 326 326 326 293 293 293 293 293 293 326 326 326 241 241 241 327 327 327 241 241 241 326 326 326 327 327 327 328 328 328 241 241 241 241 241 241 328 328 328 242 242 242 323 323 323 242 242 242 328 328 328 329 329 329 244 244 244 330 330 330 329 329 329 331 331 331 244 244 244 244 244 244 331 331 331 293 293 293 324 324 324 293 293 293 331 331 331 322 322 322 332 332 332 242 242 242 242 242 242 332 332 332 244 244 244 330 330 330 244 244 244 332 332 332 333 333 333 334 334 334 306 306 306 306 306 306 334 334 334 310 310 310 335 335 335 310 310 310 334 334 334 335 335 335 336 336 336 310 310 310 310 310 310 336 336 336 169 169 169 337 337 337 169 169 169 336 336 336 333 333 333 306 306 306 338 338 338 337 337 337 339 339 339 169 169 169 169 169 169 339 339 339 340 340 340 338 338 338 306 306 306 341 341 341 191 191 191 341 341 341 306 306 306 342 342 342 169 169 169 340 340 340 169 169 169 342 342 342 191 191 191 341 341 341 191 191 191 342 342 342 343 343 343 344 344 344 236 236 236 241 241 241 236 236 236 344 344 344 236 236 236 241 241 241 239 239 239 345 345 345 241 241 241 344 344 344 345 345 345 346 346 346 241 241 241 241 241 241 346 346 346 293 293 293 347 347 347 293 293 293 346 346 346 347 347 347 348 348 348 293 293 293 293 293 293 348 348 348 349 349 349 343 343 343 236 236 236 350 350 350 351 351 351 220 220 220 352 352 352 353 353 353 220 220 220 351 351 351 220 220 220 353 353 353 236 236 236 236 236 236 353 353 353 350 350 350 354 354 354 293 293 293 349 349 349 293 293 293 354 354 354 220 220 220 220 220 220 354 354 354 352 352 352 308 308 308 304 304 304 306 306 306 191 191 191 306 306 306 304 304 304 203 203 203 299 299 299 220 220 220 79 79 79 169 169 169 192 192 192 79 79 79 192 192 192 81 81 81 191 191 191 81 81 81 192 192 192 81 81 81 191 191 191 83 83 83 83 83 83 191 191 191 84 84 84 191 191 191 197 197 197 84 84 84 196 196 196 84 84 84 197 197 197 84 84 84 196 196 196 93 93 93 195 195 195 93 93 93 196 196 196 93 93 93 195 195 195 92 92 92 194 194 194 92 92 92 195 195 195 92 92 92 194 194 194 102 102 102 193 193 193 102 102 102 194 194 194 102 102 102 193 193 193 103 103 103 198 198 198 103 103 103 193 193 193 103 103 103 198 198 198 104 104 104 30 30 30 42 42 42 172 172 172 91 91 91 172 172 172 79 79 79 169 169 169 79 79 79 172 172 172 91 91 91 14 14 14 172 172 172 13 13 13 172 172 172 14 14 14 172 172 172 13 13 13 30 30 30 73 73 73 30 30 30 13 13 13 30 30 30 73 73 73 68 68 68 15 15 15 109 109 109 16 16 16 355 355 355 16 16 16 109 109 109 161 161 161 28 28 28 167 167 167 27 27 27 167 167 167 28 28 28 355 355 355 167 167 167 16 16 16 27 27 27 16 16 16 167 167 167 16 16 16 27 27 27 71 71 71 69 69 69 71 71 71 27 27 27 356 356 356 105 105 105 357 357 357 268 268 268 357 357 357 105 105 105 86 86 86 200 200 200 211 211 211 86 86 86 211 211 211 130 130 130 213 213 213 130 130 130 211 211 211 130 130 130 213 213 213 131 131 131 231 231 231 131 131 131 213 213 213 131 131 131 231 231 231 133 133 133 223 223 223 133 133 133 231 231 231 133 133 133 223 223 223 135 135 135 135 135 135 223 223 223 137 137 137 223 223 223 233 233 233 137 137 137 234 234 234 137 137 137 233 233 233 137 137 137 234 234 234 139 139 139 235 235 235 139 139 139 234 234 234 139 139 139 235 235 235 140 140 140 140 140 140 235 235 235 111 111 111 235 235 235 237 237 237 111 111 111 236 236 236 111 111 111 237 237 237 111 111 111 236 236 236 113 113 113 238 238 238 113 113 113 236 236 236 113 113 113 238 238 238 115 115 115 239 239 239 115 115 115 238 238 238 115 115 115 239 239 239 117 117 117 241 241 241 117 117 117 239 239 239 117 117 117 241 241 241 119 119 119 240 240 240 119 119 119 241 241 241 119 119 119 240 240 240 142 142 142 242 242 242 142 142 142 240 240 240 142 142 142 242 242 242 143 143 143 248 248 248 143 143 143 242 242 242 143 143 143 248 248 248 145 145 145 247 247 247 145 145 145 248 248 248 145 145 145 247 247 247 147 147 147 246 246 246 147 147 147 247 247 247 147 147 147 246 246 246 149 149 149 243 243 243 149 149 149 246 246 246 149 149 149 243 243 243 151 151 151 245 245 245 151 151 151 243 243 243 151 151 151 245 245 245 152 152 152 152 152 152 245 245 245 128 128 128 268 268 268 105 105 105 260 260 260 126 126 126 260 260 260 105 105 105 128 128 128 260 260 260 126 126 126 260 260 260 128 128 128 258 258 258 245 245 245 258 258 258 128 128 128 201 201 201 200 200 200 358 358 358 86 86 86 358 358 358 200 200 200 184 184 184 22 22 22 21 21 21 58 58 58 359 359 359 59 59 59 165 165 165 59 59 59 359 359 359 9 9 9 5 5 5 21 21 21 59 59 59 21 21 21 5 5 5 21 21 21 59 59 59 184 184 184 165 165 165 184 184 184 59 59 59 46 46 46 45 45 45 157 157 157 360 360 360 60 60 60 159 159 159 62 62 62 159 159 159 60 60 60 159 159 159 62 62 62 157 157 157 157 157 157 62 62 62 46 46 46 6 6 6 46 46 46 62 62 62 46 46 46 6 6 6 2 2 2 99 99 99 101 101 101 281 281 281 281 281 281 280 280 280 99 99 99 99 99 99 280 280 280 97 97 97 280 280 280 279 279 279 97 97 97 97 97 97 279 279 279 89 89 89 285 285 285 89 89 89 279 279 279 89 89 89 285 285 285 90 90 90 285 285 285 283 283 283 90 90 90 90 90 90 283 283 283 108 108 108 283 283 283 282 282 282 108 108 108 168 168 168 108 108 108 282 282 282 108 108 108 168 168 168 361 361 361 361 361 361 168 168 168 355 355 355 167 167 167 355 355 355 168 168 168 198 198 198 362 362 362 104 104 104 104 104 104 362 362 362 363 363 363 364 364 364 363 363 363 362 362 362 363 363 363 364 364 364 365 365 365 364 364 364 202 202 202 365 365 365 201 201 201 365 365 365 202 202 202 365 365 365 201 201 201 358 358 358 356 356 356 357 357 357 366 366 366 356 356 356 366 366 366 367 367 367 281 281 281 367 367 367 366 366 366 367 367 367 281 281 281 101 101 101 50 50 50 157 157 157 45 45 45 157 157 157 50 50 50 155 155 155 52 52 52 155 155 155 50 50 50 155 155 155 52 52 52 286 286 286 53 53 53 286 286 286 52 52 52 286 286 286 53 53 53 287 287 287 55 55 55 287 287 287 53 53 53 287 287 287 55 55 55 368 368 368 56 56 56 368 368 368 55 55 55 368 368 368 56 56 56 369 369 369 28 28 28 369 369 369 56 56 56 369 369 369 28 28 28 161 161 161 172 172 172 42 42 42 41 41 41 172 172 172 41 41 41 174 174 174 40 40 40 174 174 174 41 41 41 174 174 174 40 40 40 176 176 176 38 38 38 176 176 176 40 40 40 176 176 176 38 38 38 178 178 178 37 37 37 178 178 178 38 38 38 178 178 178 37 37 37 180 180 180 35 35 35 180 180 180 37 37 37 180 180 180 35 35 35 182 182 182 22 22 22 182 182 182 35 35 35 182 182 182 22 22 22 184 184 184 370 370 370 371 371 371 372 372 372 373 373 373 372 372 372 371 371 371 372 372 372 373 373 373 374 374 374 160 160 160 374 374 374 373 373 373 374 374 374 160 160 160 375 375 375 162 162 162 375 375 375 160 160 160 375 375 375 162 162 162 376 376 376 190 190 190 376 376 376 162 162 162 376 376 376 190 190 190 377 377 377 189 189 189 377 377 377 190 190 190 377 377 377 189 189 189 378 378 378 188 188 188 378 378 378 189 189 189 378 378 378 188 188 188 379 379 379 187 187 187 379 379 379 188 188 188 379 379 379 187 187 187 380 380 380 170 170 170 380 380 380 187 187 187 380 380 380 170 170 170 381 381 381 171 171 171 381 381 381 170 170 170 381 381 381 171 171 171 382 382 382 173 173 173 382 382 382 171 171 171 382 382 382 173 173 173 383 383 383 175 175 175 383 383 383 173 173 173 383 383 383 175 175 175 384 384 384 177 177 177 384 384 384 175 175 175 384 384 384 177 177 177 385 385 385 179 179 179 385 385 385 177 177 177 385 385 385 179 179 179 386 386 386 181 181 181 386 386 386 179 179 179 386 386 386 181 181 181 387 387 387 183 183 183 387 387 387 181 181 181 387 387 387 183 183 183 388 388 388 185 185 185 388 388 388 183 183 183 388 388 388 185 185 185 389 389 389 186 186 186 389 389 389 185 185 185 389 389 389 186 186 186 390 390 390 166 166 166 390 390 390 186 186 186 390 390 390 166 166 166 391 391 391 164 164 164 391 391 391 166 166 166 391 391 391 164 164 164 392 392 392 163 163 163 392 392 392 164 164 164 392 392 392 163 163 163 393 393 393 158 158 158 393 393 393 163 163 163 393 393 393 158 158 158 394 394 394 156 156 156 394 394 394 158 158 158 394 394 394 156 156 156 395 395 395 154 154 154 395 395 395 156 156 156 395 395 395 154 154 154 370 370 370 371 371 371 370 370 370 154 154 154 377 377 377 396 396 396 376 376 376 396 396 396 377 377 377 397 397 397 378 378 378 397 397 397 377 377 377 379 379 379 397 397 397 378 378 378 397 397 397 379 379 379 398 398 398 380 380 380 398 398 398 379 379 379 381 381 381 398 398 398 380 380 380 398 398 398 381 381 381 399 399 399 382 382 382 399 399 399 381 381 381 399 399 399 382 382 382 400 400 400 383 383 383 400 400 400 382 382 382 384 384 384 400 400 400 383 383 383 400 400 400 384 384 384 401 401 401 385 385 385 401 401 401 384 384 384 386 386 386 401 401 401 385 385 385 401 401 401 386 386 386 402 402 402 387 387 387 402 402 402 386 386 386 388 388 388 402 402 402 387 387 387 402 402 402 388 388 388 403 403 403 389 389 389 403 403 403 388 388 388 390 390 390 403 403 403 389 389 389 403 403 403 390 390 390 404 404 404 391 391 391 404 404 404 390 390 390 392 392 392 404 404 404 391 391 391 404 404 404 392 392 392 405 405 405 393 393 393 405 405 405 392 392 392 405 405 405 393 393 393 406 406 406 394 394 394 406 406 406 393 393 393 395 395 395 406 406 406 394 394 394 406 406 406 395 395 395 407 407 407 370 370 370 407 407 407 395 395 395 407 407 407 370 370 370 408 408 408 372 372 372 408 408 408 370 370 370 374 374 374 408 408 408 372 372 372 408 408 408 374 374 374 409 409 409 375 375 375 409 409 409 374 374 374 409 409 409 375 375 375 396 396 396 376 376 376 396 396 396 375 375 375 410 410 410 411 411 411 412 412 412 413 413 413 412 412 412 411 411 411 412 412 412 413 413 413 414 414 414 414 414 414 413 413 413 415 415 415 396 396 396 415 415 415 413 413 413 415 415 415 396 396 396 416 416 416 397 397 397 416 416 416 396 396 396 416 416 416 397 397 397 417 417 417 398 398 398 417 417 417 397 397 397 417 417 417 398 398 398 418 418 418 419 419 419 418 418 418 398 398 398 418 418 418 419 419 419 420 420 420 421 421 421 420 420 420 419 419 419 420 420 420 421 421 421 422 422 422 423 423 423 422 422 422 421 421 421 422 422 422 423 423 423 424 424 424 425 425 425 424 424 424 423 423 423 424 424 424 425 425 425 426 426 426 427 427 427 426 426 426 425 425 425 426 426 426 427 427 427 428 428 428 404 404 404 428 428 428 427 427 427 428 428 428 404 404 404 429 429 429 405 405 405 429 429 429 404 404 404 429 429 429 405 405 405 51 51 51 406 406 406 51 51 51 405 405 405 51 51 51 406 406 406 410 410 410 411 411 411 410 410 410 406 406 406 430 430 430 431 431 431 305 305 305 305 305 305 431 431 431 308 308 308 432 432 432 308 308 308 431 431 431 433 433 433 308 308 308 432 432 432 308 308 308 433 433 433 304 304 304 304 304 304 433 433 433 203 203 203 434 434 434 203 203 203 433 433 433 203 203 203 434 434 434 299 299 299 435 435 435 299 299 299 434 434 434 436 436 436 299 299 299 435 435 435 299 299 299 436 436 436 300 300 300 300 300 300 436 436 436 301 301 301 437 437 437 301 301 301 436 436 436 301 301 301 437 437 437 302 302 302 437 437 437 438 438 438 302 302 302 302 302 302 438 438 438 303 303 303 439 439 439 303 303 303 438 438 438 303 303 303 439 439 439 293 293 293 440 440 440 293 293 293 439 439 439 293 293 293 440 440 440 294 294 294 440 440 440 441 441 441 294 294 294 442 442 442 294 294 294 441 441 441 294 294 294 442 442 442 295 295 295 295 295 295 442 442 442 296 296 296 443 443 443 296 296 296 442 442 442 296 296 296 443 443 443 297 297 297 444 444 444 297 297 297 443 443 443 297 297 297 444 444 444 298 298 298 445 445 445 298 298 298 444 444 444 298 298 298 445 445 445 255 255 255 446 446 446 255 255 255 445 445 445 255 255 255 446 446 446 289 289 289 447 447 447 289 289 289 446 446 446 289 289 289 447 447 447 290 290 290 448 448 448 290 290 290 447 447 447 290 290 290 448 448 448 291 291 291 449 449 449 291 291 291 448 448 448 291 291 291 449 449 449 292 292 292 450 450 450 292 292 292 449 449 449 451 451 451 292 292 292 450 450 450 305 305 305 307 307 307 430 430 430 430 430 430 307 307 307 452 452 452 309 309 309 452 452 452 307 307 307 452 452 452 309 309 309 453 453 453 310 310 310 453 453 453 309 309 309 453 453 453 310 310 310 451 451 451 288 288 288 451 451 451 310 310 310 451 451 451 288 288 288 292 292 292 454 454 454 455 455 455 456 456 456 455 455 455 454 454 454 457 457 457 455 455 455 458 458 458 459 459 459 453 453 453 460 460 460 461 461 461 453 453 453 462 462 462 455 455 455 458 458 458 455 455 455 462 462 462 463 463 463 456 456 456 459 459 459 455 455 455 459 459 459 456 456 456 464 464 464 456 456 456 463 463 463 456 456 456 464 464 464 465 465 465 464 464 464 466 466 466 465 465 465 465 465 465 466 466 466 467 467 467 468 468 468 467 467 467 466 466 466 462 462 462 453 453 453 461 461 461 469 469 469 467 467 467 468 468 468 469 469 469 470 470 470 467 467 467 467 467 467 470 470 470 453 453 453 460 460 460 453 453 453 470 470 470 471 471 471 467 467 467 472 472 472 467 467 467 471 471 471 465 465 465 473 473 473 474 474 474 475 475 475 476 476 476 467 467 467 446 446 446 477 477 477 467 467 467 476 476 476 478 478 478 479 479 479 472 472 472 472 472 472 479 479 479 480 480 480 481 481 481 480 480 480 479 479 479 482 482 482 446 446 446 483 483 483 477 477 477 484 484 484 467 467 467 467 467 467 484 484 484 472 472 472 478 478 478 472 472 472 484 484 484 482 482 482 485 485 485 446 446 446 446 446 446 485 485 485 476 476 476 486 486 486 475 475 475 474 474 474 481 481 481 473 473 473 480 480 480 475 475 475 480 480 480 473 473 473 487 487 487 480 480 480 475 475 475 488 488 488 475 475 475 489 489 489 490 490 490 475 475 475 446 446 446 486 486 486 446 446 446 475 475 475 446 446 446 486 486 486 483 483 483 490 490 490 491 491 491 475 475 475 475 475 475 491 491 491 492 492 492 475 475 475 492 492 492 489 489 489 493 493 493 489 489 489 492 492 492 494 494 494 495 495 495 496 496 496 490 490 490 446 446 446 497 497 497 498 498 498 494 494 494 496 496 496 498 498 498 499 499 499 446 446 446 446 446 446 499 499 499 497 497 497 500 500 500 489 489 489 493 493 493 489 489 489 500 500 500 501 501 501 501 501 501 500 500 500 502 502 502 495 495 495 501 501 501 502 502 502 501 501 501 495 495 495 494 494 494 503 503 503 504 504 504 501 501 501 505 505 505 506 506 506 507 507 507 507 507 507 506 506 506 440 440 440 508 508 508 440 440 440 506 506 506 509 509 509 505 505 505 507 507 507 505 505 505 509 509 509 510 510 510 508 508 508 511 511 511 440 440 440 440 440 440 511 511 511 512 512 512 513 513 513 440 440 440 512 512 512 440 440 440 513 513 513 501 501 501 514 514 514 501 501 501 513 513 513 503 503 503 515 515 515 516 516 516 514 514 514 517 517 517 501 501 501 501 501 501 517 517 517 503 503 503 515 515 515 503 503 503 517 517 517 515 515 515 518 518 518 516 516 516 516 516 516 518 518 518 509 509 509 510 510 510 509 509 509 518 518 518 519 519 519 440 440 440 520 520 520 521 521 521 522 522 522 523 523 523 519 519 519 524 524 524 440 440 440 440 440 440 524 524 524 507 507 507 525 525 525 507 507 507 524 524 524 526 526 526 527 527 527 528 528 528 522 522 522 529 529 529 523 523 523 530 530 530 507 507 507 525 525 525 507 507 507 530 530 530 531 531 531 531 531 531 530 530 530 532 532 532 530 530 530 533 533 533 532 532 532 532 532 532 533 533 533 528 528 528 526 526 526 528 528 528 533 533 533 527 527 527 529 529 529 528 528 528 522 522 522 528 528 528 529 529 529 534 534 534 535 535 535 522 522 522 536 536 536 522 522 522 535 535 535 537 537 537 538 538 538 434 434 434 434 434 434 538 538 538 539 539 539 540 540 540 434 434 434 539 539 539 434 434 434 540 540 540 522 522 522 537 537 537 434 434 434 541 541 541 542 542 542 541 541 541 434 434 434 543 543 543 522 522 522 540 540 540 544 544 544 545 545 545 542 542 542 541 541 541 542 542 542 545 545 545 546 546 546 547 547 547 534 534 534 534 534 534 547 547 547 548 548 548 547 547 547 549 549 549 548 548 548 548 548 548 549 549 549 544 544 544 545 545 545 544 544 544 549 549 549 543 543 543 550 550 550 522 522 522 550 550 550 534 534 534 522 522 522 534 534 534 550 550 550 546 546 546 551 551 551 552 552 552 553 553 553 554 554 554 555 555 555 556 556 556 557 557 557 558 558 558 559 559 559 552 552 552 560 560 560 553 553 553 553 553 553 560 560 560 557 557 557 558 558 558 557 557 557 560 560 560 559 559 559 561 561 561 555 555 555 555 555 555 561 561 561 556 556 556 562 562 562 434 434 434 563 563 563 552 552 552 551 551 551 564 564 564 542 542 542 564 564 564 551 551 551 564 564 564 542 542 542 565 565 565 562 562 562 566 566 566 434 434 434 434 434 434 566 566 566 542 542 542 565 565 565 542 542 542 566 566 566 555 555 555 557 557 557 559 559 559 567 567 567 557 557 557 555 555 555 568 568 568 569 569 569 453 453 453 570 570 570 571 571 571 455 455 455 455 455 455 571 571 571 453 453 453 568 568 568 453 453 453 571 571 571 572 572 572 573 573 573 574 574 574 573 573 573 572 572 572 455 455 455 455 455 455 572 572 572 570 570 570 575 575 575 576 576 576 577 577 577 577 577 577 576 576 576 578 578 578 574 574 574 573 573 573 579 579 579 555 555 555 579 579 579 573 573 573 580 580 580 453 453 453 569 569 569 577 577 577 578 578 578 555 555 555 579 579 579 555 555 555 578 578 578 431 431 431 577 577 577 432 432 432 577 577 577 431 431 431 430 430 430 430 430 430 452 452 452 577 577 577 453 453 453 577 577 577 452 452 452 577 577 577 453 453 453 575 575 575 580 580 580 575 575 575 453 453 453 432 432 432 577 577 577 433 433 433 555 555 555 433 433 433 577 577 577 433 433 433 555 555 555 434 434 434 554 554 554 434 434 434 555 555 555 434 434 434 554 554 554 563 563 563 522 522 522 435 435 435 434 434 434 437 437 437 522 522 522 438 438 438 522 522 522 437 437 437 436 436 436 438 438 438 522 522 522 439 439 439 439 439 439 522 522 522 440 440 440 521 521 521 440 440 440 522 522 522 440 440 440 521 521 521 520 520 520 494 494 494 441 441 441 501 501 501 501 501 501 441 441 441 440 440 440 498 498 498 446 446 446 494 494 494 445 445 445 494 494 494 446 446 446 494 494 494 445 445 445 444 444 444 444 444 444 443 443 443 494 494 494 442 442 442 494 494 494 443 443 443 494 494 494 442 442 442 441 441 441 449 449 449 448 448 448 467 467 467 447 447 447 467 467 467 448 448 448 467 467 467 447 447 447 446 446 446 453 453 453 451 451 451 467 467 467 450 450 450 467 467 467 451 451 451 467 467 467 450 450 450 449 449 449 436 436 436 435 435 435 522 522 522 536 536 536 528 528 528 522 522 522 573 573 573 85 85 85 555 555 555 85 85 85 573 573 573 82 82 82 555 555 555 85 85 85 567 567 567 87 87 87 567 567 567 85 85 85 567 567 567 87 87 87 557 557 557 88 88 88 557 557 557 87 87 87 96 96 96 557 557 557 88 88 88 557 557 557 96 96 96 553 553 553 553 553 553 96 96 96 551 551 551 95 95 95 551 551 551 96 96 96 551 551 551 95 95 95 542 542 542 94 94 94 542 542 542 95 95 95 132 132 132 542 542 542 94 94 94 542 542 542 132 132 132 544 544 544 544 544 544 132 132 132 548 548 548 134 134 134 548 548 548 132 132 132 548 548 548 134 134 134 534 534 534 136 136 136 534 534 534 134 134 134 138 138 138 534 534 534 136 136 136 534 534 534 138 138 138 535 535 535 535 535 535 138 138 138 536 536 536 110 110 110 536 536 536 138 138 138 536 536 536 110 110 110 528 528 528 112 112 112 528 528 528 110 110 110 114 114 114 528 528 528 112 112 112 528 528 528 114 114 114 532 532 532 532 532 532 114 114 114 531 531 531 116 116 116 531 531 531 114 114 114 531 531 531 116 116 116 507 507 507 118 118 118 507 507 507 116 116 116 507 507 507 118 118 118 509 509 509 120 120 120 509 509 509 118 118 118 509 509 509 120 120 120 516 516 516 144 144 144 516 516 516 120 120 120 146 146 146 516 516 516 144 144 144 516 516 516 146 146 146 503 503 503 503 503 503 146 146 146 504 504 504 148 148 148 504 504 504 146 146 146 504 504 504 148 148 148 501 501 501 150 150 150 501 501 501 148 148 148 129 129 129 489 489 489 150 150 150 501 501 501 150 150 150 489 489 489 125 125 125 475 475 475 127 127 127 488 488 488 127 127 127 475 475 475 127 127 127 488 488 488 129 129 129 489 489 489 129 129 129 488 488 488 107 107 107 480 480 480 124 124 124 487 487 487 124 124 124 480 480 480 124 124 124 487 487 487 125 125 125 475 475 475 125 125 125 487 487 487 106 106 106 472 472 472 107 107 107 480 480 480 107 107 107 472 472 472 98 98 98 465 465 465 100 100 100 471 471 471 100 100 100 465 465 465 100 100 100 471 471 471 106 106 106 472 472 472 106 106 106 471 471 471 122 122 122 456 456 456 98 98 98 465 465 465 98 98 98 456 456 456 82 82 82 573 573 573 80 80 80 455 455 455 80 80 80 573 573 573 80 80 80 455 455 455 78 78 78 457 457 457 78 78 78 455 455 455 78 78 78 457 457 457 123 123 123 454 454 454 123 123 123 457 457 457 123 123 123 454 454 454 122 122 122 456 456 456 122 122 122 454 454 454 581 581 581 582 582 582 324 324 324 512 512 512 324 324 324 582 582 582 583 583 583 324 324 324 512 512 512 324 324 324 583 583 583 584 584 584 584 584 584 583 583 583 585 585 585 586 586 586 585 585 585 583 583 583 585 585 585 586 586 586 587 587 587 506 506 506 587 587 587 586 586 586 588 588 588 587 587 587 506 506 506 587 587 587 588 588 588 328 328 328 328 328 328 588 588 588 589 589 589 590 590 590 589 589 589 588 588 588 589 589 589 590 590 590 591 591 591 592 592 592 591 591 591 590 590 590 593 593 593 591 591 591 592 592 592 591 591 591 593 593 593 594 594 594 517 517 517 594 594 594 593 593 593 594 594 594 517 517 517 595 595 595 596 596 596 595 595 595 517 517 517 595 595 595 596 596 596 597 597 597 597 597 597 596 596 596 581 581 581 582 582 582 581 581 581 596 596 596 598 598 598 599 599 599 600 600 600 499 499 499 600 600 600 599 599 599 600 600 600 499 499 499 256 256 256 256 256 256 499 499 499 601 601 601 498 498 498 601 601 601 499 499 499 601 601 601 498 498 498 602 602 602 496 496 496 602 602 602 498 498 498 602 602 602 496 496 496 250 250 250 603 603 603 250 250 250 496 496 496 250 250 250 603 603 603 604 604 604 605 605 605 604 604 604 603 603 603 604 604 604 605 605 605 606 606 606 502 502 502 606 606 606 605 605 605 607 607 607 606 606 606 502 502 502 606 606 606 607 607 607 257 257 257 257 257 257 607 607 607 608 608 608 609 609 609 608 608 608 607 607 607 608 608 608 609 609 609 610 610 610 611 611 611 610 610 610 609 609 609 491 491 491 610 610 610 611 611 611 610 610 610 491 491 491 598 598 598 599 599 599 598 598 598 491 491 491 484 484 484 612 612 612 478 478 478 612 612 612 484 484 484 613 613 613 614 614 614 613 613 613 484 484 484 613 613 613 614 614 614 615 615 615 615 615 615 614 614 614 616 616 616 617 617 617 616 616 616 614 614 614 616 616 616 617 617 617 265 265 265 485 485 485 265 265 265 617 617 617 482 482 482 265 265 265 485 485 485 265 265 265 482 482 482 618 618 618 483 483 483 618 618 618 482 482 482 618 618 618 483 483 483 619 619 619 486 486 486 619 619 619 483 483 483 619 619 619 486 486 486 620 620 620 621 621 621 620 620 620 486 486 486 620 620 620 621 621 621 622 622 622 622 622 622 621 621 621 623 623 623 624 624 624 623 623 623 621 621 621 623 623 623 624 624 624 267 267 267 481 481 481 267 267 267 624 624 624 479 479 479 267 267 267 481 481 481 267 267 267 479 479 479 625 625 625 478 478 478 625 625 625 479 479 479 625 625 625 478 478 478 612 612 612 319 319 319 626 626 626 320 320 320 627 627 627 320 320 320 626 626 626 320 320 320 627 627 627 628 628 628 458 458 458 628 628 628 627 627 627 628 628 628 458 458 458 629 629 629 630 630 630 629 629 629 458 458 458 629 629 629 630 630 630 631 631 631 632 632 632 631 631 631 630 630 630 631 631 631 632 632 632 633 633 633 460 460 460 633 633 633 632 632 632 633 633 633 460 460 460 634 634 634 470 470 470 634 634 634 460 460 460 634 634 634 470 470 470 635 635 635 469 469 469 635 635 635 470 470 470 635 635 635 469 469 469 315 315 315 468 468 468 315 315 315 469 469 469 636 636 636 315 315 315 468 468 468 315 315 315 636 636 636 637 637 637 637 637 637 636 636 636 317 317 317 638 638 638 317 317 317 636 636 636 317 317 317 638 638 638 319 319 319 626 626 626 319 319 319 638 638 638 639 639 639 640 640 640 641 641 641 642 642 642 641 641 641 640 640 640 641 641 641 642 642 642 643 643 643 644 644 644 643 643 643 642 642 642 643 643 643 644 644 644 645 645 645 646 646 646 645 645 645 644 644 644 645 645 645 646 646 646 338 338 338 647 647 647 338 338 338 646 646 646 338 338 338 647 647 647 333 333 333 576 576 576 333 333 333 647 647 647 333 333 333 576 576 576 334 334 334 575 575 575 334 334 334 576 576 576 334 334 334 575 575 575 648 648 648 580 580 580 648 648 648 575 575 575 649 649 649 648 648 648 580 580 580 648 648 648 649 649 649 336 336 336 336 336 336 649 649 649 650 650 650 651 651 651 650 650 650 649 649 649 650 650 650 651 651 651 652 652 652 571 571 571 652 652 652 651 651 651 652 652 652 571 571 571 653 653 653 654 654 654 653 653 653 571 571 571 653 653 653 654 654 654 639 639 639 640 640 640 639 639 639 654 654 654 655 655 655 656 656 656 657 657 657 656 656 656 655 655 655 658 658 658 560 560 560 658 658 658 655 655 655 658 658 658 560 560 560 659 659 659 659 659 659 560 560 560 660 660 660 661 661 661 660 660 660 560 560 560 660 660 660 661 661 661 662 662 662 663 663 663 662 662 662 661 661 661 664 664 664 662 662 662 663 663 663 662 662 662 664 664 664 665 665 665 666 666 666 665 665 665 664 664 664 665 665 665 666 666 666 204 204 204 667 667 667 204 204 204 666 666 666 204 204 204 667 667 667 205 205 205 563 563 563 205 205 205 667 667 667 205 205 205 563 563 563 206 206 206 206 206 206 563 563 563 668 668 668 669 669 669 668 668 668 563 563 563 668 668 668 669 669 669 670 670 670 671 671 671 670 670 670 669 669 669 672 672 672 670 670 670 671 671 671 670 670 670 672 672 672 673 673 673 657 657 657 673 673 673 672 672 672 673 673 673 657 657 657 656 656 656 674 674 674 675 675 675 228 228 228 545 545 545 228 228 228 675 675 675 228 228 228 545 545 545 676 676 676 677 677 677 676 676 676 545 545 545 676 676 676 677 677 677 678 678 678 546 546 546 678 678 678 677 677 677 678 678 678 546 546 546 679 679 679 679 679 679 546 546 546 680 680 680 681 681 681 680 680 680 546 546 546 680 680 680 681 681 681 682 682 682 683 683 683 682 682 682 681 681 681 684 684 684 682 682 682 683 683 683 682 682 682 684 684 684 685 685 685 685 685 685 684 684 684 686 686 686 687 687 687 686 686 686 684 684 684 686 686 686 687 687 687 224 224 224 539 539 539 224 224 224 687 687 687 688 688 688 224 224 224 539 539 539 224 224 224 688 688 688 674 674 674 675 675 675 674 674 674 688 688 688 689 689 689 690 690 690 691 691 691 692 692 692 691 691 691 690 690 690 691 691 691 692 692 692 351 351 351 351 351 351 692 692 692 693 693 693 694 694 694 693 693 693 692 692 692 693 693 693 694 694 694 695 695 695 527 527 527 695 695 695 694 694 694 696 696 696 695 695 695 527 527 527 695 695 695 696 696 696 343 343 343 343 343 343 696 696 696 697 697 697 698 698 698 697 697 697 696 696 696 697 697 697 698 698 698 699 699 699 700 700 700 699 699 699 698 698 698 525 525 525 699 699 699 700 700 700 699 699 699 525 525 525 346 346 346 346 346 346 525 525 525 701 701 701 702 702 702 701 701 701 525 525 525 701 701 701 702 702 702 703 703 703 704 704 704 703 703 703 702 702 702 520 520 520 703 703 703 704 704 704 703 703 703 520 520 520 349 349 349 349 349 349 520 520 520 689 689 689 690 690 690 689 689 689 520 520 520 335 335 335 334 334 334 648 648 648 648 648 648 336 336 336 335 335 335 317 317 317 316 316 316 315 315 315 315 315 315 637 637 637 317 317 317 161 161 161 287 287 287 368 368 368 368 368 368 369 369 369 161 161 161 355 355 355 109 109 109 108 108 108 108 108 108 361 361 361 355 355 355 15 15 15 14 14 14 91 91 91 91 91 91 109 109 109 15 15 15</p>
        </triangles>
      </mesh>
    </geometry>
    <geometry id="6b073f39244d40fb8d61d7ed66c6cc50" name="a47cff49b61b40e9a01098b576fe26cf">
      <mesh>
        <source id="verts-array">
          <float_array count="2133" id="verts-array-array">0.01 0.07180297 0.02249149 0.01 0.07130297 0.02249149 0.01 0.07130297 0.02474149 0.01 0.07330297 0.02099149 0.01 0.07380297 0.02099149 0.01 0.07380297 0.01874149 0.01 0.07380297 0.02474149 0.01 0.07380297 0.02249149 0.01 0.07330297 0.02249149 0.01 0.07130297 0.01874149 0.01 0.07130297 0.02099149 0.01 0.07180297 0.02099149 0.0135 0.07730297 0.01874149 0.0135 0.07470297 0.01874149 0.0135 0.07730297 0.02474149 0.0135 0.07470297 0.02099149 0.0135 0.07470297 0.02474149 0.0135 0.07470297 0.02249149 0.0135 0.07420297 0.02249149 0.0135 0.07420297 0.02099149 0.0135 0.07030297 0.02249149 0.0135 0.07030297 0.02099149 0.0135 0.06980297 0.02249149 0.0135 0.06980297 0.02099149 0.0135 0.06980297 0.02474149 0.0135 0.06944872 0.02474149 0.0135 0.06865655 0.0252861 0.0135 0.06380297 0.02249149 0.0135 0.06380297 0.02474149 0.0135 0.06415722 0.02474149 0.0135 0.06494939 0.0252861 0.0135 0.06584862 0.02562597 0.0135 0.06680297 0.02574149 0.0135 0.06775732 0.02562597 0.0135 0.06561221 0.02223472 0.0135 0.06552512 0.02157326 0.0135 0.06415722 0.01874149 0.0135 0.06380297 0.01874149 0.0135 0.06380297 0.02099149 0.0135 0.06615297 0.02286732 0.0135 0.06980297 0.01874149 0.0135 0.06944872 0.01874149 0.0135 0.06772221 0.02266072 0.0135 0.06713944 0.02299719 0.0135 0.06663474 0.02301934 0.0135 0.0678255 0.02095687 0.0135 0.06808082 0.02157326 0.0135 0.06330297 0.02099149 0.0135 0.06330297 0.02249149 0.0135 0.06578044 0.02095687 0.0135 0.06494939 0.01819688 0.0135 0.06630974 0.02055073 0.0135 0.06584862 0.01785701 0.0135 0.06680297 0.01774149 0.0135 0.06697121 0.02046364 0.0135 0.06775732 0.01785701 0.0135 0.06865655 0.01819688 0.0135 0.06745297 0.02061566 0.0135 0.05630297 0.02474149 0.0135 0.05890297 0.02474149 0.0135 0.05630297 0.01874149 0.0135 0.05890297 0.02249149 0.0135 0.05890297 0.01874149 0.0135 0.05890297 0.02099149 0.0135 0.05940297 0.02099149 0.0135 0.05940297 0.02249149 0.0195 0.06944872 0.02474149 0.0195 0.06865655 0.0252861 0.0195 0.06775732 0.02562597 0.0195 0.06680297 0.02574149 0.0195 0.06584862 0.02562597 0.0195 0.06494939 0.0252861 0.0195 0.06415722 0.02474149 0.0195 0.04759592 0.01293824 0.0155 0.04789677 0.01315795 0.0195 0.04789677 0.01315795 0.0155 0.04759592 0.01293824 0.0195 0.04723957 0.01282955 0.0155 0.04723957 0.01282955 0.0155 0.02928237 0.01753136 0.0155 0.02828637 0.01638195 0.0155 0.02369487 0.01471791 0.0155 0.04736182 0.01285594 0.0155 0.04625917 0.01274378 0.0155 0.03281917 0.02458924 0.0155 0.03480297 0.02474149 0.0155 0.05240237 0.01766947 0.0155 0.05107187 0.01686259 0.0155 0.04988267 0.01585908 0.0155 0.04886357 0.01468324 0.0155 0.03777627 0.01916843 0.0155 0.03631697 0.01959692 0.0155 0.05384187 0.01826018 0.0155 0.05630297 0.02474149 0.0155 0.05630297 0.01874149 0.0155 0.04272157 0.01060299 0.0155 0.04279387 0.01212215 0.0155 0.04257747 0.01362756 0.0155 0.04208007 0.01506481 0.0155 0.03480297 0.01974149 0.0155 0.03328897 0.01959692 0.0155 0.03088187 0.02413606 0.0155 0.03182967 0.01916843 0.0155 0.02903647 0.02339255 0.0155 0.03047787 0.01847152 0.0155 0.02732607 0.02237614 0.0155 0.02579077 0.02111064 0.0155 0.03113717 0.004630786 0.0155 0.02866257 0.002018086 0.0155 0.02985767 0.005453086 0.0155 0.02720337 0.003110386 0.0155 0.02875697 0.006502586 0.0155 0.02593507 0.004419586 0.0155 0.02787477 0.007741486 0.0155 0.02488957 0.005912686 0.0155 0.02724297 0.009124986 0.0155 0.02409317 0.007552186 0.0155 0.02688437 0.01060299 0.0155 0.04770777 0.01299414 0.0155 0.04131957 0.01638195 0.0155 0.04032357 0.01753136 0.0155 0.03912807 0.01847152 0.0155 0.02752587 0.01506481 0.0155 0.02702847 0.01362756 0.0155 0.02336407 0.01292542 0.0155 0.02681207 0.01212215 0.0155 0.02332067 0.01110319 0.0155 0.02356577 0.009296986 0.0155 0.03846877 0.004630786 0.0155 0.03916167 0.001099486 0.0155 0.03705687 0.004065586 0.0155 0.03742547 0.000544486 0.0155 0.03556337 0.003777686 0.0155 0.03562337 0.000270786 0.0155 0.03404257 0.003777686 0.0155 0.03380067 0.000285286 0.0155 0.03254907 0.004065586 0.0155 0.03200317 0.000587486 0.0155 0.03027597 0.001169986 0.0155 0.02256997 0.01614085 0.0155 0.02338457 0.01795605 0.0155 0.02446667 0.01962568 0.0155 0.04627367 0.01092109 0.0155 0.04599997 0.009118986 0.0155 0.04236297 0.009124986 0.0155 0.04544497 0.007382786 0.0155 0.04173117 0.007741486 0.0155 0.04462257 0.005756086 0.0155 0.04084897 0.006502586 0.0155 0.04355357 0.004279786 0.0155 0.03974827 0.005453086 0.0155 0.04226467 0.002990886 0.0155 0.04078837 0.001921886 0.0155 0.02303327 0.01492396 0.0195 0.03280297 0.01520559 0.0195 0.03376767 0.01560519 0.0195 0.03053137 0.01570134 0.0195 0.04886357 0.01468324 0.0195 0.04988267 0.01585908 0.0195 0.04060507 0.01500352 0.0195 0.06979734 0.02093915 0.0195 0.06944872 0.01874149 0.0195 0.07430297 0.01874149 0.0195 0.06948765 0.02329149 0.0195 0.06979734 0.02254382 0.0195 0.07430297 0.02474149 0.0195 0.06990297 0.02174149 0.0195 0.068995 0.02393352 0.0195 0.06835297 0.02442617 0.0195 0.06760531 0.02473586 0.0195 0.06680297 0.02484149 0.0195 0.06600063 0.02473586 0.0195 0.06525297 0.02442617 0.0195 0.06461094 0.02393352 0.0195 0.06411829 0.02329149 0.0195 0.0638086 0.02254382 0.0195 0.0456437 0.02474149 0.0195 0.06370297 0.02174149 0.0195 0.06525297 0.01905681 0.0195 0.06494939 0.01819688 0.0195 0.0664018 0.0186943 0.0195 0.06415722 0.01874149 0.0195 0.06461094 0.01954946 0.0195 0.05690694 0.01874149 0.0195 0.06411829 0.02019149 0.0195 0.0638086 0.02093915 0.0195 0.05384187 0.01826018 0.0195 0.06948765 0.02019149 0.0195 0.068995 0.01954946 0.0195 0.06797914 0.01890196 0.0195 0.06584862 0.01785701 0.0195 0.06680297 0.01774149 0.0195 0.05240237 0.01766947 0.0195 0.05107187 0.01686259 0.0195 0.04015657 0.01499558 0.0195 0.03884076 0.01585723 0.0195 0.04625917 0.01274378 0.0195 0.04105337 0.0147447 0.0195 0.04126222 0.014417 0.0195 0.03955972 0.01464114 0.0195 0.03936332 0.014167 0.0195 0.04113282 0.01343404 0.0195 0.04084627 0.01317156 0.0195 0.04627367 0.01092109 0.0195 0.04736182 0.01285594 0.0195 0.04132922 0.01390818 0.0195 0.03943032 0.01365818 0.0195 0.03880297 0.01174149 0.0195 0.03974272 0.01325102 0.0195 0.04021687 0.01305463 0.0195 0.04021687 0.01042834 0.0195 0.04072567 0.01036134 0.0195 0.03974272 0.01023194 0.0195 0.03943032 0.009824786 0.0195 0.03936332 0.009315986 0.0195 0.03876282 0.007469886 0.0195 0.04113282 0.01004894 0.0195 0.04131217 0.009704186 0.0195 0.04599997 0.009118986 0.0195 0.04132922 0.009315986 0.0195 0.04544497 0.007382786 0.0195 0.04113282 0.008841836 0.0195 0.04003157 0.008520911 0.0195 0.03955972 0.008841836 0.0195 0.04084627 0.008579386 0.0195 0.04226467 0.002990886 0.0195 0.04355357 0.004279786 0.0195 0.04462257 0.005756086 0.0195 0.04078837 0.001921886 0.0195 0.03916167 0.001099486 0.0195 0.03742547 0.000544486 0.0195 0.03562337 0.000270786 0.0195 0.02866257 0.002018086 0.0195 0.03027597 0.001169986 0.0195 0.02720337 0.003110386 0.0195 0.03200317 0.000587486 0.0195 0.03380067 0.000285286 0.0195 0.02593507 0.004419586 0.0195 0.02409317 0.007552186 0.0195 0.02488957 0.005912686 0.0195 0.03053137 0.007469886 0.0195 0.02356577 0.009296986 0.0195 0.02538537 0.01174149 0.0195 0.02332067 0.01110319 0.0195 0.02289827 0.01503648 0.0195 0.02369487 0.01471791 0.0195 0.02338457 0.01795605 0.0195 0.02254772 0.01556103 0.0195 0.02336407 0.01292542 0.0195 0.02256997 0.01614085 0.0195 0.02579077 0.02111064 0.0195 0.03088187 0.02413606 0.0195 0.02903647 0.02339255 0.0195 0.02732607 0.02237614 0.0195 0.02446667 0.01962568 0.0195 0.03281917 0.02458924 0.0195 0.03480297 0.02474149 0.0195 0.03197457 0.01456992 0.0195 0.03080297 0.01174149 0.0195 0.03093927 0.01277677 0.0195 0.03133887 0.01374149 0.0195 0.03197457 0.008913086 0.0195 0.03133887 0.009741486 0.0195 0.03480297 0.007741486 0.0195 0.03376767 0.007877786 0.0195 0.03280297 0.008277386 0.0195 0.03866667 0.01070619 0.0195 0.03826707 0.009741486 0.0195 0.03763137 0.008913086 0.0195 0.03680297 0.008277386 0.0195 0.03583827 0.007877786 0.0195 0.03866667 0.01277677 0.0195 0.03763137 0.01456992 0.0195 0.03680297 0.01520559 0.0195 0.03826707 0.01374149 0.0195 0.03480297 0.01574149 0.0195 0.02827672 0.014167 0.0195 0.0285249 0.01468087 0.0195 0.02963907 0.01495357 0.0195 0.03004622 0.01464114 0.0195 0.02900087 0.01500352 0.0195 0.03017562 0.01365818 0.0195 0.03024262 0.014167 0.0195 0.02888027 0.01312161 0.0195 0.02855257 0.01333048 0.0195 0.02834372 0.01365818 0.0195 0.02986322 0.01325102 0.0195 0.02938907 0.01305463 0.0195 0.02938907 0.01042834 0.0195 0.02986322 0.01023194 0.0195 0.02834372 0.009065986 0.0195 0.02827672 0.009574786 0.0195 0.03017562 0.009824786 0.0195 0.02847312 0.01004894 0.0195 0.02888027 0.01036134 0.0195 0.03093927 0.01070619 0.0195 0.03024262 0.009315986 0.0195 0.03004622 0.008841836 0.0195 0.02963907 0.008529436 0.0195 0.02865612 0.008658836 0.0195 0.02913027 0.008462436 0.0195 0.03338309 0.01685358 0.0195 0.03288627 0.01636879 0.0195 0.03190332 0.01807133 0.0195 0.03158239 0.01759948 0.0195 0.03288627 0.01820074 0.0195 0.03237747 0.01826773 0.0195 0.03159092 0.01690536 0.0195 0.03190332 0.0164982 0.0195 0.03329342 0.01788832 0.0195 0.03237747 0.01630181 0.0195 0.03348982 0.01741418 0.0195 0.03190332 0.006984736 0.0195 0.03158239 0.006512886 0.0195 0.03288627 0.007114136 0.0195 0.03237747 0.007181136 0.0195 0.03329342 0.006801736 0.0195 0.03348982 0.006327586 0.0195 0.03331839 0.005654936 0.0195 0.03237747 0.005215236 0.0195 0.03190332 0.005411636 0.0195 0.03288627 0.005282236 0.0195 0.03164087 0.005698186 0.0195 0.03802355 0.01759948 0.0195 0.03746555 0.01816953 0.0195 0.03611612 0.01741418 0.0195 0.03631252 0.01788832 0.0195 0.03671967 0.01820074 0.0195 0.03801502 0.01690536 0.0195 0.03770262 0.0164982 0.0195 0.03655582 0.01647322 0.0195 0.03618312 0.01690536 0.0195 0.03722847 0.01630181 0.0195 0.03583827 0.01560519 0.0195 0.03722847 0.007181136 0.0195 0.03770262 0.006984736 0.0195 0.03801502 0.006577586 0.0195 0.03788562 0.005594636 0.0195 0.03747847 0.005282236 0.0195 0.03806497 0.005939386 0.0195 0.03611612 0.006327586 0.0195 0.03631252 0.006801736 0.0195 0.03671967 0.007114136 0.0195 0.03696967 0.005215236 0.0195 0.03649552 0.005411636 0.0195 0.03618312 0.005818786 0.0195 0.02254347 0.01602599 0.01 0.06230297 0.02474149 0.01 0.05980297 0.02474149 0.0155 0.05690694 0.01874149 0.01 0.05980297 0.01874149 0.01 0.06230297 0.01874149 0.0195 0.02314272 0.01488024 0.0155 0.05535567 0.01862043 0.0195 0.05535567 0.01862043 0.0195 0.02276327 0.01514899 0.0155 0.02276327 0.01514899 0.0155 0.02257637 0.01544668 0.0155 0.02251802 0.01579326 0.0195 0.06775732 0.01785701 0.0195 0.06865655 0.01819688 0.0135 0.06663474 0.02046364 0.0175 0.06680297 0.02044149 0.0135 0.0672962 0.02055073 0.0175 0.0672962 0.02055073 0.0135 0.06772221 0.02082225 0.0175 0.06772221 0.02082225 0.0135 0.06799373 0.02124825 0.0175 0.06799373 0.02124825 0.0135 0.06810297 0.02174149 0.0175 0.06808082 0.02190972 0.0135 0.06799373 0.02223472 0.0175 0.0678255 0.0225261 0.0135 0.06758759 0.02276402 0.0175 0.0672962 0.02293225 0.0135 0.06697121 0.02301934 0.0175 0.06663474 0.02301934 0.0135 0.06630974 0.02293225 0.0175 0.06601835 0.02276402 0.0135 0.06578044 0.0225261 0.0175 0.06561221 0.02223472 0.0135 0.06552512 0.02190972 0.0175 0.06550297 0.02174149 0.0135 0.06561221 0.02124825 0.0175 0.06561221 0.02124825 0.0135 0.06601835 0.02071895 0.0175 0.06588373 0.02082225 0.0175 0.06630974 0.02055073 0.0175 0.06600063 0.02473586 0.0175 0.06615297 0.02286732 0.0175 0.06525297 0.02442617 0.0175 0.06578044 0.0225261 0.0175 0.06461094 0.02393352 0.0175 0.06411829 0.02329149 0.0175 0.06552512 0.02190972 0.0175 0.0638086 0.02254382 0.0175 0.06370297 0.02174149 0.0175 0.0638086 0.02093915 0.0175 0.06411829 0.02019149 0.0175 0.06461094 0.01954946 0.0175 0.06525297 0.01905681 0.0175 0.06600063 0.01874712 0.0175 0.06680297 0.01864149 0.0175 0.06760531 0.01874712 0.0175 0.06835297 0.01905681 0.0175 0.068995 0.01954946 0.0175 0.06948765 0.02019149 0.0175 0.06979734 0.02093915 0.0175 0.06990297 0.02174149 0.0175 0.06979734 0.02254382 0.0175 0.06948765 0.02329149 0.0175 0.068995 0.02393352 0.0175 0.06835297 0.02442617 0.0175 0.06760531 0.02473586 0.0175 0.06680297 0.02484149 0.0195 0.06680297 0.01864149 0.0195 0.06760531 0.01874712 0.0195 0.06835297 0.01905681 0.0195 0.06600063 0.01874712 0.0175 0.03680297 0.01520559 0.0175 0.03763137 0.01456992 0.0175 0.03826707 0.01374149 0.0175 0.03866667 0.01277677 0.0175 0.03880297 0.01174149 0.0175 0.03866667 0.01070619 0.0175 0.03826707 0.009741486 0.0175 0.03763137 0.008913086 0.0175 0.03680297 0.008277386 0.0175 0.03583827 0.007877786 0.0175 0.03480297 0.007741486 0.0175 0.03376767 0.007877786 0.0175 0.03280297 0.008277386 0.0175 0.03197457 0.008913086 0.0175 0.03133887 0.009741486 0.0175 0.03093927 0.01070619 0.0175 0.03080297 0.01174149 0.0175 0.03093927 0.01277677 0.0175 0.03133887 0.01374149 0.0175 0.03197457 0.01456992 0.0175 0.03280297 0.01520559 0.0175 0.03376767 0.01560519 0.0175 0.03583827 0.01560519 0.0175 0.03480297 0.01574149 0.0175 0.03328897 0.01959692 0.0175 0.03631697 0.01959692 0.0175 0.03182967 0.01916843 0.0175 0.03480297 0.01974149 0.0175 0.03237747 0.01826773 0.0175 0.03177209 0.01792805 0.0175 0.03047787 0.01847152 0.0175 0.03152392 0.01741418 0.0175 0.03288627 0.01636879 0.0175 0.03237747 0.01630181 0.0175 0.03053137 0.01601313 0.0175 0.03190332 0.0164982 0.0175 0.03329342 0.01668121 0.0175 0.03159092 0.01690536 0.0175 0.03348982 0.01715536 0.0175 0.03342282 0.01766418 0.0175 0.03305012 0.01809631 0.0175 0.02928237 0.01753136 0.0175 0.02828637 0.01638195 0.0175 0.02938907 0.01305463 0.0175 0.02986322 0.01325102 0.0175 0.03017562 0.01365818 0.0175 0.03024262 0.014167 0.0175 0.02847312 0.01343404 0.0175 0.02702847 0.01362756 0.0175 0.02827672 0.01390818 0.0175 0.03004622 0.01464114 0.0175 0.02888027 0.01312161 0.0175 0.02913027 0.01502055 0.0175 0.02865612 0.01482416 0.0175 0.02752587 0.01506481 0.0175 0.02834372 0.014417 0.0175 0.02963907 0.01495357 0.0175 0.02688437 0.01060299 0.0175 0.02724297 0.009124986 0.0175 0.02681207 0.01212215 0.0175 0.02957437 0.008520911 0.0175 0.03004622 0.008841836 0.0175 0.03053137 0.008093386 0.0175 0.03024262 0.009315986 0.0175 0.02888027 0.01036134 0.0175 0.02844814 0.009988638 0.0175 0.02827672 0.009315986 0.0175 0.02847312 0.008841836 0.0175 0.02787477 0.007741486 0.0175 0.02888027 0.008529436 0.0175 0.03017562 0.009824786 0.0175 0.02986322 0.01023194 0.0175 0.02938907 0.01042834 0.0175 0.02875697 0.006502586 0.0175 0.02985767 0.005453086 0.0175 0.03113717 0.004630786 0.0175 0.03190332 0.005411636 0.0175 0.03254907 0.004065586 0.0175 0.03237747 0.005215236 0.0175 0.03158239 0.005883486 0.0175 0.03305012 0.005386661 0.0175 0.03404257 0.003777686 0.0175 0.03348982 0.006327586 0.0175 0.03329342 0.006801736 0.0175 0.03288627 0.007114136 0.0175 0.03190332 0.006984736 0.0175 0.03159092 0.006577586 0.0175 0.03342282 0.005818786 0.0175 0.03237747 0.007181136 0.0175 0.03770262 0.005411636 0.0175 0.03846877 0.004630786 0.0175 0.03722847 0.005215236 0.0175 0.03705687 0.004065586 0.0175 0.03801502 0.005818786 0.0175 0.03618312 0.005818786 0.0175 0.03655582 0.005386661 0.0175 0.03631252 0.006801736 0.0175 0.03671967 0.007114136 0.0175 0.04173117 0.007741486 0.0175 0.03802355 0.006512886 0.0175 0.03770262 0.006984736 0.0175 0.03722847 0.007181136 0.0175 0.03556337 0.003777686 0.0175 0.03611612 0.006327586 0.0175 0.03974827 0.005453086 0.0175 0.04084897 0.006502586 0.0175 0.03936332 0.009315986 0.0175 0.03943032 0.009824786 0.0175 0.03876282 0.008093386 0.0175 0.03955972 0.008841836 0.0175 0.04003157 0.008520911 0.0175 0.04021687 0.01042834 0.0175 0.03974272 0.01023194 0.0175 0.04072567 0.008529436 0.0175 0.04113282 0.008841836 0.0175 0.04236297 0.009124986 0.0175 0.04088952 0.01025692 0.0175 0.04279387 0.01212215 0.0175 0.04126222 0.009824786 0.0175 0.04272157 0.01060299 0.0175 0.04132922 0.009315986 0.0175 0.04072567 0.01312161 0.0175 0.04113282 0.01343404 0.0175 0.04257747 0.01362756 0.0175 0.04131957 0.01638195 0.0175 0.04208007 0.01506481 0.0175 0.04126222 0.014417 0.0175 0.04047567 0.01502055 0.0175 0.03996687 0.01495357 0.0175 0.03912807 0.01847152 0.0175 0.03955972 0.01464114 0.0175 0.03936332 0.014167 0.0175 0.04132922 0.01390818 0.0175 0.04094982 0.01482416 0.0175 0.03974272 0.01325102 0.0175 0.03943032 0.01365818 0.0175 0.04021687 0.01305463 0.0175 0.04032357 0.01753136 0.0175 0.03770262 0.0164982 0.0175 0.03845107 0.01601313 0.0175 0.03722847 0.01630181 0.0175 0.03611612 0.01715536 0.0175 0.03631252 0.01668121 0.0175 0.03802355 0.01697006 0.0175 0.03671967 0.01636879 0.0175 0.03649552 0.01807133 0.0175 0.03618312 0.01766418 0.0175 0.03791059 0.01782803 0.0175 0.03747847 0.01820074 0.0175 0.03777627 0.01916843 0.0175 0.03696967 0.01826773 0.0195 0.03709907 0.007198186 0.0175 0.03709907 0.007198186 0.0195 0.03747847 0.007114136 0.0175 0.03747847 0.007114136 0.0175 0.03801502 0.006577586 0.0195 0.03801502 0.005818786 0.0175 0.03747847 0.005282236 0.0195 0.03709907 0.005198186 0.0175 0.03709907 0.005198186 0.0195 0.03671967 0.005282236 0.0175 0.03671967 0.005282236 0.0195 0.03609907 0.006198186 0.0175 0.03609907 0.006198186 0.0195 0.03618312 0.006577586 0.0175 0.03618312 0.006577586 0.0195 0.04034627 0.01044539 0.0175 0.04034627 0.01044539 0.0175 0.04072567 0.01036134 0.0195 0.04126222 0.009824786 0.0195 0.04134627 0.009445386 0.0175 0.04134627 0.009445386 0.0195 0.04126222 0.009065986 0.0175 0.04126222 0.009065986 0.0195 0.04072567 0.008529436 0.0195 0.04034627 0.008445386 0.0175 0.04034627 0.008445386 0.0195 0.03996687 0.008529436 0.0175 0.03996687 0.008529436 0.0175 0.03943032 0.009065986 0.0175 0.03934627 0.009445386 0.0175 0.03996687 0.01036134 0.0195 0.03996687 0.01036134 0.0175 0.04072567 0.01495357 0.0195 0.04047567 0.01502055 0.0175 0.04021687 0.01502055 0.0195 0.04094982 0.01482416 0.0195 0.04134627 0.01403759 0.0175 0.04134627 0.01403759 0.0195 0.04126222 0.01365818 0.0175 0.04126222 0.01365818 0.0175 0.04094982 0.01325102 0.0195 0.04072567 0.01312161 0.0175 0.04047567 0.01305463 0.0175 0.03996687 0.01312161 0.0195 0.03934627 0.01403759 0.0175 0.03934627 0.01403759 0.0195 0.03943032 0.014417 0.0175 0.03943032 0.014417 0.0175 0.03974272 0.01482416 0.0195 0.03996687 0.01495357 0.0195 0.03696967 0.01826773 0.0175 0.03722847 0.01826773 0.0195 0.03747847 0.01820074 0.0175 0.03770262 0.01807133 0.0195 0.03801502 0.01766418 0.0175 0.03801502 0.01766418 0.0195 0.03809907 0.01728477 0.0175 0.03809907 0.01728477 0.0175 0.03801502 0.01690536 0.0175 0.03747847 0.01636879 0.0175 0.03696967 0.01630181 0.0195 0.03671967 0.01636879 0.0175 0.03649552 0.0164982 0.0175 0.03618312 0.01690536 0.0195 0.03609907 0.01728477 0.0175 0.03609907 0.01728477 0.0195 0.03618312 0.01766418 0.0195 0.03649552 0.01807133 0.0175 0.03671967 0.01820074 0.0175 0.03263627 0.01826773 0.0175 0.03311042 0.01807133 0.0195 0.03342282 0.01766418 0.0195 0.03350687 0.01728477 0.0175 0.03350687 0.01728477 0.0195 0.03342282 0.01690536 0.0175 0.03342282 0.01690536 0.0195 0.03150687 0.01728477 0.0175 0.03150687 0.01728477 0.0195 0.03159092 0.01766418 0.0175 0.03159092 0.01766418 0.0175 0.03212747 0.01820074 0.0195 0.02938907 0.01502055 0.0195 0.02986322 0.01482416 0.0175 0.03017562 0.014417 0.0195 0.03017562 0.014417 0.0195 0.03025967 0.01403759 0.0175 0.03025967 0.01403759 0.0195 0.02963907 0.01312161 0.0195 0.02913027 0.01305463 0.0195 0.02865612 0.01325102 0.0175 0.02834372 0.01365818 0.0195 0.02825967 0.01403759 0.0175 0.02825967 0.01403759 0.0195 0.02834372 0.014417 0.0195 0.02888027 0.01495357 0.0195 0.02925967 0.01044539 0.0175 0.02925967 0.01044539 0.0195 0.02963907 0.01036134 0.0175 0.02963907 0.01036134 0.0195 0.03025967 0.009445386 0.0175 0.03025967 0.009445386 0.0195 0.03017562 0.009065986 0.0175 0.03017562 0.009065986 0.0175 0.02963907 0.008529436 0.0195 0.02925967 0.008445386 0.0175 0.02925967 0.008445386 0.0195 0.02888027 0.008529436 0.0175 0.02834372 0.009065986 0.0195 0.02825967 0.009445386 0.0175 0.02825967 0.009445386 0.0195 0.02834372 0.009824786 0.0175 0.02834372 0.009824786 0.0195 0.03250687 0.007198186 0.0175 0.03250687 0.007198186 0.0175 0.03342282 0.006577586 0.0195 0.03342282 0.006577586 0.0195 0.03350687 0.006198186 0.0175 0.03350687 0.006198186 0.0195 0.03342282 0.005818786 0.0175 0.03288627 0.005282236 0.0195 0.03250687 0.005198186 0.0175 0.03250687 0.005198186 0.0195 0.03212747 0.005282236 0.0175 0.03212747 0.005282236 0.0175 0.03159092 0.005818786 0.0195 0.03159092 0.005818786 0.0195 0.03150687 0.006198186 0.0175 0.03150687 0.006198186 0.0195 0.03159092 0.006577586 0.0175 0.03212747 0.007114136 0.0195 0.03212747 0.007114136 0.0165 0.07730297 0.02474149 0.0165 0.07730297 0.01874149 0.01 0.05980297 0.02099149 0.01 0.06030297 0.02099149 0.01 0.06230297 0.02249149 0.01 0.06180297 0.02249149 0.01 0.05980297 0.02249149 0.01 0.06030297 0.02249149 0.01 0.06180297 0.02099149 0.01 0.06230297 0.02099149</float_array>
          <technique_common>
            <accessor count="711" source="#verts-array-array" stride="3">
              <param type="float" name="X"/>
              <param type="float" name="Y"/>
              <param type="float" name="Z"/>
            </accessor>
          </technique_common>
        </source>
        <source id="normals-array">
          <float_array count="2133" id="normals-array-array">-1 0 0 -1 0 0 -0.6223357 0 0.7827505 -1 0 0 -1 0 0 -0.6528651 0 -0.7574742 -0.6528651 0 0.7574742 -1 0 0 -1 0 0 -0.6223357 0 -0.7827505 -1 0 0 -1 0 0 -0.7071068 0 -0.7071068 -0.3321491 0 -0.9432269 -0.7071068 0 0.7071068 -1 0 0 -0.3321491 0 0.9432269 -1 0 0 -1 0 0 -1 0 0 -1 0 0 -1 0 0 -1 0 0 -1 0 0 -0.342597 0 0.9394824 -0.7803485 0.1854841 0.5972034 -0.681033 0.3393223 0.6488871 -1 0 0 -0.342597 0 0.9394824 -0.7803479 -0.185483 0.5972045 -0.6810334 -0.3393207 0.6488875 -0.681035 -0.1747052 0.7111043 -0.6810335 3.098911e-17 0.7322523 -0.681035 0.1747052 0.7111043 -1 0 0 -1 0 0 -0.7803477 -0.1854826 -0.5972049 -0.342597 0 -0.9394824 -1 0 0 -1 0 0 -0.342597 0 -0.9394824 -0.7803483 0.1854837 -0.5972038 -1 0 0 -1 0 0 -1 0 0 -1 0 0 -1 0 0 -1 0 0 -1 0 0 -1 0 0 -0.6810338 -0.3393206 -0.6488871 -1 0 0 -0.6810348 -0.1747059 -0.7111043 -0.6810335 -3.098911e-17 -0.7322523 -1 0 0 -0.6810348 0.1747059 -0.7111043 -0.6810333 0.3393222 -0.6488868 -1 0 0 -0.5773503 -0.5773503 0.5773503 -0.3321491 0 0.9432269 -0.5773503 -0.5773503 -0.5773503 -1 0 0 -0.3321491 0 -0.9432269 -1 0 0 -1 0 0 -1 0 0 0.7803485 0.1854841 0.5972034 0.681033 0.3393223 0.6488871 0.681035 0.1747052 0.7111043 0.6810335 -2.997898e-17 0.7322523 0.681035 -0.1747052 0.7111043 0.6810334 -0.3393207 0.6488875 0.7803479 -0.185483 0.5972045 0 0.447001 -0.8945335 -0.6783795 0.5363362 -0.5021401 0.6513737 0.5538893 -0.518574 0 0.447001 -0.8945335 0 0.190484 -0.9816903 0 0.190484 -0.9816903 -0.7291389 0.4722638 -0.4953013 -0.7291399 0.5574584 -0.3969826 -0.8904862 -0.3893468 -0.2354642 -1 0 0 -0.8945612 0.3307206 -0.3006395 -0.690282 -0.1104088 0.7150669 -0.6985896 -0.02739638 0.714998 -0.7250432 0.3102303 -0.6148736 -0.7250457 0.4018562 -0.5593035 -0.7250467 0.4837608 -0.4901864 -0.7242701 0.5532547 -0.4115119 -0.7291418 -0.2543535 -0.6353397 -0.7291413 -0.1295172 -0.6719958 -0.7250464 0.2110889 -0.6555526 -0.3015113 -0.3015113 0.904534 -0.904534 -0.3015113 -0.3015113 -0.7291495 -0.6773895 0.0973878 -0.7291325 -0.6835971 -0.03256814 -0.7291423 -0.6650754 -0.1613268 -0.7291473 -0.6225121 -0.2842937 -0.7291416 7.940601e-19 -0.6843629 -0.7291413 0.1295172 -0.6719958 -0.6902803 -0.2182388 0.6898442 -0.7291418 0.2543535 -0.6353397 -0.6902837 -0.3209498 0.6484595 -0.7291414 0.3699973 -0.5757212 -0.6902835 -0.4161354 0.5918953 -0.6902777 -0.501594 0.5214597 -0.7291452 0.313587 0.6082849 -0.6897023 -0.3866334 -0.6122298 -0.7291394 0.4230468 0.5379471 -0.6896948 -0.4785062 -0.5434638 -0.7291432 0.5172059 0.448161 -0.6896979 -0.5583636 -0.4610281 -0.729142 0.5926791 0.3421746 -0.6896948 -0.6241973 -0.3670134 -0.7291366 0.6467272 0.2238387 -0.6896985 -0.6743426 -0.2637766 -0.7291495 0.6773895 0.0973878 -1 0 0 -0.7291399 -0.5574584 -0.3969826 -0.729139 -0.4722635 -0.4953014 -0.7291413 -0.3699971 -0.5757214 -0.7291473 0.6225121 -0.2842937 -0.7291421 0.6650754 -0.1613272 -0.6896954 -0.7202506 0.07456094 -0.7291327 0.683597 -0.03256855 -0.6896945 -0.7229843 -0.0401893 -0.6896972 -0.7075489 -0.153923 -0.7291452 -0.3135868 0.608285 -0.6896942 0.2744526 -0.6700728 -0.7291346 -0.1928123 0.6566477 -0.6896964 0.165122 -0.7050203 -0.7291452 -0.06506362 0.6812591 -0.6896952 0.05164654 -0.7222556 -0.7291452 0.06506362 0.6812591 -0.6897029 -0.06310417 -0.7213375 -0.7291346 0.1928124 0.6566476 -0.6896925 -0.1762808 -0.7023171 -0.6896941 -0.2850551 -0.6656317 -0.6036821 -0.7648531 0.2248723 -0.6902798 -0.6355103 0.3458909 -0.6902866 -0.5752853 0.4388066 -0.6896951 0.7222558 -0.05164602 -0.6896963 0.7050203 -0.1651223 -0.7291365 -0.6467274 0.2238384 -0.6896944 0.6700727 -0.2744527 -0.7291421 -0.5926792 0.3421742 -0.6897001 0.6182886 -0.3768726 -0.7291432 -0.5172059 0.448161 -0.689696 0.5509842 -0.4698253 -0.7291394 -0.4230468 0.5379471 -0.6896959 0.4698256 -0.5509841 -0.6897002 0.3768726 -0.6182885 -0.5878403 -0.3872045 -0.7102932 0.737701 0.3375694 -0.5846744 0.737701 0.1747381 -0.6521226 1 0 0 0.7242701 0.5532547 -0.4115119 0.7250467 0.4837608 -0.4901864 1 0 0 0.7376986 -0.652126 0.1747354 0.7803483 0.1854837 -0.5972038 0.5547002 0 -0.8320503 0.7377026 -0.5846772 -0.337561 0.7376978 -0.6521271 -0.1747348 0.5547002 0 0.8320503 0.7377017 -0.6751268 -6.085096e-07 0.7376993 -0.4773873 -0.4773899 0.7377003 -0.3375647 -0.584678 0.7377005 -0.1747358 -0.6521238 0.7376999 1.211852e-18 -0.6751288 0.7377001 0.1747348 -0.6521245 0.7377014 0.3375647 -0.5846766 0.7376986 0.4773891 -0.4773891 0.7377016 0.5846767 -0.337564 0.7376999 0.6521249 -0.174734 1 0 0 0.7376995 0.6751292 -6.084703e-07 0.7461236 0.3329049 0.5766056 0.6810338 -0.3393206 -0.6488871 1 0 0 0.7803477 -0.1854826 -0.5972049 0.7376986 0.4773891 0.4773891 0.7159753 0.02717887 -0.6975963 0.737701 0.5846765 0.3375656 0.7377007 0.6521238 0.1747346 0.7250464 0.2110889 -0.6555526 0.7377021 -0.584677 0.3375626 0.7461216 -0.4707973 0.4707999 1 0 0 0.6810348 -0.1747059 -0.7111043 0.6810335 2.997898e-17 -0.7322523 0.7250432 0.3102303 -0.6148736 0.7250457 0.4018562 -0.5593035 1 0 0 1 0 0 0.8945612 0.3307206 -0.3006395 1 0 0 0.7592402 -0.589862 -0.2749857 1 0 0 1 0 0 1 0 0 1 0 0 0.6896951 0.7222558 -0.05164602 1 0 0 1 0 0 0.7669014 0.5816635 0.2711638 0.7377008 -0.6751278 -8.645509e-07 0.7688518 0.3920564 0.5051323 0.7701203 0.0832591 0.6324418 1 0 0 0.7721713 -0.3055852 -0.5571079 1 0 0 0.7739111 0.5664815 -0.2831258 0.7651824 0.6383041 0.08404667 1 0 0 1 0 0 1 0 0 0.6896963 0.7050203 -0.1651223 1 0 0 0.6896944 0.6700727 -0.2744527 1 0 0 1 0 0 0.7737039 0.5004879 0.3884509 1 0 0 0.6896959 0.4698256 -0.5509841 0.689696 0.5509842 -0.4698253 0.6897001 0.6182886 -0.3768726 0.6897002 0.3768726 -0.6182885 0.6896942 0.2744526 -0.6700728 0.6896964 0.165122 -0.7050203 0.6896952 0.05164654 -0.7222556 0.6897023 -0.3866334 -0.6122298 0.6896941 -0.2850551 -0.6656317 0.6896948 -0.4785062 -0.5434638 0.6896925 -0.1762808 -0.7023171 0.6897029 -0.06310417 -0.7213375 0.6896979 -0.5583636 -0.4610281 0.6896985 -0.6743426 -0.2637766 0.6896948 -0.6241973 -0.3670134 1 0 0 0.6896972 -0.7075489 -0.153923 1 0 0 0.6896945 -0.7229843 -0.0401893 1 0 0 0.8883576 -0.3911547 -0.2404555 0.6898005 -0.6372333 0.34367 0.6440381 -0.7416372 -0.1875878 0.6896954 -0.7202506 0.07456094 -8.985619e-30 0 0 0.6902777 -0.501594 0.5214597 0.6902803 -0.2182388 0.6898442 0.6902837 -0.3209498 0.6484595 0.6902835 -0.4161354 0.5918953 0.6902866 -0.5752853 0.4388066 0.690282 -0.1104088 0.7150669 0.6985896 -0.02739638 0.714998 0.7376966 0.4773896 -0.4773917 0.7377004 0.6751283 -8.645401e-07 0.7377 0.652124 -0.1747368 0.7377023 0.5846735 -0.3375682 0.737692 0.4773944 0.4773941 0.7377036 0.5846684 0.3375742 0.7377002 4.459431e-18 0.6751285 0.7377012 0.1747382 0.6521224 0.7377035 0.3375747 0.5846682 0.7377009 -0.6521226 0.1747383 0.7377036 -0.5846684 0.3375742 0.737692 -0.4773944 0.4773941 0.7377035 -0.3375747 0.5846682 0.7377012 -0.1747382 0.6521224 0.7376998 -0.6521241 -0.1747375 0.7376966 -0.4773896 -0.4773917 0.737701 -0.3375694 -0.5846744 0.7377023 -0.5846735 -0.3375682 0.7377003 -3.781257e-19 -0.6751283 1 0 0 1 0 0 1 0 0 1 0 0 1 0 0 0.7674596 -0.5652923 0.3024076 1 0 0 1 0 0 1 0 0 0.7592395 0.5898627 0.2749862 1 0 0 1 0 0 1 0 0 1 0 0 0.7721706 0.557109 0.3055849 1 0 0 0.7721706 -0.5571095 -0.3055839 1 0 0 0.7721711 0.3055856 -0.557108 0.7377011 0.6521226 0.1747377 1 0 0 1 0 0 0.7721709 -0.3055847 0.5571087 1 0 0 1 0 0 1 0 0 0.7861337 -0.2733615 0.554317 0.7737013 0.388455 -0.5004888 1 0 0 0.7689791 -0.2797114 -0.5748327 0.7655634 0.08397303 -0.6378567 0.7768393 0.5707273 0.2660659 0.7702691 0.388224 0.5059325 1 0 0 0.770258 0.08323871 0.6322767 1 0 0 1 0 0 1 0 0 0.7721712 -0.3055844 -0.5571084 1 0 0 1 0 0 1 0 0 1 0 0 1 0 0 1 0 0 0.776972 -0.3027569 0.5519536 1 0 0 1 0 0 1 0 0 1 0 0 1 0 0 1 0 0 0.7768393 -0.5707273 0.2660659 0.7688516 -0.3920563 0.5051327 1 0 0 0.7785087 0.5534207 0.2960571 0.765558 -0.08397325 0.6378631 0.737701 -0.1747381 -0.6521226 1 0 0 1 0 0 0.7882502 -0.5685138 -0.235486 1 0 0 0.7721708 -0.3055852 0.5571086 1 0 0 1 0 0 1 0 0 0.7721712 0.3055844 -0.5571084 1 0 0 1 0 0 0.7721714 0.5571082 0.3055844 0.6652661 -0.731517 0.1493448 -0.6223357 0 0.7827505 -0.6528651 0 0.7574742 -0.01240142 0.01946041 -0.9997337 -0.6528651 0 -0.7574742 -0.6223357 0 -0.7827505 0.003302452 -0.4339677 -0.9009224 0.6900087 0.1122817 -0.715039 -0.6900087 0.1122817 -0.715039 0.003347136 -0.7543856 -0.6564229 0.004286965 -0.7548093 -0.6559303 0.003582784 -0.9332736 -0.3591483 -0.001995744 -0.9999556 -0.009214764 0.6810348 0.1747059 -0.7111043 0.6810333 0.3393222 -0.6488868 0.0107428 0.13052 0.9913875 0.7587467 -0.0007749452 0.6513854 0.005171308 -0.3453837 0.9384473 0.7484108 -0.2538089 0.6127497 0 -0.7071022 0.7071114 0.7591692 -0.4602481 0.4602541 0 -0.9238783 0.3826864 0.7575739 -0.6125778 0.2254555 0.001242905 -0.9999985 0.0011868 0.7668779 -0.6363018 -0.08377528 0.006510356 -0.9073108 -0.4204102 0.7670357 -0.5090186 -0.3905846 0.01014186 -0.6087377 -0.7933067 0.7670347 -0.2455349 -0.592765 0.01014268 -0.1305215 -0.9913936 0.7593133 0.08493608 -0.6451582 0.01014429 0.3826678 -0.9238303 -0.01014204 0.6087361 -0.7933079 0.0101432 0.7933118 -0.6087311 -0.006510356 0.9073108 -0.4204102 0.01074341 0.9913867 -0.1305257 -0.001242905 0.9999985 0.0011868 0.005225738 0.9225292 0.385892 0.7585585 0.600858 0.2521084 0.005818262 0.6114832 0.791236 0.7610119 0.4613675 0.4560711 0.7474138 0.2542386 0.6137877 0.6788746 0.1900375 -0.7092356 1 0 0 0.6788734 0.3671289 -0.635883 1 0 0 0.6788758 0.5191954 -0.5191953 0.6788733 0.6358835 -0.3671284 1 0 0 0.6788747 0.7092357 -0.1900366 0.678875 0.7342538 -6.617573e-07 0.678874 0.709236 0.1900377 0.6788737 0.6358824 0.3671296 0.6788758 0.5191954 0.5191953 0.6788734 0.3671289 0.635883 0.6788746 0.1900375 0.7092356 0.6788747 3.072397e-18 0.7342542 0.6788742 -0.1900389 0.7092355 0.6788744 -0.3671278 0.6358827 0.6788752 -0.5191943 0.5191972 0.6788728 -0.6358846 0.3671273 0.6788758 -0.7092343 0.1900375 0.6788731 -0.7342556 -6.618039e-07 0.6788765 -0.709234 -0.1900364 0.6788724 -0.6358858 -0.3671261 0.6788752 -0.5191943 -0.5191972 0.6788744 -0.3671278 -0.6358827 0.6788742 -0.1900389 -0.7092355 0.6788747 2.754624e-18 -0.7342542 0 3.751595e-18 1 0 -0.2588188 0.9659259 0 -0.5000008 0.866025 0 0.258817 0.9659264 -0.737701 -0.3375694 -0.5846744 -0.7376966 -0.4773896 -0.4773917 -0.7377023 -0.5846735 -0.3375682 -0.7376998 -0.6521241 -0.1747375 -0.7377008 -0.6751278 -8.645509e-07 -0.7377009 -0.6521226 0.1747383 -0.7377036 -0.5846684 0.3375742 -0.737692 -0.4773944 0.4773941 -0.7377035 -0.3375747 0.5846682 -0.7377012 -0.1747382 0.6521224 -0.7377002 2.518738e-18 0.6751285 -0.7377012 0.1747382 0.6521224 -0.7377035 0.3375747 0.5846682 -0.737692 0.4773944 0.4773941 -0.7377036 0.5846684 0.3375742 -0.7377011 0.6521226 0.1747377 -0.7377004 0.6751283 -8.645401e-07 -0.7377 0.652124 -0.1747368 -0.7377023 0.5846735 -0.3375682 -0.7376966 0.4773896 -0.4773917 -0.737701 0.3375694 -0.5846744 -0.737701 0.1747381 -0.6521226 -0.737701 -0.1747381 -0.6521226 -0.7377003 1.86675e-18 -0.6751283 -0.6863246 0.1376422 -0.714152 -0.6863246 -0.1376422 -0.714152 -0.6863242 0.2703102 -0.6751974 -0.6863244 3.666509e-19 -0.7272956 -1 0 0 -1 0 0 -0.6863245 0.3932084 -0.611838 -1 0 0 -0.7764383 -0.2787295 0.5652021 -0.770258 0.08323871 0.6322767 -1 0 0 -0.7702691 0.388224 0.5059325 -1 0 0 -0.7669015 0.5816632 0.2711641 -1 0 0 -0.7717667 -0.5763514 -0.2686916 -1 0 0 -0.6863268 0.5018871 -0.5263696 -0.6863259 0.5924272 -0.4218849 -0.7655585 -0.08397315 0.6378627 -0.7688512 -0.3920565 0.5051331 -0.7669017 -0.5816628 0.2711645 -1 0 0 -1 0 0 -0.6863239 0.7067992 -0.1714482 -1 0 0 -1 0 0 -0.7689838 0.279705 0.5748295 -0.7655583 0.08397277 -0.6378629 -0.7688518 0.3920564 -0.5051323 -0.6863193 0.6615749 -0.3021332 -0.7669011 0.5816639 -0.2711638 -0.7689839 -0.2797051 -0.5748293 -0.6863173 0.7199003 0.1034995 -0.6863288 0.6872896 0.2378778 -0.6863323 0.7264641 -0.03461086 -1 0 0 -1 0 0 -1 0 0 -1 0 0 -0.7769712 0.3027585 -0.5519539 -1 0 0 -1 0 0 -1 0 0 -0.686324 0.6298608 0.3636409 -0.7819774 0.2997617 0.5464927 -0.7721706 -0.5571095 -0.3055839 -1 0 0 -1 0 0 -0.6863229 0.5496546 0.4762779 -0.6863263 0.4495835 0.5716912 -0.6863212 0.3332627 0.6464512 -1 0 0 -0.6863305 0.2049044 0.6978285 -1 0 0 -1 0 0 -1 0 0 -0.6863211 0.06914599 0.7240042 -1 0 0 -1 0 0 -0.7721712 -0.3055844 -0.5571084 -1 0 0 -0.7819765 0.5464937 -0.2997621 -0.7769714 -0.5519542 0.3027574 -1 0 0 -1 0 0 -0.6863211 -0.3332626 0.6464514 -1 0 0 -0.6863306 -0.2049042 0.6978285 -0.7934483 -0.5623079 0.2329154 -0.7769714 0.5519542 0.3027574 -1 0 0 -1 0 0 -0.7721712 0.3055844 -0.5571084 -0.6863239 -0.6298611 0.3636406 -1 0 0 -1 0 0 -1 0 0 -0.6863211 -0.06914599 0.7240042 -1 0 0 -0.6863263 -0.4495835 0.5716912 -0.6863229 -0.5496546 0.4762779 -1 0 0 -0.7721704 0.5571097 -0.3055841 -1 0 0 -1 0 0 -1 0 0 -1 0 0 -1 0 0 -0.7819776 -0.2997612 0.5464926 -1 0 0 -0.6863289 -0.6872896 0.2378774 -1 0 0 -0.6863324 -0.726464 -0.03461042 -0.7769705 -0.5519557 -0.302757 -0.6863173 -0.7199003 0.1034995 -1 0 0 -1 0 0 -1 0 0 -0.6863238 -0.7067994 -0.1714478 -0.6863259 -0.5924272 -0.4218849 -0.6863193 -0.6615749 -0.3021332 -0.7674593 -0.5652928 -0.3024076 -1 0 0 -1 0 0 -0.6863246 -0.3932082 -0.6118381 -1 0 0 -1 0 0 -1 0 0 -1 0 0 -1 0 0 -0.7674592 0.5652927 0.3024077 -1 0 0 -0.6863267 -0.5018869 -0.5263699 -1 0 0 -1 0 0 -1 0 0 -1 0 0 -1 0 0 -1 0 0 -1 0 0 -1 0 0 -0.7674615 0.5652887 -0.3024094 -1 0 0 -1 0 0 -0.6863242 -0.2703102 -0.6751974 -1 0 0 0 -1.036728e-06 -1 0 -1.036728e-06 -1 0 -0.4809222 -0.8767633 0 -0.4809222 -0.8767633 0 -0.9238796 -0.3826832 0 -0.9238796 0.3826832 0 -0.4809222 0.8767633 0 -1.036728e-06 1 0 -1.036728e-06 1 0 0.4809213 0.8767638 0 0.4809213 0.8767638 0 1 -8.760682e-18 0 1 2.590632e-18 0 0.8767637 -0.4809215 0 0.8767637 -0.4809215 0 1.036728e-06 -1 0 1.036728e-06 -1 0 -0.4809226 -0.876763 0 -0.8767645 -0.48092 0 -1 -2.458936e-18 0 -1 -7.453829e-18 0 -0.8767636 0.4809216 0 -0.8767636 0.4809216 0 -0.4809211 0.8767639 0 1.036728e-06 1 0 1.036728e-06 1 0 0.4225362 0.906346 0.0146299 0.4716632 0.8816574 0.0172799 0.8808533 0.4730738 0.001383509 0.9999973 -0.001860819 0 0.4809235 -0.8767625 0 0.4809235 -0.8767625 0.02289986 -0.4374246 -0.8989634 -0.01460268 -0.130507 -0.9913398 0.01460268 0.130507 -0.9913398 -0.00390963 -0.6131324 -0.7899705 0 -1 2.591694e-07 0 -1 2.591694e-07 -0.01462916 -0.8816631 0.4716525 0 -0.9063497 0.4225283 0.00390963 -0.6131324 0.7899705 -0.02289986 -0.4374246 0.8989634 0.01460268 -0.130507 0.9913398 0.02289986 0.4374246 0.8989634 0 1 2.591694e-07 0 1 2.591694e-07 -0.01462916 0.8816633 -0.4716523 0 0.9063499 -0.422528 0.00390963 0.6131324 -0.7899705 -0.02289986 0.4374246 -0.8989634 -0.01460289 0.1305099 -0.9913395 0.01460272 -0.1305086 -0.9913396 -0.02290045 -0.4374308 -0.8989605 0.003908797 -0.613135 -0.7899685 -0.0146286 -0.8816609 -0.4716567 0 -0.9063472 -0.4225338 0 -1 -9.342259e-18 0 -1 1.336309e-17 0.01462902 -0.8816631 0.4716526 0.02289956 -0.4374239 0.8989638 0.01460297 0.1305089 0.9913396 -0.6497174 0.3326066 0.6835497 0.003910209 0.613131 0.7899716 0 0.9063483 0.4225314 0 1 9.342259e-18 0 1 -1.336309e-17 0 0.906346 -0.4225364 -0.003909133 0.6131339 -0.7899693 0.02289981 0.4374311 -0.8989603 0.01460272 -0.1305086 -0.9913396 0.003908797 -0.613135 -0.7899685 -0.0146286 -0.8816609 -0.4716567 0 -1 -9.342259e-18 0 -1 1.336309e-17 0 -0.8767695 0.4809109 0 -0.8767695 0.4809109 0 1 9.342259e-18 0 1 -1.336309e-17 0 0.9063472 -0.4225338 0.0146286 0.8816609 -0.4716567 0.02290045 0.4374308 -0.8989605 -0.01460277 -0.1305076 -0.9913398 -0.003909798 -0.6131319 -0.7899709 0.01462887 -0.8816632 -0.4716525 0 -0.9063493 -0.4225293 0 -1 2.591694e-07 0 -1 2.591694e-07 -0.02289954 -0.4374248 0.8989634 -0.01460268 0.130507 0.9913398 -0.00390963 0.6131324 0.7899705 0.01462916 0.8816631 0.4716525 0 1 2.591694e-07 0 1 2.591694e-07 -0.01462916 0.8816633 -0.4716523 -0.02289986 0.4374246 -0.8989634 0 -7.663582e-18 -1 0 -2.458936e-18 -1 0 -0.4809231 -0.8767628 0 -0.4809231 -0.8767628 0 -1 -2.458936e-18 0 -1 -7.453829e-18 0 -0.8767636 0.4809216 0 -0.8767636 0.4809216 0 -0.4809216 0.8767636 0 -2.458936e-18 1 0 -7.453829e-18 1 0 0.4809216 0.8767636 0 0.8767636 0.4809216 0 1 2.458936e-18 0 1 7.453829e-18 0 0.8767645 -0.48092 0 0.8767645 -0.48092 0 1.036728e-06 -1 0 1.036728e-06 -1 0 -0.8767637 -0.4809215 0 -0.8767637 -0.4809215 0 -1 8.760682e-18 0 -1 -2.590632e-18 0 -0.8767637 0.4809215 0 -0.4809213 0.8767638 0 1.036728e-06 1 0 1.036728e-06 1 0 0.4809222 0.8767633 0 0.4809222 0.8767633 0 0.8767637 0.4809215 0 0.8767637 0.4809215 0 1 -8.760682e-18 0 1 2.590632e-18 0 0.8767637 -0.4809215 0 0.4809222 -0.8767633 0 0.4809222 -0.8767633 0 0 1 0 0 -1 -1 0 0 -1 0 0 -1 0 0 -1 0 0 -1 0 0 -1 0 0 -1 0 0 -1 0 0</float_array>
          <technique_common>
            <accessor count="711" source="#normals-array-array" stride="3">
              <param type="float" name="X"/>
              <param type="float" name="Y"/>
              <param type="float" name="Z"/>
            </accessor>
          </technique_common>
        </source>
        <source id="colors-array">
          <float_array count="2133" id="colors-array-array">0.2941176 0.2941176 0.2941176 0.2941176 0.2941176 0.2941176 0.2941176 0.2941176 0.2941176 0.2941176 0.2941176 0.2941176 0.2941176 0.2941176 0.2941176 0.2941176 0.2941176 0.2941176 0.2941176 0.2941176 0.2941176 0.2941176 0.2941176 0.2941176 0.2941176 0.2941176 0.2941176 0.2941176 0.2941176 0.2941176 0.2941176 0.2941176 0.2941176 0.2941176 0.2941176 0.2941176 0.2941176 0.2941176 0.2941176 0.2941176 0.2941176 0.2941176 0.2941176 0.2941176 0.2941176 0.2941176 0.2941176 0.2941176 0.2941176 0.2941176 0.2941176 0.2941176 0.2941176 0.2941176 0.2941176 0.2941176 0.2941176 0.2941176 0.2941176 0.2941176 0.2941176 0.2941176 0.2941176 0.2941176 0.2941176 0.2941176 0.2941176 0.2941176 0.2941176 0.2941176 0.2941176 0.2941176 0.2941176 0.2941176 0.2941176 0.2941176 0.2941176 0.2941176 0.2941176 0.2941176 0.2941176 0.2941176 0.2941176 0.2941176 0.2941176 0.2941176 0.2941176 0.2941176 0.2941176 0.2941176 0.2941176 0.2941176 0.2941176 0.2941176 0.2941176 0.2941176 0.2941176 0.2941176 0.2941176 0.2941176 0.2941176 0.2941176 0.2941176 0.2941176 0.2941176 0.2941176 0.2941176 0.2941176 0.2941176 0.2941176 0.2941176 0.2941176 0.2941176 0.2941176 0.2941176 0.2941176 0.2941176 0.2941176 0.2941176 0.2941176 0.2941176 0.2941176 0.2941176 0.2941176 0.2941176 0.2941176 0.2941176 0.2941176 0.2941176 0.2941176 0.2941176 0.2941176 0.2941176 0.2941176 0.2941176 0.2941176 0.2941176 0.2941176 0.2941176 0.2941176 0.2941176 0.2941176 0.2941176 0.2941176 0.2941176 0.2941176 0.2941176 0.2941176 0.2941176 0.2941176 0.2941176 0.2941176 0.2941176 0.2941176 0.2941176 0.2941176 0.2941176 0.2941176 0.2941176 0.2941176 0.2941176 0.2941176 0.2941176 0.2941176 0.2941176 0.2941176 0.2941176 0.2941176 0.2941176 0.2941176 0.2941176 0.2941176 0.2941176 0.2941176 0.2941176 0.2941176 0.2941176 0.2941176 0.2941176 0.2941176 0.2941176 0.2941176 0.2941176 0.2941176 0.2941176 0.2941176 0.2941176 0.2941176 0.2941176 0.2941176 0.2941176 0.2941176 0.2941176 0.2941176 0.2941176 0.2941176 0.2941176 0.2941176 0.2941176 0.2941176 0.2941176 0.2941176 0.2941176 0.2941176 0.2941176 0.2941176 0.2941176 0.2941176 0.2941176 0.2941176 0.2941176 0.2941176 0.2941176 0.2941176 0.2941176 0.2941176 0.2941176 0.2941176 0.2941176 0.2941176 0.2941176 0.2941176 0.2941176 0.2941176 0.2941176 0.2941176 0.2941176 0.2941176 0.2941176 0.2941176 0.2941176 0.2941176 0.2941176 0.2941176 0.2941176 0.2941176 0.2941176 0.2941176 0.2941176 0.2941176 0.2941176 0.2941176 0.2941176 0.2941176 0.2941176 0.2941176 0.2941176 0.2941176 0.2941176 0.2941176 0.2941176 0.2941176 0.2941176 0.2941176 0.2941176 0.2941176 0.2941176 0.2941176 0.2941176 0.2941176 0.2941176 0.2941176 0.2941176 0.2941176 0.2941176 0.2941176 0.2941176 0.2941176 0.2941176 0.2941176 0.2941176 0.2941176 0.2941176 0.2941176 0.2941176 0.2941176 0.2941176 0.2941176 0.2941176 0.2941176 0.2941176 0.2941176 0.2941176 0.2941176 0.2941176 0.2941176 0.2941176 0.2941176 0.2941176 0.2941176 0.2941176 0.2941176 0.2941176 0.2941176 0.2941176 0.2941176 0.2941176 0.2941176 0.2941176 0.2941176 0.2941176 0.2941176 0.2941176 0.2941176 0.2941176 0.2941176 0.2941176 0.2941176 0.2941176 0.2941176 0.2941176 0.2941176 0.2941176 0.2941176 0.2941176 0.2941176 0.2941176 0.2941176 0.2941176 0.2941176 0.2941176 0.2941176 0.2941176 0.2941176 0.2941176 0.2941176 0.2941176 0.2941176 0.2941176 0.2941176 0.2941176 0.2941176 0.2941176 0.2941176 0.2941176 0.2941176 0.2941176 0.2941176 0.2941176 0.2941176 0.2941176 0.2941176 0.2941176 0.2941176 0.2941176 0.2941176 0.2941176 0.2941176 0.2941176 0.2941176 0.2941176 0.2941176 0.2941176 0.2941176 0.2941176 0.2941176 0.2941176 0.2941176 0.2941176 0.2941176 0.2941176 0.2941176 0.2941176 0.2941176 0.2941176 0.2941176 0.2941176 0.2941176 0.2941176 0.2941176 0.2941176 0.2941176 0.2941176 0.2941176 0.2941176 0.2941176 0.2941176 0.2941176 0.2941176 0.2941176 0.2941176 0.2941176 0.2941176 0.2941176 0.2941176 0.2941176 0.2941176 0.2941176 0.2941176 0.2941176 0.2941176 0.2941176 0.2941176 0.2941176 0.2941176 0.2941176 0.2941176 0.2941176 0.2941176 0.2941176 0.2941176 0.2941176 0.2941176 0.2941176 0.2941176 0.2941176 0.2941176 0.2941176 0.2941176 0.2941176 0.2941176 0.2941176 0.2941176 0.2941176 0.2941176 0.2941176 0.2941176 0.2941176 0.2941176 0.2941176 0.2941176 0.2941176 0.2941176 0.2941176 0.2941176 0.2941176 0.2941176 0.2941176 0.2941176 0.2941176 0.2941176 0.2941176 0.2941176 0.2941176 0.2941176 0.2941176 0.2941176 0.2941176 0.2941176 0.2941176 0.2941176 0.2941176 0.2941176 0.2941176 0.2941176 0.2941176 0.2941176 0.2941176 0.2941176 0.2941176 0.2941176 0.2941176 0.2941176 0.2941176 0.2941176 0.2941176 0.2941176 0.2941176 0.2941176 0.2941176 0.2941176 0.2941176 0.2941176 0.2941176 0.2941176 0.2941176 0.2941176 0.2941176 0.2941176 0.2941176 0.2941176 0.2941176 0.2941176 0.2941176 0.2941176 0.2941176 0.2941176 0.2941176 0.2941176 0.2941176 0.2941176 0.2941176 0.2941176 0.2941176 0.2941176 0.2941176 0.2941176 0.2941176 0.2941176 0.2941176 0.2941176 0.2941176 0.2941176 0.2941176 0.2941176 0.2941176 0.2941176 0.2941176 0.2941176 0.2941176 0.2941176 0.2941176 0.2941176 0.2941176 0.2941176 0.2941176 0.2941176 0.2941176 0.2941176 0.2941176 0.2941176 0.2941176 0.2941176 0.2941176 0.2941176 0.2941176 0.2941176 0.2941176 0.2941176 0.2941176 0.2941176 0.2941176 0.2941176 0.2941176 0.2941176 0.2941176 0.2941176 0.2941176 0.2941176 0.2941176 0.2941176 0.2941176 0.2941176 0.2941176 0.2941176 0.2941176 0.2941176 0.2941176 0.2941176 0.2941176 0.2941176 0.2941176 0.2941176 0.2941176 0.2941176 0.2941176 0.2941176 0.2941176 0.2941176 0.2941176 0.2941176 0.2941176 0.2941176 0.2941176 0.2941176 0.2941176 0.2941176 0.2941176 0.2941176 0.2941176 0.2941176 0.2941176 0.2941176 0.2941176 0.2941176 0.2941176 0.2941176 0.2941176 0.2941176 0.2941176 0.2941176 0.2941176 0.2941176 0.2941176 0.2941176 0.2941176 0.2941176 0.2941176 0.2941176 0.2941176 0.2941176 0.2941176 0.2941176 0.2941176 0.2941176 0.2941176 0.2941176 0.2941176 0.2941176 0.2941176 0.2941176 0.2941176 0.2941176 0.2941176 0.2941176 0.2941176 0.2941176 0.2941176 0.2941176 0.2941176 0.2941176 0.2941176 0.2941176 0.2941176 0.2941176 0.2941176 0.2941176 0.2941176 0.2941176 0.2941176 0.2941176 0.2941176 0.2941176 0.2941176 0.2941176 0.2941176 0.2941176 0.2941176 0.2941176 0.2941176 0.2941176 0.2941176 0.2941176 0.2941176 0.2941176 0.2941176 0.2941176 0.2941176 0.2941176 0.2941176 0.2941176 0.2941176 0.2941176 0.2941176 0.2941176 0.2941176 0.2941176 0.2941176 0.2941176 0.2941176 0.2941176 0.2941176 0.2941176 0.2941176 0.2941176 0.2941176 0.2941176 0.2941176 0.2941176 0.2941176 0.2941176 0.2941176 0.2941176 0.2941176 0.2941176 0.2941176 0.2941176 0.2941176 0.2941176 0.2941176 0.2941176 0.2941176 0.2941176 0.2941176 0.2941176 0.2941176 0.2941176 0.2941176 0.2941176 0.2941176 0.2941176 0.2941176 0.2941176 0.2941176 0.2941176 0.2941176 0.2941176 0.2941176 0.2941176 0.2941176 0.2941176 0.2941176 0.2941176 0.2941176 0.2941176 0.2941176 0.2941176 0.2941176 0.2941176 0.2941176 0.2941176 0.2941176 0.2941176 0.2941176 0.2941176 0.2941176 0.2941176 0.2941176 0.2941176 0.2941176 0.2941176 0.2941176 0.2941176 0.2941176 0.2941176 0.2941176 0.2941176 0.2941176 0.2941176 0.2941176 0.2941176 0.2941176 0.2941176 0.2941176 0.2941176 0.2941176 0.2941176 0.2941176 0.2941176 0.2941176 0.2941176 0.2941176 0.2941176 0.2941176 0.2941176 0.2941176 0.2941176 0.2941176 0.2941176 0.2941176 0.2941176 0.2941176 0.2941176 0.2941176 0.2941176 0.2941176 0.2941176 0.2941176 0.2941176 0.2941176 0.2941176 0.2941176 0.2941176 0.2941176 0.2941176 0.2941176 0.2941176 0.2941176 0.2941176 0.2941176 0.2941176 0.2941176 0.2941176 0.2941176 0.2941176 0.2941176 0.2941176 0.2941176 0.2941176 0.2941176 0.2941176 0.2941176 0.2941176 0.2941176 0.2941176 0.2941176 0.2941176 0.2941176 0.2941176 0.2941176 0.2941176 0.2941176 0.2941176 0.2941176 0.2941176 0.2941176 0.2941176 0.2941176 0.2941176 0.2941176 0.2941176 0.2941176 0.2941176 0.2941176 0.2941176 0.2941176 0.2941176 0.2941176 0.2941176 0.2941176 0.2941176 0.2941176 0.2941176 0.2941176 0.2941176 0.2941176 0.2941176 0.2941176 0.2941176 0.2941176 0.2941176 0.2941176 0.2941176 0.2941176 0.2941176 0.2941176 0.2941176 0.2941176 0.2941176 0.2941176 0.2941176 0.2941176 0.2941176 0.2941176 0.2941176 0.2941176 0.2941176 0.2941176 0.2941176 0.2941176 0.2941176 0.2941176 0.2941176 0.2941176 0.2941176 0.2941176 0.2941176 0.2941176 0.2941176 0.2941176 0.2941176 0.2941176 0.2941176 0.2941176 0.2941176 0.2941176 0.2941176 0.2941176 0.2941176 0.2941176 0.2941176 0.2941176 0.2941176 0.2941176 0.2941176 0.2941176 0.2941176 0.2941176 0.2941176 0.2941176 0.2941176 0.2941176 0.2941176 0.2941176 0.2941176 0.2941176 0.2941176 0.2941176 0.2941176 0.2941176 0.2941176 0.2941176 0.2941176 0.2941176 0.2941176 0.2941176 0.2941176 0.2941176 0.2941176 0.2941176 0.2941176 0.2941176 0.2941176 0.2941176 0.2941176 0.2941176 0.2941176 0.2941176 0.2941176 0.2941176 0.2941176 0.2941176 0.2941176 0.2941176 0.2941176 0.2941176 0.2941176 0.2941176 0.2941176 0.2941176 0.2941176 0.2941176 0.2941176 0.2941176 0.2941176 0.2941176 0.2941176 0.2941176 0.2941176 0.2941176 0.2941176 0.2941176 0.2941176 0.2941176 0.2941176 0.2941176 0.2941176 0.2941176 0.2941176 0.2941176 0.2941176 0.2941176 0.2941176 0.2941176 0.2941176 0.2941176 0.2941176 0.2941176 0.2941176 0.2941176 0.2941176 0.2941176 0.2941176 0.2941176 0.2941176 0.2941176 0.2941176 0.2941176 0.2941176 0.2941176 0.2941176 0.2941176 0.2941176 0.2941176 0.2941176 0.2941176 0.2941176 0.2941176 0.2941176 0.2941176 0.2941176 0.2941176 0.2941176 0.2941176 0.2941176 0.2941176 0.2941176 0.2941176 0.2941176 0.2941176 0.2941176 0.2941176 0.2941176 0.2941176 0.2941176 0.2941176 0.2941176 0.2941176 0.2941176 0.2941176 0.2941176 0.2941176 0.2941176 0.2941176 0.2941176 0.2941176 0.2941176 0.2941176 0.2941176 0.2941176 0.2941176 0.2941176 0.2941176 0.2941176 0.2941176 0.2941176 0.2941176 0.2941176 0.2941176 0.2941176 0.2941176 0.2941176 0.2941176 0.2941176 0.2941176 0.2941176 0.2941176 0.2941176 0.2941176 0.2941176 0.2941176 0.2941176 0.2941176 0.2941176 0.2941176 0.2941176 0.2941176 0.2941176 0.2941176 0.2941176 0.2941176 0.2941176 0.2941176 0.2941176 0.2941176 0.2941176 0.2941176 0.2941176 0.2941176 0.2941176 0.2941176 0.2941176 0.2941176 0.2941176 0.2941176 0.2941176 0.2941176 0.2941176 0.2941176 0.2941176 0.2941176 0.2941176 0.2941176 0.2941176 0.2941176 0.2941176 0.2941176 0.2941176 0.2941176 0.2941176 0.2941176 0.2941176 0.2941176 0.2941176 0.2941176 0.2941176 0.2941176 0.2941176 0.2941176 0.2941176 0.2941176 0.2941176 0.2941176 0.2941176 0.2941176 0.2941176 0.2941176 0.2941176 0.2941176 0.2941176 0.2941176 0.2941176 0.2941176 0.2941176 0.2941176 0.2941176 0.2941176 0.2941176 0.2941176 0.2941176 0.2941176 0.2941176 0.2941176 0.2941176 0.2941176 0.2941176 0.2941176 0.2941176 0.2941176 0.2941176 0.2941176 0.2941176 0.2941176 0.2941176 0.2941176 0.2941176 0.2941176 0.2941176 0.2941176 0.2941176 0.2941176 0.2941176 0.2941176 0.2941176 0.2941176 0.2941176 0.2941176 0.2941176 0.2941176 0.2941176 0.2941176 0.2941176 0.2941176 0.2941176 0.2941176 0.2941176 0.2941176 0.2941176 0.2941176 0.2941176 0.2941176 0.2941176 0.2941176 0.2941176 0.2941176 0.2941176 0.2941176 0.2941176 0.2941176 0.2941176 0.2941176 0.2941176 0.2941176 0.2941176 0.2941176 0.2941176 0.2941176 0.2941176 0.2941176 0.2941176 0.2941176 0.2941176 0.2941176 0.2941176 0.2941176 0.2941176 0.2941176 0.2941176 0.2941176 0.2941176 0.2941176 0.2941176 0.2941176 0.2941176 0.2941176 0.2941176 0.2941176 0.2941176 0.2941176 0.2941176 0.2941176 0.2941176 0.2941176 0.2941176 0.2941176 0.2941176 0.2941176 0.2941176 0.2941176 0.2941176 0.2941176 0.2941176 0.2941176 0.2941176 0.2941176 0.2941176 0.2941176 0.2941176 0.2941176 0.2941176 0.2941176 0.2941176 0.2941176 0.2941176 0.2941176 0.2941176 0.2941176 0.2941176 0.2941176 0.2941176 0.2941176 0.2941176 0.2941176 0.2941176 0.2941176 0.2941176 0.2941176 0.2941176 0.2941176 0.2941176 0.2941176 0.2941176 0.2941176 0.2941176 0.2941176 0.2941176 0.2941176 0.2941176 0.2941176 0.2941176 0.2941176 0.2941176 0.2941176 0.2941176 0.2941176 0.2941176 0.2941176 0.2941176 0.2941176 0.2941176 0.2941176 0.2941176 0.2941176 0.2941176 0.2941176 0.2941176 0.2941176 0.2941176 0.2941176 0.2941176 0.2941176 0.2941176 0.2941176 0.2941176 0.2941176 0.2941176 0.2941176 0.2941176 0.2941176 0.2941176 0.2941176 0.2941176 0.2941176 0.2941176 0.2941176 0.2941176 0.2941176 0.2941176 0.2941176 0.2941176 0.2941176 0.2941176 0.2941176 0.2941176 0.2941176 0.2941176 0.2941176 0.2941176 0.2941176 0.2941176 0.2941176 0.2941176 0.2941176 0.2941176 0.2941176 0.2941176 0.2941176 0.2941176 0.2941176 0.2941176 0.2941176 0.2941176 0.2941176 0.2941176 0.2941176 0.2941176 0.2941176 0.2941176 0.2941176 0.2941176 0.2941176 0.2941176 0.2941176 0.2941176 0.2941176 0.2941176 0.2941176 0.2941176 0.2941176 0.2941176 0.2941176 0.2941176 0.2941176 0.2941176 0.2941176 0.2941176 0.2941176 0.2941176 0.2941176 0.2941176 0.2941176 0.2941176 0.2941176 0.2941176 0.2941176 0.2941176 0.2941176 0.2941176 0.2941176 0.2941176 0.2941176 0.2941176 0.2941176 0.2941176 0.2941176 0.2941176 0.2941176 0.2941176 0.2941176 0.2941176 0.2941176 0.2941176 0.2941176 0.2941176 0.2941176 0.2941176 0.2941176 0.2941176 0.2941176 0.2941176 0.2941176 0.2941176 0.2941176 0.2941176 0.2941176 0.2941176 0.2941176 0.2941176 0.2941176 0.2941176 0.2941176 0.2941176 0.2941176 0.2941176 0.2941176 0.2941176 0.2941176 0.2941176 0.2941176 0.2941176 0.2941176 0.2941176 0.2941176 0.2941176 0.2941176 0.2941176 0.2941176 0.2941176 0.2941176 0.2941176 0.2941176 0.2941176 0.2941176 0.2941176 0.2941176 0.2941176 0.2941176 0.2941176 0.2941176 0.2941176 0.2941176 0.2941176 0.2941176 0.2941176 0.2941176 0.2941176 0.2941176 0.2941176 0.2941176 0.2941176 0.2941176 0.2941176 0.2941176 0.2941176 0.2941176 0.2941176 0.2941176 0.2941176 0.2941176 0.2941176 0.2941176 0.2941176 0.2941176 0.2941176 0.2941176 0.2941176 0.2941176 0.2941176 0.2941176 0.2941176 0.2941176 0.2941176 0.2941176 0.2941176 0.2941176 0.2941176 0.2941176 0.2941176 0.2941176 0.2941176 0.2941176 0.2941176 0.2941176 0.2941176 0.2941176 0.2941176 0.2941176 0.2941176 0.2941176 0.2941176 0.2941176 0.2941176 0.2941176 0.2941176 0.2941176 0.2941176 0.2941176 0.2941176 0.2941176 0.2941176 0.2941176 0.2941176 0.2941176 0.2941176 0.2941176 0.2941176 0.2941176 0.2941176 0.2941176 0.2941176 0.2941176 0.2941176 0.2941176 0.2941176 0.2941176 0.2941176 0.2941176 0.2941176 0.2941176 0.2941176 0.2941176 0.2941176 0.2941176 0.2941176 0.2941176 0.2941176 0.2941176 0.2941176 0.2941176 0.2941176 0.2941176 0.2941176 0.2941176 0.2941176 0.2941176 0.2941176 0.2941176 0.2941176 0.2941176 0.2941176 0.2941176 0.2941176 0.2941176 0.2941176 0.2941176 0.2941176 0.2941176 0.2941176 0.2941176 0.2941176 0.2941176 0.2941176 0.2941176 0.2941176 0.2941176 0.2941176 0.2941176 0.2941176 0.2941176 0.2941176 0.2941176 0.2941176 0.2941176 0.2941176 0.2941176 0.2941176 0.2941176 0.2941176 0.2941176 0.2941176 0.2941176 0.2941176 0.2941176 0.2941176 0.2941176 0.2941176 0.2941176 0.2941176 0.2941176 0.2941176 0.2941176 0.2941176 0.2941176 0.2941176 0.2941176 0.2941176 0.2941176 0.2941176 0.2941176 0.2941176 0.2941176 0.2941176 0.2941176 0.2941176 0.2941176 0.2941176 0.2941176 0.2941176 0.2941176 0.2941176 0.2941176 0.2941176 0.2941176 0.2941176 0.2941176 0.2941176 0.2941176 0.2941176 0.2941176 0.2941176 0.2941176 0.2941176 0.2941176 0.2941176 0.2941176 0.2941176 0.2941176 0.2941176 0.2941176 0.2941176 0.2941176 0.2941176 0.2941176 0.2941176 0.2941176 0.2941176 0.2941176 0.2941176 0.2941176 0.2941176 0.2941176 0.2941176 0.2941176 0.2941176 0.2941176 0.2941176 0.2941176 0.2941176 0.2941176 0.2941176 0.2941176 0.2941176 0.2941176 0.2941176 0.2941176 0.2941176 0.2941176 0.2941176 0.2941176 0.2941176 0.2941176 0.2941176 0.2941176 0.2941176 0.2941176 0.2941176 0.2941176 0.2941176 0.2941176 0.2941176 0.2941176 0.2941176 0.2941176 0.2941176 0.2941176 0.2941176 0.2941176 0.2941176 0.2941176 0.2941176 0.2941176 0.2941176 0.2941176 0.2941176 0.2941176 0.2941176 0.2941176 0.2941176 0.2941176 0.2941176 0.2941176 0.2941176 0.2941176 0.2941176 0.2941176 0.2941176 0.2941176 0.2941176 0.2941176 0.2941176 0.2941176 0.2941176 0.2941176 0.2941176 0.2941176 0.2941176 0.2941176 0.2941176 0.2941176 0.2941176 0.2941176 0.2941176 0.2941176 0.2941176 0.2941176 0.2941176 0.2941176 0.2941176 0.2941176 0.2941176 0.2941176 0.2941176 0.2941176 0.2941176 0.2941176 0.2941176 0.2941176 0.2941176 0.2941176 0.2941176 0.2941176 0.2941176 0.2941176 0.2941176 0.2941176 0.2941176 0.2941176 0.2941176 0.2941176 0.2941176 0.2941176 0.2941176 0.2941176 0.2941176 0.2941176 0.2941176 0.2941176 0.2941176 0.2941176 0.2941176 0.2941176 0.2941176 0.2941176 0.2941176 0.2941176 0.2941176 0.2941176 0.2941176 0.2941176 0.2941176 0.2941176 0.2941176 0.2941176 0.2941176 0.2941176 0.2941176 0.2941176 0.2941176 0.2941176 0.2941176 0.2941176 0.2941176 0.2941176 0.2941176 0.2941176 0.2941176 0.2941176 0.2941176 0.2941176 0.2941176 0.2941176 0.2941176 0.2941176 0.2941176 0.2941176 0.2941176 0.2941176 0.2941176 0.2941176 0.2941176 0.2941176 0.2941176 0.2941176 0.2941176 0.2941176 0.2941176 0.2941176 0.2941176 0.2941176 0.2941176 0.2941176 0.2941176 0.2941176 0.2941176 0.2941176 0.2941176 0.2941176 0.2941176 0.2941176 0.2941176 0.2941176 0.2941176 0.2941176 0.2941176 0.2941176 0.2941176 0.2941176 0.2941176 0.2941176 0.2941176 0.2941176 0.2941176 0.2941176 0.2941176 0.2941176 0.2941176 0.2941176 0.2941176 0.2941176 0.2941176 0.2941176 0.2941176 0.2941176 0.2941176 0.2941176 0.2941176 0.2941176 0.2941176 0.2941176 0.2941176 0.2941176 0.2941176 0.2941176 0.2941176 0.2941176 0.2941176 0.2941176 0.2941176 0.2941176 0.2941176 0.2941176 0.2941176 0.2941176 0.2941176 0.2941176 0.2941176 0.2941176 0.2941176 0.2941176 0.2941176 0.2941176 0.2941176 0.2941176 0.2941176 0.2941176 0.2941176 0.2941176 0.2941176 0.2941176 0.2941176 0.2941176 0.2941176 0.2941176 0.2941176 0.2941176 0.2941176 0.2941176 0.2941176 0.2941176 0.2941176 0.2941176 0.2941176 0.2941176 0.2941176 0.2941176 0.2941176 0.2941176 0.2941176 0.2941176 0.2941176 0.2941176 0.2941176 0.2941176 0.2941176 0.2941176 0.2941176 0.2941176 0.2941176 0.2941176 0.2941176 0.2941176 0.2941176 0.2941176 0.2941176 0.2941176 0.2941176 0.2941176 0.2941176 0.2941176 0.2941176 0.2941176 0.2941176 0.2941176 0.2941176 0.2941176 0.2941176 0.2941176 0.2941176 0.2941176 0.2941176 0.2941176 0.2941176 0.2941176 0.2941176 0.2941176 0.2941176 0.2941176 0.2941176 0.2941176 0.2941176 0.2941176 0.2941176 0.2941176 0.2941176 0.2941176 0.2941176 0.2941176 0.2941176 0.2941176 0.2941176 0.2941176 0.2941176 0.2941176 0.2941176 0.2941176 0.2941176 0.2941176 0.2941176 0.2941176 0.2941176 0.2941176 0.2941176 0.2941176 0.2941176 0.2941176 0.2941176 0.2941176 0.2941176 0.2941176 0.2941176 0.2941176 0.2941176 0.2941176 0.2941176 0.2941176 0.2941176 0.2941176 0.2941176 0.2941176 0.2941176 0.2941176 0.2941176 0.2941176 0.2941176 0.2941176 0.2941176 0.2941176 0.2941176 0.2941176 0.2941176 0.2941176 0.2941176 0.2941176 0.2941176 0.2941176 0.2941176 0.2941176 0.2941176 0.2941176 0.2941176 0.2941176 0.2941176 0.2941176 0.2941176 0.2941176 0.2941176 0.2941176 0.2941176 0.2941176 0.2941176 0.2941176 0.2941176 0.2941176 0.2941176 0.2941176 0.2941176 0.2941176 0.2941176 0.2941176 0.2941176 0.2941176 0.2941176 0.2941176 0.2941176 0.2941176 0.2941176 0.2941176 0.2941176 0.2941176 0.2941176 0.2941176 0.2941176 0.2941176 0.2941176 0.2941176 0.2941176 0.2941176 0.2941176 0.2941176 0.2941176 0.2941176 0.2941176 0.2941176 0.2941176 0.2941176 0.2941176 0.2941176 0.2941176 0.2941176 0.2941176 0.2941176 0.2941176 0.2941176 0.2941176 0.2941176 0.2941176 0.2941176 0.2941176 0.2941176 0.2941176 0.2941176 0.2941176 0.2941176 0.2941176 0.2941176 0.2941176 0.2941176 0.2941176 0.2941176 0.2941176 0.2941176 0.2941176 0.2941176 0.2941176 0.2941176 0.2941176 0.2941176 0.2941176 0.2941176 0.2941176 0.2941176 0.2941176 0.2941176 0.2941176 0.2941176 0.2941176 0.2941176 0.2941176 0.2941176 0.2941176 0.2941176 0.2941176 0.2941176 0.2941176 0.2941176 0.2941176 0.2941176 0.2941176 0.2941176 0.2941176 0.2941176 0.2941176 0.2941176 0.2941176 0.2941176 0.2941176 0.2941176 0.2941176 0.2941176 0.2941176 0.2941176 0.2941176 0.2941176 0.2941176 0.2941176 0.2941176 0.2941176 0.2941176 0.2941176 0.2941176 0.2941176 0.2941176 0.2941176 0.2941176 0.2941176 0.2941176 0.2941176 0.2941176 0.2941176 0.2941176 0.2941176 0.2941176 0.2941176 0.2941176 0.2941176 0.2941176 0.2941176 0.2941176 0.2941176 0.2941176 0.2941176 0.2941176 0.2941176 0.2941176 0.2941176 0.2941176 0.2941176 0.2941176 0.2941176 0.2941176 0.2941176 0.2941176 0.2941176 0.2941176 0.2941176 0.2941176 0.2941176 0.2941176 0.2941176 0.2941176 0.2941176 0.2941176 0.2941176 0.2941176 0.2941176 0.2941176 0.2941176 0.2941176 0.2941176 0.2941176 0.2941176 0.2941176 0.2941176 0.2941176 0.2941176 0.2941176 0.2941176 0.2941176 0.2941176 0.2941176 0.2941176 0.2941176 0.2941176 0.2941176 0.2941176 0.2941176 0.2941176 0.2941176 0.2941176 0.2941176 0.2941176 0.2941176 0.2941176 0.2941176 0.2941176 0.2941176 0.2941176 0.2941176 0.2941176 0.2941176 0.2941176 0.2941176 0.2941176 0.2941176 0.2941176 0.2941176 0.2941176 0.2941176 0.2941176 0.2941176 0.2941176 0.2941176 0.2941176 0.2941176 0.2941176 0.2941176 0.2941176 0.2941176 0.2941176 0.2941176 0.2941176 0.2941176 0.2941176 0.2941176 0.2941176 0.2941176 0.2941176 0.2941176 0.2941176 0.2941176 0.2941176 0.2941176 0.2941176 0.2941176 0.2941176 0.2941176 0.2941176 0.2941176 0.2941176 0.2941176 0.2941176 0.2941176 0.2941176</float_array>
          <technique_common>
            <accessor count="711" source="#colors-array-array" stride="3">
              <param type="float" name="R"/>
              <param type="float" name="G"/>
              <param type="float" name="B"/>
            </accessor>
          </technique_common>
        </source>
        <vertices id="verts-array-vertices">
          <input semantic="POSITION" source="#verts-array"/>
        </vertices>
        <triangles count="1111" material="material1">
          <input offset="0" semantic="VERTEX" source="#verts-array-vertices"/>
          <input offset="1" semantic="NORMAL" source="#normals-array"/>
          <input offset="2" semantic="COLOR" source="#colors-array"/>
          <p>0 0 0 1 1 1 2 2 2 3 3 3 4 4 4 5 5 5 6 6 6 7 7 7 8 8 8 9 9 9 10 10 10 11 11 11 2 2 2 6 6 6 0 0 0 8 8 8 0 0 0 6 6 6 0 0 0 8 8 8 11 11 11 3 3 3 11 11 11 8 8 8 11 11 11 3 3 3 9 9 9 5 5 5 9 9 9 3 3 3 12 12 12 13 13 13 14 14 14 15 15 15 14 14 14 13 13 13 16 16 16 14 14 14 17 17 17 15 15 15 17 17 17 14 14 14 17 17 17 15 15 15 18 18 18 19 19 19 18 18 18 15 15 15 20 20 20 21 21 21 22 22 22 23 23 23 22 22 22 21 21 21 24 24 24 22 22 22 25 25 25 23 23 23 25 25 25 22 22 22 25 25 25 23 23 23 26 26 26 27 27 27 28 28 28 29 29 29 23 23 23 30 30 30 31 31 31 31 31 31 32 32 32 23 23 23 33 33 33 23 23 23 32 32 32 23 23 23 33 33 33 26 26 26 34 34 34 35 35 35 36 36 36 36 36 36 37 37 37 34 34 34 38 38 38 34 34 34 37 37 37 39 39 39 34 34 34 38 38 38 23 23 23 40 40 40 41 41 41 41 41 41 42 42 42 23 23 23 23 23 23 42 42 42 30 30 30 43 43 43 30 30 30 42 42 42 30 30 30 43 43 43 29 29 29 29 29 29 43 43 43 44 44 44 45 45 45 46 46 46 41 41 41 47 47 47 48 48 48 38 38 38 27 27 27 38 38 38 48 48 48 38 38 38 27 27 27 39 39 39 29 29 29 39 39 39 27 27 27 44 44 44 39 39 39 29 29 29 35 35 35 49 49 49 36 36 36 36 36 36 49 49 49 50 50 50 51 51 51 50 50 50 49 49 49 50 50 50 51 51 51 52 52 52 52 52 52 51 51 51 53 53 53 54 54 54 53 53 53 51 51 51 53 53 53 54 54 54 55 55 55 55 55 55 54 54 54 56 56 56 57 57 57 56 56 56 54 54 54 56 56 56 57 57 57 41 41 41 45 45 45 41 41 41 57 57 57 41 41 41 46 46 46 42 42 42 58 58 58 59 59 59 60 60 60 61 61 61 60 60 60 59 59 59 62 62 62 60 60 60 63 63 63 61 61 61 63 63 63 60 60 60 63 63 63 61 61 61 64 64 64 65 65 65 64 64 64 61 61 61 66 66 66 25 25 25 26 26 26 66 66 66 26 26 26 67 67 67 33 33 33 67 67 67 26 26 26 67 67 67 33 33 33 68 68 68 32 32 32 68 68 68 33 33 33 68 68 68 32 32 32 69 69 69 31 31 31 69 69 69 32 32 32 69 69 69 31 31 31 70 70 70 30 30 30 70 70 70 31 31 31 70 70 70 30 30 30 71 71 71 29 29 29 71 71 71 30 30 30 71 71 71 29 29 29 72 72 72 73 73 73 74 74 74 75 75 75 74 74 74 73 73 73 76 76 76 77 77 77 76 76 76 73 73 73 76 76 76 77 77 77 78 78 78 79 79 79 80 80 80 81 81 81 82 82 82 83 83 83 84 84 84 85 85 85 86 86 86 87 87 87 87 87 87 88 88 88 85 85 85 89 89 89 85 85 85 88 88 88 85 85 85 89 89 89 84 84 84 74 74 74 84 84 84 89 89 89 90 90 90 91 91 91 84 84 84 86 86 86 85 85 85 92 92 92 93 93 93 92 92 92 85 85 85 94 94 94 92 92 92 93 93 93 95 95 95 96 96 96 83 83 83 97 97 97 83 83 83 96 96 96 83 83 83 97 97 97 98 98 98 91 91 91 99 99 99 84 84 84 100 100 100 84 84 84 99 99 99 84 84 84 100 100 100 101 101 101 102 102 102 101 101 101 100 100 100 101 101 101 102 102 102 103 103 103 104 104 104 103 103 103 102 102 102 103 103 103 104 104 104 105 105 105 106 106 106 105 105 105 104 104 104 107 107 107 108 108 108 109 109 109 110 110 110 109 109 109 108 108 108 109 109 109 110 110 110 111 111 111 112 112 112 111 111 111 110 110 110 111 111 111 112 112 112 113 113 113 114 114 114 113 113 113 112 112 112 113 113 113 114 114 114 115 115 115 116 116 116 115 115 115 114 114 114 115 115 115 116 116 116 117 117 117 74 74 74 118 118 118 84 84 84 82 82 82 84 84 84 118 118 118 98 98 98 119 119 119 83 83 83 120 120 120 83 83 83 119 119 119 83 83 83 120 120 120 84 84 84 121 121 121 84 84 84 120 120 120 84 84 84 121 121 121 90 90 90 80 80 80 122 122 122 81 81 81 123 123 123 81 81 81 122 122 122 81 81 81 123 123 123 124 124 124 125 125 125 124 124 124 123 123 123 124 124 124 125 125 125 126 126 126 117 117 117 126 126 126 125 125 125 126 126 126 117 117 117 127 127 127 116 116 116 127 127 127 117 117 117 128 128 128 129 129 129 130 130 130 131 131 131 130 130 130 129 129 129 130 130 130 131 131 131 132 132 132 133 133 133 132 132 132 131 131 131 132 132 132 133 133 133 134 134 134 135 135 135 134 134 134 133 133 133 134 134 134 135 135 135 136 136 136 137 137 137 136 136 136 135 135 135 136 136 136 137 137 137 107 107 107 138 138 138 107 107 107 137 137 137 107 107 107 138 138 138 108 108 108 79 79 79 81 81 81 104 104 104 104 104 104 81 81 81 106 106 106 139 139 139 140 140 140 81 81 81 141 141 141 81 81 81 140 140 140 81 81 81 141 141 141 106 106 106 83 83 83 142 142 142 95 95 95 143 143 143 95 95 95 142 142 142 95 95 95 143 143 143 144 144 144 145 145 145 144 144 144 143 143 143 144 144 144 145 145 145 146 146 146 147 147 147 146 146 146 145 145 145 146 146 146 147 147 147 148 148 148 149 149 149 148 148 148 147 147 147 148 148 148 149 149 149 150 150 150 151 151 151 150 150 150 149 149 149 150 150 150 151 151 151 128 128 128 152 152 152 128 128 128 151 151 151 128 128 128 152 152 152 129 129 129 153 153 153 139 139 139 81 81 81 154 154 154 155 155 155 156 156 156 157 157 157 158 158 158 159 159 159 160 160 160 161 161 161 162 162 162 163 163 163 164 164 164 165 165 165 165 165 165 164 164 164 162 162 162 166 166 166 162 162 162 164 164 164 162 162 162 166 166 166 160 160 160 163 163 163 165 165 165 167 167 167 66 66 66 167 167 167 165 165 165 167 167 167 66 66 66 168 168 168 67 67 67 168 168 168 66 66 66 168 168 168 67 67 67 169 169 169 68 68 68 169 169 169 67 67 67 169 169 169 68 68 68 170 170 170 69 69 69 170 170 170 68 68 68 170 170 170 69 69 69 171 171 171 70 70 70 171 171 171 69 69 69 171 171 171 70 70 70 172 172 172 71 71 71 172 172 172 70 70 70 172 172 172 71 71 71 173 173 173 72 72 72 173 173 173 71 71 71 173 173 173 72 72 72 174 174 174 174 174 174 72 72 72 175 175 175 176 176 176 175 175 175 72 72 72 175 175 175 176 176 176 177 177 177 178 178 178 179 179 179 180 180 180 179 179 179 178 178 178 181 181 181 182 182 182 181 181 181 178 178 178 181 181 181 182 182 182 183 183 183 184 184 184 183 183 183 182 182 182 185 185 185 183 183 183 184 184 184 183 183 183 185 185 185 186 186 186 160 160 160 187 187 187 161 161 161 188 188 188 161 161 161 187 187 187 188 188 188 189 189 189 161 161 161 161 161 161 189 189 189 180 180 180 180 180 180 179 179 179 161 161 161 161 161 161 179 179 179 190 190 190 190 190 190 191 191 191 161 161 161 186 186 186 176 176 176 192 192 192 192 192 192 176 176 176 193 193 193 158 158 158 193 193 193 176 176 176 159 159 159 158 158 158 194 194 194 158 158 158 195 195 195 194 194 194 196 196 196 159 159 159 197 197 197 198 198 198 196 196 196 197 197 197 199 199 199 195 195 195 200 200 200 199 199 199 194 194 194 195 195 195 201 201 201 202 202 202 203 203 203 196 196 196 204 204 204 159 159 159 159 159 159 204 204 204 75 75 75 159 159 159 75 75 75 157 157 157 198 198 198 205 205 205 196 196 196 196 196 196 205 205 205 203 203 203 201 201 201 203 203 203 205 205 205 206 206 206 207 207 207 208 208 208 202 202 202 209 209 209 207 207 207 207 207 207 209 209 209 208 208 208 202 202 202 207 207 207 203 203 203 210 210 210 203 203 203 207 207 207 203 203 203 210 210 210 211 211 211 212 212 212 207 207 207 213 213 213 213 213 213 207 207 207 214 214 214 215 215 215 214 214 214 207 207 207 210 210 210 207 207 207 212 212 212 211 211 211 216 216 216 203 203 203 217 217 217 203 203 203 216 216 216 203 203 203 217 217 217 218 218 218 219 219 219 218 218 218 217 217 217 218 218 218 219 219 219 220 220 220 220 220 220 219 219 219 221 221 221 222 222 222 223 223 223 215 215 215 215 215 215 223 223 223 214 214 214 221 221 221 224 224 224 220 220 220 220 220 220 224 224 224 215 215 215 222 222 222 215 215 215 224 224 224 225 225 225 226 226 226 215 215 215 227 227 227 215 215 215 226 226 226 215 215 215 227 227 227 220 220 220 228 228 228 225 225 225 229 229 229 229 229 229 225 225 225 230 230 230 231 231 231 230 230 230 225 225 225 232 232 232 233 233 233 234 234 234 234 234 234 233 233 233 231 231 231 235 235 235 231 231 231 233 233 233 231 231 231 235 235 235 236 236 236 237 237 237 238 238 238 239 239 239 238 238 238 237 237 237 240 240 240 240 240 240 237 237 237 234 234 234 241 241 241 242 242 242 243 243 243 242 242 242 241 241 241 238 238 238 244 244 244 245 245 245 246 246 246 246 246 246 247 247 247 244 244 244 246 246 246 245 245 245 242 242 242 248 248 248 242 242 242 245 245 245 242 242 242 248 248 248 243 243 243 247 247 247 246 246 246 249 249 249 250 250 250 251 251 251 252 252 252 252 252 252 253 253 253 250 250 250 246 246 246 250 250 250 254 254 254 255 255 255 251 251 251 250 250 250 176 176 176 256 256 256 255 255 255 185 185 185 177 177 177 186 186 186 176 176 176 186 186 186 177 177 177 154 154 154 156 156 156 257 257 257 258 258 258 259 259 259 156 156 156 260 260 260 156 156 156 259 259 259 156 156 156 260 260 260 257 257 257 240 240 240 261 261 261 262 262 262 263 263 263 264 264 264 240 240 240 265 265 265 240 240 240 264 264 264 240 240 240 265 265 265 261 261 261 266 266 266 267 267 267 215 215 215 267 267 267 268 268 268 215 215 215 269 269 269 215 215 215 268 268 268 215 215 215 269 269 269 270 270 270 207 207 207 195 195 195 271 271 271 195 195 195 207 207 207 200 200 200 206 206 206 200 200 200 207 207 207 272 272 272 195 195 195 273 273 273 195 195 195 272 272 272 274 274 274 156 156 156 155 155 155 275 275 275 276 276 276 277 277 277 246 246 246 278 278 278 279 279 279 156 156 156 277 277 277 280 280 280 246 246 246 246 246 246 280 280 280 156 156 156 278 278 278 156 156 156 280 280 280 281 281 281 258 258 258 282 282 282 156 156 156 282 282 282 258 258 258 279 279 279 282 282 282 156 156 156 242 242 242 283 283 283 284 284 284 284 284 284 285 285 285 242 242 242 242 242 242 285 285 285 246 246 246 276 276 276 246 246 246 285 285 285 286 286 286 258 258 258 281 281 281 286 286 286 287 287 287 258 258 258 258 258 258 287 287 287 242 242 242 283 283 283 242 242 242 287 287 287 288 288 288 289 289 289 258 258 258 290 290 290 291 291 291 238 238 238 292 292 292 258 258 258 289 289 289 293 293 293 294 294 294 242 242 242 242 242 242 294 294 294 258 258 258 288 288 288 258 258 258 294 294 294 262 262 262 295 295 295 240 240 240 258 258 258 240 240 240 295 295 295 240 240 240 258 258 258 296 296 296 292 292 292 296 296 296 258 258 258 296 296 296 297 297 297 240 240 240 240 240 240 297 297 297 298 298 298 238 238 238 291 291 291 242 242 242 242 242 242 291 291 291 293 293 293 290 290 290 238 238 238 299 299 299 300 300 300 240 240 240 298 298 298 240 240 240 300 300 300 238 238 238 238 238 238 300 300 300 299 299 299 301 301 301 302 302 302 275 275 275 303 303 303 250 250 250 304 304 304 305 305 305 255 255 255 306 306 306 250 250 250 306 306 306 255 255 255 303 303 303 306 306 306 250 250 250 307 307 307 156 156 156 308 308 308 309 309 309 255 255 255 305 305 305 246 246 246 156 156 156 250 250 250 307 307 307 250 250 250 156 156 156 250 250 250 307 307 307 304 304 304 310 310 310 275 275 275 302 302 302 275 275 275 310 310 310 156 156 156 156 156 156 310 310 310 308 308 308 309 309 309 311 311 311 255 255 255 255 255 255 311 311 311 275 275 275 301 301 301 275 275 275 311 311 311 312 312 312 240 240 240 313 313 313 314 314 314 263 263 263 315 315 315 240 240 240 315 315 315 263 263 263 312 312 312 315 315 315 240 240 240 316 316 316 263 263 263 314 314 314 316 316 316 317 317 317 263 263 263 263 263 263 317 317 317 231 231 231 318 318 318 231 231 231 317 317 317 319 319 319 320 320 320 234 234 234 318 318 318 321 321 321 231 231 231 231 231 231 321 321 321 234 234 234 319 319 319 234 234 234 321 321 321 320 320 320 322 322 322 234 234 234 234 234 234 322 322 322 240 240 240 313 313 313 240 240 240 322 322 322 323 323 323 176 176 176 324 324 324 325 325 325 326 326 326 255 255 255 255 255 255 326 326 326 327 327 327 324 324 324 255 255 255 327 327 327 255 255 255 324 324 324 176 176 176 328 328 328 329 329 329 195 195 195 176 176 176 323 323 323 195 195 195 328 328 328 195 195 195 323 323 323 330 330 330 331 331 331 275 275 275 275 275 275 331 331 331 255 255 255 325 325 325 255 255 255 331 331 331 332 332 332 195 195 195 329 329 329 273 273 273 195 195 195 333 333 333 333 333 333 195 195 195 275 275 275 332 332 332 275 275 275 195 195 195 275 275 275 332 332 332 330 330 330 270 270 270 263 263 263 215 215 215 334 334 334 215 215 215 263 263 263 334 334 334 335 335 335 215 215 215 215 215 215 335 335 335 336 336 336 337 337 337 338 338 338 225 225 225 339 339 339 215 215 215 336 336 336 215 215 215 339 339 339 225 225 225 225 225 225 339 339 339 337 337 337 340 340 340 341 341 341 263 263 263 341 341 341 342 342 342 263 263 263 263 263 263 342 342 342 334 334 334 343 343 343 225 225 225 338 338 338 225 225 225 343 343 343 231 231 231 231 231 231 343 343 343 344 344 344 344 344 344 345 345 345 231 231 231 231 231 231 345 345 345 263 263 263 340 340 340 263 263 263 345 345 345 274 274 274 271 271 271 195 195 195 158 158 158 176 176 176 195 195 195 207 207 207 266 266 266 215 215 215 139 139 139 346 346 346 246 246 246 139 139 139 246 246 246 140 140 140 140 140 140 246 246 246 141 141 141 246 246 246 254 254 254 141 141 141 250 250 250 141 141 141 254 254 254 141 141 141 250 250 250 106 106 106 253 253 253 106 106 106 250 250 250 106 106 106 253 253 253 105 105 105 252 252 252 105 105 105 253 253 253 105 105 105 252 252 252 103 103 103 251 251 251 103 103 103 252 252 252 103 103 103 251 251 251 101 101 101 255 255 255 101 101 101 251 251 251 101 101 101 255 255 255 84 84 84 256 256 256 84 84 84 255 255 255 84 84 84 256 256 256 85 85 85 59 59 59 58 58 58 93 93 93 72 72 72 29 29 29 28 28 28 72 72 72 85 85 85 256 256 256 85 85 85 72 72 72 93 93 93 347 347 347 348 348 348 28 28 28 59 59 59 28 28 28 348 348 348 28 28 28 59 59 59 72 72 72 93 93 93 72 72 72 59 59 59 94 94 94 60 60 60 349 349 349 62 62 62 349 349 349 60 60 60 36 36 36 181 181 181 37 37 37 183 183 183 37 37 37 181 181 181 350 350 350 351 351 351 62 62 62 37 37 37 62 62 62 351 351 351 62 62 62 37 37 37 349 349 349 183 183 183 349 349 349 37 37 37 83 83 83 78 78 78 196 196 196 77 77 77 196 196 196 78 78 78 196 196 196 203 203 203 83 83 83 142 142 142 83 83 83 203 203 203 218 218 218 142 142 142 203 203 203 142 142 142 218 218 218 143 143 143 220 220 220 143 143 143 218 218 218 143 143 143 220 220 220 145 145 145 227 227 227 145 145 145 220 220 220 145 145 145 227 227 227 147 147 147 226 226 226 147 147 147 227 227 227 147 147 147 226 226 226 149 149 149 225 225 225 149 149 149 226 226 226 149 149 149 225 225 225 151 151 151 151 151 151 225 225 225 152 152 152 225 225 225 228 228 228 152 152 152 229 229 229 152 152 152 228 228 228 152 152 152 229 229 229 129 129 129 129 129 129 229 229 229 131 131 131 229 229 229 230 230 230 131 131 131 231 231 231 131 131 131 230 230 230 131 131 131 231 231 231 133 133 133 133 133 133 231 231 231 135 135 135 231 231 231 236 236 236 135 135 135 235 235 235 135 135 135 236 236 236 135 135 135 235 235 235 137 137 137 233 233 233 137 137 137 235 235 235 137 137 137 233 233 233 138 138 138 232 232 232 138 138 138 233 233 233 138 138 138 232 232 232 108 108 108 234 234 234 108 108 108 232 232 232 108 108 108 234 234 234 110 110 110 237 237 237 110 110 110 234 234 234 110 110 110 237 237 237 112 112 112 239 239 239 112 112 112 237 237 237 112 112 112 239 239 239 114 114 114 238 238 238 114 114 114 239 239 239 114 114 114 238 238 238 116 116 116 241 241 241 116 116 116 238 238 238 116 116 116 241 241 241 127 127 127 243 243 243 127 127 127 241 241 241 127 127 127 243 243 243 126 126 126 126 126 126 243 243 243 124 124 124 243 243 243 248 248 248 124 124 124 245 245 245 124 124 124 248 248 248 124 124 124 245 245 245 81 81 81 245 245 245 352 352 352 81 81 81 153 153 153 81 81 81 352 352 352 353 353 353 349 349 349 183 183 183 183 183 183 354 354 354 353 353 353 353 353 353 354 354 354 92 92 92 354 354 354 186 186 186 92 92 92 192 192 192 92 92 92 186 186 186 92 92 92 192 192 192 86 86 86 86 86 86 192 192 192 87 87 87 192 192 192 193 193 193 87 87 87 158 158 158 87 87 87 193 193 193 87 87 87 158 158 158 88 88 88 157 157 157 88 88 88 158 158 158 88 88 88 157 157 157 89 89 89 89 89 89 157 157 157 74 74 74 75 75 75 74 74 74 157 157 157 355 355 355 153 153 153 352 352 352 153 153 153 355 355 355 356 356 356 247 247 247 356 356 356 355 355 355 356 356 356 247 247 247 357 357 357 358 358 358 346 346 346 139 139 139 346 346 346 358 358 358 247 247 247 357 357 357 247 247 247 358 358 358 50 50 50 181 181 181 36 36 36 181 181 181 50 50 50 179 179 179 52 52 52 179 179 179 50 50 50 179 179 179 52 52 52 190 190 190 53 53 53 190 190 190 52 52 52 190 190 190 53 53 53 191 191 191 55 55 55 191 191 191 53 53 53 191 191 191 55 55 55 359 359 359 56 56 56 359 359 359 55 55 55 359 359 359 56 56 56 360 360 360 41 41 41 360 360 360 56 56 56 360 360 360 41 41 41 161 161 161 361 361 361 362 362 362 363 363 363 364 364 364 363 363 363 362 362 362 363 363 363 364 364 364 365 365 365 366 366 366 365 365 365 364 364 364 365 365 365 366 366 366 367 367 367 368 368 368 367 367 367 366 366 366 367 367 367 368 368 368 369 369 369 370 370 370 369 369 369 368 368 368 369 369 369 370 370 370 371 371 371 372 372 372 371 371 371 370 370 370 371 371 371 372 372 372 373 373 373 374 374 374 373 373 373 372 372 372 373 373 373 374 374 374 375 375 375 376 376 376 375 375 375 374 374 374 375 375 375 376 376 376 377 377 377 378 378 378 377 377 377 376 376 376 377 377 377 378 378 378 379 379 379 380 380 380 379 379 379 378 378 378 379 379 379 380 380 380 381 381 381 382 382 382 381 381 381 380 380 380 381 381 381 382 382 382 383 383 383 384 384 384 383 383 383 382 382 382 383 383 383 384 384 384 385 385 385 386 386 386 385 385 385 384 384 384 387 387 387 385 385 385 386 386 386 385 385 385 387 387 387 361 361 361 362 362 362 361 361 361 387 387 387 376 376 376 388 388 388 389 389 389 390 390 390 389 389 389 388 388 388 389 389 389 390 390 390 391 391 391 392 392 392 391 391 391 390 390 390 393 393 393 391 391 391 392 392 392 391 391 391 393 393 393 394 394 394 395 395 395 394 394 394 393 393 393 396 396 396 394 394 394 395 395 395 394 394 394 396 396 396 384 384 384 397 397 397 384 384 384 396 396 396 398 398 398 384 384 384 397 397 397 384 384 384 398 398 398 386 386 386 399 399 399 386 386 386 398 398 398 386 386 386 399 399 399 387 387 387 400 400 400 387 387 387 399 399 399 401 401 401 387 387 387 400 400 400 387 387 387 401 401 401 362 362 362 402 402 402 362 362 362 401 401 401 362 362 362 402 402 402 364 364 364 403 403 403 364 364 364 402 402 402 404 404 404 364 364 364 403 403 403 364 364 364 404 404 404 366 366 366 405 405 405 366 366 366 404 404 404 366 366 366 405 405 405 368 368 368 406 406 406 368 368 368 405 405 405 407 407 407 368 368 368 406 406 406 368 368 368 407 407 407 370 370 370 408 408 408 370 370 370 407 407 407 409 409 409 370 370 370 408 408 408 370 370 370 409 409 409 372 372 372 410 410 410 372 372 372 409 409 409 411 411 411 372 372 372 410 410 410 372 372 372 411 411 411 374 374 374 412 412 412 374 374 374 411 411 411 413 413 413 374 374 374 412 412 412 374 374 374 413 413 413 376 376 376 414 414 414 376 376 376 413 413 413 388 388 388 376 376 376 414 414 414 402 402 402 415 415 415 403 403 403 416 416 416 403 403 403 415 415 415 403 403 403 416 416 416 404 404 404 417 417 417 404 404 404 416 416 416 404 404 404 417 417 417 405 405 405 188 188 188 405 405 405 417 417 417 405 405 405 188 188 188 406 406 406 187 187 187 406 406 406 188 188 188 406 406 406 187 187 187 407 407 407 160 160 160 407 407 407 187 187 187 407 407 407 160 160 160 408 408 408 166 166 166 408 408 408 160 160 160 408 408 408 166 166 166 409 409 409 164 164 164 409 409 409 166 166 166 409 409 409 164 164 164 410 410 410 163 163 163 410 410 410 164 164 164 410 410 410 163 163 163 411 411 411 167 167 167 411 411 411 163 163 163 411 411 411 167 167 167 412 412 412 168 168 168 412 412 412 167 167 167 412 412 412 168 168 168 413 413 413 169 169 169 413 413 413 168 168 168 413 413 413 169 169 169 414 414 414 170 170 170 414 414 414 169 169 169 414 414 414 170 170 170 388 388 388 171 171 171 388 388 388 170 170 170 388 388 388 171 171 171 390 390 390 172 172 172 390 390 390 171 171 171 390 390 390 172 172 172 392 392 392 173 173 173 392 392 392 172 172 172 392 392 392 173 173 173 393 393 393 174 174 174 393 393 393 173 173 173 393 393 393 174 174 174 395 395 395 175 175 175 395 395 395 174 174 174 395 395 395 175 175 175 396 396 396 177 177 177 396 396 396 175 175 175 396 396 396 177 177 177 397 397 397 185 185 185 397 397 397 177 177 177 397 397 397 185 185 185 398 398 398 184 184 184 398 398 398 185 185 185 398 398 398 184 184 184 399 399 399 182 182 182 399 399 399 184 184 184 399 399 399 182 182 182 400 400 400 178 178 178 400 400 400 182 182 182 400 400 400 178 178 178 401 401 401 418 418 418 401 401 401 178 178 178 401 401 401 418 418 418 402 402 402 415 415 415 402 402 402 418 418 418 419 419 419 420 420 420 272 272 272 272 272 272 420 420 420 274 274 274 421 421 421 274 274 274 420 420 420 422 422 422 274 274 274 421 421 421 274 274 274 422 422 422 271 271 271 271 271 271 422 422 422 207 207 207 423 423 423 207 207 207 422 422 422 207 207 207 423 423 423 266 266 266 424 424 424 266 266 266 423 423 423 425 425 425 266 266 266 424 424 424 266 266 266 425 425 425 267 267 267 267 267 267 425 425 425 268 268 268 426 426 426 268 268 268 425 425 425 268 268 268 426 426 426 269 269 269 426 426 426 427 427 427 269 269 269 269 269 269 427 427 427 270 270 270 428 428 428 270 270 270 427 427 427 270 270 270 428 428 428 263 263 263 429 429 429 263 263 263 428 428 428 263 263 263 429 429 429 264 264 264 429 429 429 430 430 430 264 264 264 431 431 431 264 264 264 430 430 430 264 264 264 431 431 431 265 265 265 265 265 265 431 431 431 261 261 261 432 432 432 261 261 261 431 431 431 261 261 261 432 432 432 262 262 262 433 433 433 262 262 262 432 432 432 262 262 262 433 433 433 295 295 295 434 434 434 295 295 295 433 433 433 295 295 295 434 434 434 258 258 258 435 435 435 258 258 258 434 434 434 258 258 258 435 435 435 259 259 259 436 436 436 259 259 259 435 435 435 259 259 259 436 436 436 260 260 260 437 437 437 260 260 260 436 436 436 260 260 260 437 437 437 257 257 257 438 438 438 257 257 257 437 437 437 257 257 257 438 438 438 154 154 154 439 439 439 154 154 154 438 438 438 440 440 440 154 154 154 439 439 439 272 272 272 273 273 273 419 419 419 419 419 419 273 273 273 441 441 441 333 333 333 441 441 441 273 273 273 441 441 441 333 333 333 442 442 442 275 275 275 442 442 442 333 333 333 442 442 442 275 275 275 440 440 440 155 155 155 440 440 440 275 275 275 440 440 440 155 155 155 154 154 154 443 443 443 444 444 444 445 445 445 444 444 444 443 443 443 446 446 446 447 447 447 448 448 448 445 445 445 449 449 449 448 448 448 450 450 450 451 451 451 442 442 442 452 452 452 453 453 453 452 452 452 442 442 442 454 454 454 452 452 452 453 453 453 455 455 455 442 442 442 451 451 451 450 450 450 456 456 456 453 453 453 453 453 453 456 456 456 454 454 454 455 455 455 457 457 457 442 442 442 442 442 442 457 457 457 444 444 444 445 445 445 448 448 448 449 449 449 457 457 457 458 458 458 444 444 444 444 444 444 458 458 458 459 459 459 444 444 444 459 459 459 445 445 445 447 447 447 445 445 445 459 459 459 460 460 460 453 453 453 461 461 461 453 453 453 449 449 449 450 450 450 460 460 460 449 449 449 453 453 453 462 462 462 463 463 463 435 435 435 435 435 435 463 463 463 464 464 464 465 465 465 435 435 435 464 464 464 435 435 435 465 465 465 453 453 453 466 466 466 467 467 467 468 468 468 469 469 469 453 453 453 465 465 465 466 466 466 470 470 470 467 467 467 467 467 467 470 470 470 435 435 435 462 462 462 435 435 435 470 470 470 471 471 471 472 472 472 461 461 461 461 461 461 472 472 472 473 473 473 474 474 474 473 473 473 472 472 472 469 469 469 475 475 475 453 453 453 453 453 453 475 475 475 461 461 461 471 471 471 461 461 461 475 475 475 474 474 474 468 468 468 473 473 473 467 467 467 473 473 473 468 468 468 476 476 476 467 467 467 477 477 477 467 467 467 476 476 476 478 478 478 479 479 479 480 480 480 481 481 481 481 481 481 480 480 480 482 482 482 467 467 467 483 483 483 484 484 484 485 485 485 477 477 477 484 484 484 467 467 467 484 484 484 477 477 477 486 486 486 477 477 477 485 485 485 477 477 477 486 486 486 487 487 487 487 487 487 486 486 486 488 488 488 482 482 482 489 489 489 435 435 435 435 435 435 489 489 489 490 490 490 490 490 490 491 491 491 435 435 435 435 435 435 491 491 491 467 467 467 483 483 483 467 467 467 491 491 491 488 488 488 479 479 479 487 487 487 481 481 481 487 487 487 479 479 479 492 492 492 487 487 487 493 493 493 494 494 494 495 495 495 496 496 496 497 497 497 496 496 496 495 495 495 493 493 493 498 498 498 494 494 494 495 495 495 494 494 494 498 498 498 499 499 499 496 496 496 497 497 497 496 496 496 499 499 499 500 500 500 501 501 501 502 502 502 429 429 429 429 429 429 502 502 502 503 503 503 504 504 504 505 505 505 487 487 487 487 487 487 505 505 505 493 493 493 498 498 498 493 493 493 505 505 505 499 499 499 506 506 506 500 500 500 500 500 500 506 506 506 429 429 429 501 501 501 429 429 429 506 506 506 507 507 507 429 429 429 503 503 503 429 429 429 507 507 507 487 487 487 487 487 487 507 507 507 504 504 504 508 508 508 509 509 509 510 510 510 511 511 511 510 510 510 509 509 509 512 512 512 509 509 509 508 508 508 513 513 513 514 514 514 500 500 500 515 515 515 429 429 429 516 516 516 517 517 517 518 518 518 519 519 519 520 520 520 517 517 517 519 519 519 500 500 500 514 514 514 521 521 521 521 521 521 514 514 514 511 511 511 511 511 511 514 514 514 510 510 510 515 515 515 522 522 522 429 429 429 429 429 429 522 522 522 500 500 500 513 513 513 500 500 500 522 522 522 512 512 512 518 518 518 509 509 509 517 517 517 509 509 509 518 518 518 523 523 523 517 517 517 524 524 524 525 525 525 423 423 423 526 526 526 423 423 423 525 525 525 527 527 527 525 525 525 528 528 528 527 527 527 527 527 527 528 528 528 529 529 529 530 530 530 531 531 531 423 423 423 423 423 423 531 531 531 526 526 526 527 527 527 529 529 529 517 517 517 532 532 532 517 517 517 529 529 529 532 532 532 533 533 533 517 517 517 517 517 517 533 533 533 534 534 534 535 535 535 536 536 536 537 537 537 538 538 538 537 537 537 536 536 536 536 536 536 535 535 535 423 423 423 530 530 530 423 423 423 535 535 535 533 533 533 539 539 539 534 534 534 534 534 534 539 539 539 538 538 538 537 537 537 538 538 538 539 539 539 536 536 536 540 540 540 541 541 541 536 536 536 541 541 541 542 542 542 543 543 543 544 544 544 545 545 545 546 546 546 547 547 547 548 548 548 549 549 549 550 550 550 548 548 548 541 541 541 551 551 551 542 542 542 542 542 542 551 551 551 544 544 544 545 545 545 544 544 544 551 551 551 545 545 545 552 552 552 543 543 543 543 543 543 552 552 552 546 546 546 549 549 549 548 548 548 547 547 547 553 553 553 423 423 423 554 554 554 553 553 553 555 555 555 423 423 423 423 423 423 555 555 555 536 536 536 540 540 540 536 536 536 555 555 555 548 548 548 543 543 543 546 546 546 556 556 556 543 543 543 548 548 548 557 557 557 558 558 558 559 559 559 560 560 560 561 561 561 442 442 442 557 557 557 562 562 562 558 558 558 563 563 563 442 442 442 561 561 561 564 564 564 565 565 565 444 444 444 444 444 444 565 565 565 442 442 442 560 560 560 442 442 442 565 565 565 562 562 562 548 548 548 558 558 558 548 548 548 562 562 562 566 566 566 567 567 567 568 568 568 566 566 566 548 548 548 566 566 566 568 568 568 569 569 569 568 568 568 567 567 567 568 568 568 569 569 569 444 444 444 444 444 444 569 569 569 564 564 564 420 420 420 558 558 558 421 421 421 558 558 558 420 420 420 419 419 419 419 419 419 441 441 441 558 558 558 442 442 442 558 558 558 441 441 441 558 558 558 442 442 442 559 559 559 563 563 563 559 559 559 442 442 442 421 421 421 558 558 558 422 422 422 548 548 548 422 422 422 558 558 558 422 422 422 548 548 548 423 423 423 550 550 550 423 423 423 548 548 548 423 423 423 550 550 550 554 554 554 527 527 527 424 424 424 423 423 423 426 426 426 527 527 527 427 427 427 527 527 527 426 426 426 425 425 425 427 427 427 527 527 527 428 428 428 517 517 517 428 428 428 527 527 527 428 428 428 517 517 517 429 429 429 520 520 520 429 429 429 517 517 517 429 429 429 520 520 520 516 516 516 433 433 433 432 432 432 481 481 481 432 432 432 431 431 431 481 481 481 430 430 430 481 481 481 431 431 431 481 481 481 430 430 430 487 487 487 487 487 487 430 430 430 429 429 429 482 482 482 435 435 435 481 481 481 434 434 434 481 481 481 435 435 435 481 481 481 434 434 434 433 433 433 438 438 438 437 437 437 453 453 453 436 436 436 453 453 453 437 437 437 453 453 453 436 436 436 435 435 435 442 442 442 440 440 440 453 453 453 439 439 439 453 453 453 440 440 440 453 453 453 439 439 439 438 438 438 425 425 425 424 424 424 527 527 527 523 523 523 509 509 509 517 517 517 121 121 121 548 548 548 90 90 90 548 548 548 121 121 121 556 556 556 120 120 120 556 556 556 121 121 121 556 556 556 120 120 120 543 543 543 119 119 119 543 543 543 120 120 120 98 98 98 543 543 543 119 119 119 543 543 543 98 98 98 544 544 544 544 544 544 98 98 98 542 542 542 97 97 97 542 542 542 98 98 98 542 542 542 97 97 97 536 536 536 96 96 96 536 536 536 97 97 97 95 95 95 536 536 536 96 96 96 536 536 536 95 95 95 538 538 538 538 538 538 95 95 95 534 534 534 144 144 144 534 534 534 95 95 95 534 534 534 144 144 144 517 517 517 146 146 146 517 517 517 144 144 144 148 148 148 517 517 517 146 146 146 517 517 517 148 148 148 524 524 524 524 524 524 148 148 148 523 523 523 150 150 150 523 523 523 148 148 148 523 523 523 150 150 150 509 509 509 128 128 128 509 509 509 150 150 150 130 130 130 509 509 509 128 128 128 509 509 509 130 130 130 511 511 511 511 511 511 130 130 130 521 521 521 132 132 132 521 521 521 130 130 130 134 134 134 521 521 521 132 132 132 521 521 521 134 134 134 500 500 500 500 500 500 134 134 134 496 496 496 136 136 136 496 496 496 134 134 134 496 496 496 136 136 136 494 494 494 107 107 107 494 494 494 136 136 136 109 109 109 494 494 494 107 107 107 494 494 494 109 109 109 493 493 493 493 493 493 109 109 109 492 492 492 111 111 111 492 492 492 109 109 109 492 492 492 111 111 111 487 487 487 113 113 113 487 487 487 111 111 111 115 115 115 487 487 487 113 113 113 125 125 125 478 478 478 117 117 117 476 476 476 117 117 117 478 478 478 117 117 117 476 476 476 115 115 115 477 477 477 115 115 115 476 476 476 115 115 115 477 477 477 487 487 487 122 122 122 473 473 473 123 123 123 467 467 467 123 123 123 473 473 473 123 123 123 467 467 467 125 125 125 478 478 478 125 125 125 467 467 467 80 80 80 461 461 461 122 122 122 473 473 473 122 122 122 461 461 461 104 104 104 449 449 449 79 79 79 460 460 460 79 79 79 449 449 449 79 79 79 460 460 460 80 80 80 461 461 461 80 80 80 460 460 460 102 102 102 445 445 445 104 104 104 449 449 449 104 104 104 445 445 445 548 548 548 568 568 568 90 90 90 90 90 90 568 568 568 91 91 91 444 444 444 91 91 91 568 568 568 91 91 91 444 444 444 99 99 99 446 446 446 99 99 99 444 444 444 99 99 99 446 446 446 100 100 100 443 443 443 100 100 100 446 446 446 100 100 100 443 443 443 102 102 102 445 445 445 102 102 102 443 443 443 570 570 570 571 571 571 572 572 572 573 573 573 572 572 572 571 571 571 574 574 574 572 572 572 573 573 573 572 572 572 574 574 574 336 336 336 512 512 512 336 336 336 574 574 574 336 336 336 512 512 512 575 575 575 576 576 576 575 575 575 512 512 512 575 575 575 576 576 576 338 338 338 338 338 338 576 576 576 577 577 577 578 578 578 577 577 577 576 576 576 577 577 577 578 578 578 579 579 579 580 580 580 579 579 579 578 578 578 513 513 513 579 579 579 580 580 580 579 579 579 513 513 513 345 345 345 345 345 345 513 513 513 581 581 581 582 582 582 581 581 581 513 513 513 581 581 581 582 582 582 583 583 583 584 584 584 583 583 583 582 582 582 516 516 516 583 583 583 584 584 584 583 583 583 516 516 516 342 342 342 342 342 342 516 516 516 570 570 570 571 571 571 570 570 570 516 516 516 585 585 585 586 586 586 211 211 211 587 587 587 211 211 211 586 586 586 537 537 537 211 211 211 587 587 587 211 211 211 537 537 537 588 588 588 588 588 588 537 537 537 589 589 589 590 590 590 589 589 589 537 537 537 589 589 589 590 590 590 591 591 591 592 592 592 591 591 591 590 590 590 532 532 532 591 591 591 592 592 592 591 591 591 532 532 532 593 593 593 593 593 593 532 532 532 594 594 594 595 595 595 594 594 594 532 532 532 594 594 594 595 595 595 596 596 596 597 597 597 596 596 596 595 595 595 596 596 596 597 597 597 223 223 223 598 598 598 223 223 223 597 597 597 223 223 223 598 598 598 214 214 214 599 599 599 214 214 214 598 598 598 214 214 214 599 599 599 213 213 213 526 526 526 213 213 213 599 599 599 600 600 600 213 213 213 526 526 526 213 213 213 600 600 600 601 601 601 601 601 601 600 600 600 585 585 585 586 586 586 585 585 585 600 600 600 602 602 602 603 603 603 604 604 604 603 603 603 602 602 602 605 605 605 545 545 545 605 605 605 602 602 602 605 605 605 545 545 545 198 198 198 198 198 198 545 545 545 606 606 606 607 607 607 606 606 606 545 545 545 606 606 606 607 607 607 608 608 608 609 609 609 608 608 608 607 607 607 610 610 610 608 608 608 609 609 609 608 608 608 610 610 610 611 611 611 612 612 612 611 611 611 610 610 610 611 611 611 612 612 612 209 209 209 613 613 613 209 209 209 612 612 612 209 209 209 613 613 613 208 208 208 554 554 554 208 208 208 613 613 613 208 208 208 554 554 554 206 206 206 206 206 206 554 554 554 614 614 614 615 615 615 614 614 614 554 554 554 614 614 614 615 615 615 616 616 616 617 617 617 616 616 616 615 615 615 618 618 618 616 616 616 617 617 617 616 616 616 618 618 618 619 619 619 604 604 604 619 619 619 618 618 618 619 619 619 604 604 604 603 603 603 620 620 620 621 621 621 622 622 622 623 623 623 622 622 622 621 621 621 622 622 622 623 623 623 624 624 624 625 625 625 624 624 624 623 623 623 624 624 624 625 625 625 626 626 626 627 627 627 626 626 626 625 625 625 626 626 626 627 627 627 328 328 328 628 628 628 328 328 328 627 627 627 328 328 328 628 628 628 329 329 329 629 629 629 329 329 329 628 628 628 329 329 329 629 629 629 332 332 332 630 630 630 332 332 332 629 629 629 332 332 332 630 630 630 631 631 631 632 632 632 631 631 631 630 630 630 631 631 631 632 632 632 331 331 331 633 633 633 331 331 331 632 632 632 331 331 331 633 633 633 634 634 634 635 635 635 634 634 634 633 633 633 634 634 634 635 635 635 636 636 636 565 565 565 636 636 636 635 635 635 636 636 636 565 565 565 637 637 637 638 638 638 637 637 637 565 565 565 637 637 637 638 638 638 620 620 620 621 621 621 620 620 620 638 638 638 306 306 306 639 639 639 305 305 305 640 640 640 305 305 305 639 639 639 305 305 305 640 640 640 641 641 641 458 458 458 641 641 641 640 640 640 641 641 641 458 458 458 642 642 642 643 643 643 642 642 642 458 458 458 642 642 642 643 643 643 644 644 644 645 645 645 644 644 644 643 643 643 451 451 451 644 644 644 645 645 645 644 644 644 451 451 451 302 302 302 302 302 302 451 451 451 310 310 310 452 452 452 310 310 310 451 451 451 310 310 310 452 452 452 308 308 308 454 454 454 308 308 308 452 452 452 308 308 308 454 454 454 307 307 307 456 456 456 307 307 307 454 454 454 307 307 307 456 456 456 646 646 646 647 647 647 646 646 646 456 456 456 646 646 646 647 647 647 648 648 648 649 649 649 648 648 648 647 647 647 648 648 648 649 649 649 303 303 303 650 650 650 303 303 303 649 649 649 303 303 303 650 650 650 306 306 306 639 639 639 306 306 306 650 650 650 475 475 475 651 651 651 471 471 471 651 651 651 475 475 475 652 652 652 653 653 653 652 652 652 475 475 475 652 652 652 653 653 653 654 654 654 654 654 654 653 653 653 655 655 655 656 656 656 655 655 655 653 653 653 655 655 655 656 656 656 281 281 281 464 464 464 281 281 281 656 656 656 463 463 463 281 281 281 464 464 464 281 281 281 463 463 463 657 657 657 462 462 462 657 657 657 463 463 463 657 657 657 462 462 462 658 658 658 470 470 470 658 658 658 462 462 462 658 658 658 470 470 470 659 659 659 660 660 660 659 659 659 470 470 470 659 659 659 660 660 660 285 285 285 285 285 285 660 660 660 661 661 661 662 662 662 661 661 661 660 660 660 661 661 661 662 662 662 663 663 663 474 474 474 663 663 663 662 662 662 472 472 472 663 663 663 474 474 474 663 663 663 472 472 472 664 664 664 471 471 471 664 664 664 472 472 472 664 664 664 471 471 471 651 651 651 665 665 665 666 666 666 667 667 667 668 668 668 667 667 667 666 666 666 489 489 489 667 667 667 668 668 668 667 667 667 489 489 489 292 292 292 292 292 292 489 489 489 669 669 669 670 670 670 669 669 669 489 489 489 669 669 669 670 670 670 671 671 671 672 672 672 671 671 671 670 670 670 673 673 673 671 671 671 672 672 672 671 671 671 673 673 673 298 298 298 298 298 298 673 673 673 674 674 674 675 675 675 674 674 674 673 673 673 674 674 674 675 675 675 676 676 676 488 488 488 676 676 676 675 675 675 677 677 677 676 676 676 488 488 488 676 676 676 677 677 677 290 290 290 290 290 290 677 677 677 678 678 678 679 679 679 678 678 678 677 677 677 678 678 678 679 679 679 680 680 680 681 681 681 680 680 680 679 679 679 483 483 483 680 680 680 681 681 681 680 680 680 483 483 483 294 294 294 294 294 294 483 483 483 665 665 665 666 666 666 665 665 665 483 483 483 682 682 682 683 683 683 314 314 314 503 503 503 314 314 314 683 683 683 684 684 684 314 314 314 503 503 503 314 314 314 684 684 684 685 685 685 685 685 685 684 684 684 686 686 686 687 687 687 686 686 686 684 684 684 686 686 686 687 687 687 688 688 688 506 506 506 688 688 688 687 687 687 689 689 689 688 688 688 506 506 506 688 688 688 689 689 689 321 321 321 321 321 321 689 689 689 690 690 690 691 691 691 690 690 690 689 689 689 690 690 690 691 691 691 692 692 692 693 693 693 692 692 692 691 691 691 694 694 694 692 692 692 693 693 693 692 692 692 694 694 694 695 695 695 695 695 695 694 694 694 696 696 696 697 697 697 696 696 696 694 694 694 696 696 696 697 697 697 698 698 698 505 505 505 698 698 698 697 697 697 699 699 699 698 698 698 505 505 505 698 698 698 699 699 699 700 700 700 700 700 700 699 699 699 682 682 682 683 683 683 682 682 682 699 699 699 24 24 24 25 25 25 66 66 66 701 701 701 14 14 14 165 165 165 16 16 16 165 165 165 14 14 14 165 165 165 16 16 16 66 66 66 66 66 66 16 16 16 24 24 24 6 6 6 24 24 24 16 16 16 24 24 24 6 6 6 2 2 2 161 161 161 41 41 41 40 40 40 12 12 12 702 702 702 13 13 13 162 162 162 13 13 13 702 702 702 9 9 9 5 5 5 40 40 40 13 13 13 40 40 40 5 5 5 40 40 40 13 13 13 161 161 161 162 162 162 161 161 161 13 13 13 350 350 350 703 703 703 351 351 351 704 704 704 351 351 351 703 703 703 347 347 347 705 705 705 348 348 348 706 706 706 348 348 348 705 705 705 707 707 707 348 348 348 708 708 708 706 706 706 708 708 708 348 348 348 708 708 708 706 706 706 704 704 704 709 709 709 704 704 704 706 706 706 704 704 704 709 709 709 351 351 351 710 710 710 351 351 351 709 709 709 330 330 330 332 332 332 631 631 631 631 631 631 331 331 331 330 330 330 161 161 161 191 191 191 359 359 359 359 359 359 360 360 360 161 161 161 249 249 249 246 246 246 346 346 346 346 346 346 247 247 247 249 249 249 183 183 183 186 186 186 354 354 354 92 92 92 94 94 94 349 349 349 349 349 349 353 353 353 92 92 92 93 93 93 58 58 58 60 60 60 60 60 60 94 94 94 93 93 93</p>
        </triangles>
      </mesh>
    </geometry>
    <geometry id="86f0c90af8924fb7949a55619d5699c3" name="781d9b496350425b89c6364146e6efb0">
      <mesh>
        <source id="verts-array">
          <float_array count="5085" id="verts-array-array">-0.00589605 0.06421373 0.02474149 -0.0056 0.06429306 0.02474149 -0.0056 0.06545297 0.02474149 -0.00735 0.06545297 0.02474149 -0.00735 0.06430297 0.02474149 -0.00632166 0.06262532 0.02474149 -0.009847955 0.05872684 0.02474149 -0.008 0.06057074 0.02474149 -0.01 0.05980297 0.02474149 -0.007987398 0.06215988 0.02474149 -0.01 0.06230297 0.02474149 -0.0105 0.06430297 0.02474149 -0.007881065 0.06233894 0.02474149 -0.0077 0.06240297 0.02474149 -0.00661144 0.06240297 0.02474149 -0.0135 0.05530297 0.02474149 -0.0129259 0.05565297 0.02474149 -0.0135 0.05890297 0.02474149 -0.0122759 0.05807885 0.02474149 -0.00258924 0.07269902 0.02474149 -0.00250991 0.07240297 0.02474149 -0.00135 0.07240297 0.02474149 -0.0134319 0.05478537 0.02474149 -0.0132321 0.05430297 0.02474149 -0.0129142 0.05388877 0.02474149 -0.007 0.07680297 0.02474149 -0.0025 0.07415297 0.02474149 -0.0045 0.07680297 0.02474149 -0.0025 0.07730297 0.02474149 -0.00793597 0.07132191 0.02474149 -0.01 0.07130297 0.02474149 -0.0105 0.06930297 0.02474149 -0.0135 0.06980297 0.02474149 -0.0135 0.06380297 0.02474149 -0.008 0.07150297 0.02474149 -0.01 0.07380297 0.02474149 -0.008 0.0730352 0.02474149 0.00589605 0.06939221 0.02474149 0.0056 0.06931288 0.02474149 0.0056 0.06815297 0.02474149 -0.006554527 0.07119037 0.02474149 -0.007756912 0.07121557 0.02474149 -0.00735 0.06930297 0.02474149 0.01 0.07380297 0.02474149 0.00735 0.06930297 0.02474149 0.01 0.07130297 0.02474149 0.0105 0.06930297 0.02474149 -0.0115 0.08030297 0.02474149 -0.0120176 0.08023487 0.02474149 -0.01115 0.07972887 0.02474149 -0.0125 0.08003507 0.02474149 -0.0129142 0.07971717 0.02474149 -0.009847955 0.0748791 0.02474149 -0.0135 0.07470297 0.02474149 -0.0122759 0.07552709 0.02474149 -0.0135 0.07830297 0.02474149 -0.0129259 0.07795297 0.02474149 -0.0134319 0.07882057 0.02474149 -0.0132321 0.07930297 0.02474149 0.004518935 0.07473894 0.02474149 0.0045 0.07680297 0.02474149 0.0025 0.07730297 0.02474149 0.003 0.08030297 0.02474149 -0.003 0.08030297 0.02474149 -0.00135 0.07415297 0.02474149 -0.00417765 0.07312463 0.02474149 0.004387398 0.0733575 0.02474149 0.004412602 0.07455988 0.02474149 0.0025 0.07415297 0.02474149 0.0056 0.06545297 0.02474149 0.0056 0.06429306 0.02474149 0.00735 0.06545297 0.02474149 0.00589605 0.06421373 0.02474149 0.00735 0.06430297 0.02474149 -0.0056 0.06815297 0.02474149 -0.0056 0.06931288 0.02474149 -0.00735 0.06815297 0.02474149 -0.00589605 0.06939221 0.02474149 -0.006348565 0.07103233 0.02474149 0.00258924 0.06090692 0.02474149 0.00250991 0.06120297 0.02474149 0.00135 0.06120297 0.02474149 0.0129259 0.07795297 0.02474149 0.0120176 0.08023487 0.02474149 0.01115 0.07972887 0.02474149 0.0115 0.08030297 0.02474149 0.00872412 0.07907887 0.02474149 0.0079 0.08030297 0.02474149 0.00807613 0.07665092 0.02474149 0.007 0.07680297 0.02474149 0.0047 0.07480297 0.02474149 0.00623223 0.07480297 0.02474149 0.007 0.05680297 0.02474149 0.0025 0.05945297 0.02474149 0.0045 0.05680297 0.02474149 0.0025 0.05630297 0.02474149 -0.0047 0.07480297 0.02474149 -0.0080741 0.07665295 0.02474149 -0.00623223 0.07480297 0.02474149 0.0132321 0.07930297 0.02474149 0.0134319 0.07882057 0.02474149 0.0135 0.07830297 0.02474149 0.00135 0.07240297 0.02474149 0.00250991 0.07240297 0.02474149 0.00135 0.07415297 0.02474149 0.00258924 0.07269902 0.02474149 0.004229358 0.07315154 0.02474149 -0.0079 0.08030297 0.02474149 -0.00872412 0.07907887 0.02474149 -0.00443457 0.07461291 0.02474149 0.0129142 0.07971717 0.02474149 0.0125 0.08003507 0.02474149 0.008 0.07150297 0.02474149 0.00984998 0.07487707 0.02474149 0.008 0.0730352 0.02474149 0.0135 0.07470297 0.02474149 0.0122759 0.07552709 0.02474149 0.007809945 0.07123754 0.02474149 0.00735 0.06815297 0.02474149 0.00632166 0.07098062 0.02474149 0.00661144 0.07120297 0.02474149 0.0129259 0.05565297 0.02474149 0.0135 0.05530297 0.02474149 0.0122759 0.05807885 0.02474149 0.0135 0.05890297 0.02474149 0.009847955 0.05872684 0.02474149 0.01 0.05980297 0.02474149 0.00793597 0.06228403 0.02474149 0.01 0.06230297 0.02474149 0.0105 0.06430297 0.02474149 0.0135 0.06380297 0.02474149 0.0135 0.06980297 0.02474149 0.008 0.06210297 0.02474149 0.008 0.06057074 0.02474149 0.006554527 0.06241557 0.02474149 0.007756912 0.06239037 0.02474149 -0.004518935 0.058867 0.02474149 -0.0045 0.05680297 0.02474149 -0.0025 0.05630297 0.02474149 -0.003 0.05330297 0.02474149 0.003 0.05330297 0.02474149 0.01115 0.05387707 0.02474149 0.0115 0.05330297 0.02474149 0.0120176 0.05337107 0.02474149 -0.0125 0.05357087 0.02474149 -0.0120176 0.05337107 0.02474149 -0.01115 0.05387707 0.02474149 -0.0115 0.05330297 0.02474149 -0.00872412 0.05452707 0.02474149 -0.0079 0.05330297 0.02474149 -0.00807613 0.05695502 0.02474149 -0.007 0.05680297 0.02474149 0.0129142 0.05388877 0.02474149 0.0132321 0.05430297 0.02474149 0.0134319 0.05478537 0.02474149 -0.004387398 0.06024844 0.02474149 -0.004412602 0.05904606 0.02474149 -0.0025 0.05945297 0.02474149 -0.00439489 0.07337558 0.02474149 0.0125 0.05357087 0.02474149 0.00135 0.05945297 0.02474149 0.00417765 0.06048131 0.02474149 -0.0047 0.05880297 0.02474149 -0.00623223 0.05880297 0.02474149 0.006348565 0.06257361 0.02474149 0.0047 0.05880297 0.02474149 0.0080741 0.05695299 0.02474149 0.00623223 0.05880297 0.02474149 -0.00135 0.06120297 0.02474149 -0.00250991 0.06120297 0.02474149 -0.00135 0.05945297 0.02474149 -0.00258924 0.06090692 0.02474149 -0.004229358 0.0604544 0.02474149 0.0079 0.05330297 0.02474149 0.00872412 0.05452707 0.02474149 0.00443457 0.05899302 0.02474149 0.00439489 0.06023036 0.02474149 0.0079 0.08030297 0.02249149 0.0074 0.08030297 0.02099149 0.0074 0.08030297 0.02249149 0.0079 0.08030297 0.02099149 0.0115 0.08030297 0.01874149 0.0079 0.08030297 0.01874149 -0.0135 0.07830297 0.01874149 -0.0135 0.07470297 0.02099149 -0.0135 0.07470297 0.01874149 -0.0135 0.07470297 0.02249149 -0.0135 0.07420297 0.02249149 -0.0135 0.07420297 0.02099149 -0.0115 0.05330297 0.01874149 -0.0079 0.05330297 0.01874149 -0.0079 0.05330297 0.02099149 -0.0079 0.05330297 0.02249149 -0.0074 0.05330297 0.02249149 -0.0074 0.05330297 0.02099149 0.0135 0.05890297 0.02249149 0.0135 0.05890297 0.02099149 0.0135 0.05940297 0.02249149 0.0135 0.05940297 0.02099149 0.0135 0.05890297 0.01874149 0.0135 0.05530297 0.01874149 -0.003 0.08030297 0.02099149 -0.000814797 0.08030297 0.02280335 -0.001236565 0.08030297 0.02225369 -0.003 0.08030297 0.02249149 -0.000174703 0.08030297 0.02306849 0.003 0.08030297 0.02249149 0.0035 0.08030297 0.02249149 0.0035 0.08030297 0.02099149 -0.0035 0.08030297 0.02099149 -0.0035 0.08030297 0.02249149 0.00135 0.08030297 0.01874149 0.00135 0.08030297 0.02174149 0.003 0.08030297 0.01874149 0.003 0.08030297 0.02099149 -0.00135 0.08030297 0.01874149 -0.003 0.08030297 0.01874149 -0.00135 0.08030297 0.02174149 0.00116913 0.08030297 0.02241649 0.000954594 0.08030297 0.02269608 0.001304 0.08030297 0.02209089 0.000675 0.08030297 0.02291062 0.000349406 0.08030297 0.02304549 0.00127721 0.06301236 0.01874149 0.00206222 0.06337554 0.01874149 0.00085 0.05945297 0.01874149 -0.0113652 0.07663906 0.01874149 -0.01091735 0.07629539 0.01874149 -0.00894237 0.0742458 0.01874149 -0.00983609 0.05543777 0.01874149 -0.009492425 0.05588562 0.01874149 -0.007 0.05680297 0.01874149 -0.00735 0.06595297 0.01874149 -0.01 0.06230297 0.01874149 -0.0105 0.06595297 0.01874149 -0.01105 0.06275297 0.01874149 -0.0105 0.06765297 0.01874149 -0.01105 0.07085297 0.01874149 -0.00735 0.06765297 0.01874149 0.00135 0.07830297 0.01874149 0.00085 0.07415297 0.01874149 -0.00085 0.07730297 0.01874149 -0.00135 0.07830297 0.01874149 0.00085 0.07730297 0.01874149 -0.0045 0.07680297 0.01874149 -0.00085 0.07415297 0.01874149 0.01 0.06230297 0.01874149 0.00735 0.06595297 0.01874149 0.0105 0.06595297 0.01874149 0.01 0.07130297 0.01874149 0.0135 0.06980297 0.01874149 0.0115 0.06815297 0.01874149 0.0135 0.06815297 0.01874149 -0.00085 0.05630297 0.01874149 0.00085 0.05630297 0.01874149 0.00135 0.05530297 0.01874149 -0.0045 0.05680297 0.01874149 -0.00085 0.05945297 0.01874149 -0.01008265 0.05731054 0.01874149 -0.009634775 0.05696688 0.01874149 -0.00941874 0.05644532 0.01874149 -0.01064235 0.05738423 0.01874149 -0.0135 0.05890297 0.01874149 -0.01035765 0.05522172 0.01874149 -0.01091735 0.05529542 0.01874149 -0.0132321 0.05430297 0.01874149 -0.0134319 0.05478537 0.01874149 -0.0113652 0.05563907 0.01874149 -0.0135 0.05530297 0.01874149 -0.01158125 0.05616062 0.01874149 -0.0120176 0.05337107 0.01874149 -0.0125 0.05357087 0.01874149 -0.0129142 0.05388877 0.01874149 -0.0111639 0.0571682 0.01874149 -0.01150755 0.05672032 0.01874149 -0.00995 0.07635034 0.01874149 -0.009634775 0.07663906 0.01874149 -0.01035765 0.07622171 0.01874149 -0.00941874 0.07716062 0.01874149 -0.009492425 0.07772032 0.01874149 -0.0079 0.08030297 0.01874149 -0.00972218 0.07808077 0.01874149 -0.01008265 0.07831052 0.01874149 -0.01064235 0.07838422 0.01874149 -0.0134319 0.07882057 0.01874149 -0.0113652 0.07796687 0.01874149 -0.0132321 0.07930297 0.01874149 -0.0129142 0.07971717 0.01874149 -0.0125 0.08003507 0.01874149 -0.01158125 0.07744532 0.01874149 -0.0115625 0.07701827 0.01874149 -0.01105 0.07825557 0.01874149 -0.0115 0.08030297 0.01874149 -0.0120176 0.08023487 0.01874149 0.01105 0.0572556 0.01874149 0.0135 0.05709047 0.01874149 0.0113652 0.05696688 0.01874149 0.01158125 0.05644532 0.01874149 0.01150755 0.05588562 0.01874149 0.01035765 0.05738423 0.01874149 0.01 0.05980297 0.01874149 0.00983609 0.0571682 0.01874149 0.009492425 0.05672032 0.01874149 0.00941874 0.05616062 0.01874149 0.0079 0.05330297 0.01874149 0.009634775 0.05563907 0.01874149 0.01008265 0.05529542 0.01874149 0.0115 0.05330297 0.01874149 0.0111639 0.05543777 0.01874149 0.0134319 0.05478537 0.01874149 0.01064235 0.05522172 0.01874149 0.0120176 0.05337107 0.01874149 0.0125 0.05357087 0.01874149 0.0132321 0.05430297 0.01874149 0.0129142 0.05388877 0.01874149 0.00424264 0.06361033 0.01874149 0.00464102 0.06352211 0.01874149 0.00437852 0.06152822 0.01874149 0.00384426 0.06159855 0.01874149 0.003280865 0.06216195 0.01874149 0.00350018 0.06181787 0.01874149 0.00331076 0.06455822 0.01874149 0.00384426 0.06352211 0.01874149 0.0027508 0.06389899 0.01874149 0.003416745 0.06319406 0.01874149 0.00321053 0.06269621 0.01874149 0.00487637 0.06173443 0.01874149 0.00515197 0.06203533 0.01874149 0.00525686 0.06228857 0.01874149 0.00529264 0.06256033 0.01874149 0.00525686 0.06283209 0.01874149 0.00515197 0.06308533 0.01874149 -0.00515197 0.07157061 0.01874149 -0.00527475 0.07118149 0.01874149 -0.005204415 0.07064723 0.01874149 -0.0049851 0.07030315 0.01874149 -0.00464102 0.07008383 0.01874149 -0.00304865 0.06939252 0.01874149 -0.00360891 0.07021971 0.01874149 -0.0024207 0.06998734 0.01874149 -0.003280865 0.07064723 0.01874149 -0.00167956 0.07043327 0.01874149 -0.00321053 0.07118149 0.01874149 -0.00410676 0.0700135 0.01874149 -0.00353405 0.0686766 0.01874149 -0.00384426 0.07200739 0.01874149 -0.00437852 0.07207772 0.01874149 -0.00350018 0.07178807 0.01874149 -0.00476764 0.07195494 0.01874149 0.00333331 0.07157061 0.01874149 0.00321053 0.07118149 0.01874149 0.003416745 0.07041188 0.01874149 0.0024207 0.06998734 0.01874149 0.00322842 0.07077385 0.01874149 0.00304865 0.06939252 0.01874149 0.00384426 0.07008383 0.01874149 0.00353405 0.0686766 0.01874149 0.00735 0.06765297 0.01874149 0.00437852 0.0700135 0.01874149 0.00397088 0.07205983 0.01874149 0.00437852 0.07207772 0.01874149 0.00651066 0.07517797 0.01874149 0.00371764 0.07195494 0.01874149 0.00515197 0.07157061 0.01874149 0.00527475 0.07118149 0.01874149 0.0049851 0.07178807 0.01874149 0.00476764 0.07195494 0.01874149 0.00515197 0.07052061 0.01874149 0.00525686 0.07077385 0.01874149 0.00487637 0.07021971 0.01874149 0.00167956 0.07043327 0.01874149 0.000859882 0.07070945 0.01874149 0 0.07080297 0.01874149 -0.000859882 0.07070945 0.01874149 0.00371591 0.06532242 0.01874149 0.00394731 0.06615584 0.01874149 0.00399413 0.06701953 0.01874149 0.0038542 0.06787308 0.01874149 -0.00206222 0.06337554 0.01874149 -0.00127721 0.06301236 0.01874149 -0.000432476 0.06282642 0.01874149 0.000432476 0.06282642 0.01874149 -0.00384426 0.06159855 0.01874149 -0.00350018 0.06181787 0.01874149 -0.003280865 0.06216195 0.01874149 -0.00410676 0.06359244 0.01874149 -0.00371591 0.06532242 0.01874149 -0.00464102 0.06352211 0.01874149 -0.00527475 0.06242445 0.01874149 -0.01 0.05980297 0.01874149 -0.005204415 0.06295871 0.01874149 -0.0049851 0.06330279 0.01874149 -0.005068535 0.0619266 0.01874149 -0.00476764 0.061651 0.01874149 -0.00437852 0.06152822 0.01874149 -0.00319264 0.06256033 0.01874149 -0.003280865 0.06295871 0.01874149 -0.0027508 0.06389899 0.01874149 -0.00360891 0.06338623 0.01874149 -0.00331076 0.06455822 0.01874149 -0.0038542 0.06787308 0.01874149 -0.00399413 0.06701953 0.01874149 -0.00394731 0.06615584 0.01874149 -0.00135 0.05530297 0.01874149 -0.003 0.05330297 0.01874149 -0.00135 0.05330297 0.01874149 0.0045 0.05680297 0.01874149 0.003 0.05330297 0.01874149 0.00135 0.05330297 0.01874149 0.007 0.05680297 0.01874149 0.0105 0.06765297 0.01874149 0.0115 0.06545297 0.01874149 0.0135 0.06545297 0.01874149 0.0135 0.06380297 0.01874149 0.01 0.07380297 0.01874149 0.0135 0.07470297 0.01874149 0.0120176 0.08023487 0.01874149 0.0111639 0.07816817 0.01874149 0.0125 0.08003507 0.01874149 0.01008265 0.07831052 0.01874149 0.00972218 0.07808077 0.01874149 0.008375 0.08030297 0.01874149 0.01064235 0.07838422 0.01874149 0.00954737 0.07785297 0.01874149 0.00941874 0.07716062 0.01874149 0.009634775 0.07663906 0.01874149 0.00995 0.07635034 0.01874149 0.01091735 0.07629539 0.01874149 0.0112778 0.07652515 0.01874149 0.01035765 0.07622171 0.01874149 0.01150755 0.07688562 0.01874149 0.0135 0.07830297 0.01874149 0.0129142 0.07971717 0.01874149 0.0132321 0.07930297 0.01874149 0.0114526 0.07785297 0.01874149 0.0134319 0.07882057 0.01874149 0.01158125 0.07744532 0.01874149 0.007 0.07680297 0.01874149 0.0045 0.07680297 0.01874149 -0.007 0.07680297 0.01874149 -0.01 0.07380297 0.01874149 -0.01 0.07130297 0.01874149 -0.0135 0.06815297 0.01874149 -0.0135 0.06980297 0.01874149 -0.0115 0.06815297 0.01874149 -0.0115 0.06545297 0.01874149 -0.0135 0.06545297 0.01874149 -0.0135 0.06380297 0.01874149 0.0074 0.05330297 0.02249149 0.0074 0.05330297 0.02099149 0.0079 0.05330297 0.02249149 0.0079 0.05330297 0.02099149 0.003 0.05330297 0.02099149 0.000814797 0.05330297 0.02280335 0.001236565 0.05330297 0.02225369 0.003 0.05330297 0.02249149 0.000174703 0.05330297 0.02306849 -0.003 0.05330297 0.02249149 -0.0035 0.05330297 0.02249149 -0.0035 0.05330297 0.02099149 0.0035 0.05330297 0.02099149 0.0035 0.05330297 0.02249149 -0.00135 0.05330297 0.02174149 -0.003 0.05330297 0.02099149 0.00135 0.05330297 0.02174149 -0.00116913 0.05330297 0.02241649 -0.000954594 0.05330297 0.02269608 -0.001304 0.05330297 0.02209089 -0.000675 0.05330297 0.02291062 -0.000349406 0.05330297 0.02304549 -0.0135 0.05940297 0.02249149 -0.0135 0.05940297 0.02099149 -0.0135 0.05890297 0.02249149 -0.0135 0.05890297 0.02099149 -0.0135 0.06980297 0.02249149 -0.0135 0.07030297 0.02249149 -0.0135 0.07030297 0.02099149 -0.0135 0.06747797 0.02291062 -0.0135 0.06980297 0.02099149 -0.0135 0.06803954 0.02225369 -0.0135 0.06380297 0.02099149 -0.0135 0.06612797 0.02291062 -0.0135 0.06556641 0.02225369 -0.0135 0.06815297 0.02174149 -0.0135 0.06545297 0.02174149 -0.0135 0.06645357 0.02304549 -0.0135 0.06680297 0.02309149 -0.0135 0.06715238 0.02304549 -0.0135 0.06380297 0.02249149 -0.0135 0.06330297 0.02249149 -0.0135 0.06330297 0.02099149 0.0135 0.06980297 0.02099149 0.0135 0.06545297 0.02174149 0.0135 0.06747797 0.02291062 0.0135 0.06803954 0.02225369 0.0135 0.06330297 0.02249149 0.0135 0.06330297 0.02099149 0.0135 0.06380297 0.02249149 0.0135 0.06380297 0.02099149 0.0135 0.06556641 0.02225369 0.0135 0.06612797 0.02291062 0.0135 0.06815297 0.02174149 0.0135 0.06715238 0.02304549 0.0135 0.06980297 0.02249149 0.0135 0.07030297 0.02249149 0.0135 0.07030297 0.02099149 0.0135 0.06645357 0.02304549 0.0135 0.06680297 0.02309149 0.0135 0.07470297 0.02099149 0.0135 0.07470297 0.02249149 0.0135 0.07420297 0.02249149 0.0135 0.07420297 0.02099149 -0.0074 0.08030297 0.02249149 -0.0074 0.08030297 0.02099149 -0.0079 0.08030297 0.02249149 -0.0079 0.08030297 0.02099149 0.00793597 0.07468404 0.02374149 0.008 0.07450297 0.02374149 0.00984593 0.07488113 0.02374149 0.008 0.0730352 0.02374149 0.00807816 0.0766489 0.02374149 0.00623223 0.07480297 0.02374149 0.0077 0.07480297 0.02374149 -0.01035765 0.05522172 0.02064149 -0.01091735 0.05529542 0.02064149 -0.01115 0.05387707 0.02064149 -0.0129259 0.05565297 0.02064149 -0.0113652 0.05563907 0.02064149 -0.0122759 0.05807885 0.02064149 -0.01150755 0.05672032 0.02064149 -0.0111639 0.0571682 0.02064149 -0.00972218 0.05708079 0.02064149 -0.00984998 0.05872887 0.02064149 -0.01008265 0.05731054 0.02064149 -0.0080741 0.05695299 0.02064149 -0.009492425 0.05672032 0.02064149 -0.01064235 0.05738423 0.02064149 -0.00954737 0.05575297 0.02064149 -0.00872412 0.05452707 0.02064149 -0.00941874 0.05616062 0.02064149 -0.01158125 0.05616062 0.02064149 -0.00983609 0.05543777 0.02064149 -0.00984593 0.05872481 0.02374149 -0.00984998 0.05872887 0.02474149 -0.00807816 0.05695704 0.02374149 -0.0080741 0.05695299 0.02474149 0.01008265 0.05529542 0.02064149 0.01115 0.05387707 0.02064149 0.01064235 0.05522172 0.02064149 0.00872412 0.05452707 0.02064149 0.009634775 0.05563907 0.02064149 0.01008265 0.05731054 0.02064149 0.01064235 0.05738423 0.02064149 0.00984998 0.05872887 0.02064149 0.0122759 0.05807885 0.02064149 0.0111639 0.0571682 0.02064149 0.00941874 0.05616062 0.02064149 0.0080741 0.05695299 0.02064149 0.009492425 0.05672032 0.02064149 0.00972218 0.05708079 0.02064149 0.01150755 0.05672032 0.02064149 0.0129259 0.05565297 0.02064149 0.0116 0.05630297 0.02064149 0.01150755 0.05588562 0.02064149 0.0111639 0.05543777 0.02064149 0.00807816 0.05695704 0.02374149 0.00984593 0.05872481 0.02374149 0.00984998 0.05872887 0.02474149 0.0122759 0.07552709 0.02064149 0.01150755 0.07688562 0.02064149 0.0111639 0.07643775 0.02064149 0.009634775 0.07663906 0.02064149 0.00984998 0.07487707 0.02064149 0.01008265 0.07629539 0.02064149 0.0080741 0.07665295 0.02064149 0.00943748 0.07701827 0.02064149 0.00954737 0.07785297 0.02064149 0.00872412 0.07907887 0.02064149 0.00941874 0.07744532 0.02064149 0.01035765 0.07838422 0.02064149 0.01091735 0.07831052 0.02064149 0.01115 0.07972887 0.02064149 0.0129259 0.07795297 0.02064149 0.0113652 0.07796687 0.02064149 0.01064235 0.07622171 0.02064149 0.00983609 0.07816817 0.02064149 0.01158125 0.07744532 0.02064149 0.0080741 0.07665295 0.02474149 -0.00793597 0.0589219 0.02374149 -0.008 0.05910297 0.02374149 -0.008 0.06057074 0.02374149 -0.00623223 0.05880297 0.02374149 -0.0077 0.05880297 0.02374149 0.007881065 0.058867 0.02374149 0.0077 0.05880297 0.02374149 0.00623223 0.05880297 0.02374149 0.008 0.06057074 0.02374149 0.008 0.05910297 0.02374149 -0.007881065 0.07473894 0.02374149 -0.0077 0.07480297 0.02374149 -0.00807816 0.0766489 0.02374149 -0.00623223 0.07480297 0.02374149 -0.00984593 0.07488113 0.02374149 -0.008 0.0730352 0.02374149 -0.008 0.07450297 0.02374149 0.0045144 0.06357455 0.02094149 0.0045144 0.06357455 0.01874149 0.00487637 0.06338623 0.02094149 0.0049851 0.06330279 0.01874149 0.00515197 0.06308533 0.02094149 0.00525686 0.06283209 0.02094149 0.00529264 0.06256033 0.02094149 0.00525686 0.06228857 0.02094149 0.00515197 0.06203533 0.02094149 0.0049851 0.06181787 0.02094149 0.0049851 0.06181787 0.01874149 0.00476764 0.061651 0.02094149 0.00476764 0.061651 0.01874149 0.00437852 0.06152822 0.02094149 0.00424264 0.06151033 0.01874149 0.00397088 0.06154611 0.02094149 0.00397088 0.06154611 0.01874149 0.00371764 0.061651 0.02094149 0.00371764 0.061651 0.01874149 0.00350018 0.06181787 0.02094149 0.00333331 0.06203533 0.02094149 0.00333331 0.06203533 0.01874149 0.00322842 0.06228857 0.02094149 0.00322842 0.06228857 0.01874149 0.00319264 0.06256033 0.02094149 0.00319264 0.06256033 0.01874149 0.00322842 0.06283209 0.02094149 0.00322842 0.06283209 0.01874149 0.00333331 0.06308533 0.02094149 0.00333331 0.06308533 0.01874149 0.00350018 0.06330279 0.02094149 0.00350018 0.06330279 0.01874149 0.00371764 0.06346966 0.02094149 0.00371764 0.06346966 0.01874149 0.00397088 0.06357455 0.02094149 0.00397088 0.06357455 0.01874149 0.00424264 0.06361033 0.02094149 -0.00333331 0.07157061 0.02094149 -0.00333331 0.07157061 0.01874149 -0.00321053 0.07118149 0.02094149 -0.00319264 0.07104561 0.01874149 -0.00322842 0.07077385 0.02094149 -0.00322842 0.07077385 0.01874149 -0.00333331 0.07052061 0.02094149 -0.00333331 0.07052061 0.01874149 -0.00350018 0.07030315 0.02094149 -0.00350018 0.07030315 0.01874149 -0.00371764 0.07013628 0.02094149 -0.00371764 0.07013628 0.01874149 -0.00397088 0.07003139 0.02094149 -0.00397088 0.07003139 0.01874149 -0.00424264 0.06999561 0.02094149 -0.00424264 0.06999561 0.01874149 -0.0045144 0.07003139 0.02094149 -0.0045144 0.07003139 0.01874149 -0.00476764 0.07013628 0.02094149 -0.00476764 0.07013628 0.01874149 -0.0049851 0.07030315 0.02094149 -0.00515197 0.07052061 0.02094149 -0.00515197 0.07052061 0.01874149 -0.00525686 0.07077385 0.02094149 -0.00525686 0.07077385 0.01874149 -0.00529264 0.07104561 0.02094149 -0.00529264 0.07104561 0.01874149 -0.00525686 0.07131737 0.02094149 -0.00525686 0.07131737 0.01874149 -0.005068535 0.07167934 0.02094149 -0.0049851 0.07178807 0.01874149 -0.00476764 0.07195494 0.02094149 -0.0045144 0.07205983 0.02094149 -0.0045144 0.07205983 0.01874149 -0.00424264 0.07209561 0.02094149 -0.00424264 0.07209561 0.01874149 -0.00397088 0.07205983 0.02094149 -0.00397088 0.07205983 0.01874149 -0.00371764 0.07195494 0.02094149 -0.00371764 0.07195494 0.01874149 -0.00350018 0.07178807 0.02094149 -0.00424264 0.06361033 0.02094149 -0.00424264 0.06361033 0.01874149 -0.00397088 0.06357455 0.02094149 -0.00397088 0.06357455 0.01874149 -0.00371764 0.06346966 0.02094149 -0.00371764 0.06346966 0.01874149 -0.00350018 0.06330279 0.02094149 -0.00350018 0.06330279 0.01874149 -0.00333331 0.06308533 0.02094149 -0.00333331 0.06308533 0.01874149 -0.00322842 0.06283209 0.02094149 -0.00322842 0.06283209 0.01874149 -0.00319264 0.06256033 0.02094149 -0.00322842 0.06228857 0.02094149 -0.00322842 0.06228857 0.01874149 -0.00333331 0.06203533 0.02094149 -0.00333331 0.06203533 0.01874149 -0.00350018 0.06181787 0.02094149 -0.00371764 0.061651 0.02094149 -0.00371764 0.061651 0.01874149 -0.00397088 0.06154611 0.02094149 -0.00397088 0.06154611 0.01874149 -0.00424264 0.06151033 0.02094149 -0.00424264 0.06151033 0.01874149 -0.0045144 0.06154611 0.02094149 -0.0045144 0.06154611 0.01874149 -0.00476764 0.061651 0.02094149 -0.0049851 0.06181787 0.02094149 -0.0049851 0.06181787 0.01874149 -0.00515197 0.06203533 0.02094149 -0.00515197 0.06203533 0.01874149 -0.00525686 0.06228857 0.02094149 -0.00525686 0.06228857 0.01874149 -0.00529264 0.06256033 0.02094149 -0.00529264 0.06256033 0.01874149 -0.00525686 0.06283209 0.02094149 -0.00525686 0.06283209 0.01874149 -0.00515197 0.06308533 0.02094149 -0.00515197 0.06308533 0.01874149 -0.0049851 0.06330279 0.02094149 -0.00476764 0.06346966 0.02094149 -0.00476764 0.06346966 0.01874149 -0.0045144 0.06357455 0.02094149 -0.0045144 0.06357455 0.01874149 0.0045144 0.07205983 0.02094149 0.0045144 0.07205983 0.01874149 0.00487637 0.07187151 0.02094149 0.00515197 0.07157061 0.02094149 0.00527475 0.07118149 0.02094149 0.00529264 0.07104561 0.01874149 0.00525686 0.07077385 0.02094149 0.00515197 0.07052061 0.02094149 0.0049851 0.07030315 0.02094149 0.00476764 0.07013628 0.02094149 0.0045144 0.07003139 0.01874149 0.00437852 0.0700135 0.02094149 0.00424264 0.06999561 0.01874149 0.00397088 0.07003139 0.02094149 0.00397088 0.07003139 0.01874149 0.00371764 0.07013628 0.02094149 0.00371764 0.07013628 0.01874149 0.00350018 0.07030315 0.02094149 0.00350018 0.07030315 0.01874149 0.00333331 0.07052061 0.02094149 0.00333331 0.07052061 0.01874149 0.00322842 0.07077385 0.02094149 0.00319264 0.07104561 0.02094149 0.00322842 0.07131737 0.02094149 0.003416745 0.07167934 0.02094149 0.00350018 0.07178807 0.01874149 0.00371764 0.07195494 0.02094149 0.00397088 0.07205983 0.02094149 0.00424264 0.07209561 0.02094149 0.00424264 0.07209561 0.01874149 -0.0105 0.07840297 0.02064149 -0.0105 0.07840297 0.01874149 -0.0102153 0.07836547 0.02064149 -0.0102153 0.07836547 0.01874149 -0.00995 0.07825557 0.02064149 -0.00995 0.07825557 0.01874149 -0.00972218 0.07808077 0.02064149 -0.00954737 0.07785297 0.02064149 -0.00954737 0.07785297 0.01874149 -0.00943748 0.07758767 0.02064149 -0.00943748 0.07758767 0.01874149 -0.0094 0.07730297 0.02064149 -0.0094 0.07730297 0.01874149 -0.00943748 0.07701827 0.02064149 -0.00943748 0.07701827 0.01874149 -0.00954737 0.07675297 0.02064149 -0.00954737 0.07675297 0.01874149 -0.00972218 0.07652515 0.02064149 -0.00972218 0.07652515 0.01874149 -0.00995 0.07635034 0.02064149 -0.0102153 0.07624045 0.02064149 -0.0102153 0.07624045 0.01874149 -0.0105 0.07620297 0.02064149 -0.0105 0.07620297 0.01874149 -0.0107847 0.07624045 0.02064149 -0.0107847 0.07624045 0.01874149 -0.01105 0.07635034 0.02064149 -0.01105 0.07635034 0.01874149 -0.0112778 0.07652515 0.02064149 -0.0112778 0.07652515 0.01874149 -0.0114526 0.07675297 0.02064149 -0.0114526 0.07675297 0.01874149 -0.0115625 0.07701827 0.02064149 -0.0116 0.07730297 0.02064149 -0.0116 0.07730297 0.01874149 -0.0115625 0.07758767 0.02064149 -0.0115625 0.07758767 0.01874149 -0.0114526 0.07785297 0.02064149 -0.0114526 0.07785297 0.01874149 -0.0112778 0.07808077 0.02064149 -0.0112778 0.07808077 0.01874149 -0.01105 0.07825557 0.02064149 -0.0107847 0.07836547 0.02064149 -0.0107847 0.07836547 0.01874149 -0.0105 0.05740297 0.02064149 -0.0105 0.05740297 0.01874149 -0.0102153 0.05736549 0.02064149 -0.0102153 0.05736549 0.01874149 -0.00995 0.0572556 0.02064149 -0.00995 0.0572556 0.01874149 -0.00972218 0.05708079 0.01874149 -0.00954737 0.05685297 0.02064149 -0.00954737 0.05685297 0.01874149 -0.00943748 0.05658767 0.02064149 -0.00943748 0.05658767 0.01874149 -0.0094 0.05630297 0.02064149 -0.0094 0.05630297 0.01874149 -0.00943748 0.05601827 0.02064149 -0.00943748 0.05601827 0.01874149 -0.00954737 0.05575297 0.01874149 -0.00972218 0.05552517 0.02064149 -0.00972218 0.05552517 0.01874149 -0.00995 0.05535037 0.02064149 -0.00995 0.05535037 0.01874149 -0.0102153 0.05524047 0.02064149 -0.0102153 0.05524047 0.01874149 -0.0105 0.05520297 0.02064149 -0.0105 0.05520297 0.01874149 -0.0107847 0.05524047 0.02064149 -0.0107847 0.05524047 0.01874149 -0.01105 0.05535037 0.02064149 -0.01105 0.05535037 0.01874149 -0.0112778 0.05552517 0.02064149 -0.0112778 0.05552517 0.01874149 -0.0114526 0.05575297 0.02064149 -0.0114526 0.05575297 0.01874149 -0.0115625 0.05601827 0.02064149 -0.0115625 0.05601827 0.01874149 -0.0116 0.05630297 0.02064149 -0.0116 0.05630297 0.01874149 -0.0115625 0.05658767 0.02064149 -0.0115625 0.05658767 0.01874149 -0.0114526 0.05685297 0.02064149 -0.0114526 0.05685297 0.01874149 -0.0112778 0.05708079 0.02064149 -0.0112778 0.05708079 0.01874149 -0.01105 0.0572556 0.02064149 -0.01105 0.0572556 0.01874149 -0.0107847 0.05736549 0.02064149 -0.0107847 0.05736549 0.01874149 0.0105 0.07840297 0.02064149 0.0105 0.07840297 0.01874149 0.0107847 0.07836547 0.02064149 0.0107847 0.07836547 0.01874149 0.01105 0.07825557 0.02064149 0.01105 0.07825557 0.01874149 0.0112778 0.07808077 0.02064149 0.0112778 0.07808077 0.01874149 0.0114526 0.07785297 0.02064149 0.0115625 0.07758767 0.02064149 0.0115625 0.07758767 0.01874149 0.0116 0.07730297 0.02064149 0.0116 0.07730297 0.01874149 0.0115625 0.07701827 0.02064149 0.0115625 0.07701827 0.01874149 0.0114526 0.07675297 0.02064149 0.0114526 0.07675297 0.01874149 0.0112778 0.07652515 0.02064149 0.01105 0.07635034 0.02064149 0.01105 0.07635034 0.01874149 0.0107847 0.07624045 0.02064149 0.0107847 0.07624045 0.01874149 0.0105 0.07620297 0.02064149 0.0105 0.07620297 0.01874149 0.0102153 0.07624045 0.02064149 0.0102153 0.07624045 0.01874149 0.00995 0.07635034 0.02064149 0.00972218 0.07652515 0.02064149 0.00972218 0.07652515 0.01874149 0.00954737 0.07675297 0.02064149 0.00954737 0.07675297 0.01874149 0.00943748 0.07701827 0.01874149 0.0094 0.07730297 0.02064149 0.0094 0.07730297 0.01874149 0.00943748 0.07758767 0.02064149 0.00943748 0.07758767 0.01874149 0.00972218 0.07808077 0.02064149 0.00995 0.07825557 0.02064149 0.00995 0.07825557 0.01874149 0.0102153 0.07836547 0.02064149 0.0102153 0.07836547 0.01874149 0.0105 0.05740297 0.02064149 0.0105 0.05740297 0.01874149 0.0107847 0.05736549 0.02064149 0.0107847 0.05736549 0.01874149 0.01105 0.0572556 0.02064149 0.0112778 0.05708079 0.02064149 0.0112778 0.05708079 0.01874149 0.0114526 0.05685297 0.02064149 0.0114526 0.05685297 0.01874149 0.0115625 0.05658767 0.02064149 0.0115625 0.05658767 0.01874149 0.0116 0.05630297 0.01874149 0.0115625 0.05601827 0.02064149 0.0115625 0.05601827 0.01874149 0.0114526 0.05575297 0.02064149 0.0114526 0.05575297 0.01874149 0.0112778 0.05552517 0.02064149 0.0112778 0.05552517 0.01874149 0.01105 0.05535037 0.02064149 0.01105 0.05535037 0.01874149 0.0107847 0.05524047 0.02064149 0.0107847 0.05524047 0.01874149 0.0105 0.05520297 0.02064149 0.0105 0.05520297 0.01874149 0.0102153 0.05524047 0.02064149 0.0102153 0.05524047 0.01874149 0.00995 0.05535037 0.02064149 0.00995 0.05535037 0.01874149 0.00972218 0.05552517 0.02064149 0.00972218 0.05552517 0.01874149 0.00954737 0.05575297 0.02064149 0.00954737 0.05575297 0.01874149 0.00943748 0.05601827 0.02064149 0.00943748 0.05601827 0.01874149 0.0094 0.05630297 0.02064149 0.0094 0.05630297 0.01874149 0.00943748 0.05658767 0.02064149 0.00943748 0.05658767 0.01874149 0.00954737 0.05685297 0.02064149 0.00954737 0.05685297 0.01874149 0.00972218 0.05708079 0.01874149 0.00995 0.0572556 0.02064149 0.00995 0.0572556 0.01874149 0.0102153 0.05736549 0.02064149 0.0102153 0.05736549 0.01874149 0.001304 0.07415297 0.02139208 0.001327 0.07230297 0.02156678 0.00135 0.07415297 0.02174149 0.00116913 0.07230297 0.02106649 0.00116913 0.07415297 0.02106649 0.000954594 0.07230297 0.02078689 0.000954594 0.07415297 0.02078689 0.000675 0.07230297 0.02057236 0.000675 0.07415297 0.02057236 0.000349406 0.07230297 0.02043749 0.000349406 0.07415297 0.02043749 3.82424e-19 0.07230297 0.02039149 3.82424e-19 0.07415297 0.02039149 -0.000349406 0.07230297 0.02043749 -0.000349406 0.07415297 0.02043749 -0.000675 0.07230297 0.02057236 -0.000675 0.07415297 0.02057236 -0.000954594 0.07230297 0.02078689 -0.000954594 0.07415297 0.02078689 -0.00116913 0.07230297 0.02106649 -0.00116913 0.07415297 0.02106649 -0.001304 0.07230297 0.02139208 -0.001304 0.07415297 0.02139208 -0.00135 0.07415297 0.02174149 -0.00135 0.07230297 0.02224149 0.00135 0.07230297 0.02224149 -0.001327 0.07230297 0.02156678 0.00135 0.07230297 0.02174149 -0.000174703 0.07230297 0.02041449 0.001304 0.07230297 0.02139208 -0.00135 0.07830297 0.02174149 -0.001304 0.08030297 0.02209089 0.001304 0.07730297 0.02209089 0.00116913 0.07730297 0.02241649 0.000954594 0.07730297 0.02269608 0.000675 0.07730297 0.02291062 0.000349406 0.07730297 0.02304549 -1.44703e-18 0.08030297 0.02309149 -1.44703e-18 0.07730297 0.02309149 -0.000349406 0.08030297 0.02304549 -0.000349406 0.07730297 0.02304549 -0.000675 0.08030297 0.02291062 -0.000675 0.07730297 0.02291062 -0.000954594 0.08030297 0.02269608 -0.000954594 0.07730297 0.02269608 -0.00116913 0.08030297 0.02241649 -0.00116913 0.07730297 0.02241649 -0.001304 0.07730297 0.02209089 -0.00135 0.07730297 0.02174149 -0.001304 0.07830297 0.02139208 -0.001236565 0.07730297 0.02122928 -0.00116913 0.07830297 0.02106649 -0.000954594 0.07830297 0.02078689 -0.000814797 0.07730297 0.02067963 -0.000512203 0.07830297 0.02050493 -0.000349406 0.07730297 0.02043749 3.82424e-19 0.07830297 0.02039149 3.82424e-19 0.07730297 0.02039149 0.000349406 0.07830297 0.02043749 0.000512203 0.07730297 0.02050493 0.000814797 0.07830297 0.02067963 0.000954594 0.07730297 0.02078689 0.001236565 0.07830297 0.02122928 0.00116913 0.07730297 0.02106649 0.001327 0.07730297 0.02156678 0.00135 0.07830297 0.02174149 -0.001304 0.05945297 0.02139208 -0.001327 0.06130297 0.02156678 -0.00135 0.05945297 0.02174149 -0.00116913 0.06130297 0.02106649 -0.00116913 0.05945297 0.02106649 -0.000954594 0.06130297 0.02078689 -0.000954594 0.05945297 0.02078689 -0.000675 0.06130297 0.02057236 -0.000675 0.05945297 0.02057236 -0.000349406 0.06130297 0.02043749 -0.000349406 0.05945297 0.02043749 -3.82424e-19 0.06130297 0.02039149 -3.82424e-19 0.05945297 0.02039149 0.000349406 0.06130297 0.02043749 0.000349406 0.05945297 0.02043749 0.000675 0.06130297 0.02057236 0.000675 0.05945297 0.02057236 0.000954594 0.06130297 0.02078689 0.000954594 0.05945297 0.02078689 0.00116913 0.06130297 0.02106649 0.00116913 0.05945297 0.02106649 0.001304 0.06130297 0.02139208 0.001304 0.05945297 0.02139208 0.00135 0.05945297 0.02174149 0.00135 0.06130297 0.02224149 -0.00135 0.06130297 0.02224149 0.001327 0.06130297 0.02156678 -0.00135 0.06130297 0.02174149 0.000174703 0.06130297 0.02041449 -0.001304 0.06130297 0.02139208 -0.00735 0.06810697 0.02139208 -0.0055 0.06812997 0.02156678 -0.00735 0.06815297 0.02174149 -0.0055 0.0679721 0.02106649 -0.00735 0.0679721 0.02106649 -0.0055 0.06775757 0.02078689 -0.00735 0.06775757 0.02078689 -0.0055 0.06747797 0.02057236 -0.00735 0.06747797 0.02057236 -0.0055 0.06715238 0.02043749 -0.00735 0.06715238 0.02043749 -0.0055 0.06680297 0.02039149 -0.00735 0.06680297 0.02039149 -0.0055 0.06645357 0.02043749 -0.00735 0.06645357 0.02043749 -0.0055 0.06612797 0.02057236 -0.00735 0.06612797 0.02057236 -0.0055 0.06584838 0.02078689 -0.00735 0.06584838 0.02078689 -0.0055 0.06563384 0.02106649 -0.00735 0.06563384 0.02106649 -0.0055 0.06549897 0.02139208 -0.00735 0.06549897 0.02139208 -0.00735 0.06545297 0.02174149 0.00735 0.06549897 0.02139208 0.0055 0.06547597 0.02156678 0.00735 0.06545297 0.02174149 0.0055 0.06563384 0.02106649 0.00735 0.06563384 0.02106649 0.0055 0.06584838 0.02078689 0.00735 0.06584838 0.02078689 0.0055 0.06612797 0.02057236 0.00735 0.06612797 0.02057236 0.0055 0.06645357 0.02043749 0.00735 0.06645357 0.02043749 0.0055 0.06680297 0.02039149 0.00735 0.06680297 0.02039149 0.0055 0.06715238 0.02043749 0.00735 0.06715238 0.02043749 0.0055 0.06747797 0.02057236 0.00735 0.06747797 0.02057236 0.0055 0.06775757 0.02078689 0.00735 0.06775757 0.02078689 0.0055 0.0679721 0.02106649 0.00735 0.0679721 0.02106649 0.0055 0.06810697 0.02139208 0.00735 0.06810697 0.02139208 0.00735 0.06815297 0.02174149 -0.0055 0.06545297 0.02174149 -0.0055 0.06545297 0.02224149 -0.0055 0.06815297 0.02224149 -0.0055 0.06815297 0.02174149 -0.0055 0.06810697 0.02139208 -0.0055 0.06697768 0.02041449 -0.0055 0.06574111 0.02092669 0.0055 0.06545297 0.02224149 0.0055 0.06545297 0.02174149 0.0055 0.06815297 0.02224149 0.0055 0.06549897 0.02139208 0.0055 0.06697768 0.02041449 0.0055 0.06803954 0.02122928 -0.0115 0.06545297 0.02174149 -0.0135 0.06549897 0.02209089 -0.0135 0.06810697 0.02209089 -0.0105 0.06810697 0.02209089 -0.0135 0.0679721 0.02241649 -0.0105 0.0679721 0.02241649 -0.0135 0.06775757 0.02269608 -0.0105 0.06775757 0.02269608 -0.0105 0.06747797 0.02291062 -0.0105 0.06715238 0.02304549 -0.0105 0.06680297 0.02309149 -0.0105 0.06645357 0.02304549 -0.0105 0.06612797 0.02291062 -0.0135 0.06584838 0.02269608 -0.0105 0.06584838 0.02269608 -0.0135 0.06563384 0.02241649 -0.0105 0.06563384 0.02241649 -0.0105 0.06549897 0.02209089 -0.0105 0.06545297 0.02174149 -0.0115 0.06549897 0.02139208 -0.0105 0.06556641 0.02122928 -0.0115 0.06563384 0.02106649 -0.0115 0.06584838 0.02078689 -0.0105 0.06584838 0.02078689 -0.0115 0.06629077 0.02050493 -0.0105 0.06612797 0.02057236 -0.0105 0.06645357 0.02043749 -0.0115 0.06680297 0.02039149 -0.0105 0.06680297 0.02039149 -0.0115 0.06715238 0.02043749 -0.0105 0.06731518 0.02050493 -0.0115 0.06761777 0.02067963 -0.0105 0.06786484 0.02092669 -0.0115 0.06803954 0.02122928 -0.0105 0.06812997 0.02156678 -0.0115 0.06815297 0.02174149 0.00135 0.05530297 0.02174149 0.001304 0.05330297 0.02209089 -0.001304 0.05630297 0.02209089 -0.00116913 0.05630297 0.02241649 -0.000954594 0.05630297 0.02269608 -0.000675 0.05630297 0.02291062 -0.000349406 0.05630297 0.02304549 1.44703e-18 0.05330297 0.02309149 1.44703e-18 0.05630297 0.02309149 0.000349406 0.05330297 0.02304549 0.000349406 0.05630297 0.02304549 0.000675 0.05330297 0.02291062 0.000675 0.05630297 0.02291062 0.000954594 0.05330297 0.02269608 0.000954594 0.05630297 0.02269608 0.00116913 0.05330297 0.02241649 0.00116913 0.05630297 0.02241649 0.001304 0.05630297 0.02209089 0.00135 0.05630297 0.02174149 0.001304 0.05530297 0.02139208 0.001236565 0.05630297 0.02122928 0.00116913 0.05530297 0.02106649 0.000954594 0.05530297 0.02078689 0.000814797 0.05630297 0.02067963 0.000512203 0.05530297 0.02050493 0.000349406 0.05630297 0.02043749 -3.82424e-19 0.05530297 0.02039149 -3.82424e-19 0.05630297 0.02039149 -0.000349406 0.05530297 0.02043749 -0.000512203 0.05630297 0.02050493 -0.000814797 0.05530297 0.02067963 -0.000954594 0.05630297 0.02078689 -0.001236565 0.05530297 0.02122928 -0.00116913 0.05630297 0.02106649 -0.001327 0.05630297 0.02156678 -0.00135 0.05530297 0.02174149 0.0115 0.06815297 0.02174149 0.0135 0.06810697 0.02209089 0.0135 0.06549897 0.02209089 0.0105 0.06549897 0.02209089 0.0135 0.06563384 0.02241649 0.0105 0.06563384 0.02241649 0.0135 0.06584838 0.02269608 0.0105 0.06584838 0.02269608 0.0105 0.06612797 0.02291062 0.0105 0.06645357 0.02304549 0.0105 0.06680297 0.02309149 0.0105 0.06715238 0.02304549 0.0105 0.06747797 0.02291062 0.0135 0.06775757 0.02269608 0.0105 0.06775757 0.02269608 0.0135 0.0679721 0.02241649 0.0105 0.0679721 0.02241649 0.0105 0.06810697 0.02209089 0.0105 0.06815297 0.02174149 0.0115 0.06810697 0.02139208 0.0105 0.06803954 0.02122928 0.0115 0.06786484 0.02092669 0.0105 0.06761777 0.02067963 0.0115 0.06731518 0.02050493 0.0105 0.06715238 0.02043749 0.0115 0.06680297 0.02039149 0.0105 0.06680297 0.02039149 0.0115 0.06645357 0.02043749 0.0105 0.06629077 0.02050493 0.0115 0.06612797 0.02057236 0.0115 0.06584838 0.02078689 0.0105 0.06584838 0.02078689 0.0115 0.06556641 0.02122928 0.0105 0.06563384 0.02106649 0.0105 0.06547597 0.02156678 0.0115 0.06545297 0.02174149 -0.00198405 0.06316552 0.02224149 -0.00250991 0.06120297 0.02224149 -0.00135 0.06120297 0.02224149 -0.0056 0.06931288 0.02224149 -0.0056 0.06815297 0.02224149 -0.00363745 0.06878702 0.02224149 -0.00363745 0.06481892 0.02224149 -0.0056 0.06429306 0.02224149 0.000775 0.06814531 0.02224149 0.00149718 0.06720414 0.02224149 0.00363745 0.06481892 0.02224149 0.00155 0.06680297 0.02224149 8.78158e-19 0.06525297 0.02224149 0.00198405 0.06316552 0.02224149 0.00040117 0.06530579 0.02224149 0.000775 0.06546063 0.02224149 0.00250991 0.06120297 0.02224149 0.00250991 0.07240297 0.02224149 0.00135 0.07240297 0.02224149 0.00198405 0.07044042 0.02224149 0.00149718 0.0664018 0.02224149 0.00134234 0.06602797 0.02224149 0.00109602 0.06570695 0.02224149 -0.00198405 0.07044042 0.02224149 -0.00250991 0.07240297 0.02224149 -0.000200585 0.06832656 0.02224149 0.00363745 0.06878702 0.02224149 0.00040117 0.06830015 0.02224149 0.0056 0.06931288 0.02224149 0.0056 0.06429306 0.02224149 -0.00134234 0.06602797 0.02224149 -0.00149718 0.0664018 0.02224149 -0.00155 0.06680297 0.02224149 -0.00149718 0.06720414 0.02224149 -0.000775 0.06814531 0.02224149 -0.00040117 0.06530579 0.02224149 -0.000775 0.06546063 0.02224149 -0.00109602 0.06570695 0.02224149 0.01 0.06180297 0.02249149 0.01 0.06230297 0.02249149 0.01 0.06180297 0.02099149 0.01 0.06230297 0.02099149 0.01 0.05980297 0.02249149 0.01 0.06030297 0.02249149 0.01 0.05980297 0.02099149 0.01 0.06030297 0.02099149 0.005 0.07680297 0.02249149 0.0045 0.07680297 0.02249149 0.005 0.07680297 0.02099149 0.0045 0.07680297 0.02099149 0.007 0.07680297 0.02249149 0.0065 0.07680297 0.02249149 0.007 0.07680297 0.02099149 0.0065 0.07680297 0.02099149 -0.01 0.07180297 0.02249149 -0.01 0.07130297 0.02249149 -0.01 0.07180297 0.02099149 -0.01 0.07130297 0.02099149 -0.01 0.07380297 0.02249149 -0.01 0.07330297 0.02249149 -0.01 0.07380297 0.02099149 -0.01 0.07330297 0.02099149 0.01 0.07130297 0.02249149 0.01 0.07180297 0.02249149 0.01 0.07380297 0.02099149 0.01 0.07330297 0.02099149 0.01 0.07130297 0.02099149 0.01 0.07180297 0.02099149 0.01 0.07330297 0.02249149 0.01 0.07380297 0.02249149 -0.0065 0.07680297 0.02249149 -0.007 0.07680297 0.02249149 -0.007 0.07680297 0.02099149 -0.0065 0.07680297 0.02099149 -0.0045 0.07680297 0.02249149 -0.005 0.07680297 0.02249149 -0.0045 0.07680297 0.02099149 -0.005 0.07680297 0.02099149 -0.01 0.06230297 0.02249149 -0.01 0.06180297 0.02249149 -0.01 0.05980297 0.02099149 -0.01 0.06030297 0.02099149 -0.01 0.06230297 0.02099149 -0.01 0.06180297 0.02099149 -0.01 0.06030297 0.02249149 -0.01 0.05980297 0.02249149 -0.005 0.05680297 0.02249149 -0.0045 0.05680297 0.02249149 -0.005 0.05680297 0.02099149 -0.0045 0.05680297 0.02099149 -0.007 0.05680297 0.02249149 -0.0065 0.05680297 0.02249149 -0.007 0.05680297 0.02099149 -0.0065 0.05680297 0.02099149 0.0065 0.05680297 0.02249149 0.007 0.05680297 0.02249149 0.0065 0.05680297 0.02099149 0.007 0.05680297 0.02099149 0.0045 0.05680297 0.02249149 0.005 0.05680297 0.02249149 0.0045 0.05680297 0.02099149 0.005 0.05680297 0.02099149 -3.79641e-19 0.06835297 0.02224149 -3.79641e-19 0.06835297 0.01974149 0.00040117 0.06830015 0.01974149 0.000775 0.06814531 0.01974149 0.00109602 0.06789899 0.02224149 0.00109602 0.06789899 0.01974149 0.00134234 0.06757797 0.02224149 0.00134234 0.06757797 0.01974149 0.00149718 0.06720414 0.01974149 0.00155 0.06680297 0.01974149 0.00149718 0.0664018 0.01974149 0.00134234 0.06602797 0.01974149 0.00109602 0.06570695 0.01974149 0.000775 0.06546063 0.01974149 0.00040117 0.06530579 0.01974149 8.78158e-19 0.06525297 0.01974149 -0.00040117 0.06530579 0.01974149 -0.000775 0.06546063 0.01974149 -0.00109602 0.06570695 0.01974149 -0.00134234 0.06602797 0.01974149 -0.00149718 0.0664018 0.01974149 -0.00155 0.06680297 0.01974149 -0.00149718 0.06720414 0.01974149 -0.00134234 0.06757797 0.02224149 -0.00134234 0.06757797 0.01974149 -0.00109602 0.06789899 0.02224149 -0.00109602 0.06789899 0.01974149 -0.000775 0.06814531 0.01974149 -0.00040117 0.06830015 0.02224149 -0.00040117 0.06830015 0.01974149 -0.00371591 0.06532242 0.01974149 -0.00394731 0.06615584 0.01974149 -0.00399413 0.06701953 0.01974149 -0.0038542 0.06787308 0.01974149 -0.00353405 0.0686766 0.01974149 -0.00304865 0.06939252 0.01974149 -0.0024207 0.06998734 0.01974149 -0.00167956 0.07043327 0.01974149 -0.000859882 0.07070945 0.01974149 -9.79717e-19 0.07080297 0.01974149 0.000859882 0.07070945 0.01974149 0.00371591 0.06532242 0.01974149 0.00331076 0.06455822 0.01974149 0.0027508 0.06389899 0.01974149 0.00206222 0.06337554 0.01974149 0.00127721 0.06301236 0.01974149 0.000432476 0.06282642 0.01974149 -0.000432476 0.06282642 0.01974149 -0.00127721 0.06301236 0.01974149 -0.00206222 0.06337554 0.01974149 -0.0027508 0.06389899 0.01974149 -0.00331076 0.06455822 0.01974149 0.00167956 0.07043327 0.01974149 0.0024207 0.06998734 0.01974149 0.00304865 0.06939252 0.01974149 0.00353405 0.0686766 0.01974149 0.0038542 0.06787308 0.01974149 0.00399413 0.06701953 0.01974149 0.00394731 0.06615584 0.01974149 -0.00085 0.05945297 0.01934549 0.00085 0.05945297 0.01934549 -0.0025 0.05945297 0.02029811 0.000174703 0.05945297 0.02041449 0.0025 0.05945297 0.02029811 0.001061862 0.05945297 0.02092669 -0.000349406 0.05630297 0.02043749 0.00085 0.05630297 0.01934549 0.000174703 0.05630297 0.02041449 0.0025 0.05630297 0.02029811 -0.00085 0.05630297 0.01934549 -0.0025 0.05630297 0.02029811 0.00135 0.06120297 0.02224149 -0.0056 0.06545297 0.02224149 -0.00135 0.07240297 0.02224149 0.0056 0.06815297 0.02224149 0.0056 0.06545297 0.02224149 -0.00735 0.06765297 0.01934549 -0.00735 0.06595297 0.01934549 -0.00735 0.06930297 0.02029811 -0.00735 0.06662827 0.02041449 -0.00735 0.06430297 0.02029811 -0.00735 0.06574111 0.02092669 -0.0105 0.0679721 0.02106649 -0.0105 0.06715238 0.02043749 -0.0105 0.06595297 0.01934549 -0.0105 0.06662827 0.02041449 -0.0105 0.06430297 0.02029811 -0.0105 0.06598818 0.02067963 -0.0105 0.06765297 0.01934549 -0.0105 0.06930297 0.02029811 0.00085 0.07415297 0.01934549 -0.00085 0.07415297 0.01934549 0.0025 0.07415297 0.02029811 -0.000174703 0.07415297 0.02041449 -0.0025 0.07415297 0.02029811 -0.001061862 0.07415297 0.02092669 0.000349406 0.07730297 0.02043749 -0.00085 0.07730297 0.01934549 -0.000174703 0.07730297 0.02041449 -0.0025 0.07730297 0.02029811 0.00085 0.07730297 0.01934549 0.0025 0.07730297 0.02029811 0.00735 0.06595297 0.01934549 0.00735 0.06765297 0.01934549 0.00735 0.06430297 0.02029811 0.00735 0.06697768 0.02041449 0.00735 0.06930297 0.02029811 0.00735 0.06786484 0.02092669 0.0105 0.06645357 0.02043749 0.0105 0.06765297 0.01934549 0.0105 0.06697768 0.02041449 0.0105 0.06930297 0.02029811 0.0105 0.06595297 0.01934549 0.0105 0.06430297 0.02029811 -0.01008265 0.07629539 0.02064149 -0.01064235 0.07622171 0.02064149 -0.00984998 0.07487707 0.02064149 -0.0122759 0.07552709 0.02064149 -0.0111639 0.07643775 0.02064149 -0.009634775 0.07663906 0.02064149 -0.0080741 0.07665295 0.02064149 -0.01091735 0.07831052 0.02064149 -0.01115 0.07972887 0.02064149 -0.01008265 0.07831052 0.02064149 -0.00872412 0.07907887 0.02064149 -0.009634775 0.07796687 0.02064149 -0.01150755 0.07688562 0.02064149 -0.0129259 0.07795297 0.02064149 -0.01158125 0.07744532 0.02064149 -0.0113652 0.07796687 0.02064149 -0.00941874 0.07744532 0.02064149 -0.00984998 0.07487707 0.02474149 -0.00527475 0.07118149 0.02094149 -0.00515197 0.07157061 0.02094149 -0.00650123 0.0716508 0.02094149 -0.00487637 0.07187151 0.02094149 -0.00484783 0.0733042 0.02094149 -0.00437852 0.07207772 0.02094149 -0.00384426 0.07008383 0.02094149 -0.00437852 0.0700135 0.02094149 -0.00363745 0.06878702 0.02094149 -0.00589605 0.06939221 0.02094149 -0.005068535 0.07041188 0.02094149 -0.00258924 0.07269902 0.02094149 -0.00360891 0.07187151 0.02094149 -0.003416745 0.07041188 0.02094149 -0.00198405 0.07044042 0.02094149 -0.00632166 0.07098062 0.02224149 -0.00650123 0.0716508 0.02224149 -0.00484783 0.0733042 0.02224149 -0.00417765 0.07312463 0.02224149 -0.003280865 0.06216195 0.02094149 -0.00360891 0.06173443 0.02094149 -0.00258924 0.06090692 0.02094149 -0.00437852 0.06359244 0.02094149 -0.00363745 0.06481892 0.02094149 -0.00487637 0.06338623 0.02094149 -0.00589605 0.06421373 0.02094149 -0.00437852 0.06152822 0.02094149 -0.00484783 0.06030174 0.02094149 -0.005068535 0.0619266 0.02094149 -0.00650123 0.06195514 0.02094149 -0.00527475 0.06242445 0.02094149 -0.005204415 0.06295871 0.02094149 -0.00384426 0.06352211 0.02094149 -0.00198405 0.06316552 0.02094149 -0.003416745 0.06319406 0.02094149 -0.00321053 0.06269621 0.02094149 -0.00417765 0.06048131 0.02224149 -0.00484783 0.06030174 0.02224149 -0.00650123 0.06195514 0.02224149 -0.00632166 0.06262532 0.02224149 0.00384426 0.06159855 0.02094149 0.00484783 0.06030174 0.02094149 0.00258924 0.06090692 0.02094149 0.003416745 0.0619266 0.02094149 0.00198405 0.06316552 0.02094149 0.00321053 0.06269621 0.02094149 0.00527475 0.06242445 0.02094149 0.005068535 0.0619266 0.02094149 0.00650123 0.06195514 0.02094149 0.00360891 0.06338623 0.02094149 0.00363745 0.06481892 0.02094149 0.005204415 0.06295871 0.02094149 0.00589605 0.06421373 0.02094149 0.00437852 0.06359244 0.02094149 0.00632166 0.06262532 0.02224149 0.00650123 0.06195514 0.02224149 0.00484783 0.06030174 0.02224149 0.00417765 0.06048131 0.02224149 0.00363745 0.06878702 0.02094149 0.00384426 0.07008383 0.02094149 0.005068535 0.07167934 0.02094149 0.00650123 0.0716508 0.02094149 0.00589605 0.06939221 0.02094149 0.005204415 0.07064723 0.02094149 0.003280865 0.07144399 0.02094149 0.00258924 0.07269902 0.02094149 0.00321053 0.07090973 0.02094149 0.00198405 0.07044042 0.02094149 0.00360891 0.07187151 0.02094149 0.00484783 0.0733042 0.02094149 0.00410676 0.07207772 0.02094149 0.00464102 0.07200739 0.02094149 0.003416745 0.07041188 0.02094149 0.00487637 0.07021971 0.02094149 0.00417765 0.07312463 0.02224149 0.00484783 0.0733042 0.02224149 0.00650123 0.0716508 0.02224149 0.00632166 0.07098062 0.02224149 0.006342567 0.07102464 0.02474149 -0.001061862 0.07830297 0.02092669 0.000675 0.07830297 0.02057236 0.001061862 0.07830297 0.02092669 -0.000675 0.07830297 0.02057236 -0.000349406 0.07830297 0.02043749 0.001304 0.07830297 0.02139208 -0.00713133 0.07139133 0.02124149 -0.00713133 0.07139133 0.02224149 -0.00691348 0.07217548 0.02224149 -0.00691348 0.07217548 0.02124149 -0.00653894 0.07281677 0.02224149 -0.00653894 0.07281677 0.02124149 -0.0060138 0.07334191 0.02224149 -0.0060138 0.07334191 0.02124149 -0.00537251 0.07371645 0.02224149 -0.00537251 0.07371645 0.02124149 -0.00458836 0.0739343 0.02224149 -0.00458836 0.0739343 0.02124149 -0.008 0.07150297 0.02124149 -0.008 0.07450297 0.02124149 -0.007738825 0.07479786 0.02374149 -0.0077 0.07480297 0.02124149 -0.0047 0.07480297 0.02124149 -0.007756912 0.07479037 0.02124149 -0.007554895 0.07120297 0.02124149 -0.007943463 0.07466595 0.02124149 -0.0044 0.07450297 0.02124149 -0.00737444 0.0712072 0.02124149 -0.007738825 0.07120808 0.02124149 -0.00740979 0.07120297 0.02224149 -0.0077 0.07120297 0.02474149 -0.00661144 0.07120297 0.02224149 -0.00440511 0.07454179 0.02124149 -0.004420885 0.0741087 0.02124149 -0.0044 0.07421276 0.02224149 -0.004387398 0.0733575 0.02224149 -0.0044 0.07341441 0.02474149 -0.004412602 0.07455988 0.02474149 0.008 0.06210297 0.02124149 0.008 0.05910297 0.02124149 0.007738825 0.05880808 0.02374149 0.0077 0.05880297 0.02124149 0.0047 0.05880297 0.02124149 0.004643088 0.05881557 0.02474149 0.007308663 0.06237422 0.02124149 0.007738825 0.06239786 0.02124149 0.00740979 0.06240297 0.02224149 0.0077 0.06240297 0.02474149 0.00661144 0.06240297 0.02224149 0.00440511 0.05906415 0.02124149 0.004420885 0.05949724 0.02124149 0.0044 0.05939318 0.02224149 0.004387398 0.06024844 0.02224149 0.0044 0.06019153 0.02474149 0.00440511 0.05906415 0.02474149 0.00691348 0.06143046 0.02124149 0.007756912 0.05881557 0.02124149 0.00537251 0.05988949 0.02124149 0.00458836 0.05967164 0.02124149 0.007554895 0.06240297 0.02124149 0.0060138 0.06026403 0.02124149 0.00653894 0.06078917 0.02124149 0.007943463 0.05893999 0.02124149 0.0044 0.05910297 0.02124149 0.007987398 0.07455988 0.02374149 0.008 0.07450297 0.02124149 0.008 0.07150297 0.02124149 0.007987398 0.07144606 0.02474149 0.00458836 0.0739343 0.02124149 0.00458836 0.0739343 0.02224149 0.00537251 0.07371645 0.02224149 0.00537251 0.07371645 0.02124149 0.0060138 0.07334191 0.02224149 0.0060138 0.07334191 0.02124149 0.00653894 0.07281677 0.02224149 0.00653894 0.07281677 0.02124149 0.00691348 0.07217548 0.02224149 0.00691348 0.07217548 0.02124149 0.00713133 0.07139133 0.02224149 0.00713133 0.07139133 0.02124149 0.0047 0.07480297 0.02124149 0.0077 0.07480297 0.02124149 0.004404225 0.07417741 0.02124149 0.004425205 0.07461679 0.02124149 0.0044 0.07421276 0.02224149 0.0044 0.07450297 0.02474149 0.0044 0.07341441 0.02224149 0.007738825 0.07120808 0.02124149 0.00730573 0.07122386 0.02124149 0.00740979 0.07120297 0.02224149 0.006534085 0.07118045 0.02224149 0.00656351 0.07119417 0.02474149 0.007738825 0.07120808 0.02474149 0.007862977 0.07474643 0.02124149 0.007987398 0.07455988 0.02124149 0.00440678 0.07434193 0.02124149 0.007554895 0.07120297 0.02124149 -0.00799489 0.05906415 0.02374149 -0.008 0.05910297 0.02124149 -0.008 0.06210297 0.02124149 -0.00458836 0.05967164 0.02124149 -0.00458836 0.05967164 0.02224149 -0.00537251 0.05988949 0.02224149 -0.00537251 0.05988949 0.02124149 -0.0060138 0.06026403 0.02224149 -0.0060138 0.06026403 0.02124149 -0.00653894 0.06078917 0.02224149 -0.00653894 0.06078917 0.02124149 -0.00691348 0.06143046 0.02224149 -0.00691348 0.06143046 0.02124149 -0.00713133 0.06221461 0.02224149 -0.00713133 0.06221461 0.02124149 -0.0047 0.05880297 0.02124149 -0.0077 0.05880297 0.02124149 -0.004404225 0.05942853 0.02124149 -0.00440511 0.05906415 0.02124149 -0.0044 0.05939318 0.02224149 -0.0044 0.05910297 0.02474149 -0.0044 0.06019153 0.02224149 -0.007738825 0.06239786 0.02124149 -0.00730573 0.06238208 0.02124149 -0.00740979 0.06240297 0.02224149 -0.006534085 0.0624255 0.02224149 -0.007738825 0.06239786 0.02474149 -0.007987398 0.05904606 0.02124149 -0.007862977 0.05885951 0.02124149 -0.004407222 0.05922693 0.02124149 -0.007522278 0.06238997 0.02124149 0.00713133 0.06221461 0.02124149 0.00713133 0.06221461 0.02224149 0.00691348 0.06143046 0.02224149 0.00653894 0.06078917 0.02224149 0.0060138 0.06026403 0.02224149 0.00537251 0.05988949 0.02224149 0.00458836 0.05967164 0.02224149 -0.00446403 0.0589219 0.02124149 -0.007881065 0.058867 0.02124149 -0.00793597 0.06228403 0.02124149 0.00793597 0.0589219 0.02124149 0.004518935 0.058867 0.02124149 0.00446403 0.0589219 0.02474149 0.007881065 0.06233894 0.02124149 0.00793597 0.07132191 0.02124149 0.007881065 0.071267 0.02474149 0.007881065 0.07473894 0.02124149 0.007881065 0.07473894 0.02374149 0.004518935 0.07473894 0.02124149 -0.007881065 0.071267 0.02124149 -0.007881065 0.07473894 0.02124149 -0.004518935 0.07473894 0.02474149 -0.004518935 0.07473894 0.02124149 -0.00433597 0.07323335 0.02224149 -0.004520812 0.07399008 0.02224149 -0.006430375 0.07113894 0.02224149 0.004520812 0.07399008 0.02224149 0.00433597 0.07323335 0.02224149 0.006405215 0.0711184 0.02224149 0.007187108 0.07132378 0.02224149 0.00433597 0.06037259 0.02224149 0.004520812 0.05961586 0.02224149 0.006430375 0.062467 0.02224149 -0.004520812 0.05961586 0.02224149 -0.00433597 0.06037259 0.02224149 -0.006405215 0.06248755 0.02224149 -0.007187108 0.06228216 0.02224149 -0.00645673 0.06244802 0.02474149 0.00433597 0.06037259 0.02474149 -0.00433597 0.07323335 0.02474149 0.0115 0.06574111 0.02092669 0.0115 0.06549897 0.02139208 0.0115 0.06747797 0.02057236 0.0115 0.06715238 0.02043749 0.001061862 0.05530297 0.02092669 -0.000675 0.05530297 0.02057236 -0.001061862 0.05530297 0.02092669 0.000675 0.05530297 0.02057236 0.000349406 0.05530297 0.02043749 -0.001304 0.05530297 0.02139208 -0.0115 0.06574111 0.02092669 -0.0115 0.06612797 0.02057236 -0.0115 0.06645357 0.02043749 -0.0115 0.06747797 0.02057236 -0.0115 0.06786484 0.02092669 -0.0115 0.06810697 0.02139208</float_array>
          <technique_common>
            <accessor count="1695" source="#verts-array-array" stride="3">
              <param type="float" name="X"/>
              <param type="float" name="Y"/>
              <param type="float" name="Z"/>
            </accessor>
          </technique_common>
        </source>
        <source id="normals-array">
          <float_array count="5085" id="normals-array-array">0.3851645 -0.3851637 0.8386282 0.168437 -0.6286163 0.7592566 0 0.7071068 0.7071068 -0.5773503 0.5773503 0.5773503 -0.3162278 0 0.9486833 0.6695484 -0.3287404 0.666059 0 0 1 0.5542322 -0.00324066 0.8323558 -0.3321491 0 0.9432269 0.6154003 -0.171156 0.7694076 -0.342597 0 0.9394824 0.3162278 0 0.9486833 0.4050363 -0.4692642 0.7846889 0 0 1 0.1052479 -0.7288253 0.6765623 -0.7196962 -0.04714182 0.6926869 0 0 1 -0.6528651 0 0.7574742 0 0 1 -0.3851641 -0.3851687 0.8386261 -0.6286116 -0.1684445 0.7592588 0.7071068 0 0.7071068 -0.7092507 -0.1900014 0.6788689 -0.6358793 -0.3671599 0.6788602 -0.519182 -0.5191805 0.6788974 0 0.3321491 0.9432269 0 0.3162278 0.9486833 0 0.342597 0.9394825 0 -0.3162278 0.9486833 0.4508267 0.3951671 0.8003738 -0.342597 0 0.9394824 0.3162278 0 0.9486833 -0.6223357 0 0.7827505 -0.6223357 0 0.7827505 0.654986 0.1124062 0.7472337 -0.3321491 0 0.9432269 0.5548793 0 0.8319309 -0.3845739 0.3865695 0.8382523 -0.1684506 0.6286077 0.7592607 0 -0.7071068 0.7071068 0.2472706 0.722273 0.6458939 0 0 1 -0.3162278 0 0.9486833 0.3321491 0 0.9432269 0.3162278 0 0.9486833 0.342597 0 0.9394824 -0.3162278 0 0.9486833 -0.04714044 0.7196959 0.6926873 -0.1900011 0.7092514 0.6788682 0 0 1 -0.3671617 0.6358783 0.6788601 -0.519182 0.5191805 0.6788974 0 0 1 -0.6528651 0 0.7574742 0 0 1 -0.7196962 0.04714182 0.6926869 0 0 1 -0.7092507 0.1900024 0.6788686 -0.6358786 0.3671607 0.6788604 0.3951745 -0.4511912 0.8001647 0 0.342597 0.9394825 0 -0.3162278 0.9486833 0 0.6223358 0.7827504 0 0.6223358 0.7827504 0.5773503 0.5773503 0.5773503 -0.3232329 -0.7015082 0.6351431 0.7222727 -0.247268 0.6458953 0 0 1 0 0.3162278 0.9486833 0 0.7071068 0.7071068 -0.168437 -0.6286163 0.7592566 0.5773503 0.5773503 0.5773503 -0.3847946 -0.3865936 0.8381399 0.3162278 0 0.9486833 0.5773503 -0.5773503 0.5773503 0.6391764 0.4904455 0.5923822 -0.5773503 -0.5773503 0.5773503 0.3848025 0.3865924 0.8381369 0.6346266 0.4247983 0.645597 0.3851633 0.3851688 0.8386264 0.6286116 0.1684445 0.7592588 -0.7071068 0 0.7071068 0 0 1 0.1900011 0.7092514 0.6788682 0 0 1 0.04714044 0.7196959 0.6926873 0 0 1 0 0.6528651 0.7574742 0 0 1 0 0.3321491 0.9432269 0.1124018 -0.6549888 0.7472319 0 -0.5548788 0.8319312 0 -0.3321491 0.9432269 0 -0.3162278 0.9486833 0 -0.342597 0.9394825 0 0.3162278 0.9486833 -0.1074668 -0.626232 0.7721945 -0.3647735 -0.3605315 0.8584622 -0.2972841 -0.7171893 0.6302869 0.6358786 0.3671607 0.6788604 0.7092507 0.1900024 0.6788686 0.7196962 0.04714182 0.6926869 -0.5773503 -0.5773503 0.5773503 0.4904492 -0.6391742 0.5923815 -0.5773503 0.5773503 0.5773503 0.3865937 -0.3847988 0.8381379 0.4248025 -0.6346247 0.6455961 0 0.6528651 0.7574742 0 0 1 0 0 1 0.519182 0.5191805 0.6788974 0.3671617 0.6358783 0.6788601 0 0 1 -0.3605318 0.3647738 0.8584619 -0.7171451 0.2997267 0.6291794 0.6528651 0 0.7574742 0 0 1 0 0 1 0.5773503 -0.5773503 0.5773503 0 0 1 0 0 1 0 0 1 0.7196962 -0.04714182 0.6926869 0 0 1 0.6528651 0 0.7574742 0 0 1 0.3321491 0 0.9432269 -0.4508271 -0.3951649 0.8003747 0.342597 0 0.9394824 -0.3162278 0 0.9486833 0.6223357 0 0.7827505 0.6223357 0 0.7827505 -0.6549873 -0.1124042 0.7472329 -0.5548793 0 0.8319309 -0.2472706 -0.722273 0.6458939 0 0 1 -0.3951646 0.4508203 0.8003787 0 -0.342597 0.9394825 0 0.3162278 0.9486833 0 -0.6223358 0.7827504 0 -0.6223358 0.7827504 0 0 1 0.04714303 -0.7196964 0.6926865 0.190001 -0.7092501 0.6788696 -0.3671599 -0.6358801 0.6788595 -0.190001 -0.7092501 0.6788696 0 0 1 -0.04714303 -0.7196964 0.6926865 0 0 1 0 -0.6528651 0.7574742 0 0 1 0 -0.3321491 0.9432269 0.519182 -0.5191805 0.6788974 0.6358793 -0.3671599 0.6788602 0.7092507 -0.1900014 0.6788689 -0.7222721 0.247271 0.6458947 0 0 1 0 -0.3162278 0.9486833 0 0 1 0.3671599 -0.6358801 0.6788595 -0.5773503 -0.5773503 0.5773503 0.3232322 0.7015087 0.6351428 -0.1124018 0.6549888 0.7472319 0 0.554879 0.8319311 -0.6346266 -0.4247983 0.645597 0 0 1 0.3643799 0.3613595 0.8582812 0.3003945 0.7170473 0.6289725 0.5773503 0.5773503 0.5773503 -0.4904492 0.6391742 0.5923815 0.5773503 -0.5773503 0.5773503 -0.3865938 0.3847987 0.8381379 -0.4247998 0.6346247 0.6455979 0 -0.6528651 0.7574742 0 0 1 0 0 1 0 0 1 0 1 0 0 1 0 0 1 0 0 1 0 0.04714044 0.7196959 -0.6926873 0 0.6528651 -0.7574742 -0.7196962 0.04714182 -0.6926869 -0.9583297 -0.2856644 0 -0.6370488 -0.4939608 -0.5917529 -1 0 0 -1 0 0 -1 0 0 -0.04714303 -0.7196964 -0.6926865 0.4939608 -0.6370488 -0.5917529 0.2856645 -0.9583297 0 0 -1 0 0 -1 0 0 -1 0 1 0 0 1 0 0 1 0 0 1 0 0 0.6528651 0 -0.7574742 0.7196962 -0.04714182 -0.6926869 0 1 0 0 1 0 0 1 0 0 1 0 0 1 0 0 1 0 0 1 0 0 1 0 0 1 0 0 1 0 -0.5773503 0.5773503 -0.5773503 -0.6902776 0.7221287 -0.04524395 0 0.6223358 -0.7827504 0 1 0 0.5773503 0.5773503 -0.5773503 0 0.6223358 -0.7827504 0.6807754 0.7311319 -0.04462113 -0.5846789 0.7376992 -0.3375656 -0.4773879 0.7377007 -0.477387 -0.6521228 0.7377007 -0.1747386 -0.3375686 0.7376985 -0.584678 -0.1723273 0.7461245 -0.6431186 -0.2174484 0.6453652 -0.7322704 -0.3510972 0.5835302 -0.7322727 -0.3015113 -0.3015113 -0.904534 0 0 -1 0 0 -1 0 0 -1 0 0 -1 0 0 -1 0.2979997 -0.3843226 -0.8737805 -0.3015113 0.3015113 -0.904534 -0.434167 -0.2862878 -0.8541301 0.3015113 0.3015113 -0.904534 0 0 1 0.3015113 -0.3015113 -0.904534 0 0 1 -0.3015113 -0.3015113 -0.904534 -0.3018129 0.2984787 -0.9054388 -0.3015113 0.3015113 -0.904534 0.3015113 -0.3015113 -0.904534 0.3015113 0.3015113 -0.904534 -0.3015113 -0.3015113 -0.904534 0 0.342597 -0.9394825 0.3015113 0.3015113 -0.904534 0.342597 0 -0.9394824 0.3015113 0.3015113 -0.904534 -0.3015113 0.3015113 -0.904534 0.342597 0 -0.9394824 0.6223357 0 -0.7827505 0.3015113 -0.3015113 -0.904534 0.5773503 -0.5773503 -0.5773503 0.3015113 0.3015113 -0.904534 -0.3015113 0.3015113 -0.904534 -0.3015113 -0.3015113 -0.904534 -0.2862879 -0.4341668 -0.8541302 0.3015113 -0.3015113 -0.904534 0 0 -1 0 0 -1 0 0 -1 0 0 -1 -0.6370488 0.4939608 -0.5917529 0 0 -1 0 0 -1 -0.6358793 -0.3671599 -0.6788602 -0.7092507 -0.1900014 -0.6788689 0 0 -1 -0.7196962 -0.04714182 -0.6926869 0 0 -1 -0.190001 -0.7092501 -0.6788696 -0.3671599 -0.6358801 -0.6788595 -0.519182 -0.5191805 -0.6788974 0 0 -1 0 0 -1 -0.3283184 0.5686684 -0.7542037 0 0 -1 0 0 -1 0 0 -1 0 0 -1 0 0.6528651 -0.7574742 -0.4642988 -0.4643327 -0.7542027 0 0 -1 0 0 -1 -0.7092507 0.1900024 -0.6788686 0 0 -1 -0.6358786 0.3671607 -0.6788604 -0.519182 0.5191805 -0.6788974 -0.3671617 0.6358783 -0.6788601 0 0 -1 0.6342619 0.1699808 -0.7542005 0.3283282 -0.5686695 -0.7541987 -0.04714044 0.7196959 -0.6926873 -0.1900011 0.7092514 -0.6788682 -0.3220359 -0.5577665 -0.7649767 0 0 -1 0 0 -1 0 0 -1 0 0 -1 0 0 -1 0.3321491 0 -0.9432269 0 0 -1 0 0 -1 0 0 -1 -0.4939608 -0.6370488 -0.5917529 0 0 -1 0 0 -1 0.04714303 -0.7196964 -0.6926865 0 0 -1 0.7092507 -0.1900014 -0.6788689 0 0 -1 0.190001 -0.7092501 -0.6788696 0.3671599 -0.6358801 -0.6788595 0.6358793 -0.3671599 -0.6788602 0.519182 -0.5191805 -0.6788974 5.213023e-18 -0.6566442 -0.7542005 0 0 -1 0 0 -1 0 0 -1 0 0 -1 0.4643195 0.4643186 -0.7541986 -0.5636667 0.3821748 -0.732272 0 0 -1 -0.4683328 0.494412 -0.7322712 0 0 -1 0 0 -1 0 0 -1 -0.5766043 0.3329025 -0.7461256 -0.6521286 0.1747338 -0.7376967 -0.6751261 5.988621e-07 -0.7377023 -0.6521296 -0.1747316 -0.7376963 -0.5655204 -0.3265013 -0.757353 0 0 -1 0 0 -1 0 0 -1 0.4643198 0.4643186 -0.7541985 0 0 -1 0.5190422 -0.4408768 -0.7322724 0 0 -1 0.4121296 -0.5421502 -0.732272 0 0 -1 0.2859502 -0.6180714 -0.7322706 0 0 -1 0 0 -1 0.6016842 -0.318991 -0.732271 0 0 -1 0 0 -1 -0.4554232 -0.4554224 -0.7649707 0.3260407 -0.5647183 -0.7581495 0.5887643 -0.3091416 -0.7468521 0.6614441 -0.0870767 -0.7449224 0 0 -1 -0.4121296 -0.5421502 -0.732272 0.6399437 0.1442492 -0.754761 -0.5190422 -0.4408768 -0.7322724 0 0 -1 -0.6016842 -0.318991 -0.732271 0.3015113 -0.3015113 -0.904534 0 0 -1 0.1723176 -0.6431258 -0.7461205 0 0 -1 0 0 -1 0.3375618 -0.5846731 -0.7377055 -0.589856 -0.292769 -0.7525664 0 0 -1 -0.4446869 -0.5044251 -0.7401412 0 0 -1 -0.5622964 0.3554217 -0.746658 -0.6521274 0.1747346 -0.7376975 -0.4005064 0.5219564 -0.7530977 -0.2859502 -0.6180714 -0.7322706 -0.1463997 -0.6650902 -0.7322719 -2.133244e-17 -0.6810121 -0.7322722 0.1463997 -0.6650902 -0.7322719 -0.6326455 0.2520688 -0.7322711 -0.6720404 0.110173 -0.7322729 -0.6800154 -0.03687129 -0.7322702 -0.6561896 -0.1821891 -0.7322721 0.3510972 0.5835302 -0.7322727 0.2174484 0.6453652 -0.7322704 0.07363193 0.6770198 -0.7322722 -0.07363193 0.6770198 -0.7322722 0 0 -1 -0.4643195 0.4643186 -0.7541986 0 0 -1 0 0 -1 0.6326455 0.2520688 -0.7322711 0 0 -1 0 0 -1 -0.3843227 0.2979996 -0.8737805 0 0 -1 0.4643187 -0.4643175 -0.7541999 0 0 -1 0.3283199 0.5686659 -0.754205 0 0 -1 -0.6566424 5.824663e-07 -0.7542021 0 0 -1 0.4683328 0.494412 -0.7322712 0 0 -1 0.5636667 0.3821748 -0.732272 0.6561896 -0.1821891 -0.7322721 0.6800154 -0.03687129 -0.7322702 0.6720404 0.110173 -0.7322729 0.3018129 -0.2984787 -0.9054388 -0.4396966 -0.666817 -0.6016827 0.5773503 -0.5773503 -0.5773503 0.2862879 -0.4341668 -0.8541302 0.4396966 -0.666817 -0.6016827 -0.5773503 -0.5773503 -0.5773503 -0.2979997 -0.3843226 -0.8737805 -0.3015113 -0.3015113 -0.904534 0.2984788 0.3018129 -0.9054388 0.5773503 0.5773503 -0.5773503 0.6223357 0 -0.7827505 0.3321491 0 -0.9432269 0.6528651 0 -0.7574742 0.1900011 0.7092514 -0.6788682 0 0 -1 0.3671617 0.6358783 -0.6788601 0 0 -1 0.470781 -0.4708153 -0.7461221 0 0 -1 0 0 -1 0.5655142 -0.3265105 -0.7573537 0 0 -1 0 0 -1 0.3283184 0.5686684 -0.7542037 0 0 -1 -0.4643342 0.4643019 -0.7541999 0 0 -1 0 0 -1 0.7196962 0.04714182 -0.6926869 0.519182 0.5191805 -0.6788974 0.6358786 0.3671607 -0.6788604 -0.5686669 -0.3283325 -0.7541988 0.7092507 0.1900024 -0.6788686 0 0 -1 0 0.3321491 -0.9432269 0 0.342597 -0.9394825 0 0.3321491 -0.9432269 -0.3843227 -0.2979996 -0.8737805 -0.434167 0.2862878 -0.8541301 -0.5773503 -0.5773503 -0.5773503 -0.6668171 0.4396963 -0.6016827 -0.2984788 -0.3018129 -0.9054388 -0.3015113 0.3015113 -0.904534 -0.5773503 0.5773503 -0.5773503 -0.6668171 -0.4396963 -0.6016827 0 -1 0 0 -1 0 0 -1 0 -0.2856645 -0.9583297 0 0.2614045 -0.9652293 0 0 -1 0 0 -1 0 0 -1 0 0 -1 0 0 -1 0 0 -1 0 0 -1 0 0 -1 0 0 -1 0 0.6902776 -0.7221287 -0.04524395 -0.2614045 -0.9652293 0 -0.6807754 -0.7311319 -0.04462113 0.5846789 -0.7376992 -0.3375656 0.4773879 -0.7377007 -0.477387 0.6521228 -0.7377007 -0.1747386 0.3375686 -0.7376985 -0.584678 0.1723273 -0.7461245 -0.6431186 -1 0 0 -1 0 0 -1 0 0 -0.9583297 0.2856644 0 -1 0 0 -1 0 0 -1 0 0 -0.7573476 -0.3265085 -0.5655234 -0.9652294 0.2614044 0 -1 0 0 -0.9652294 -0.2614044 0 -0.7573494 0.3265088 -0.5655209 -1 0 0 -0.7311319 -0.6807754 -0.04462102 -0.7311333 0.6807739 -0.04462092 -0.7377012 0.1747389 -0.6521221 -0.7377 9.314929e-07 -0.6751286 -0.7377026 -0.1747402 -0.6521202 -1 0 0 -1 0 0 -1 0 0 1 0 0 0.7311333 0.6807739 -0.04462092 0.7573476 -0.3265085 -0.5655234 1 0 0 1 0 0 1 0 0 1 0 0 1 0 0 1 0 0 0.7573494 0.3265088 -0.5655209 0.7311319 -0.6807754 -0.04462102 0.7377026 -0.1747402 -0.6521202 1 0 0 1 0 0 1 0 0 0.7377012 0.1747389 -0.6521221 0.7377 9.314929e-07 -0.6751286 1 0 0 1 0 0 1 0 0 1 0 0 0 1 0 0 1 0 0 1 0 0 1 0 0 0 1 0 0 1 0.4267366 0.8521237 0.3029538 -0.9741476 0.1843756 0.1305458 0.6703798 0.6710974 0.3165742 0 -0.986394 0.1643988 -0.1101416 -0.6418181 0.758906 0 0 1 0 0 1 0 0 1 0 0 1 0 0 1 0 0 1 0 0 1 0 0 1 -0.4643138 -0.464315 0.7542044 -0.424265 -0.4242637 0.7999997 0 0 1 -0.4242638 -0.424265 0.7999997 0 0 1 0 0 1 -0.5686599 0.3283267 0.7542066 0 0 1 0 0 1 0 0 1 0 0 1 -0.6713539 -0.6701231 0.3165737 -0.7080805 -0.7061317 0 -0.6701743 -0.6713028 0.3165738 -0.7062129 -0.7079995 0 0 0 1 0 0 1 0 0 1 0 0 1 0 0 1 0 0 1 0 0 1 0.424265 -0.4242637 0.7999997 0 0 1 0 0 1 0 0 1 0.4242637 -0.4242651 0.7999996 0 0 1 0.4643138 -0.464315 0.7542044 0 0 1 0 0 1 -0.6566285 5.562032e-07 0.7542142 0 0 1 0 0 1 0.8520821 -0.426465 0.3034531 0.6713539 -0.6701231 0.3165738 0.7080805 -0.7061317 0 0 0 1 0 0 1 0 0 1 0 0 1 0.4242652 0.4242635 0.7999997 0 0 1 0.4242642 0.4242641 0.7999999 0.6342684 0.1699483 0.7542024 0.5686593 -0.3283264 0.7542071 0 0 1 0 0 1 0 0 1 0 0 1 0 0 1 0 0 1 0 0 1 0 0 1 0 0 1 0 0 1 0.7065383 0.7076748 0 0.4476097 0.4119434 0.7936928 0 0 1 0.9863488 0.000738285 0.1646681 0 0.9863939 0.164399 0.1479633 0.6309961 0.761545 -0.4119481 0.4476146 0.7936876 0 0 1 0.1855175 0.9737416 0.1319487 -0.9863939 0 0.164399 -0.6309928 0.1479678 0.7615468 0.4132055 -0.445039 0.7944819 0 0 1 -0.8522794 0.4264471 0.3029236 -0.1851673 -0.9738594 0.1315712 -0.671354 0.670123 0.3165737 0.9863939 0 0.1643992 0.6287937 -0.1495036 0.7630643 -0.3005926 -0.9537526 0 -0.3190111 -0.9477439 0.003661131 -0.3919082 -0.5144392 0.7627321 -0.6612884 -0.7501243 0.003332819 -0.8452859 -0.5342903 -0.005062391 -0.9659281 -0.2588107 0 -1 8.870374e-07 0 -0.9659272 0.2588141 0 -0.8660255 0.4999999 0 -0.7071077 0.7071058 0 -0.7071077 0.7071058 0 -0.3021127 0.58019 0.7563779 -0.4445882 0.8957276 0.00365903 -0.08784749 0.64986 0.7549601 -0.06280032 0.9980206 0.003330307 0.2198857 0.9755125 -0.005064257 0.2588151 0.9659269 0 0.5000007 0.866025 0 0.5000007 0.866025 0 0.7071074 0.7071061 0 0.8660253 0.5000001 0 0.8660253 0.5000001 0 0.6342705 0.1699485 0.7542005 0.9659273 0.2588137 0 1 8.870374e-07 0 1 8.870374e-07 0 0.9659282 -0.2588104 0 0.9659282 -0.2588104 0 0.5686679 -0.3283187 0.754204 0.8660266 -0.4999979 0 0.7071074 -0.7071061 0 0.7071074 -0.7071061 0 0.5000007 -0.866025 0 0.5000007 -0.866025 0 0.1699452 -0.6342716 0.7542003 0.2588086 -0.9659286 0 -4.516855e-18 -1 0 -0.5801909 -0.3021139 0.7563767 -0.8957285 -0.4445863 0.00365963 -0.6589827 -0.08908078 0.7468644 -0.9980205 -0.06280058 0.003331005 -0.6399437 0.1442492 0.754761 -0.9659268 0.2588154 0 -0.866024 0.5000024 0 -0.866024 0.5000024 0 -0.7071074 0.7071061 0 -0.7071074 0.7071061 0 -0.5000007 0.866025 0 -0.5000007 0.866025 0 -0.2588086 0.9659286 0 -0.2588086 0.9659286 0 4.516855e-18 1 0 -7.938885e-18 1 0 0.2588086 0.9659286 0 0.2588086 0.9659286 0 0.3283195 0.5686653 0.7542056 0.5000005 0.8660251 0 0.7071077 0.7071058 0 0.8660242 0.5000021 0 0.8660242 0.5000021 0 0.634269 0.1699496 0.7542016 0.9659267 0.2588158 0 1 3.536373e-18 0 1 -4.99e-18 0 0.9537502 -0.3006002 0 0.9477431 -0.3190135 0.00366013 0.7954597 -0.6059887 -0.004637814 0.7501272 -0.6612851 0.003331643 0.534298 -0.845281 -0.005063139 0.2588086 -0.9659286 0 0.2588086 -0.9659286 0 -4.516855e-18 -1 0 7.938885e-18 -1 0 -0.1699452 -0.6342716 0.7542003 -0.2588086 -0.9659286 0 -0.5000007 -0.866025 0 -0.5000007 -0.866025 0 -0.7071074 -0.7071061 0 -8.323535e-18 -1 0 4.516855e-18 -1 0 -0.2588086 -0.9659286 0 -0.2588086 -0.9659286 0 -0.5000007 -0.866025 0 -0.5000007 -0.866025 0 -0.7071074 -0.7071061 0 -0.7071074 -0.7071061 0 -0.8660266 -0.4999979 0 -0.8660266 -0.4999979 0 -0.9659282 -0.2588104 0 -0.9659282 -0.2588104 0 -1 8.870374e-07 0 -0.9659273 0.2588137 0 -0.9659273 0.2588137 0 -0.8660253 0.5000001 0 -0.8660253 0.5000001 0 -0.7071074 0.7071061 0 -0.5000007 0.866025 0 -0.5000007 0.866025 0 -0.1699496 0.6342708 0.7542 -0.2588151 0.9659269 0 1.006424e-17 1 0 -5.477673e-18 1 0 0.2588151 0.9659269 0 0.2588151 0.9659269 0 0.3283199 0.5686659 0.754205 0.7071077 0.7071058 0 0.7071077 0.7071058 0 0.8660255 0.4999999 0 0.8660255 0.4999999 0 0.9659272 0.2588141 0 0.9659272 0.2588141 0 1 8.870374e-07 0 1 8.870374e-07 0 0.9659281 -0.2588107 0 0.9659281 -0.2588107 0 0.8660268 -0.4999976 0 0.8660268 -0.4999976 0 0.7071077 -0.7071058 0 0.5000005 -0.8660251 0 0.5000005 -0.8660251 0 0.2588086 -0.9659286 0 0.2588086 -0.9659286 0 -0.3005926 -0.9537526 0 -0.3190111 -0.9477439 0.003661131 -0.6059922 -0.795457 -0.004636877 -0.8677282 -0.4970128 -0.005105577 -0.640889 -0.08663509 0.7627291 -0.7436614 -0.04679517 0.6669167 -0.9755117 0.2198894 -0.005063853 -0.8660242 0.5000021 0 -0.7071172 0.7070961 0.0006416454 -0.4648756 0.885365 -0.004417406 -0.2973266 0.9547656 0.004417602 -0.08468514 0.6432822 0.7609313 1.312425e-05 0.9999998 -0.0006424264 0.2198852 0.9755126 -0.005063467 0.2588086 0.9659286 0 0.5000007 0.866025 0 0.5000007 0.866025 0 0.7071074 0.7071061 0 0.7071074 0.7071061 0 0.866024 0.5000024 0 0.866024 0.5000024 0 0.9659268 0.2588154 0 0.9999998 1.31952e-05 0.0006423707 0.9547634 -0.2973337 -0.004418554 0.793315 -0.6087199 -0.01055725 0.5193523 -0.5193646 0.6786262 0.5342981 -0.845281 -0.005063106 0.2588086 -0.9659286 0 -4.516855e-18 -1 0 7.938885e-18 -1 0 6.404831e-19 -0.6566251 0.7542171 6.64716e-19 -1 0 -0.2588683 -0.9659126 0 -0.2588683 -0.9659126 0 -0.4999898 -0.8660313 0 -0.4999898 -0.8660313 0 -0.707081 -0.7071326 0 -0.8660183 -0.5000123 0 -0.8660183 -0.5000123 0 -0.9659271 -0.2588143 0 -0.9659271 -0.2588143 0 -1 3.711844e-18 0 -1 -9.883123e-19 0 -0.6342684 0.1699483 0.7542024 -0.9659271 0.2588143 0 -0.8660262 0.4999986 0 -0.8660262 0.4999986 0 -0.7071067 0.7071068 0 -0.7071067 0.7071068 0 -0.4999972 0.866027 0 -0.258807 0.965929 0 -0.258807 0.965929 0 2.648678e-19 1 0 -1.144715e-18 1 0 0.258807 0.965929 0 0.258807 0.965929 0 0.5000152 0.8660166 0 0.5000152 0.8660166 0 0.7071314 0.7070822 0 0.7071314 0.7070822 0 0.866025 0.5000006 0 0.866025 0.5000006 0 0.9659141 0.2588628 0 1 -3.767136e-18 0 1 -3.0092e-18 0 0.9659141 -0.2588628 0 0.9659141 -0.2588628 0 0.8660171 -0.5000143 0 0.8660171 -0.5000143 0 0.7071057 -0.7071079 0 0.7071057 -0.7071079 0 0.5000077 -0.8660209 0 0.2588683 -0.9659126 0 0.2588683 -0.9659126 0 1.343033e-18 -1 0 2.092945e-18 -1 0 -0.2588132 -0.9659274 0 -0.2588132 -0.9659274 0 -0.4999928 -0.8660296 0 -0.4999928 -0.8660296 0 -0.7071059 -0.7071077 0 -0.8660282 -0.4999952 0 -0.8660282 -0.4999952 0 -0.9659271 -0.2588143 0 -0.9659271 -0.2588143 0 -1 8.466325e-07 0 -1 8.466325e-07 0 -0.9659269 0.2588151 0 -0.9659269 0.2588151 0 -0.8660183 0.5000123 0 -0.707081 0.7071326 0 -0.707081 0.7071326 0 -0.499995 0.8660283 0 -0.499995 0.8660283 0 -0.2588679 0.9659127 0 -0.2588679 0.9659127 0 5.476486e-18 1 0 -8.490278e-18 1 0 0.2588679 0.9659127 0 0.2588679 0.9659127 0 0.5000129 0.8660179 0 0.5000129 0.8660179 0 0.7071057 0.7071079 0 0.7071057 0.7071079 0 0.8660171 0.5000143 0 0.8660171 0.5000143 0 0.9659139 0.2588636 0 0.9659139 0.2588636 0 1 8.470592e-07 0 1 8.470592e-07 0 0.9659141 -0.2588628 0 0.9659141 -0.2588628 0 0.866027 -0.4999972 0 0.866027 -0.4999972 0 0.7071305 -0.707083 0 0.7071305 -0.707083 0 0.5000107 -0.8660192 0 0.5000107 -0.8660192 0 0.2588132 -0.9659274 0 0.2588132 -0.9659274 0 9.754167e-19 -1 0 6.64716e-19 -1 0 -0.2588683 -0.9659126 0 -0.2588683 -0.9659126 0 -0.5000077 -0.8660209 0 -0.5000077 -0.8660209 0 -0.7071057 -0.7071079 0 -0.7071057 -0.7071079 0 -0.8660171 -0.5000143 0 -0.9659141 -0.2588628 0 -0.9659141 -0.2588628 0 -1 3.767136e-18 0 -1 3.0092e-18 0 -0.9659141 0.2588628 0 -0.9659141 0.2588628 0 -0.866025 0.5000006 0 -0.866025 0.5000006 0 -0.7071314 0.7070822 0 -0.5000152 0.8660166 0 -0.5000152 0.8660166 0 -0.258807 0.965929 0 -0.258807 0.965929 0 2.648678e-19 1 0 -1.144715e-18 1 0 0.258807 0.965929 0 0.258807 0.965929 0 0.4999972 0.866027 0 0.7071067 0.7071068 0 0.7071067 0.7071068 0 0.8660262 0.4999986 0 0.8660262 0.4999986 0 0.9659271 0.2588143 0 1 -3.711844e-18 0 1 9.883123e-19 0 0.9659271 -0.2588143 0 0.9659271 -0.2588143 0 0.707081 -0.7071326 0 0.4999898 -0.8660313 0 0.4999898 -0.8660313 0 0.2588683 -0.9659126 0 0.2588683 -0.9659126 0 1.343033e-18 -1 0 2.092945e-18 -1 0 -0.2588132 -0.9659274 0 -0.2588132 -0.9659274 0 -0.5000107 -0.8660192 0 -0.7071305 -0.707083 0 -0.7071305 -0.707083 0 -0.866027 -0.4999972 0 -0.866027 -0.4999972 0 -0.9659141 -0.2588628 0 -0.9659141 -0.2588628 0 -1 8.470592e-07 0 -0.9659139 0.2588636 0 -0.9659139 0.2588636 0 -0.8660171 0.5000143 0 -0.8660171 0.5000143 0 -0.7071057 0.7071079 0 -0.7071057 0.7071079 0 -0.5000129 0.8660179 0 -0.5000129 0.8660179 0 -0.2588679 0.9659127 0 -0.2588679 0.9659127 0 5.476486e-18 1 0 -8.490278e-18 1 0 0.2588679 0.9659127 0 0.2588679 0.9659127 0 0.499995 0.8660283 0 0.499995 0.8660283 0 0.707081 0.7071326 0 0.707081 0.7071326 0 0.8660183 0.5000123 0 0.8660183 0.5000123 0 0.9659269 0.2588151 0 0.9659269 0.2588151 0 1 8.466325e-07 0 1 8.466325e-07 0 0.9659271 -0.2588143 0 0.9659271 -0.2588143 0 0.8660282 -0.4999952 0 0.8660282 -0.4999952 0 0.7071059 -0.7071077 0 0.4999928 -0.8660296 0 0.4999928 -0.8660296 0 0.2588132 -0.9659274 0 0.2588132 -0.9659274 0 -0.6516203 0.7381681 0.1746389 -0.9849091 0.01241529 0.1726264 -0.6898955 0.7224984 0.04516999 -0.6453427 0.6838958 0.3403223 -0.5846828 0.7376957 0.3375663 -0.5191983 0.6788702 0.5191998 -0.5191983 -0.6788702 0.5191998 -0.3795618 0.6509394 0.6574273 -0.3671226 -0.678878 0.6358818 -0.2588249 0 0.9659243 -0.1723273 0.7461245 0.6431186 -1.51739e-16 0 1 -1.494555e-16 0 1 0.2588249 0 0.9659243 0.2588249 0 0.9659243 0.499996 0 0.8660277 0.32832 0.7541997 0.5686729 0.5367882 0.650934 0.5367898 0.7071057 0 0.7071079 0.6447885 0.6675808 0.3722683 0.8660257 0 0.4999995 0.9727126 0.006343136 0.2319266 0.6431187 0.7461242 0.1723285 0.6895081 0.7228696 0.04514545 0 0.4298813 0.9028854 0 0.3162278 0.9486833 0 1 0 0 1 0 0 1 0 0 1 0 0.9992417 0.02095155 -0.03281913 0.9659248 0 -0.258823 -0.6506856 -0.7442316 -0.1507566 -0.5846789 -0.7376992 -0.3375656 -0.4773879 -0.7377007 -0.477387 -0.3375686 -0.7376985 -0.584678 -0.1747396 -0.7377019 -0.6521211 5.597302e-16 0 -1 3.75425e-16 -0.7377 -0.6751286 0.2588249 0 -0.9659243 0.1747396 -0.7377019 -0.6521211 0.5000051 0 -0.8660225 0.3375686 -0.7376985 -0.584678 0.7071074 0 -0.7071061 0.4773879 -0.7377007 -0.477387 0.8660247 0 -0.5000012 0.5846789 -0.7376992 -0.3375656 0.6521228 -0.7377007 -0.1747386 0.6675333 -0.7442311 0.02279124 0.6415282 0.7476337 0.171713 0.6030088 -0.7478647 0.2776306 0.8584964 0.02548582 0.512186 0.6895359 0.0187309 0.7240092 0.4134218 -0.7591257 0.5028027 0.3873432 -0.01739829 0.9217714 0.2957327 0.001872128 0.9552689 0.02311608 0.7356822 0.6769323 -0.03412586 0.012189 0.9993432 -0.1991891 0.7391478 0.6434161 -0.3873432 0.01739829 0.9217714 -0.6349227 -0.02435706 0.7721916 -0.6895359 -0.0187309 0.7240092 -0.9102073 -0.02435683 0.4134361 -0.5527341 -0.7769463 0.3013959 -0.6636495 -0.7425088 0.09082952 -0.9999038 -0.000933124 -0.0138401 0.6516203 -0.7381681 0.1746389 0.9849091 -0.01241529 0.1726264 0.6898955 -0.7224984 0.04516999 0.6453427 -0.6838958 0.3403223 0.5846828 -0.7376957 0.3375663 0.5191983 -0.6788702 0.5191998 0.5191983 0.6788702 0.5191998 0.3795618 -0.6509394 0.6574273 0.3671226 0.678878 0.6358818 0.2588249 0 0.9659243 0.1723273 -0.7461245 0.6431186 1.51739e-16 0 1 1.494555e-16 0 1 -0.2588249 0 0.9659243 -0.2588249 0 0.9659243 -0.499996 0 0.8660277 -0.32832 -0.7541997 0.5686729 -0.5367882 -0.650934 0.5367898 -0.7071057 0 0.7071079 -0.6447885 -0.6675808 0.3722683 -0.8660257 0 0.4999995 -0.9727126 -0.006343136 0.2319266 -0.6431187 -0.7461242 0.1723285 -0.6895081 -0.7228696 0.04514545 0 -0.4298813 0.9028854 0 -0.3162278 0.9486833 0 -1 0 0 -1 0 0 -1 0 0 -1 0 -0.7381683 -0.6516201 0.174639 -0.01241531 -0.9849091 0.1726265 -0.7224984 -0.6898955 0.04516988 -0.6838968 -0.6453433 0.3403192 -0.7376946 -0.5846853 0.3375647 -0.6788685 -0.5191999 0.5192004 0.6788685 -0.5191999 0.5192004 -0.6675819 -0.3722643 0.6447897 0.6788791 -0.3671212 0.6358814 0 -0.2588261 0.9659239 -0.746125 -0.172328 0.6431179 0 1.379726e-06 1 0 1.379726e-06 1 -0.6384554 0.1992058 0.7434324 0 0.2588236 0.9659246 0 0.4999968 0.8660272 -0.7541998 0.3283204 0.5686725 0 0.7071051 0.7071085 0 0.7071051 0.7071085 0 0.8660235 0.5000033 0 0.8660235 0.5000033 -0.006343129 0.9727125 0.2319269 -0.746124 0.6431189 0.1723287 -0.7228696 0.6895081 0.04514534 0.7381683 0.6516201 0.174639 0.01241531 0.9849091 0.1726265 0.7224984 0.6898955 0.04516988 0.6838952 0.6453418 0.3403253 0.7376966 0.5846805 0.3375685 0.6788716 0.5191969 0.5191994 -0.6788716 0.5191969 0.5191994 0.678877 0.3671237 0.6358822 -0.678877 0.3671237 0.6358822 0.6675765 0.1927048 0.7191706 0.746124 0.1723266 0.6431194 0 1.379726e-06 1 0 1.379726e-06 1 0 -0.2588261 0.9659239 0 -0.2588261 0.9659239 0.6384561 -0.3848251 0.6665459 0.7541981 -0.3283201 0.568675 0 -0.7071064 0.7071071 0 -0.7071064 0.7071071 0 -0.8660277 0.4999961 0 -0.8660277 0.4999961 0.006343129 -0.9727125 0.2319269 0.7461228 -0.6431202 0.172329 0.7228696 -0.6895081 0.04514534 -1 0 0 -0.4376045 0 0.8991676 -0.3162278 0 0.9486833 -1 0 0 -1 0 0 -1 0 0 -1 0 0 0.4376045 0 0.8991676 1 0 0 0.4119554 0 0.911204 1 0 0 1 0 0 1 0 0 -0.0209515 0.9992417 -0.03281905 0 0.9659247 -0.2588233 0 -0.9659247 -0.2588233 0.7442318 -0.6506854 -0.1507569 0 -0.8660267 -0.4999978 0.737698 -0.5846814 -0.3375639 0 -0.7071082 -0.7071054 0.7377027 -0.4773869 -0.4773851 0.7376972 -0.3375685 -0.5846797 0.7377026 -0.1747402 -0.6521202 0.7377 9.314929e-07 -0.6751286 0.7377012 0.1747389 -0.6521221 0.7376997 0.3375685 -0.5846765 0 0.7071068 -0.7071068 0.7376991 0.4773888 -0.4773888 0 0.8660225 -0.500005 0.7377 0.5846766 -0.3375677 0.7377008 0.6521226 -0.1747388 0.7442321 0.667532 0.02279491 -0.7476348 0.6415267 0.1717143 0.7506705 0.6081725 0.2581087 -0.02549284 0.8584939 0.5121897 -0.01608393 0.6853608 0.728026 0.01608538 0.7280191 0.6853681 0.01842232 0.3905995 0.9203764 0.02549525 0.5121844 0.858497 0.005009946 0.2585564 0.9659832 -0.7356822 0.0231173 0.6769323 -0.01218877 -0.0341234 0.9993433 -0.739148 -0.1991894 0.6434158 -0.02965609 -0.4185304 0.9077185 0.01460704 -0.6354781 0.7719807 -0.02696858 -0.7930635 0.6085417 0.01460731 -0.9101479 0.4140258 0.7409533 -0.6618503 0.1137646 0.0009331556 -0.9999038 -0.01383996 -0.9992417 -0.02095155 -0.03281913 -0.9659248 0 -0.258823 0.6506856 0.7442316 -0.1507567 0.5846789 0.7376992 -0.3375656 0.4773879 0.7377007 -0.477387 0.3375686 0.7376985 -0.584678 0.1747396 0.7377019 -0.6521211 -5.597302e-16 0 -1 -3.75425e-16 0.7377 -0.6751286 -0.2588249 0 -0.9659243 -0.1747396 0.7377019 -0.6521211 -0.5000051 0 -0.8660225 -0.3375686 0.7376985 -0.584678 -0.7071074 0 -0.7071061 -0.4773879 0.7377007 -0.477387 -0.8660247 0 -0.5000012 -0.5846789 0.7376992 -0.3375656 -0.6521228 0.7377007 -0.1747386 -0.6675333 0.7442311 0.02279122 -0.6415282 -0.7476337 0.171713 -0.6030089 0.7478646 0.2776306 -0.8584963 -0.02548592 0.512186 -0.689536 -0.01873099 0.7240092 -0.4134218 0.7591257 0.5028027 -0.3873432 0.01739834 0.9217714 -0.2957327 -0.001872114 0.9552689 -0.02311606 -0.7356822 0.6769323 0.03412583 -0.01218903 0.9993432 0.1991891 -0.7391478 0.6434161 0.3873432 -0.01739834 0.9217714 0.6349227 0.02435713 0.7721916 0.689536 0.01873099 0.7240092 0.9102073 0.0243569 0.4134361 0.552734 0.7769464 0.3013959 0.6636495 0.7425088 0.09082954 0.9999038 0.0009331171 -0.01384011 0.0209515 -0.9992417 -0.03281905 0 -0.9659247 -0.2588233 0 0.9659247 -0.2588233 -0.7442318 0.6506854 -0.1507569 0 0.8660225 -0.500005 -0.7377 0.5846766 -0.3375677 0 0.7071068 -0.7071068 -0.7376991 0.4773888 -0.4773888 -0.7376997 0.3375685 -0.5846765 -0.7377012 0.1747389 -0.6521221 -0.7377 9.314929e-07 -0.6751286 -0.7377026 -0.1747402 -0.6521202 -0.7376972 -0.3375685 -0.5846797 0 -0.7071082 -0.7071054 -0.7377027 -0.4773869 -0.4773851 0 -0.8660267 -0.4999978 -0.737698 -0.5846814 -0.3375639 -0.7377008 -0.6521226 -0.1747388 -0.744231 -0.6675333 0.02279132 0.7475581 -0.6344893 0.1964185 -0.7493291 -0.6013535 0.2772721 0.7458618 -0.5142705 0.423339 -0.7618859 -0.4116503 0.500074 -0.02965609 -0.4185304 0.9077185 0.001873645 -0.2957332 0.9552687 0.7356822 -0.02311441 0.6769324 0.01218905 0.03412766 0.9993431 0.7392752 0.174115 0.6505045 0.01842232 0.3905995 0.9203764 0.754266 0.3363938 0.5638458 0.01608538 0.7280191 0.6853681 -0.01608393 0.6853608 0.728026 -0.008191807 0.9224845 0.3859472 -0.7769487 0.5527302 0.3013968 -0.74251 0.663648 0.09083098 -0.0009337031 0.9999038 -0.01383693 -0.5261443 -0.140981 0.8386277 -0.8280224 0.5076191 0.2381215 0.8257814 0.3911314 0.4063266 0.5076233 0.8280196 0.2381221 0.3911317 -0.8257812 0.4063268 -0.1409811 0.5261453 0.8386271 -0.1409799 -0.5261449 0.8386276 0.2505192 -0.9349522 0.251206 -0.3375564 -0.5846813 0.7377014 -0.6521278 -0.1747362 0.7376969 0.1409799 -0.5261449 0.8386276 -0.6751251 -1.370148e-19 0.7377033 -1.850241e-16 0.6751222 0.7377059 0.5261441 -0.1409805 0.8386279 -0.1747396 0.6521286 0.7376953 -0.3375564 0.5846813 0.7377014 0.9349501 0.2505261 0.2512071 0.8280223 -0.5076192 0.2381214 -0.8257814 -0.3911314 0.4063266 0.5261443 0.1409808 0.8386278 -0.6521278 0.1747362 0.7376969 -0.5846814 0.3375569 0.7377011 -0.4773866 0.4773863 0.737702 -0.5261441 0.1409804 0.838628 -0.9349501 -0.2505263 0.251207 0 0 1 0.1409803 0.5261449 0.8386275 -0.1723209 -0.6431255 0.74612 -0.2505313 0.9349482 0.2512088 -0.2505192 -0.9349522 0.251206 0.5846814 0.3375569 0.7377011 0.6521278 0.1747362 0.7376969 0.6751251 1.370148e-19 0.7377033 0.6521278 -0.1747362 0.7376969 0.3328971 -0.5766109 0.7461229 0.1747396 0.6521286 0.7376953 0.3375564 0.5846813 0.7377014 0.4773866 0.4773863 0.737702 1 0 0 1 0 0 1 0 0 1 0 0 1 0 0 1 0 0 1 0 0 1 0 0 0 1 0 0 1 0 0 1 0 0 1 0 0 1 0 0 1 0 0 1 0 0 1 0 -1 0 0 -1 0 0 -1 0 0 -0.8348413 0.5504907 0 -1 0 0 -1 0 0 -0.7902661 -0.6127638 0 -1 0 0 1 0 0 1 0 0 1 0 0 1 0 0 1 0 0 1 0 0 1 0 0 1 0 0 0 1 0 0 1 0 0 1 0 0 1 0 0 1 0 0 1 0 0 1 0 0 1 0 -1 0 0 -1 0 0 -0.7902661 0.6127638 0 -1 0 0 -0.8348413 -0.5504907 0 -1 0 0 -1 0 0 -1 0 0 0 -1 0 0 -1 0 0 -1 0 -0.550491 -0.8348411 0 0 -1 0 0 -1 0 0.6127639 -0.7902661 0 0 -1 0 0 -1 0 0 -1 0 0 -1 0 -0.6127639 -0.7902661 0 0 -1 0 0 -1 0 0.550491 -0.8348411 0 0 -1 0 1.104291e-16 -1 0 7.692325e-17 -0.675127 -0.7377015 -0.174733 -0.6521279 -0.7376975 -0.3375564 -0.5846813 -0.7377014 -0.5191975 -0.5191971 -0.6788729 -0.4773866 -0.4773863 -0.737702 -0.6358878 -0.3671202 -0.6788736 -0.5846814 -0.3375569 -0.7377011 -0.6521278 -0.1747362 -0.7376969 -0.6751251 -1.93263e-18 -0.7377033 -0.6521278 0.1747362 -0.7376969 -0.5846814 0.3375569 -0.7377011 -0.4773866 0.4773863 -0.737702 -0.3375564 0.5846813 -0.7377014 -0.1747396 0.6521286 -0.7376953 -1.738887e-16 0.6751222 -0.7377059 0.1747396 0.6521286 -0.7376953 0.3375564 0.5846813 -0.7377014 0.4773866 0.4773863 -0.737702 0.5846814 0.3375569 -0.7377011 0.6521278 0.1747362 -0.7376969 0.6751251 1.93263e-18 -0.7377033 0.6521278 -0.1747362 -0.7376969 0.6358878 -0.3671202 -0.6788736 0.5846814 -0.3375569 -0.7377011 0.5191975 -0.5191971 -0.6788729 0.4773866 -0.4773863 -0.737702 0.3375564 -0.5846813 -0.7377014 0.2588133 -0.9659274 0 0.174733 -0.6521279 -0.7376975 0.6780527 0.2701606 -0.6835625 0.7202786 0.1180811 -0.6835609 0.7288206 -0.03951757 -0.6835634 0.7032885 -0.1952659 -0.6835617 0.6448691 -0.3418861 -0.6835626 0.5562976 -0.4725217 -0.6835614 0.4417107 -0.5810637 -0.6835617 0.3064735 -0.6624316 -0.683563 0.1569076 -0.7128276 -0.6835618 1.11067e-16 -0.7298928 -0.6835616 -0.1569076 -0.7128276 -0.6835618 -0.6780527 0.2701606 -0.6835625 -0.6041245 0.4096058 -0.6835617 -0.5019469 0.5298978 -0.6835624 -0.3762983 0.6254149 -0.6835611 -0.233055 0.691684 -0.6835632 -0.07891699 0.725614 -0.6835616 0.07891699 0.725614 -0.6835616 0.233055 0.691684 -0.6835632 0.3762983 0.6254149 -0.6835611 0.5019469 0.5298978 -0.6835624 0.6041245 0.4096058 -0.6835617 -0.3064735 -0.6624316 -0.683563 -0.4417107 -0.5810637 -0.6835617 -0.5562976 -0.4725217 -0.6835614 -0.6448691 -0.3418861 -0.6835626 -0.7032885 -0.1952659 -0.6835617 -0.7288206 -0.03951757 -0.6835634 -0.7202786 0.1180811 -0.6835609 0.3511232 -0.9363293 0 -0.3511232 -0.9363293 0 0 -1 0 0 -1 0 0 -1 0 0 -1 0 0 1 0 -0.3511232 0.9363293 0 0 1 0 0 1 0 0.3511232 0.9363293 0 0 1 0 -0.9997227 -0.006468831 0.02264095 -0.006468812 0.9997227 0.02264088 0.9997227 0.006468831 0.02264095 0.006468812 -0.9997227 0.02264088 0.004088622 0.9998892 0.0143102 -0.9363293 -0.3511232 0 -0.9363293 0.3511232 0 -1 0 0 -1 0 0 -1 0 0 -1 0 0 1 0 0 1 0 0 0.9363293 0.3511232 0 1 0 0 1 0 0 1 0 0 0.9363293 -0.3511232 0 1 0 0 -0.3511232 0.9363293 0 0.3511232 0.9363293 0 0 1 0 0 1 0 0 1 0 0 1 0 0 -1 0 0.3511232 -0.9363293 0 0 -1 0 0 -1 0 -0.3511232 -0.9363293 0 0 -1 0 0.9363293 0.3511232 0 0.9363293 -0.3511232 0 1 0 0 1 0 0 1 0 0 1 0 0 -1 0 0 -0.9363293 -0.3511232 0 -1 0 0 -1 0 0 -0.9363293 0.3511232 0 -1 0 0 0 0 1 0 0 1 -0.4242656 0.4242633 0.7999996 0 0 1 0 0 1 0 0 1 -0.4242641 0.4242645 0.7999998 0 0 1 0 0 1 0 0 1 0 0 1 0 0 1 0 0 1 0 0 1 0 0 1 0 0 1 0 0 1 -0.7080805 0.7061317 0 0 0 1 0 0 1 0.7654047 -0.2050914 0.6099944 0 0 1 0.2050911 -0.7654042 0.6099951 0 0 1 0 0 1 0 0 1 -0.2050903 0.7654047 0.6099948 0.5603167 0.5603135 0.6099951 0 0 1 -0.5603148 -0.5603157 0.6099948 0 0 1 0 0 1 -0.7654052 0.2050902 0.6099942 0.9394698 0.3382893 0.05437694 0.5261445 -0.1409815 0.8386275 0.1439731 -0.5373048 0.8310086 -0.3894306 -0.9210453 -0.004402928 0 0 1 0 0 1 -0.5603142 0.5603164 0.6099947 0 0 1 -0.2050894 -0.7654052 0.6099944 0 0 1 0.5603162 -0.5603151 0.6099941 0 0 1 0.2050907 0.7654048 0.6099945 0 0 1 0.7654045 0.2050912 0.6099947 0 0 1 0 0 1 0 0 1 -0.7654049 -0.2050908 0.6099944 0 0 1 0 0 1 -0.3382915 0.9394689 0.05437933 0.1409811 0.5261448 0.8386274 0.5335919 0.1429771 0.833569 0.9228231 -0.3852077 -0.003552611 0 0 1 -0.205091 0.7654046 0.6099947 0.5603146 0.5603161 0.6099946 0 0 1 0.7654051 -0.2050904 0.6099942 0 0 1 0 0 1 0 0 1 -0.7654047 0.205091 0.6099945 0 0 1 0.2050895 -0.7654052 0.6099944 0 0 1 -0.5603163 -0.560315 0.6099941 0 0 1 -0.9394698 -0.3382893 0.05437694 -0.5261448 0.1409812 0.8386274 -0.1439717 0.5373036 0.8310096 0.3894323 0.9210445 -0.004403709 0.2050894 0.7654052 0.6099944 0 0 1 0 0 1 -0.7654045 -0.2050916 0.6099946 -0.5600301 0.5603188 0.6102533 0 0 1 0 0 1 0.5603142 -0.5603162 0.6099949 0 0 1 0.7654049 0.2050906 0.6099944 0 0 1 -0.2050902 -0.7654049 0.6099946 0 0 1 0 0 1 0 0 1 0 0 1 0.3382899 -0.9394692 0.05438298 -0.1409813 -0.5261452 0.8386271 -0.5335914 -0.1429773 0.8335693 -0.9230141 0.3847658 -0.0004811567 -0.8304734 0.557056 0.001591782 0 1 0 0 1 0 0 1 0 0 1 0 0 1 0 0 1 0 -0.8240143 0.5665188 -0.007541442 -0.4938623 0.3552072 0.79368 -0.675985 0.2856377 0.679305 -0.6543232 0.2764845 0.703859 -0.5810254 0.4481486 0.6793912 -0.5351099 0.4127338 0.7370945 -0.4481506 0.5810265 0.6793888 -0.4127326 0.5351071 0.7370972 -0.2838184 0.6716833 0.6843162 -0.2629934 0.6223989 0.7371934 -0.5733019 0.8191354 -0.0184947 -0.4173647 0.6989394 0.5807672 0.7932867 0.1867673 0.5794948 0.7164615 -0.1703477 0.6765091 0.1471681 -0.7309368 -0.666388 0.1680564 -0.9857765 0.001281071 -0.1346839 -0.7848316 0.6048963 0 0 1 0 0 1 0 0 1 0 0 1 -0.3240082 0.9460249 -0.007450246 0.198497 0.9801014 0.0004015501 -0.1382253 0.9855947 0.09745139 0.1750921 0.7303722 -0.6602266 0.1118035 0.6553936 0.7469666 -0.9692317 -0.2460435 0.007240877 -0.9185439 0.3952998 0.003902514 -0.9921367 0.1246858 -0.01086963 -0.9323558 -0.3613543 -0.01164753 -0.984999 -0.1725591 -0.0005173706 -0.9625444 -0.2711186 -0.001731627 -0.7932868 -0.1867646 0.5794955 -0.7301205 0.1252908 0.6717338 -0.1482408 0.7313916 -0.6656508 -0.2282353 0.9735957 0.004478279 0.1340977 0.7847514 0.6051306 0.2679451 0.9634236 -0.00450698 0.3906855 -0.9204913 0.007785572 -0.1760438 -0.984349 0.008102925 0.133491 -0.9868086 0.09159111 -0.1750921 -0.7303722 -0.6602266 -0.1118035 -0.6553936 0.7469666 0.9695949 0.2445122 0.009974979 0.9185459 -0.3952951 0.003902517 0.9917501 -0.1278099 -0.009816066 0.9323573 0.3613504 -0.01164782 0.9854446 0.1699963 0.0003236513 0.9802513 0.1977549 -0.0006760785 0.6543238 -0.2764842 0.7038586 0 0 1 0.2629929 -0.6223979 0.7371944 0.417367 -0.6989383 0.5807668 0 0 1 0.4127334 -0.5351077 0.7370962 0.5351091 -0.4127335 0.7370952 0 0 1 0 0 1 -0.9627963 -0.2702185 -0.002276008 -0.9733324 -0.2293901 0.002030169 -0.8082918 0.1381266 0.5723508 -0.9634227 0.2679484 -0.004507773 0.56651 0.8240203 -0.007544865 0.5838994 0.811826 0 0.2838184 0.6716833 0.6843162 0.2761151 0.6534527 0.704812 0.4481506 0.5810265 0.6793888 0.4127326 0.5351071 0.7370972 0.5810254 0.4481486 0.6793912 0.5351099 0.4127338 0.7370945 0.6716837 0.2838202 0.6843151 0.6223964 0.2629938 0.7371953 0.8191336 0.5733046 -0.01849142 0.6881892 0.4109598 0.5979195 0.139196 -0.8111245 0.5680683 -0.1252955 -0.7301235 0.6717297 0.9529669 0.3030008 -0.006685754 0.9383428 -0.3456951 0.002787877 0.992752 0.1201642 0.001990831 0.7303178 -0.174755 -0.6603761 0.9857582 -0.1681671 -0.0007473565 -0.2445221 0.9695924 0.00997717 0.3952903 0.918548 0.003905931 0.1250941 0.9920961 -0.009834663 -0.3798845 0.9250132 -0.006197793 -0.3259883 0.9453736 0.0006768806 -0.2010458 0.9795818 -0.0002271802 0 0 1 0 0 1 0 0 1 0 0 1 0.7313915 0.1482327 -0.6656528 0.9735939 0.2282429 0.004479558 0.8146695 -0.1392137 0.5629682 -0.5665111 -0.8240195 -0.007544768 -0.5839001 -0.8118255 0 -0.2838185 -0.6716836 0.6843159 -0.2773043 -0.6562673 0.7017233 -0.4481504 -0.5810258 0.6793896 -0.4127334 -0.5351077 0.7370962 -0.5810256 -0.4481493 0.6793905 -0.5351091 -0.4127335 0.7370952 -0.6716837 -0.2838196 0.6843153 -0.6524717 -0.2757016 0.7058819 -0.8191361 -0.5733011 -0.01849175 -0.8585689 -0.5126982 0 -0.1864317 0.7919031 0.5814918 0.1252951 0.7301211 0.6717323 -0.9460234 -0.3240126 -0.007457922 -0.9801024 0.198492 0.0003991432 -0.9903081 -0.1388877 -2.258134e-05 -0.7303721 0.1750845 -0.6602287 -0.9857588 0.168164 -0.0007472812 0.2445221 -0.9695924 0.00997717 -0.3952954 -0.9185458 0.003905812 -0.1255732 -0.9920283 -0.01054518 0.3785146 -0.925518 -0.01196546 0.1474519 -0.7308597 -0.6664098 0 0 1 0 0 1 0 0 1 0 0 1 0.8501816 -0.5264895 0 0.5022269 -0.3534244 0.7892144 0.6759849 -0.2856371 0.6793054 0.5810256 -0.4481493 0.6793905 0.4481504 -0.5810258 0.6793896 0.2838185 -0.6716836 0.6843159 0.5733028 -0.8191348 -0.01849442 -0.7349628 0.6781046 0.00198592 0.6584852 0.7525785 0.004785214 0.7697384 -0.6383471 0.00395852 -0.752576 0.658488 0.00478383 0.6383557 0.7697314 0.003959064 0.7570155 0.6533912 -0.00271973 -0.6781064 -0.7349611 0.001985862 -0.7697364 0.6383496 0.003958387 -0.6533981 0.7570096 -0.002719958 -0.6594547 -0.7517386 0.002930037 -0.6345395 -0.7728904 0 0.5876114 -0.8091433 0 0.6781041 0.7349632 0.001985789 0.6616039 -0.7498516 0.001682167 -0.6345395 -0.7728904 0 -0.6390934 -0.769129 0.0003745817 0 0 1 0 0 1 0.378604 0.4934219 0.783067 0 0 1 0.485447 -0.3724859 0.7909459 0 0 1 0 0 1 0 0 1 0 0 1 -0.378604 -0.4934219 0.783067 0 0 1 -0.4854471 0.3724841 0.7909467 0 0 1 0 0 1 0.4335542 -0.6315927 0.6427452 0.7928106 0.6094677 0.0006885451 -0.7928086 -0.6094703 0.0006886532 1 0 0 1 0 0 1 0 0 1 0 0 0 -1 0 0 -1 0 0 -1 0 0 -1 0 0 -1 0 0 -1 0 -1 0 0 -1 0 0 -1 0 0 -1 0 0 -1 0 0 -1 0 0</float_array>
          <technique_common>
            <accessor count="1695" source="#normals-array-array" stride="3">
              <param type="float" name="X"/>
              <param type="float" name="Y"/>
              <param type="float" name="Z"/>
            </accessor>
          </technique_common>
        </source>
        <source id="colors-array">
          <float_array count="5085" id="colors-array-array">0.2941176 0.2941176 0.2941176 0.2941176 0.2941176 0.2941176 0.2941176 0.2941176 0.2941176 0.2941176 0.2941176 0.2941176 0.2941176 0.2941176 0.2941176 0.2941176 0.2941176 0.2941176 0.2941176 0.2941176 0.2941176 0.2941176 0.2941176 0.2941176 0.2941176 0.2941176 0.2941176 0.2941176 0.2941176 0.2941176 0.2941176 0.2941176 0.2941176 0.2941176 0.2941176 0.2941176 0.2941176 0.2941176 0.2941176 0.2941176 0.2941176 0.2941176 0.2941176 0.2941176 0.2941176 0.2941176 0.2941176 0.2941176 0.2941176 0.2941176 0.2941176 0.2941176 0.2941176 0.2941176 0.2941176 0.2941176 0.2941176 0.2941176 0.2941176 0.2941176 0.2941176 0.2941176 0.2941176 0.2941176 0.2941176 0.2941176 0.2941176 0.2941176 0.2941176 0.2941176 0.2941176 0.2941176 0.2941176 0.2941176 0.2941176 0.2941176 0.2941176 0.2941176 0.2941176 0.2941176 0.2941176 0.2941176 0.2941176 0.2941176 0.2941176 0.2941176 0.2941176 0.2941176 0.2941176 0.2941176 0.2941176 0.2941176 0.2941176 0.2941176 0.2941176 0.2941176 0.2941176 0.2941176 0.2941176 0.2941176 0.2941176 0.2941176 0.2941176 0.2941176 0.2941176 0.2941176 0.2941176 0.2941176 0.2941176 0.2941176 0.2941176 0.2941176 0.2941176 0.2941176 0.2941176 0.2941176 0.2941176 0.2941176 0.2941176 0.2941176 0.2941176 0.2941176 0.2941176 0.2941176 0.2941176 0.2941176 0.2941176 0.2941176 0.2941176 0.2941176 0.2941176 0.2941176 0.2941176 0.2941176 0.2941176 0.2941176 0.2941176 0.2941176 0.2941176 0.2941176 0.2941176 0.2941176 0.2941176 0.2941176 0.2941176 0.2941176 0.2941176 0.2941176 0.2941176 0.2941176 0.2941176 0.2941176 0.2941176 0.2941176 0.2941176 0.2941176 0.2941176 0.2941176 0.2941176 0.2941176 0.2941176 0.2941176 0.2941176 0.2941176 0.2941176 0.2941176 0.2941176 0.2941176 0.2941176 0.2941176 0.2941176 0.2941176 0.2941176 0.2941176 0.2941176 0.2941176 0.2941176 0.2941176 0.2941176 0.2941176 0.2941176 0.2941176 0.2941176 0.2941176 0.2941176 0.2941176 0.2941176 0.2941176 0.2941176 0.2941176 0.2941176 0.2941176 0.2941176 0.2941176 0.2941176 0.2941176 0.2941176 0.2941176 0.2941176 0.2941176 0.2941176 0.2941176 0.2941176 0.2941176 0.2941176 0.2941176 0.2941176 0.2941176 0.2941176 0.2941176 0.2941176 0.2941176 0.2941176 0.2941176 0.2941176 0.2941176 0.2941176 0.2941176 0.2941176 0.2941176 0.2941176 0.2941176 0.2941176 0.2941176 0.2941176 0.2941176 0.2941176 0.2941176 0.2941176 0.2941176 0.2941176 0.2941176 0.2941176 0.2941176 0.2941176 0.2941176 0.2941176 0.2941176 0.2941176 0.2941176 0.2941176 0.2941176 0.2941176 0.2941176 0.2941176 0.2941176 0.2941176 0.2941176 0.2941176 0.2941176 0.2941176 0.2941176 0.2941176 0.2941176 0.2941176 0.2941176 0.2941176 0.2941176 0.2941176 0.2941176 0.2941176 0.2941176 0.2941176 0.2941176 0.2941176 0.2941176 0.2941176 0.2941176 0.2941176 0.2941176 0.2941176 0.2941176 0.2941176 0.2941176 0.2941176 0.2941176 0.2941176 0.2941176 0.2941176 0.2941176 0.2941176 0.2941176 0.2941176 0.2941176 0.2941176 0.2941176 0.2941176 0.2941176 0.2941176 0.2941176 0.2941176 0.2941176 0.2941176 0.2941176 0.2941176 0.2941176 0.2941176 0.2941176 0.2941176 0.2941176 0.2941176 0.2941176 0.2941176 0.2941176 0.2941176 0.2941176 0.2941176 0.2941176 0.2941176 0.2941176 0.2941176 0.2941176 0.2941176 0.2941176 0.2941176 0.2941176 0.2941176 0.2941176 0.2941176 0.2941176 0.2941176 0.2941176 0.2941176 0.2941176 0.2941176 0.2941176 0.2941176 0.2941176 0.2941176 0.2941176 0.2941176 0.2941176 0.2941176 0.2941176 0.2941176 0.2941176 0.2941176 0.2941176 0.2941176 0.2941176 0.2941176 0.2941176 0.2941176 0.2941176 0.2941176 0.2941176 0.2941176 0.2941176 0.2941176 0.2941176 0.2941176 0.2941176 0.2941176 0.2941176 0.2941176 0.2941176 0.2941176 0.2941176 0.2941176 0.2941176 0.2941176 0.2941176 0.2941176 0.2941176 0.2941176 0.2941176 0.2941176 0.2941176 0.2941176 0.2941176 0.2941176 0.2941176 0.2941176 0.2941176 0.2941176 0.2941176 0.2941176 0.2941176 0.2941176 0.2941176 0.2941176 0.2941176 0.2941176 0.2941176 0.2941176 0.2941176 0.2941176 0.2941176 0.2941176 0.2941176 0.2941176 0.2941176 0.2941176 0.2941176 0.2941176 0.2941176 0.2941176 0.2941176 0.2941176 0.2941176 0.2941176 0.2941176 0.2941176 0.2941176 0.2941176 0.2941176 0.2941176 0.2941176 0.2941176 0.2941176 0.2941176 0.2941176 0.2941176 0.2941176 0.2941176 0.2941176 0.2941176 0.2941176 0.2941176 0.2941176 0.2941176 0.2941176 0.2941176 0.2941176 0.2941176 0.2941176 0.2941176 0.2941176 0.2941176 0.2941176 0.2941176 0.2941176 0.2941176 0.2941176 0.2941176 0.2941176 0.2941176 0.2941176 0.2941176 0.2941176 0.2941176 0.2941176 0.2941176 0.2941176 0.2941176 0.2941176 0.2941176 0.2941176 0.2941176 0.2941176 0.2941176 0.2941176 0.2941176 0.2941176 0.2941176 0.2941176 0.2941176 0.2941176 0.2941176 0.2941176 0.2941176 0.2941176 0.2941176 0.2941176 0.2941176 0.2941176 0.2941176 0.2941176 0.2941176 0.2941176 0.2941176 0.2941176 0.2941176 0.2941176 0.2941176 0.2941176 0.2941176 0.2941176 0.2941176 0.2941176 0.2941176 0.2941176 0.2941176 0.2941176 0.2941176 0.2941176 0.2941176 0.2941176 0.2941176 0.2941176 0.2941176 0.2941176 0.2941176 0.2941176 0.2941176 0.2941176 0.2941176 0.2941176 0.2941176 0.2941176 0.2941176 0.2941176 0.2941176 0.2941176 0.2941176 0.2941176 0.2941176 0.2941176 0.2941176 0.2941176 0.2941176 0.2941176 0.2941176 0.2941176 0.2941176 0.2941176 0.2941176 0.2941176 0.2941176 0.2941176 0.2941176 0.2941176 0.2941176 0.2941176 0.2941176 0.2941176 0.2941176 0.2941176 0.2941176 0.2941176 0.2941176 0.2941176 0.2941176 0.2941176 0.2941176 0.2941176 0.2941176 0.2941176 0.2941176 0.2941176 0.2941176 0.2941176 0.2941176 0.2941176 0.2941176 0.2941176 0.2941176 0.2941176 0.2941176 0.2941176 0.2941176 0.2941176 0.2941176 0.2941176 0.2941176 0.2941176 0.2941176 0.2941176 0.2941176 0.2941176 0.2941176 0.2941176 0.2941176 0.2941176 0.2941176 0.2941176 0.2941176 0.2941176 0.2941176 0.2941176 0.2941176 0.2941176 0.2941176 0.2941176 0.2941176 0.2941176 0.2941176 0.2941176 0.2941176 0.2941176 0.2941176 0.2941176 0.2941176 0.2941176 0.2941176 0.2941176 0.2941176 0.2941176 0.2941176 0.2941176 0.2941176 0.2941176 0.2941176 0.2941176 0.2941176 0.2941176 0.2941176 0.2941176 0.2941176 0.2941176 0.2941176 0.2941176 0.2941176 0.2941176 0.2941176 0.2941176 0.2941176 0.2941176 0.2941176 0.2941176 0.2941176 0.2941176 0.2941176 0.2941176 0.2941176 0.2941176 0.2941176 0.2941176 0.2941176 0.2941176 0.2941176 0.2941176 0.2941176 0.2941176 0.2941176 0.2941176 0.2941176 0.2941176 0.2941176 0.2941176 0.2941176 0.2941176 0.2941176 0.2941176 0.2941176 0.2941176 0.2941176 0.2941176 0.2941176 0.2941176 0.2941176 0.2941176 0.2941176 0.2941176 0.2941176 0.2941176 0.2941176 0.2941176 0.2941176 0.2941176 0.2941176 0.2941176 0.2941176 0.2941176 0.2941176 0.2941176 0.2941176 0.2941176 0.2941176 0.2941176 0.2941176 0.2941176 0.2941176 0.2941176 0.2941176 0.2941176 0.2941176 0.2941176 0.2941176 0.2941176 0.2941176 0.2941176 0.2941176 0.2941176 0.2941176 0.2941176 0.2941176 0.2941176 0.2941176 0.2941176 0.2941176 0.2941176 0.2941176 0.2941176 0.2941176 0.2941176 0.2941176 0.2941176 0.2941176 0.2941176 0.2941176 0.2941176 0.2941176 0.2941176 0.2941176 0.2941176 0.2941176 0.2941176 0.2941176 0.2941176 0.2941176 0.2941176 0.2941176 0.2941176 0.2941176 0.2941176 0.2941176 0.2941176 0.2941176 0.2941176 0.2941176 0.2941176 0.2941176 0.2941176 0.2941176 0.2941176 0.2941176 0.2941176 0.2941176 0.2941176 0.2941176 0.2941176 0.2941176 0.2941176 0.2941176 0.2941176 0.2941176 0.2941176 0.2941176 0.2941176 0.2941176 0.2941176 0.2941176 0.2941176 0.2941176 0.2941176 0.2941176 0.2941176 0.2941176 0.2941176 0.2941176 0.2941176 0.2941176 0.2941176 0.2941176 0.2941176 0.2941176 0.2941176 0.2941176 0.2941176 0.2941176 0.2941176 0.2941176 0.2941176 0.2941176 0.2941176 0.2941176 0.2941176 0.2941176 0.2941176 0.2941176 0.2941176 0.2941176 0.2941176 0.2941176 0.2941176 0.2941176 0.2941176 0.2941176 0.2941176 0.2941176 0.2941176 0.2941176 0.2941176 0.2941176 0.2941176 0.2941176 0.2941176 0.2941176 0.2941176 0.2941176 0.2941176 0.2941176 0.2941176 0.2941176 0.2941176 0.2941176 0.2941176 0.2941176 0.2941176 0.2941176 0.2941176 0.2941176 0.2941176 0.2941176 0.2941176 0.2941176 0.2941176 0.2941176 0.2941176 0.2941176 0.2941176 0.2941176 0.2941176 0.2941176 0.2941176 0.2941176 0.2941176 0.2941176 0.2941176 0.2941176 0.2941176 0.2941176 0.2941176 0.2941176 0.2941176 0.2941176 0.2941176 0.2941176 0.2941176 0.2941176 0.2941176 0.2941176 0.2941176 0.2941176 0.2941176 0.2941176 0.2941176 0.2941176 0.2941176 0.2941176 0.2941176 0.2941176 0.2941176 0.2941176 0.2941176 0.2941176 0.2941176 0.2941176 0.2941176 0.2941176 0.2941176 0.2941176 0.2941176 0.2941176 0.2941176 0.2941176 0.2941176 0.2941176 0.2941176 0.2941176 0.2941176 0.2941176 0.2941176 0.2941176 0.2941176 0.2941176 0.2941176 0.2941176 0.2941176 0.2941176 0.2941176 0.2941176 0.2941176 0.2941176 0.2941176 0.2941176 0.2941176 0.2941176 0.2941176 0.2941176 0.2941176 0.2941176 0.2941176 0.2941176 0.2941176 0.2941176 0.2941176 0.2941176 0.2941176 0.2941176 0.2941176 0.2941176 0.2941176 0.2941176 0.2941176 0.2941176 0.2941176 0.2941176 0.2941176 0.2941176 0.2941176 0.2941176 0.2941176 0.2941176 0.2941176 0.2941176 0.2941176 0.2941176 0.2941176 0.2941176 0.2941176 0.2941176 0.2941176 0.2941176 0.2941176 0.2941176 0.2941176 0.2941176 0.2941176 0.2941176 0.2941176 0.2941176 0.2941176 0.2941176 0.2941176 0.2941176 0.2941176 0.2941176 0.2941176 0.2941176 0.2941176 0.2941176 0.2941176 0.2941176 0.2941176 0.2941176 0.2941176 0.2941176 0.2941176 0.2941176 0.2941176 0.2941176 0.2941176 0.2941176 0.2941176 0.2941176 0.2941176 0.2941176 0.2941176 0.2941176 0.2941176 0.2941176 0.2941176 0.2941176 0.2941176 0.2941176 0.2941176 0.2941176 0.2941176 0.2941176 0.2941176 0.2941176 0.2941176 0.2941176 0.2941176 0.2941176 0.2941176 0.2941176 0.2941176 0.2941176 0.2941176 0.2941176 0.2941176 0.2941176 0.2941176 0.2941176 0.2941176 0.2941176 0.2941176 0.2941176 0.2941176 0.2941176 0.2941176 0.2941176 0.2941176 0.2941176 0.2941176 0.2941176 0.2941176 0.2941176 0.2941176 0.2941176 0.2941176 0.2941176 0.2941176 0.2941176 0.2941176 0.2941176 0.2941176 0.2941176 0.2941176 0.2941176 0.2941176 0.2941176 0.2941176 0.2941176 0.2941176 0.2941176 0.2941176 0.2941176 0.2941176 0.2941176 0.2941176 0.2941176 0.2941176 0.2941176 0.2941176 0.2941176 0.2941176 0.2941176 0.2941176 0.2941176 0.2941176 0.2941176 0.2941176 0.2941176 0.2941176 0.2941176 0.2941176 0.2941176 0.2941176 0.2941176 0.2941176 0.2941176 0.2941176 0.2941176 0.2941176 0.2941176 0.2941176 0.2941176 0.2941176 0.2941176 0.2941176 0.2941176 0.2941176 0.2941176 0.2941176 0.2941176 0.2941176 0.2941176 0.2941176 0.2941176 0.2941176 0.2941176 0.2941176 0.2941176 0.2941176 0.2941176 0.2941176 0.2941176 0.2941176 0.2941176 0.2941176 0.2941176 0.2941176 0.2941176 0.2941176 0.2941176 0.2941176 0.2941176 0.2941176 0.2941176 0.2941176 0.2941176 0.2941176 0.2941176 0.2941176 0.2941176 0.2941176 0.2941176 0.2941176 0.2941176 0.2941176 0.2941176 0.2941176 0.2941176 0.2941176 0.2941176 0.2941176 0.2941176 0.2941176 0.2941176 0.2941176 0.2941176 0.2941176 0.2941176 0.2941176 0.2941176 0.2941176 0.2941176 0.2941176 0.2941176 0.2941176 0.2941176 0.2941176 0.2941176 0.2941176 0.2941176 0.2941176 0.2941176 0.2941176 0.2941176 0.2941176 0.2941176 0.2941176 0.2941176 0.2941176 0.2941176 0.2941176 0.2941176 0.2941176 0.2941176 0.2941176 0.2941176 0.2941176 0.2941176 0.2941176 0.2941176 0.2941176 0.2941176 0.2941176 0.2941176 0.2941176 0.2941176 0.2941176 0.2941176 0.2941176 0.2941176 0.2941176 0.2941176 0.2941176 0.2941176 0.2941176 0.2941176 0.2941176 0.2941176 0.2941176 0.2941176 0.2941176 0.2941176 0.2941176 0.2941176 0.2941176 0.2941176 0.2941176 0.2941176 0.2941176 0.2941176 0.2941176 0.2941176 0.2941176 0.2941176 0.2941176 0.2941176 0.2941176 0.2941176 0.2941176 0.2941176 0.2941176 0.2941176 0.2941176 0.2941176 0.2941176 0.2941176 0.2941176 0.2941176 0.2941176 0.2941176 0.2941176 0.2941176 0.2941176 0.2941176 0.2941176 0.2941176 0.2941176 0.2941176 0.2941176 0.2941176 0.2941176 0.2941176 0.2941176 0.2941176 0.2941176 0.2941176 0.2941176 0.2941176 0.2941176 0.2941176 0.2941176 0.2941176 0.2941176 0.2941176 0.2941176 0.2941176 0.2941176 0.2941176 0.2941176 0.2941176 0.2941176 0.2941176 0.2941176 0.2941176 0.2941176 0.2941176 0.2941176 0.2941176 0.2941176 0.2941176 0.2941176 0.2941176 0.2941176 0.2941176 0.2941176 0.2941176 0.2941176 0.2941176 0.2941176 0.2941176 0.2941176 0.2941176 0.2941176 0.2941176 0.2941176 0.2941176 0.2941176 0.2941176 0.2941176 0.2941176 0.2941176 0.2941176 0.2941176 0.2941176 0.2941176 0.2941176 0.2941176 0.2941176 0.2941176 0.2941176 0.2941176 0.2941176 0.2941176 0.2941176 0.2941176 0.2941176 0.2941176 0.2941176 0.2941176 0.2941176 0.2941176 0.2941176 0.2941176 0.2941176 0.2941176 0.2941176 0.2941176 0.2941176 0.2941176 0.2941176 0.2941176 0.2941176 0.2941176 0.2941176 0.2941176 0.2941176 0.2941176 0.2941176 0.2941176 0.2941176 0.2941176 0.2941176 0.2941176 0.2941176 0.2941176 0.2941176 0.2941176 0.2941176 0.2941176 0.2941176 0.2941176 0.2941176 0.2941176 0.2941176 0.2941176 0.2941176 0.2941176 0.2941176 0.2941176 0.2941176 0.2941176 0.2941176 0.2941176 0.2941176 0.2941176 0.2941176 0.2941176 0.2941176 0.2941176 0.2941176 0.2941176 0.2941176 0.2941176 0.2941176 0.2941176 0.2941176 0.2941176 0.2941176 0.2941176 0.2941176 0.2941176 0.2941176 0.2941176 0.2941176 0.2941176 0.2941176 0.2941176 0.2941176 0.2941176 0.2941176 0.2941176 0.2941176 0.2941176 0.2941176 0.2941176 0.2941176 0.2941176 0.2941176 0.2941176 0.2941176 0.2941176 0.2941176 0.2941176 0.2941176 0.2941176 0.2941176 0.2941176 0.2941176 0.2941176 0.2941176 0.2941176 0.2941176 0.2941176 0.2941176 0.2941176 0.2941176 0.2941176 0.2941176 0.2941176 0.2941176 0.2941176 0.2941176 0.2941176 0.2941176 0.2941176 0.2941176 0.2941176 0.2941176 0.2941176 0.2941176 0.2941176 0.2941176 0.2941176 0.2941176 0.2941176 0.2941176 0.2941176 0.2941176 0.2941176 0.2941176 0.2941176 0.2941176 0.2941176 0.2941176 0.2941176 0.2941176 0.2941176 0.2941176 0.2941176 0.2941176 0.2941176 0.2941176 0.2941176 0.2941176 0.2941176 0.2941176 0.2941176 0.2941176 0.2941176 0.2941176 0.2941176 0.2941176 0.2941176 0.2941176 0.2941176 0.2941176 0.2941176 0.2941176 0.2941176 0.2941176 0.2941176 0.2941176 0.2941176 0.2941176 0.2941176 0.2941176 0.2941176 0.2941176 0.2941176 0.2941176 0.2941176 0.2941176 0.2941176 0.2941176 0.2941176 0.2941176 0.2941176 0.2941176 0.2941176 0.2941176 0.2941176 0.2941176 0.2941176 0.2941176 0.2941176 0.2941176 0.2941176 0.2941176 0.2941176 0.2941176 0.2941176 0.2941176 0.2941176 0.2941176 0.2941176 0.2941176 0.2941176 0.2941176 0.2941176 0.2941176 0.2941176 0.2941176 0.2941176 0.2941176 0.2941176 0.2941176 0.2941176 0.2941176 0.2941176 0.2941176 0.2941176 0.2941176 0.2941176 0.2941176 0.2941176 0.2941176 0.2941176 0.2941176 0.2941176 0.2941176 0.2941176 0.2941176 0.2941176 0.2941176 0.2941176 0.2941176 0.2941176 0.2941176 0.2941176 0.2941176 0.2941176 0.2941176 0.2941176 0.2941176 0.2941176 0.2941176 0.2941176 0.2941176 0.2941176 0.2941176 0.2941176 0.2941176 0.2941176 0.2941176 0.2941176 0.2941176 0.2941176 0.2941176 0.2941176 0.2941176 0.2941176 0.2941176 0.2941176 0.2941176 0.2941176 0.2941176 0.2941176 0.2941176 0.2941176 0.2941176 0.2941176 0.2941176 0.2941176 0.2941176 0.2941176 0.2941176 0.2941176 0.2941176 0.2941176 0.2941176 0.2941176 0.2941176 0.2941176 0.2941176 0.2941176 0.2941176 0.2941176 0.2941176 0.2941176 0.2941176 0.2941176 0.2941176 0.2941176 0.2941176 0.2941176 0.2941176 0.2941176 0.2941176 0.2941176 0.2941176 0.2941176 0.2941176 0.2941176 0.2941176 0.2941176 0.2941176 0.2941176 0.2941176 0.2941176 0.2941176 0.2941176 0.2941176 0.2941176 0.2941176 0.2941176 0.2941176 0.2941176 0.2941176 0.2941176 0.2941176 0.2941176 0.2941176 0.2941176 0.2941176 0.2941176 0.2941176 0.2941176 0.2941176 0.2941176 0.2941176 0.2941176 0.2941176 0.2941176 0.2941176 0.2941176 0.2941176 0.2941176 0.2941176 0.2941176 0.2941176 0.2941176 0.2941176 0.2941176 0.2941176 0.2941176 0.2941176 0.2941176 0.2941176 0.2941176 0.2941176 0.2941176 0.2941176 0.2941176 0.2941176 0.2941176 0.2941176 0.2941176 0.2941176 0.2941176 0.2941176 0.2941176 0.2941176 0.2941176 0.2941176 0.2941176 0.2941176 0.2941176 0.2941176 0.2941176 0.2941176 0.2941176 0.2941176 0.2941176 0.2941176 0.2941176 0.2941176 0.2941176 0.2941176 0.2941176 0.2941176 0.2941176 0.2941176 0.2941176 0.2941176 0.2941176 0.2941176 0.2941176 0.2941176 0.2941176 0.2941176 0.2941176 0.2941176 0.2941176 0.2941176 0.2941176 0.2941176 0.2941176 0.2941176 0.2941176 0.2941176 0.2941176 0.2941176 0.2941176 0.2941176 0.2941176 0.2941176 0.2941176 0.2941176 0.2941176 0.2941176 0.2941176 0.2941176 0.2941176 0.2941176 0.2941176 0.2941176 0.2941176 0.2941176 0.2941176 0.2941176 0.2941176 0.2941176 0.2941176 0.2941176 0.2941176 0.2941176 0.2941176 0.2941176 0.2941176 0.2941176 0.2941176 0.2941176 0.2941176 0.2941176 0.2941176 0.2941176 0.2941176 0.2941176 0.2941176 0.2941176 0.2941176 0.2941176 0.2941176 0.2941176 0.2941176 0.2941176 0.2941176 0.2941176 0.2941176 0.2941176 0.2941176 0.2941176 0.2941176 0.2941176 0.2941176 0.2941176 0.2941176 0.2941176 0.2941176 0.2941176 0.2941176 0.2941176 0.2941176 0.2941176 0.2941176 0.2941176 0.2941176 0.2941176 0.2941176 0.2941176 0.2941176 0.2941176 0.2941176 0.2941176 0.2941176 0.2941176 0.2941176 0.2941176 0.2941176 0.2941176 0.2941176 0.2941176 0.2941176 0.2941176 0.2941176 0.2941176 0.2941176 0.2941176 0.2941176 0.2941176 0.2941176 0.2941176 0.2941176 0.2941176 0.2941176 0.2941176 0.2941176 0.2941176 0.2941176 0.2941176 0.2941176 0.2941176 0.2941176 0.2941176 0.2941176 0.2941176 0.2941176 0.2941176 0.2941176 0.2941176 0.2941176 0.2941176 0.2941176 0.2941176 0.2941176 0.2941176 0.2941176 0.2941176 0.2941176 0.2941176 0.2941176 0.2941176 0.2941176 0.2941176 0.2941176 0.2941176 0.2941176 0.2941176 0.2941176 0.2941176 0.2941176 0.2941176 0.2941176 0.2941176 0.2941176 0.2941176 0.2941176 0.2941176 0.2941176 0.2941176 0.2941176 0.2941176 0.2941176 0.2941176 0.2941176 0.2941176 0.2941176 0.2941176 0.2941176 0.2941176 0.2941176 0.2941176 0.2941176 0.2941176 0.2941176 0.2941176 0.2941176 0.2941176 0.2941176 0.2941176 0.2941176 0.2941176 0.2941176 0.2941176 0.2941176 0.2941176 0.2941176 0.2941176 0.2941176 0.2941176 0.2941176 0.2941176 0.2941176 0.2941176 0.2941176 0.2941176 0.2941176 0.2941176 0.2941176 0.2941176 0.2941176 0.2941176 0.2941176 0.2941176 0.2941176 0.2941176 0.2941176 0.2941176 0.2941176 0.2941176 0.2941176 0.2941176 0.2941176 0.2941176 0.2941176 0.2941176 0.2941176 0.2941176 0.2941176 0.2941176 0.2941176 0.2941176 0.2941176 0.2941176 0.2941176 0.2941176 0.2941176 0.2941176 0.2941176 0.2941176 0.2941176 0.2941176 0.2941176 0.2941176 0.2941176 0.2941176 0.2941176 0.2941176 0.2941176 0.2941176 0.2941176 0.2941176 0.2941176 0.2941176 0.2941176 0.2941176 0.2941176 0.2941176 0.2941176 0.2941176 0.2941176 0.2941176 0.2941176 0.2941176 0.2941176 0.2941176 0.2941176 0.2941176 0.2941176 0.2941176 0.2941176 0.2941176 0.2941176 0.2941176 0.2941176 0.2941176 0.2941176 0.2941176 0.2941176 0.2941176 0.2941176 0.2941176 0.2941176 0.2941176 0.2941176 0.2941176 0.2941176 0.2941176 0.2941176 0.2941176 0.2941176 0.2941176 0.2941176 0.2941176 0.2941176 0.2941176 0.2941176 0.2941176 0.2941176 0.2941176 0.2941176 0.2941176 0.2941176 0.2941176 0.2941176 0.2941176 0.2941176 0.2941176 0.2941176 0.2941176 0.2941176 0.2941176 0.2941176 0.2941176 0.2941176 0.2941176 0.2941176 0.2941176 0.2941176 0.2941176 0.2941176 0.2941176 0.2941176 0.2941176 0.2941176 0.2941176 0.2941176 0.2941176 0.2941176 0.2941176 0.2941176 0.2941176 0.2941176 0.2941176 0.2941176 0.2941176 0.2941176 0.2941176 0.2941176 0.2941176 0.2941176 0.2941176 0.2941176 0.2941176 0.2941176 0.2941176 0.2941176 0.2941176 0.2941176 0.2941176 0.2941176 0.2941176 0.2941176 0.2941176 0.2941176 0.2941176 0.2941176 0.2941176 0.2941176 0.2941176 0.2941176 0.2941176 0.2941176 0.2941176 0.2941176 0.2941176 0.2941176 0.2941176 0.2941176 0.2941176 0.2941176 0.2941176 0.2941176 0.2941176 0.2941176 0.2941176 0.2941176 0.2941176 0.2941176 0.2941176 0.2941176 0.2941176 0.2941176 0.2941176 0.2941176 0.2941176 0.2941176 0.2941176 0.2941176 0.2941176 0.2941176 0.2941176 0.2941176 0.2941176 0.2941176 0.2941176 0.2941176 0.2941176 0.2941176 0.2941176 0.2941176 0.2941176 0.2941176 0.2941176 0.2941176 0.2941176 0.2941176 0.2941176 0.2941176 0.2941176 0.2941176 0.2941176 0.2941176 0.2941176 0.2941176 0.2941176 0.2941176 0.2941176 0.2941176 0.2941176 0.2941176 0.2941176 0.2941176 0.2941176 0.2941176 0.2941176 0.2941176 0.2941176 0.2941176 0.2941176 0.2941176 0.2941176 0.2941176 0.2941176 0.2941176 0.2941176 0.2941176 0.2941176 0.2941176 0.2941176 0.2941176 0.2941176 0.2941176 0.2941176 0.2941176 0.2941176 0.2941176 0.2941176 0.2941176 0.2941176 0.2941176 0.2941176 0.2941176 0.2941176 0.2941176 0.2941176 0.2941176 0.2941176 0.2941176 0.2941176 0.2941176 0.2941176 0.2941176 0.2941176 0.2941176 0.2941176 0.2941176 0.2941176 0.2941176 0.2941176 0.2941176 0.2941176 0.2941176 0.2941176 0.2941176 0.2941176 0.2941176 0.2941176 0.2941176 0.2941176 0.2941176 0.2941176 0.2941176 0.2941176 0.2941176 0.2941176 0.2941176 0.2941176 0.2941176 0.2941176 0.2941176 0.2941176 0.2941176 0.2941176 0.2941176 0.2941176 0.2941176 0.2941176 0.2941176 0.2941176 0.2941176 0.2941176 0.2941176 0.2941176 0.2941176 0.2941176 0.2941176 0.2941176 0.2941176 0.2941176 0.2941176 0.2941176 0.2941176 0.2941176 0.2941176 0.2941176 0.2941176 0.2941176 0.2941176 0.2941176 0.2941176 0.2941176 0.2941176 0.2941176 0.2941176 0.2941176 0.2941176 0.2941176 0.2941176 0.2941176 0.2941176 0.2941176 0.2941176 0.2941176 0.2941176 0.2941176 0.2941176 0.2941176 0.2941176 0.2941176 0.2941176 0.2941176 0.2941176 0.2941176 0.2941176 0.2941176 0.2941176 0.2941176 0.2941176 0.2941176 0.2941176 0.2941176 0.2941176 0.2941176 0.2941176 0.2941176 0.2941176 0.2941176 0.2941176 0.2941176 0.2941176 0.2941176 0.2941176 0.2941176 0.2941176 0.2941176 0.2941176 0.2941176 0.2941176 0.2941176 0.2941176 0.2941176 0.2941176 0.2941176 0.2941176 0.2941176 0.2941176 0.2941176 0.2941176 0.2941176 0.2941176 0.2941176 0.2941176 0.2941176 0.2941176 0.2941176 0.2941176 0.2941176 0.2941176 0.2941176 0.2941176 0.2941176 0.2941176 0.2941176 0.2941176 0.2941176 0.2941176 0.2941176 0.2941176 0.2941176 0.2941176 0.2941176 0.2941176 0.2941176 0.2941176 0.2941176 0.2941176 0.2941176 0.2941176 0.2941176 0.2941176 0.2941176 0.2941176 0.2941176 0.2941176 0.2941176 0.2941176 0.2941176 0.2941176 0.2941176 0.2941176 0.2941176 0.2941176 0.2941176 0.2941176 0.2941176 0.2941176 0.2941176 0.2941176 0.2941176 0.2941176 0.2941176 0.2941176 0.2941176 0.2941176 0.2941176 0.2941176 0.2941176 0.2941176 0.2941176 0.2941176 0.2941176 0.2941176 0.2941176 0.2941176 0.2941176 0.2941176 0.2941176 0.2941176 0.2941176 0.2941176 0.2941176 0.2941176 0.2941176 0.2941176 0.2941176 0.2941176 0.2941176 0.2941176 0.2941176 0.2941176 0.2941176 0.2941176 0.2941176 0.2941176 0.2941176 0.2941176 0.2941176 0.2941176 0.2941176 0.2941176 0.2941176 0.2941176 0.2941176 0.2941176 0.2941176 0.2941176 0.2941176 0.2941176 0.2941176 0.2941176 0.2941176 0.2941176 0.2941176 0.2941176 0.2941176 0.2941176 0.2941176 0.2941176 0.2941176 0.2941176 0.2941176 0.2941176 0.2941176 0.2941176 0.2941176 0.2941176 0.2941176 0.2941176 0.2941176 0.2941176 0.2941176 0.2941176 0.2941176 0.2941176 0.2941176 0.2941176 0.2941176 0.2941176 0.2941176 0.2941176 0.2941176 0.2941176 0.2941176 0.2941176 0.2941176 0.2941176 0.2941176 0.2941176 0.2941176 0.2941176 0.2941176 0.2941176 0.2941176 0.2941176 0.2941176 0.2941176 0.2941176 0.2941176 0.2941176 0.2941176 0.2941176 0.2941176 0.2941176 0.2941176 0.2941176 0.2941176 0.2941176 0.2941176 0.2941176 0.2941176 0.2941176 0.2941176 0.2941176 0.2941176 0.2941176 0.2941176 0.2941176 0.2941176 0.2941176 0.2941176 0.2941176 0.2941176 0.2941176 0.2941176 0.2941176 0.2941176 0.2941176 0.2941176 0.2941176 0.2941176 0.2941176 0.2941176 0.2941176 0.2941176 0.2941176 0.2941176 0.2941176 0.2941176 0.2941176 0.2941176 0.2941176 0.2941176 0.2941176 0.2941176 0.2941176 0.2941176 0.2941176 0.2941176 0.2941176 0.2941176 0.2941176 0.2941176 0.2941176 0.2941176 0.2941176 0.2941176 0.2941176 0.2941176 0.2941176 0.2941176 0.2941176 0.2941176 0.2941176 0.2941176 0.2941176 0.2941176 0.2941176 0.2941176 0.2941176 0.2941176 0.2941176 0.2941176 0.2941176 0.2941176 0.2941176 0.2941176 0.2941176 0.2941176 0.2941176 0.2941176 0.2941176 0.2941176 0.2941176 0.2941176 0.2941176 0.2941176 0.2941176 0.2941176 0.2941176 0.2941176 0.2941176 0.2941176 0.2941176 0.2941176 0.2941176 0.2941176 0.2941176 0.2941176 0.2941176 0.2941176 0.2941176 0.2941176 0.2941176 0.2941176 0.2941176 0.2941176 0.2941176 0.2941176 0.2941176 0.2941176 0.2941176 0.2941176 0.2941176 0.2941176 0.2941176 0.2941176 0.2941176 0.2941176 0.2941176 0.2941176 0.2941176 0.2941176 0.2941176 0.2941176 0.2941176 0.2941176 0.2941176 0.2941176 0.2941176 0.2941176 0.2941176 0.2941176 0.2941176 0.2941176 0.2941176 0.2941176 0.2941176 0.2941176 0.2941176 0.2941176 0.2941176 0.2941176 0.2941176 0.2941176 0.2941176 0.2941176 0.2941176 0.2941176 0.2941176 0.2941176 0.2941176 0.2941176 0.2941176 0.2941176 0.2941176 0.2941176 0.2941176 0.2941176 0.2941176 0.2941176 0.2941176 0.2941176 0.2941176 0.2941176 0.2941176 0.2941176 0.2941176 0.2941176 0.2941176 0.2941176 0.2941176 0.2941176 0.2941176 0.2941176 0.2941176 0.2941176 0.2941176 0.2941176 0.2941176 0.2941176 0.2941176 0.2941176 0.2941176 0.2941176 0.2941176 0.2941176 0.2941176 0.2941176 0.2941176 0.2941176 0.2941176 0.2941176 0.2941176 0.2941176 0.2941176 0.2941176 0.2941176 0.2941176 0.2941176 0.2941176 0.2941176 0.2941176 0.2941176 0.2941176 0.2941176 0.2941176 0.2941176 0.2941176 0.2941176 0.2941176 0.2941176 0.2941176 0.2941176 0.2941176 0.2941176 0.2941176 0.2941176 0.2941176 0.2941176 0.2941176 0.2941176 0.2941176 0.2941176 0.2941176 0.2941176 0.2941176 0.2941176 0.2941176 0.2941176 0.2941176 0.2941176 0.2941176 0.2941176 0.2941176 0.2941176 0.2941176 0.2941176 0.2941176 0.2941176 0.2941176 0.2941176 0.2941176 0.2941176 0.2941176 0.2941176 0.2941176 0.2941176 0.2941176 0.2941176 0.2941176 0.2941176 0.2941176 0.2941176 0.2941176 0.2941176 0.2941176 0.2941176 0.2941176 0.2941176 0.2941176 0.2941176 0.2941176 0.2941176 0.2941176 0.2941176 0.2941176 0.2941176 0.2941176 0.2941176 0.2941176 0.2941176 0.2941176 0.2941176 0.2941176 0.2941176 0.2941176 0.2941176 0.2941176 0.2941176 0.2941176 0.2941176 0.2941176 0.2941176 0.2941176 0.2941176 0.2941176 0.2941176 0.2941176 0.2941176 0.2941176 0.2941176 0.2941176 0.2941176 0.2941176 0.2941176 0.2941176 0.2941176 0.2941176 0.2941176 0.2941176 0.2941176 0.2941176 0.2941176 0.2941176 0.2941176 0.2941176 0.2941176 0.2941176 0.2941176 0.2941176 0.2941176 0.2941176 0.2941176 0.2941176 0.2941176 0.2941176 0.2941176 0.2941176 0.2941176 0.2941176 0.2941176 0.2941176 0.2941176 0.2941176 0.2941176 0.2941176 0.2941176 0.2941176 0.2941176 0.2941176 0.2941176 0.2941176 0.2941176 0.2941176 0.2941176 0.2941176 0.2941176 0.2941176 0.2941176 0.2941176 0.2941176 0.2941176 0.2941176 0.2941176 0.2941176 0.2941176 0.2941176 0.2941176 0.2941176 0.2941176 0.2941176 0.2941176 0.2941176 0.2941176 0.2941176 0.2941176 0.2941176 0.2941176 0.2941176 0.2941176 0.2941176 0.2941176 0.2941176 0.2941176 0.2941176 0.2941176 0.2941176 0.2941176 0.2941176 0.2941176 0.2941176 0.2941176 0.2941176 0.2941176 0.2941176 0.2941176 0.2941176 0.2941176 0.2941176 0.2941176 0.2941176 0.2941176 0.2941176 0.2941176 0.2941176 0.2941176 0.2941176 0.2941176 0.2941176 0.2941176 0.2941176 0.2941176 0.2941176 0.2941176 0.2941176 0.2941176 0.2941176 0.2941176 0.2941176 0.2941176 0.2941176 0.2941176 0.2941176 0.2941176 0.2941176 0.2941176 0.2941176 0.2941176 0.2941176 0.2941176 0.2941176 0.2941176 0.2941176 0.2941176 0.2941176 0.2941176 0.2941176 0.2941176 0.2941176 0.2941176 0.2941176 0.2941176 0.2941176 0.2941176 0.2941176 0.2941176 0.2941176 0.2941176 0.2941176 0.2941176 0.2941176 0.2941176 0.2941176 0.2941176 0.2941176 0.2941176 0.2941176 0.2941176 0.2941176 0.2941176 0.2941176 0.2941176 0.2941176 0.2941176 0.2941176 0.2941176 0.2941176 0.2941176 0.2941176 0.2941176 0.2941176 0.2941176 0.2941176 0.2941176 0.2941176 0.2941176 0.2941176 0.2941176 0.2941176 0.2941176 0.2941176 0.2941176 0.2941176 0.2941176 0.2941176 0.2941176 0.2941176 0.2941176 0.2941176 0.2941176 0.2941176 0.2941176 0.2941176 0.2941176 0.2941176 0.2941176 0.2941176 0.2941176 0.2941176 0.2941176 0.2941176 0.2941176 0.2941176 0.2941176 0.2941176 0.2941176 0.2941176 0.2941176 0.2941176 0.2941176 0.2941176 0.2941176 0.2941176 0.2941176 0.2941176 0.2941176 0.2941176 0.2941176 0.2941176 0.2941176 0.2941176 0.2941176 0.2941176 0.2941176 0.2941176 0.2941176 0.2941176 0.2941176 0.2941176 0.2941176 0.2941176 0.2941176 0.2941176 0.2941176 0.2941176 0.2941176 0.2941176 0.2941176 0.2941176 0.2941176 0.2941176 0.2941176 0.2941176 0.2941176 0.2941176 0.2941176 0.2941176 0.2941176 0.2941176 0.2941176 0.2941176 0.2941176 0.2941176 0.2941176 0.2941176 0.2941176 0.2941176 0.2941176 0.2941176 0.2941176 0.2941176 0.2941176 0.2941176 0.2941176 0.2941176 0.2941176 0.2941176 0.2941176 0.2941176 0.2941176 0.2941176 0.2941176 0.2941176 0.2941176 0.2941176 0.2941176 0.2941176 0.2941176 0.2941176 0.2941176 0.2941176 0.2941176 0.2941176 0.2941176 0.2941176 0.2941176 0.2941176 0.2941176 0.2941176 0.2941176 0.2941176 0.2941176 0.2941176 0.2941176 0.2941176 0.2941176 0.2941176 0.2941176 0.2941176 0.2941176 0.2941176 0.2941176 0.2941176 0.2941176 0.2941176 0.2941176 0.2941176 0.2941176 0.2941176 0.2941176 0.2941176 0.2941176 0.2941176 0.2941176 0.2941176 0.2941176 0.2941176 0.2941176 0.2941176 0.2941176 0.2941176 0.2941176 0.2941176 0.2941176 0.2941176 0.2941176 0.2941176 0.2941176 0.2941176 0.2941176 0.2941176 0.2941176 0.2941176 0.2941176 0.2941176 0.2941176 0.2941176 0.2941176 0.2941176 0.2941176 0.2941176 0.2941176 0.2941176 0.2941176 0.2941176 0.2941176 0.2941176 0.2941176 0.2941176 0.2941176 0.2941176 0.2941176 0.2941176 0.2941176 0.2941176 0.2941176 0.2941176 0.2941176 0.2941176 0.2941176 0.2941176 0.2941176 0.2941176 0.2941176 0.2941176 0.2941176 0.2941176 0.2941176 0.2941176 0.2941176 0.2941176 0.2941176 0.2941176 0.2941176 0.2941176 0.2941176 0.2941176 0.2941176 0.2941176 0.2941176 0.2941176 0.2941176 0.2941176 0.2941176 0.2941176 0.2941176 0.2941176 0.2941176 0.2941176 0.2941176 0.2941176 0.2941176 0.2941176 0.2941176 0.2941176 0.2941176 0.2941176 0.2941176 0.2941176 0.2941176 0.2941176 0.2941176 0.2941176 0.2941176 0.2941176 0.2941176 0.2941176 0.2941176 0.2941176 0.2941176 0.2941176 0.2941176 0.2941176 0.2941176 0.2941176 0.2941176 0.2941176 0.2941176 0.2941176 0.2941176 0.2941176 0.2941176 0.2941176 0.2941176 0.2941176 0.2941176 0.2941176 0.2941176 0.2941176 0.2941176 0.2941176 0.2941176 0.2941176 0.2941176 0.2941176 0.2941176 0.2941176 0.2941176 0.2941176 0.2941176 0.2941176 0.2941176 0.2941176 0.2941176 0.2941176 0.2941176 0.2941176 0.2941176 0.2941176 0.2941176 0.2941176 0.2941176 0.2941176 0.2941176 0.2941176 0.2941176 0.2941176 0.2941176 0.2941176 0.2941176 0.2941176 0.2941176 0.2941176 0.2941176 0.2941176 0.2941176 0.2941176 0.2941176 0.2941176 0.2941176 0.2941176 0.2941176 0.2941176 0.2941176 0.2941176 0.2941176 0.2941176 0.2941176 0.2941176 0.2941176 0.2941176 0.2941176 0.2941176 0.2941176 0.2941176 0.2941176 0.2941176 0.2941176 0.2941176 0.2941176 0.2941176 0.2941176 0.2941176 0.2941176 0.2941176 0.2941176 0.2941176 0.2941176 0.2941176 0.2941176 0.2941176 0.2941176 0.2941176 0.2941176 0.2941176 0.2941176 0.2941176 0.2941176 0.2941176 0.2941176 0.2941176 0.2941176 0.2941176 0.2941176 0.2941176 0.2941176 0.2941176 0.2941176 0.2941176 0.2941176 0.2941176 0.2941176 0.2941176 0.2941176 0.2941176 0.2941176 0.2941176 0.2941176 0.2941176 0.2941176 0.2941176 0.2941176 0.2941176 0.2941176 0.2941176 0.2941176 0.2941176 0.2941176 0.2941176 0.2941176 0.2941176 0.2941176 0.2941176 0.2941176 0.2941176 0.2941176 0.2941176 0.2941176 0.2941176 0.2941176 0.2941176 0.2941176 0.2941176 0.2941176 0.2941176 0.2941176 0.2941176 0.2941176 0.2941176 0.2941176 0.2941176 0.2941176 0.2941176 0.2941176 0.2941176 0.2941176 0.2941176 0.2941176 0.2941176 0.2941176 0.2941176 0.2941176 0.2941176 0.2941176 0.2941176 0.2941176 0.2941176 0.2941176 0.2941176 0.2941176 0.2941176 0.2941176 0.2941176 0.2941176 0.2941176 0.2941176 0.2941176 0.2941176 0.2941176 0.2941176 0.2941176 0.2941176 0.2941176 0.2941176 0.2941176 0.2941176 0.2941176 0.2941176 0.2941176 0.2941176 0.2941176 0.2941176 0.2941176 0.2941176 0.2941176 0.2941176 0.2941176 0.2941176 0.2941176 0.2941176 0.2941176 0.2941176 0.2941176 0.2941176 0.2941176 0.2941176 0.2941176 0.2941176 0.2941176 0.2941176 0.2941176 0.2941176 0.2941176 0.2941176 0.2941176 0.2941176 0.2941176 0.2941176 0.2941176 0.2941176 0.2941176 0.2941176 0.2941176 0.2941176 0.2941176 0.2941176 0.2941176 0.2941176 0.2941176 0.2941176 0.2941176 0.2941176 0.2941176 0.2941176 0.2941176 0.2941176 0.2941176 0.2941176 0.2941176 0.2941176 0.2941176 0.2941176 0.2941176 0.2941176 0.2941176 0.2941176 0.2941176 0.2941176 0.2941176 0.2941176 0.2941176 0.2941176 0.2941176 0.2941176 0.2941176 0.2941176 0.2941176 0.2941176 0.2941176 0.2941176 0.2941176 0.2941176 0.2941176 0.2941176 0.2941176 0.2941176 0.2941176 0.2941176 0.2941176 0.2941176 0.2941176 0.2941176 0.2941176 0.2941176 0.2941176 0.2941176 0.2941176 0.2941176 0.2941176 0.2941176 0.2941176 0.2941176 0.2941176 0.2941176 0.2941176 0.2941176 0.2941176 0.2941176 0.2941176 0.2941176 0.2941176 0.2941176 0.2941176 0.2941176 0.2941176 0.2941176 0.2941176 0.2941176 0.2941176 0.2941176 0.2941176 0.2941176 0.2941176 0.2941176 0.2941176 0.2941176 0.2941176 0.2941176 0.2941176 0.2941176 0.2941176 0.2941176 0.2941176 0.2941176 0.2941176 0.2941176 0.2941176 0.2941176 0.2941176 0.2941176 0.2941176 0.2941176 0.2941176 0.2941176 0.2941176 0.2941176 0.2941176 0.2941176 0.2941176 0.2941176 0.2941176 0.2941176 0.2941176 0.2941176 0.2941176 0.2941176 0.2941176 0.2941176 0.2941176 0.2941176 0.2941176 0.2941176 0.2941176 0.2941176 0.2941176 0.2941176 0.2941176 0.2941176 0.2941176 0.2941176 0.2941176 0.2941176 0.2941176 0.2941176 0.2941176 0.2941176 0.2941176 0.2941176 0.2941176 0.2941176 0.2941176 0.2941176 0.2941176 0.2941176 0.2941176 0.2941176 0.2941176 0.2941176 0.2941176 0.2941176 0.2941176 0.2941176 0.2941176 0.2941176 0.2941176 0.2941176 0.2941176 0.2941176 0.2941176 0.2941176 0.2941176 0.2941176 0.2941176 0.2941176 0.2941176 0.2941176 0.2941176 0.2941176 0.2941176 0.2941176 0.2941176 0.2941176 0.2941176 0.2941176 0.2941176 0.2941176 0.2941176 0.2941176 0.2941176 0.2941176 0.2941176 0.2941176 0.2941176 0.2941176 0.2941176 0.2941176 0.2941176 0.2941176 0.2941176 0.2941176 0.2941176 0.2941176 0.2941176 0.2941176 0.2941176 0.2941176 0.2941176 0.2941176 0.2941176 0.2941176 0.2941176 0.2941176 0.2941176 0.2941176 0.2941176 0.2941176 0.2941176 0.2941176 0.2941176 0.2941176 0.2941176 0.2941176 0.2941176 0.2941176 0.2941176 0.2941176 0.2941176 0.2941176 0.2941176 0.2941176 0.2941176 0.2941176 0.2941176 0.2941176 0.2941176 0.2941176 0.2941176 0.2941176 0.2941176 0.2941176 0.2941176 0.2941176 0.2941176 0.2941176 0.2941176 0.2941176 0.2941176 0.2941176 0.2941176 0.2941176 0.2941176 0.2941176 0.2941176 0.2941176 0.2941176 0.2941176 0.2941176 0.2941176 0.2941176 0.2941176 0.2941176 0.2941176 0.2941176 0.2941176 0.2941176 0.2941176 0.2941176 0.2941176 0.2941176 0.2941176 0.2941176 0.2941176 0.2941176 0.2941176 0.2941176 0.2941176 0.2941176 0.2941176 0.2941176 0.2941176 0.2941176 0.2941176 0.2941176 0.2941176 0.2941176 0.2941176 0.2941176 0.2941176 0.2941176 0.2941176 0.2941176 0.2941176 0.2941176 0.2941176 0.2941176 0.2941176 0.2941176 0.2941176 0.2941176 0.2941176 0.2941176 0.2941176 0.2941176 0.2941176 0.2941176 0.2941176 0.2941176 0.2941176 0.2941176 0.2941176 0.2941176 0.2941176 0.2941176 0.2941176 0.2941176 0.2941176 0.2941176 0.2941176 0.2941176 0.2941176 0.2941176 0.2941176 0.2941176 0.2941176 0.2941176 0.2941176 0.2941176 0.2941176 0.2941176 0.2941176 0.2941176 0.2941176 0.2941176 0.2941176 0.2941176 0.2941176 0.2941176 0.2941176 0.2941176 0.2941176 0.2941176 0.2941176 0.2941176 0.2941176 0.2941176 0.2941176 0.2941176 0.2941176 0.2941176 0.2941176 0.2941176 0.2941176 0.2941176 0.2941176 0.2941176 0.2941176 0.2941176 0.2941176 0.2941176 0.2941176 0.2941176 0.2941176 0.2941176 0.2941176 0.2941176 0.2941176 0.2941176 0.2941176 0.2941176 0.2941176 0.2941176 0.2941176 0.2941176 0.2941176 0.2941176 0.2941176 0.2941176 0.2941176 0.2941176 0.2941176 0.2941176 0.2941176 0.2941176 0.2941176 0.2941176 0.2941176 0.2941176 0.2941176 0.2941176 0.2941176 0.2941176 0.2941176 0.2941176 0.2941176 0.2941176 0.2941176 0.2941176 0.2941176 0.2941176 0.2941176 0.2941176 0.2941176 0.2941176 0.2941176 0.2941176 0.2941176 0.2941176 0.2941176 0.2941176 0.2941176 0.2941176 0.2941176 0.2941176 0.2941176 0.2941176 0.2941176 0.2941176 0.2941176 0.2941176 0.2941176 0.2941176 0.2941176 0.2941176 0.2941176 0.2941176 0.2941176 0.2941176 0.2941176 0.2941176 0.2941176 0.2941176 0.2941176 0.2941176 0.2941176 0.2941176 0.2941176 0.2941176 0.2941176 0.2941176 0.2941176 0.2941176 0.2941176 0.2941176 0.2941176 0.2941176 0.2941176 0.2941176 0.2941176 0.2941176 0.2941176 0.2941176 0.2941176 0.2941176 0.2941176 0.2941176 0.2941176 0.2941176 0.2941176 0.2941176 0.2941176 0.2941176 0.2941176 0.2941176 0.2941176 0.2941176 0.2941176 0.2941176 0.2941176 0.2941176 0.2941176 0.2941176 0.2941176 0.2941176 0.2941176 0.2941176 0.2941176 0.2941176 0.2941176 0.2941176 0.2941176 0.2941176 0.2941176 0.2941176 0.2941176 0.2941176 0.2941176 0.2941176 0.2941176 0.2941176 0.2941176 0.2941176 0.2941176 0.2941176 0.2941176 0.2941176 0.2941176 0.2941176 0.2941176 0.2941176 0.2941176 0.2941176 0.2941176 0.2941176 0.2941176 0.2941176 0.2941176 0.2941176 0.2941176 0.2941176 0.2941176 0.2941176 0.2941176 0.2941176 0.2941176 0.2941176 0.2941176 0.2941176 0.2941176 0.2941176 0.2941176 0.2941176 0.2941176 0.2941176 0.2941176 0.2941176 0.2941176 0.2941176 0.2941176 0.2941176 0.2941176 0.2941176 0.2941176 0.2941176 0.2941176 0.2941176 0.2941176 0.2941176 0.2941176 0.2941176 0.2941176 0.2941176 0.2941176 0.2941176 0.2941176 0.2941176 0.2941176 0.2941176 0.2941176 0.2941176 0.2941176 0.2941176 0.2941176 0.2941176 0.2941176 0.2941176 0.2941176 0.2941176 0.2941176 0.2941176 0.2941176 0.2941176 0.2941176 0.2941176 0.2941176 0.2941176 0.2941176 0.2941176 0.2941176 0.2941176 0.2941176 0.2941176 0.2941176 0.2941176 0.2941176 0.2941176 0.2941176 0.2941176 0.2941176 0.2941176 0.2941176 0.2941176 0.2941176 0.2941176 0.2941176 0.2941176 0.2941176 0.2941176 0.2941176 0.2941176 0.2941176 0.2941176 0.2941176 0.2941176 0.2941176 0.2941176 0.2941176 0.2941176 0.2941176 0.2941176 0.2941176 0.2941176 0.2941176 0.2941176 0.2941176 0.2941176 0.2941176 0.2941176 0.2941176 0.2941176 0.2941176 0.2941176 0.2941176 0.2941176 0.2941176 0.2941176 0.2941176 0.2941176 0.2941176 0.2941176 0.2941176 0.2941176 0.2941176 0.2941176 0.2941176 0.2941176 0.2941176 0.2941176 0.2941176 0.2941176 0.2941176 0.2941176 0.2941176 0.2941176 0.2941176 0.2941176 0.2941176 0.2941176 0.2941176 0.2941176 0.2941176 0.2941176 0.2941176 0.2941176 0.2941176 0.2941176 0.2941176 0.2941176 0.2941176 0.2941176 0.2941176 0.2941176 0.2941176 0.2941176 0.2941176 0.2941176 0.2941176 0.2941176 0.2941176 0.2941176 0.2941176 0.2941176 0.2941176 0.2941176 0.2941176 0.2941176 0.2941176 0.2941176 0.2941176 0.2941176 0.2941176 0.2941176 0.2941176 0.2941176 0.2941176 0.2941176 0.2941176 0.2941176 0.2941176 0.2941176 0.2941176 0.2941176 0.2941176 0.2941176 0.2941176 0.2941176 0.2941176 0.2941176 0.2941176 0.2941176 0.2941176 0.2941176 0.2941176 0.2941176 0.2941176 0.2941176 0.2941176 0.2941176 0.2941176 0.2941176 0.2941176 0.2941176 0.2941176 0.2941176 0.2941176 0.2941176 0.2941176 0.2941176 0.2941176 0.2941176 0.2941176 0.2941176 0.2941176 0.2941176 0.2941176 0.2941176 0.2941176 0.2941176 0.2941176 0.2941176 0.2941176 0.2941176 0.2941176 0.2941176 0.2941176 0.2941176 0.2941176 0.2941176 0.2941176 0.2941176 0.2941176 0.2941176 0.2941176 0.2941176 0.2941176 0.2941176 0.2941176 0.2941176 0.2941176 0.2941176 0.2941176 0.2941176 0.2941176 0.2941176 0.2941176 0.2941176 0.2941176 0.2941176 0.2941176 0.2941176 0.2941176 0.2941176 0.2941176 0.2941176 0.2941176 0.2941176 0.2941176 0.2941176 0.2941176 0.2941176 0.2941176 0.2941176 0.2941176 0.2941176 0.2941176 0.2941176 0.2941176 0.2941176 0.2941176 0.2941176 0.2941176 0.2941176 0.2941176 0.2941176 0.2941176 0.2941176 0.2941176 0.2941176 0.2941176 0.2941176 0.2941176 0.2941176 0.2941176 0.2941176 0.2941176 0.2941176 0.2941176 0.2941176 0.2941176 0.2941176 0.2941176 0.2941176 0.2941176 0.2941176 0.2941176 0.2941176 0.2941176 0.2941176 0.2941176 0.2941176 0.2941176 0.2941176 0.2941176 0.2941176 0.2941176 0.2941176 0.2941176 0.2941176 0.2941176 0.2941176 0.2941176 0.2941176 0.2941176 0.2941176 0.2941176 0.2941176 0.2941176 0.2941176 0.2941176 0.2941176 0.2941176 0.2941176 0.2941176 0.2941176 0.2941176 0.2941176 0.2941176 0.2941176 0.2941176 0.2941176 0.2941176 0.2941176 0.2941176 0.2941176 0.2941176 0.2941176 0.2941176 0.2941176 0.2941176 0.2941176 0.2941176 0.2941176 0.2941176 0.2941176 0.2941176 0.2941176 0.2941176 0.2941176 0.2941176 0.2941176 0.2941176 0.2941176 0.2941176 0.2941176 0.2941176 0.2941176 0.2941176 0.2941176 0.2941176 0.2941176 0.2941176 0.2941176 0.2941176 0.2941176 0.2941176 0.2941176 0.2941176 0.2941176 0.2941176 0.2941176 0.2941176 0.2941176 0.2941176 0.2941176 0.2941176 0.2941176 0.2941176 0.2941176 0.2941176 0.2941176 0.2941176 0.2941176 0.2941176 0.2941176 0.2941176 0.2941176 0.2941176 0.2941176 0.2941176 0.2941176 0.2941176 0.2941176 0.2941176 0.2941176 0.2941176 0.2941176 0.2941176 0.2941176 0.2941176 0.2941176 0.2941176 0.2941176 0.2941176 0.2941176 0.2941176 0.2941176 0.2941176 0.2941176 0.2941176 0.2941176 0.2941176 0.2941176 0.2941176 0.2941176 0.2941176 0.2941176 0.2941176 0.2941176 0.2941176 0.2941176 0.2941176 0.2941176 0.2941176 0.2941176 0.2941176 0.2941176 0.2941176 0.2941176 0.2941176 0.2941176 0.2941176 0.2941176 0.2941176 0.2941176 0.2941176 0.2941176 0.2941176 0.2941176 0.2941176 0.2941176 0.2941176 0.2941176 0.2941176 0.2941176 0.2941176 0.2941176 0.2941176 0.2941176 0.2941176 0.2941176 0.2941176 0.2941176 0.2941176 0.2941176 0.2941176 0.2941176 0.2941176 0.2941176 0.2941176 0.2941176 0.2941176 0.2941176 0.2941176 0.2941176 0.2941176 0.2941176 0.2941176 0.2941176 0.2941176 0.2941176 0.2941176 0.2941176 0.2941176 0.2941176 0.2941176 0.2941176 0.2941176 0.2941176 0.2941176 0.2941176 0.2941176 0.2941176 0.2941176 0.2941176 0.2941176 0.2941176 0.2941176 0.2941176 0.2941176 0.2941176 0.2941176 0.2941176 0.2941176 0.2941176 0.2941176 0.2941176 0.2941176 0.2941176 0.2941176 0.2941176 0.2941176 0.2941176 0.2941176 0.2941176 0.2941176 0.2941176 0.2941176 0.2941176 0.2941176 0.2941176 0.2941176 0.2941176 0.2941176 0.2941176 0.2941176 0.2941176 0.2941176 0.2941176 0.2941176 0.2941176 0.2941176 0.2941176 0.2941176 0.2941176 0.2941176 0.2941176 0.2941176 0.2941176 0.2941176 0.2941176 0.2941176 0.2941176 0.2941176 0.2941176 0.2941176 0.2941176 0.2941176 0.2941176 0.2941176 0.2941176 0.2941176 0.2941176 0.2941176 0.2941176 0.2941176 0.2941176 0.2941176 0.2941176 0.2941176 0.2941176 0.2941176 0.2941176 0.2941176 0.2941176 0.2941176 0.2941176 0.2941176 0.2941176 0.2941176 0.2941176 0.2941176 0.2941176 0.2941176 0.2941176 0.2941176 0.2941176 0.2941176 0.2941176 0.2941176 0.2941176 0.2941176 0.2941176 0.2941176 0.2941176 0.2941176 0.2941176 0.2941176 0.2941176 0.2941176 0.2941176 0.2941176 0.2941176 0.2941176 0.2941176 0.2941176 0.2941176 0.2941176 0.2941176 0.2941176 0.2941176 0.2941176 0.2941176 0.2941176 0.2941176 0.2941176 0.2941176 0.2941176 0.2941176 0.2941176 0.2941176 0.2941176 0.2941176 0.2941176 0.2941176 0.2941176 0.2941176 0.2941176 0.2941176 0.2941176 0.2941176 0.2941176 0.2941176 0.2941176 0.2941176 0.2941176 0.2941176 0.2941176 0.2941176 0.2941176 0.2941176 0.2941176 0.2941176 0.2941176 0.2941176 0.2941176 0.2941176 0.2941176 0.2941176 0.2941176 0.2941176 0.2941176 0.2941176 0.2941176 0.2941176 0.2941176 0.2941176 0.2941176 0.2941176 0.2941176 0.2941176 0.2941176 0.2941176 0.2941176 0.2941176 0.2941176 0.2941176 0.2941176 0.2941176 0.2941176 0.2941176 0.2941176 0.2941176 0.2941176 0.2941176 0.2941176 0.2941176 0.2941176 0.2941176 0.2941176 0.2941176 0.2941176 0.2941176 0.2941176 0.2941176 0.2941176 0.2941176 0.2941176 0.2941176 0.2941176 0.2941176 0.2941176 0.2941176 0.2941176 0.2941176 0.2941176 0.2941176 0.2941176 0.2941176 0.2941176 0.2941176 0.2941176 0.2941176 0.2941176 0.2941176 0.2941176 0.2941176 0.2941176 0.2941176 0.2941176 0.2941176 0.2941176 0.2941176 0.2941176 0.2941176 0.2941176 0.2941176 0.2941176 0.2941176 0.2941176 0.2941176 0.2941176 0.2941176 0.2941176 0.2941176 0.2941176 0.2941176 0.2941176 0.2941176 0.2941176 0.2941176 0.2941176 0.2941176 0.2941176 0.2941176 0.2941176 0.2941176 0.2941176 0.2941176 0.2941176 0.2941176 0.2941176 0.2941176 0.2941176 0.2941176 0.2941176 0.2941176 0.2941176 0.2941176 0.2941176 0.2941176 0.2941176 0.2941176 0.2941176 0.2941176 0.2941176 0.2941176 0.2941176 0.2941176 0.2941176 0.2941176 0.2941176 0.2941176 0.2941176 0.2941176 0.2941176 0.2941176 0.2941176 0.2941176 0.2941176 0.2941176 0.2941176 0.2941176 0.2941176 0.2941176 0.2941176 0.2941176 0.2941176 0.2941176 0.2941176 0.2941176 0.2941176 0.2941176 0.2941176 0.2941176 0.2941176 0.2941176 0.2941176 0.2941176 0.2941176 0.2941176 0.2941176 0.2941176 0.2941176 0.2941176 0.2941176 0.2941176 0.2941176 0.2941176 0.2941176 0.2941176 0.2941176 0.2941176 0.2941176 0.2941176 0.2941176 0.2941176 0.2941176 0.2941176 0.2941176 0.2941176 0.2941176 0.2941176 0.2941176 0.2941176 0.2941176 0.2941176 0.2941176 0.2941176 0.2941176 0.2941176 0.2941176 0.2941176 0.2941176 0.2941176 0.2941176 0.2941176 0.2941176 0.2941176 0.2941176 0.2941176 0.2941176 0.2941176 0.2941176 0.2941176 0.2941176 0.2941176 0.2941176 0.2941176 0.2941176 0.2941176 0.2941176 0.2941176 0.2941176 0.2941176 0.2941176 0.2941176 0.2941176 0.2941176 0.2941176 0.2941176 0.2941176 0.2941176 0.2941176 0.2941176 0.2941176 0.2941176 0.2941176 0.2941176 0.2941176 0.2941176 0.2941176 0.2941176 0.2941176 0.2941176 0.2941176 0.2941176 0.2941176 0.2941176 0.2941176 0.2941176 0.2941176 0.2941176 0.2941176 0.2941176 0.2941176 0.2941176 0.2941176 0.2941176 0.2941176 0.2941176 0.2941176 0.2941176 0.2941176 0.2941176 0.2941176 0.2941176 0.2941176 0.2941176 0.2941176 0.2941176 0.2941176 0.2941176 0.2941176 0.2941176 0.2941176 0.2941176 0.2941176 0.2941176 0.2941176 0.2941176 0.2941176 0.2941176 0.2941176 0.2941176 0.2941176 0.2941176 0.2941176 0.2941176 0.2941176 0.2941176 0.2941176 0.2941176 0.2941176 0.2941176 0.2941176 0.2941176 0.2941176 0.2941176 0.2941176 0.2941176 0.2941176 0.2941176 0.2941176 0.2941176 0.2941176 0.2941176 0.2941176 0.2941176 0.2941176 0.2941176 0.2941176 0.2941176 0.2941176 0.2941176 0.2941176 0.2941176 0.2941176 0.2941176 0.2941176 0.2941176 0.2941176 0.2941176 0.2941176 0.2941176 0.2941176 0.2941176 0.2941176 0.2941176 0.2941176 0.2941176 0.2941176 0.2941176 0.2941176 0.2941176 0.2941176 0.2941176 0.2941176 0.2941176 0.2941176 0.2941176 0.2941176 0.2941176 0.2941176 0.2941176 0.2941176 0.2941176 0.2941176 0.2941176 0.2941176 0.2941176 0.2941176 0.2941176 0.2941176 0.2941176 0.2941176 0.2941176 0.2941176 0.2941176 0.2941176 0.2941176 0.2941176 0.2941176 0.2941176 0.2941176 0.2941176 0.2941176 0.2941176 0.2941176 0.2941176 0.2941176 0.2941176 0.2941176 0.2941176 0.2941176 0.2941176 0.2941176 0.2941176 0.2941176 0.2941176 0.2941176 0.2941176 0.2941176 0.2941176 0.2941176 0.2941176 0.2941176 0.2941176 0.2941176 0.2941176 0.2941176 0.2941176 0.2941176 0.2941176 0.2941176 0.2941176 0.2941176 0.2941176 0.2941176 0.2941176 0.2941176 0.2941176 0.2941176 0.2941176 0.2941176 0.2941176 0.2941176 0.2941176 0.2941176 0.2941176 0.2941176 0.2941176 0.2941176 0.2941176 0.2941176 0.2941176 0.2941176 0.2941176 0.2941176 0.2941176 0.2941176 0.2941176 0.2941176 0.2941176 0.2941176 0.2941176 0.2941176 0.2941176 0.2941176 0.2941176 0.2941176 0.2941176 0.2941176 0.2941176 0.2941176 0.2941176 0.2941176 0.2941176 0.2941176 0.2941176 0.2941176 0.2941176 0.2941176 0.2941176 0.2941176 0.2941176 0.2941176 0.2941176 0.2941176 0.2941176 0.2941176 0.2941176 0.2941176 0.2941176 0.2941176 0.2941176 0.2941176 0.2941176 0.2941176 0.2941176 0.2941176 0.2941176 0.2941176 0.2941176 0.2941176 0.2941176 0.2941176 0.2941176 0.2941176 0.2941176 0.2941176 0.2941176 0.2941176 0.2941176 0.2941176 0.2941176 0.2941176 0.2941176 0.2941176 0.2941176 0.2941176 0.2941176 0.2941176 0.2941176 0.2941176 0.2941176 0.2941176 0.2941176 0.2941176 0.2941176 0.2941176 0.2941176 0.2941176 0.2941176 0.2941176 0.2941176 0.2941176 0.2941176 0.2941176 0.2941176 0.2941176 0.2941176 0.2941176 0.2941176 0.2941176 0.2941176 0.2941176 0.2941176 0.2941176 0.2941176 0.2941176 0.2941176 0.2941176 0.2941176 0.2941176 0.2941176 0.2941176 0.2941176 0.2941176 0.2941176 0.2941176 0.2941176 0.2941176 0.2941176 0.2941176 0.2941176 0.2941176 0.2941176 0.2941176 0.2941176 0.2941176 0.2941176 0.2941176 0.2941176 0.2941176 0.2941176 0.2941176 0.2941176 0.2941176 0.2941176 0.2941176 0.2941176 0.2941176 0.2941176 0.2941176 0.2941176 0.2941176 0.2941176 0.2941176 0.2941176 0.2941176 0.2941176 0.2941176 0.2941176 0.2941176 0.2941176 0.2941176 0.2941176 0.2941176 0.2941176 0.2941176 0.2941176 0.2941176 0.2941176 0.2941176 0.2941176 0.2941176 0.2941176 0.2941176 0.2941176 0.2941176 0.2941176 0.2941176 0.2941176 0.2941176 0.2941176 0.2941176 0.2941176 0.2941176 0.2941176 0.2941176 0.2941176 0.2941176 0.2941176 0.2941176 0.2941176 0.2941176 0.2941176 0.2941176 0.2941176 0.2941176 0.2941176 0.2941176 0.2941176 0.2941176 0.2941176 0.2941176 0.2941176 0.2941176 0.2941176 0.2941176 0.2941176 0.2941176 0.2941176 0.2941176 0.2941176 0.2941176 0.2941176 0.2941176 0.2941176 0.2941176 0.2941176 0.2941176 0.2941176 0.2941176 0.2941176 0.2941176 0.2941176 0.2941176 0.2941176 0.2941176 0.2941176 0.2941176 0.2941176 0.2941176 0.2941176 0.2941176 0.2941176 0.2941176 0.2941176 0.2941176 0.2941176 0.2941176 0.2941176 0.2941176 0.2941176 0.2941176 0.2941176 0.2941176 0.2941176 0.2941176 0.2941176 0.2941176 0.2941176 0.2941176 0.2941176 0.2941176 0.2941176 0.2941176 0.2941176 0.2941176 0.2941176 0.2941176 0.2941176 0.2941176 0.2941176 0.2941176 0.2941176 0.2941176 0.2941176 0.2941176 0.2941176 0.2941176 0.2941176 0.2941176 0.2941176 0.2941176 0.2941176 0.2941176 0.2941176 0.2941176 0.2941176 0.2941176 0.2941176 0.2941176 0.2941176 0.2941176 0.2941176 0.2941176 0.2941176 0.2941176 0.2941176 0.2941176 0.2941176 0.2941176 0.2941176 0.2941176 0.2941176 0.2941176 0.2941176 0.2941176 0.2941176 0.2941176 0.2941176 0.2941176 0.2941176 0.2941176 0.2941176 0.2941176 0.2941176 0.2941176 0.2941176 0.2941176 0.2941176 0.2941176 0.2941176 0.2941176 0.2941176 0.2941176 0.2941176 0.2941176 0.2941176 0.2941176 0.2941176 0.2941176 0.2941176 0.2941176 0.2941176 0.2941176 0.2941176 0.2941176 0.2941176 0.2941176 0.2941176 0.2941176 0.2941176 0.2941176 0.2941176 0.2941176 0.2941176 0.2941176 0.2941176 0.2941176 0.2941176 0.2941176 0.2941176 0.2941176 0.2941176 0.2941176 0.2941176 0.2941176 0.2941176 0.2941176 0.2941176 0.2941176 0.2941176 0.2941176 0.2941176 0.2941176 0.2941176 0.2941176 0.2941176 0.2941176 0.2941176 0.2941176 0.2941176 0.2941176</float_array>
          <technique_common>
            <accessor count="1695" source="#colors-array-array" stride="3">
              <param type="float" name="R"/>
              <param type="float" name="G"/>
              <param type="float" name="B"/>
            </accessor>
          </technique_common>
        </source>
        <vertices id="verts-array-vertices">
          <input semantic="POSITION" source="#verts-array"/>
        </vertices>
        <triangles count="2441" material="material2">
          <input offset="0" semantic="VERTEX" source="#verts-array-vertices"/>
          <input offset="1" semantic="NORMAL" source="#normals-array"/>
          <input offset="2" semantic="COLOR" source="#colors-array"/>
          <p>0 0 0 1 1 1 2 2 2 2 2 2 3 3 3 0 0 0 4 4 4 0 0 0 3 3 3 0 0 0 4 4 4 5 5 5 6 6 6 7 7 7 8 8 8 9 9 9 8 8 8 7 7 7 8 8 8 9 9 9 10 10 10 10 10 10 9 9 9 11 11 11 9 9 9 12 12 12 11 11 11 11 11 11 12 12 12 4 4 4 12 12 12 13 13 13 4 4 4 4 4 4 13 13 13 14 14 14 15 15 15 16 16 16 17 17 17 18 18 18 17 17 17 16 16 16 17 17 17 18 18 18 8 8 8 6 6 6 8 8 8 18 18 18 19 19 19 20 20 20 21 21 21 15 15 15 22 22 22 16 16 16 23 23 23 16 16 16 22 22 22 16 16 16 23 23 23 24 24 24 25 25 25 26 26 26 27 27 27 28 28 28 27 27 27 26 26 26 29 29 29 30 30 30 31 31 31 32 32 32 31 31 31 30 30 30 31 31 31 32 32 32 11 11 11 33 33 33 11 11 11 32 32 32 11 11 11 33 33 33 10 10 10 29 29 29 34 34 34 30 30 30 30 30 30 34 34 34 35 35 35 36 36 36 35 35 35 34 34 34 37 37 37 38 38 38 39 39 39 14 14 14 5 5 5 4 4 4 40 40 40 41 41 41 42 42 42 42 42 42 41 41 41 31 31 31 31 31 31 41 41 41 29 29 29 43 43 43 44 44 44 45 45 45 46 46 46 45 45 45 44 44 44 47 47 47 48 48 48 49 49 49 50 50 50 49 49 49 48 48 48 49 49 49 50 50 50 51 51 51 36 36 36 52 52 52 35 35 35 35 35 35 52 52 52 53 53 53 54 54 54 53 53 53 52 52 52 53 53 53 54 54 54 55 55 55 56 56 56 55 55 55 54 54 54 55 55 55 56 56 56 57 57 57 49 49 49 57 57 57 56 56 56 57 57 57 49 49 49 58 58 58 51 51 51 58 58 58 49 49 49 59 59 59 60 60 60 61 61 61 62 62 62 61 61 61 60 60 60 61 61 61 62 62 62 28 28 28 63 63 63 28 28 28 62 62 62 28 28 28 63 63 63 27 27 27 21 21 21 64 64 64 19 19 19 26 26 26 19 19 19 64 64 64 19 19 19 26 26 26 65 65 65 66 66 66 67 67 67 68 68 68 68 68 68 67 67 67 61 61 61 61 61 61 67 67 67 59 59 59 69 69 69 70 70 70 71 71 71 72 72 72 71 71 71 70 70 70 71 71 71 72 72 72 73 73 73 74 74 74 75 75 75 76 76 76 77 77 77 76 76 76 75 75 75 76 76 76 77 77 77 42 42 42 78 78 78 42 42 42 77 77 77 78 78 78 40 40 40 42 42 42 79 79 79 80 80 80 81 81 81 82 82 82 83 83 83 84 84 84 85 85 85 84 84 84 83 83 83 84 84 84 85 85 85 86 86 86 87 87 87 86 86 86 85 85 85 86 86 86 87 87 87 88 88 88 89 89 89 88 88 88 87 87 87 59 59 59 90 90 90 60 60 60 60 60 60 90 90 90 89 89 89 91 91 91 89 89 89 90 90 90 89 89 89 91 91 91 88 88 88 92 92 92 93 93 93 94 94 94 95 95 95 94 94 94 93 93 93 96 96 96 97 97 97 98 98 98 99 99 99 82 82 82 100 100 100 101 101 101 100 100 100 82 82 82 102 102 102 103 103 103 104 104 104 105 105 105 104 104 104 103 103 103 104 104 104 105 105 105 68 68 68 106 106 106 68 68 68 105 105 105 106 106 106 66 66 66 68 68 68 47 47 47 49 49 49 107 107 107 108 108 108 107 107 107 49 49 49 107 107 107 108 108 108 25 25 25 97 97 97 25 25 25 108 108 108 25 25 25 97 97 97 26 26 26 96 96 96 26 26 26 97 97 97 26 26 26 96 96 96 109 109 109 99 99 99 110 110 110 82 82 82 111 111 111 82 82 82 110 110 110 82 82 82 111 111 111 83 83 83 112 112 112 113 113 113 114 114 114 101 101 101 82 82 82 115 115 115 116 116 116 115 115 115 82 82 82 115 115 115 116 116 116 43 43 43 113 113 113 43 43 43 116 116 116 43 43 43 113 113 113 44 44 44 112 112 112 44 44 44 113 113 113 44 44 44 112 112 112 117 117 117 39 39 39 118 118 118 37 37 37 44 44 44 37 37 37 118 118 118 37 37 37 44 44 44 119 119 119 117 117 117 119 119 119 44 44 44 119 119 119 117 117 117 120 120 120 121 121 121 122 122 122 123 123 123 124 124 124 123 123 123 122 122 122 123 123 123 124 124 124 125 125 125 126 126 126 125 125 125 124 124 124 127 127 127 128 128 128 129 129 129 130 130 130 129 129 129 128 128 128 129 129 129 130 130 130 46 46 46 131 131 131 46 46 46 130 130 130 46 46 46 131 131 131 45 45 45 127 127 127 132 132 132 128 128 128 128 128 128 132 132 132 126 126 126 133 133 133 126 126 126 132 132 132 126 126 126 133 133 133 125 125 125 134 134 134 135 135 135 73 73 73 73 73 73 135 135 135 129 129 129 129 129 129 135 135 135 127 127 127 136 136 136 137 137 137 138 138 138 139 139 139 138 138 138 137 137 137 138 138 138 139 139 139 95 95 95 140 140 140 95 95 95 139 139 139 95 95 95 140 140 140 94 94 94 141 141 141 142 142 142 143 143 143 24 24 24 144 144 144 16 16 16 145 145 145 16 16 16 144 144 144 16 16 16 145 145 145 146 146 146 147 147 147 146 146 146 145 145 145 146 146 146 147 147 147 148 148 148 149 149 149 148 148 148 147 147 147 148 148 148 149 149 149 150 150 150 151 151 151 150 150 150 149 149 149 152 152 152 153 153 153 121 121 121 154 154 154 121 121 121 153 153 153 121 121 121 154 154 154 122 122 122 155 155 155 156 156 156 157 157 157 157 157 157 156 156 156 138 138 138 138 138 138 156 156 156 136 136 136 26 26 26 109 109 109 65 65 65 158 158 158 65 65 65 109 109 109 141 141 141 143 143 143 121 121 121 159 159 159 121 121 121 143 143 143 121 121 121 159 159 159 152 152 152 81 81 81 160 160 160 79 79 79 93 93 93 79 79 79 160 160 160 79 79 79 93 93 93 161 161 161 136 136 136 162 162 162 137 137 137 137 137 137 162 162 162 151 151 151 163 163 163 151 151 151 162 162 162 151 151 151 163 163 163 150 150 150 72 72 72 164 164 164 73 73 73 164 164 164 134 134 134 73 73 73 165 165 165 166 166 166 167 167 167 168 168 168 169 169 169 170 170 170 171 171 171 170 170 170 169 169 169 170 170 170 171 171 171 157 157 157 172 172 172 157 157 157 171 171 171 172 172 172 155 155 155 157 157 157 142 142 142 141 141 141 173 173 173 174 174 174 173 173 173 141 141 141 173 173 173 174 174 174 92 92 92 166 166 166 92 92 92 174 174 174 92 92 92 166 166 166 93 93 93 165 165 165 93 93 93 166 166 166 93 93 93 165 165 165 175 175 175 93 93 93 175 175 175 161 161 161 176 176 176 161 161 161 175 175 175 177 177 177 87 87 87 85 85 85 178 178 178 179 179 179 180 180 180 177 177 177 180 180 180 179 179 179 85 85 85 181 181 181 177 177 177 177 177 177 181 181 181 180 180 180 182 182 182 180 180 180 181 181 181 55 55 55 183 183 183 184 184 184 184 184 184 183 183 183 185 185 185 53 53 53 55 55 55 186 186 186 184 184 184 186 186 186 55 55 55 186 186 186 184 184 184 187 187 187 188 188 188 187 187 187 184 184 184 189 189 189 190 190 190 191 191 191 149 149 149 147 147 147 192 192 192 191 191 191 192 192 192 147 147 147 192 192 192 191 191 191 193 193 193 194 194 194 193 193 193 191 191 191 147 147 147 189 189 189 191 191 191 124 124 124 122 122 122 195 195 195 196 196 196 195 195 195 122 122 122 195 195 195 196 196 196 197 197 197 198 198 198 197 197 197 196 196 196 122 122 122 199 199 199 196 196 196 199 199 199 122 122 122 200 200 200 201 201 201 202 202 202 203 203 203 202 202 202 204 204 204 205 205 205 63 63 63 205 205 205 204 204 204 206 206 206 207 207 207 208 208 208 209 209 209 210 210 210 201 201 201 204 204 204 201 201 201 210 210 210 201 201 201 204 204 204 202 202 202 211 211 211 212 212 212 213 213 213 214 214 214 213 213 213 212 212 212 215 215 215 216 216 216 217 217 217 201 201 201 217 217 217 216 216 216 217 217 217 201 201 201 203 203 203 62 62 62 218 218 218 219 219 219 218 218 218 62 62 62 220 220 220 206 206 206 220 220 220 62 62 62 220 220 220 206 206 206 212 212 212 208 208 208 212 212 212 206 206 206 212 212 212 208 208 208 214 214 214 219 219 219 221 221 221 62 62 62 222 222 222 62 62 62 221 221 221 62 62 62 222 222 222 63 63 63 205 205 205 63 63 63 222 222 222 223 223 223 224 224 224 225 225 225 226 226 226 227 227 227 228 228 228 229 229 229 230 230 230 231 231 231 232 232 232 233 233 233 234 234 234 235 235 235 234 234 234 233 233 233 234 234 234 235 235 235 236 236 236 237 237 237 236 236 236 235 235 235 236 236 236 237 237 237 238 238 238 211 211 211 213 213 213 239 239 239 240 240 240 239 239 239 213 213 213 241 241 241 242 242 242 243 243 243 239 239 239 243 243 243 242 242 242 243 243 243 239 239 239 240 240 240 244 244 244 241 241 241 245 245 245 246 246 246 247 247 247 248 248 248 249 249 249 250 250 250 251 251 251 252 252 252 251 251 251 250 250 250 253 253 253 254 254 254 255 255 255 255 255 255 254 254 254 225 225 225 253 253 253 256 256 256 257 257 257 258 258 258 231 231 231 259 259 259 260 260 260 231 231 231 230 230 230 231 231 231 260 260 260 259 259 259 258 258 258 261 261 261 262 262 262 263 263 263 189 189 189 264 264 264 189 189 189 263 263 263 229 229 229 265 265 265 266 266 266 267 267 267 268 268 268 267 267 267 266 266 266 267 267 267 268 268 268 269 269 269 264 264 264 189 189 189 267 267 267 267 267 267 189 189 189 270 270 270 270 270 270 271 271 271 267 267 267 272 272 272 267 267 267 271 271 271 267 267 267 272 272 272 265 265 265 273 273 273 262 262 262 261 261 261 273 273 273 274 274 274 262 262 262 262 262 262 274 274 274 268 268 268 269 269 269 268 268 268 274 274 274 275 275 275 276 276 276 228 228 228 277 277 277 228 228 228 227 227 227 228 228 228 277 277 277 275 275 275 278 278 278 279 279 279 280 280 280 280 280 280 279 279 279 281 281 281 281 281 281 282 282 282 280 280 280 283 283 283 280 280 280 282 282 282 278 278 278 228 228 228 276 276 276 183 183 183 284 284 284 285 285 285 286 286 286 285 285 285 284 284 284 287 287 287 285 285 285 286 286 286 285 285 285 287 287 287 288 288 288 285 285 285 289 289 289 183 183 183 183 183 183 289 289 289 185 185 185 290 290 290 185 185 185 289 289 289 185 185 185 290 290 290 226 226 226 291 291 291 280 280 280 283 283 283 280 280 280 291 291 291 292 292 292 285 285 285 292 292 292 291 291 291 292 292 292 285 285 285 293 293 293 288 288 288 293 293 293 285 285 285 294 294 294 295 295 295 296 296 296 297 297 297 295 295 295 298 298 298 295 295 295 297 297 297 296 296 296 299 299 299 300 300 300 294 294 294 299 299 299 301 301 301 300 300 300 300 300 300 301 301 301 302 302 302 302 302 302 303 303 303 304 304 304 305 305 305 304 304 304 303 303 303 305 305 305 306 306 306 304 304 304 304 304 304 306 306 306 307 307 307 298 298 298 295 295 295 308 308 308 200 200 200 308 308 308 295 295 295 308 308 308 200 200 200 309 309 309 306 306 306 310 310 310 307 307 307 307 307 307 310 310 310 311 311 311 308 308 308 311 311 311 310 310 310 311 311 311 308 308 308 312 312 312 309 309 309 313 313 313 308 308 308 314 314 314 308 308 308 313 313 313 308 308 308 314 314 314 312 312 312 315 315 315 247 247 247 316 316 316 317 317 317 225 225 225 318 318 318 319 319 319 320 320 320 225 225 225 318 318 318 225 225 225 320 320 320 321 321 321 322 322 322 323 323 323 324 324 324 323 323 323 322 322 322 323 323 323 324 324 324 224 224 224 324 324 324 325 325 325 224 224 224 224 224 224 325 325 325 225 225 225 319 319 319 225 225 225 325 325 325 317 317 317 326 326 326 225 225 225 225 225 225 326 326 326 246 246 246 327 327 327 246 246 246 326 326 326 246 246 246 327 327 327 328 328 328 329 329 329 330 330 330 246 246 246 330 330 330 331 331 331 246 246 246 246 246 246 331 331 331 247 247 247 316 316 316 247 247 247 331 331 331 332 332 332 333 333 333 228 228 228 228 228 228 333 333 333 238 238 238 334 334 334 238 238 238 333 333 333 334 334 334 335 335 335 238 238 238 336 336 336 238 238 238 335 335 335 337 337 337 338 338 338 339 339 339 340 340 340 339 339 339 338 338 338 339 339 339 340 340 340 341 341 341 341 341 341 340 340 340 245 245 245 342 342 342 245 245 245 340 340 340 338 338 338 337 337 337 343 343 343 344 344 344 343 343 343 337 337 337 345 345 345 346 346 346 228 228 228 347 347 347 245 245 245 342 342 342 245 245 245 347 347 347 244 244 244 244 244 244 347 347 347 345 345 345 346 346 346 348 348 348 228 228 228 332 332 332 228 228 228 348 348 348 349 349 349 350 350 350 240 240 240 351 351 351 352 352 352 353 353 353 352 352 352 351 351 351 354 354 354 355 355 355 354 354 354 351 351 351 354 354 354 355 355 355 356 356 356 356 356 356 355 355 355 357 357 357 358 358 358 357 357 357 355 355 355 359 359 359 240 240 240 360 360 360 361 361 361 360 360 360 240 240 240 359 359 359 362 362 362 240 240 240 349 349 349 240 240 240 362 362 362 249 249 249 363 363 363 361 361 361 363 363 363 249 249 249 364 364 364 363 363 363 365 365 365 361 361 361 366 366 366 361 361 361 365 365 365 361 361 361 366 366 366 360 360 360 367 367 367 368 368 368 249 249 249 364 364 364 249 249 249 368 368 368 358 358 358 369 369 369 357 357 357 357 357 357 369 369 369 249 249 249 249 249 249 369 369 369 367 367 367 370 370 370 240 240 240 352 352 352 350 350 350 352 352 352 240 240 240 352 352 352 350 350 350 353 353 353 370 370 370 371 371 371 240 240 240 372 372 372 240 240 240 371 371 371 240 240 240 372 372 372 245 245 245 373 373 373 245 245 245 372 372 372 245 245 245 373 373 373 341 341 341 374 374 374 247 247 247 321 321 321 315 315 315 321 321 321 247 247 247 321 321 321 315 315 315 322 322 322 374 374 374 375 375 375 247 247 247 376 376 376 247 247 247 375 375 375 247 247 247 376 376 376 357 357 357 377 377 377 357 357 357 376 376 376 357 357 357 377 377 377 356 356 356 378 378 378 379 379 379 257 257 257 380 380 380 257 257 257 379 379 379 257 257 257 380 380 380 225 225 225 381 381 381 225 225 225 380 380 380 225 225 225 381 381 381 223 223 223 382 382 382 383 383 383 257 257 257 383 383 383 384 384 384 257 257 257 257 257 257 384 384 384 378 378 378 385 385 385 232 232 232 386 386 386 232 232 232 385 385 385 387 387 387 388 388 388 389 389 389 390 390 390 391 391 391 232 232 232 387 387 387 232 232 232 391 391 391 390 390 390 388 388 388 392 392 392 389 389 389 389 389 389 392 392 392 393 393 393 393 393 393 394 394 394 389 389 389 389 389 389 394 394 394 257 257 257 382 382 382 257 257 257 394 394 394 384 384 384 395 395 395 378 378 378 396 396 396 378 378 378 395 395 395 378 378 378 396 396 396 397 397 397 398 398 398 397 397 397 396 396 396 397 397 397 398 398 398 399 399 399 399 399 399 398 398 398 386 386 386 385 385 385 386 386 386 398 398 398 336 336 336 344 344 344 238 238 238 344 344 344 336 336 336 343 343 343 344 344 344 400 400 400 238 238 238 401 401 401 238 238 238 400 400 400 238 238 238 401 401 401 232 232 232 402 402 402 232 232 232 401 401 401 232 232 232 402 402 402 386 386 386 262 262 262 231 231 231 258 258 258 231 231 231 262 262 262 389 389 389 231 231 231 189 189 189 229 229 229 189 189 189 231 231 231 190 190 190 253 253 253 255 255 255 256 256 256 256 256 256 255 255 255 403 403 403 403 403 403 404 404 404 256 256 256 404 404 404 403 403 403 405 405 405 406 406 406 407 407 407 255 255 255 255 255 255 407 407 407 408 408 408 225 225 225 406 406 406 255 255 255 409 409 409 406 406 406 225 225 225 409 409 409 300 300 300 304 304 304 304 304 304 300 300 300 302 302 302 294 294 294 300 300 300 295 295 295 295 295 295 300 300 300 199 199 199 249 249 249 410 410 410 357 357 357 251 251 251 410 410 410 249 249 249 410 410 410 251 251 251 248 248 248 411 411 411 248 248 248 251 251 251 248 248 248 411 411 411 246 246 246 412 412 412 246 246 246 411 411 411 246 246 246 412 412 412 413 413 413 328 328 328 329 329 329 246 246 246 361 361 361 414 414 414 249 249 249 414 414 414 361 361 361 415 415 415 181 181 181 416 416 416 417 417 417 418 418 418 417 417 417 416 416 416 419 419 419 420 420 420 421 421 421 417 417 417 422 422 422 181 181 181 181 181 181 422 422 422 421 421 421 419 419 419 421 421 421 422 422 422 420 420 420 423 423 423 421 421 421 421 421 421 423 423 423 361 361 361 424 424 424 361 361 361 423 423 423 424 424 424 425 425 425 361 361 361 361 361 361 425 425 425 426 426 426 427 427 427 428 428 428 415 415 415 426 426 426 429 429 429 361 361 361 361 361 361 429 429 429 415 415 415 427 427 427 415 415 415 429 429 429 428 428 428 430 430 430 415 415 415 415 415 415 430 430 430 431 431 431 418 418 418 432 432 432 417 417 417 433 433 433 417 417 417 432 432 432 417 417 417 433 433 433 434 434 434 435 435 435 434 434 434 433 433 433 434 434 434 435 435 435 436 436 436 431 431 431 436 436 436 435 435 435 430 430 430 436 436 436 431 431 431 182 182 182 421 421 421 437 437 437 361 361 361 437 437 437 421 421 421 437 437 437 361 361 361 438 438 438 240 240 240 438 438 438 361 361 361 438 438 438 240 240 240 213 213 213 345 345 345 228 228 228 244 244 244 244 244 244 242 242 242 241 241 241 242 242 242 244 244 244 215 215 215 215 215 215 244 244 244 216 216 216 278 278 278 280 280 280 228 228 228 228 228 228 280 280 280 439 439 439 228 228 228 185 185 185 226 226 226 440 440 440 185 185 185 228 228 228 238 238 238 440 440 440 228 228 228 440 440 440 238 238 238 441 441 441 441 441 441 238 238 238 237 237 237 442 442 442 443 443 443 444 444 444 237 237 237 444 444 444 443 443 443 444 444 444 237 237 237 445 445 445 235 235 235 445 445 445 237 237 237 445 445 445 235 235 235 446 446 446 447 447 447 446 446 446 235 235 235 246 246 246 300 300 300 225 225 225 409 409 409 225 225 225 300 300 300 228 228 228 439 439 439 244 244 244 389 389 389 232 232 232 390 390 390 232 232 232 389 389 389 233 233 233 257 257 257 256 256 256 389 389 389 231 231 231 389 389 389 256 256 256 307 307 307 142 142 142 173 173 173 448 448 448 449 449 449 450 450 450 451 451 451 450 450 450 449 449 449 173 173 173 450 450 450 307 307 307 451 451 451 307 307 307 450 450 450 304 304 304 307 307 307 451 451 451 408 408 408 407 407 407 452 452 452 452 452 452 453 453 453 454 454 454 453 453 453 455 455 455 456 456 456 140 140 140 456 456 456 455 455 455 457 457 457 458 458 458 459 459 459 460 460 460 461 461 461 452 452 452 455 455 455 452 452 452 461 461 461 452 452 452 455 455 455 453 453 453 405 405 405 462 462 462 404 404 404 463 463 463 404 404 404 462 462 462 452 452 452 464 464 464 408 408 408 464 464 464 452 452 452 454 454 454 139 139 139 465 465 465 466 466 466 465 465 465 139 139 139 467 467 467 457 457 457 467 467 467 139 139 139 467 467 467 457 457 457 462 462 462 459 459 459 462 462 462 457 457 457 462 462 462 459 459 459 463 463 463 466 466 466 468 468 468 139 139 139 469 469 469 139 139 139 468 468 468 139 139 139 469 469 469 140 140 140 456 456 456 140 140 140 469 469 469 268 268 268 15 15 15 17 17 17 470 470 470 471 471 471 472 472 472 473 473 473 472 472 472 471 471 471 473 473 473 262 262 262 268 268 268 17 17 17 472 472 472 268 268 268 473 473 473 268 268 268 472 472 472 474 474 474 475 475 475 476 476 476 477 477 477 478 478 478 479 479 479 480 480 480 481 481 481 482 482 482 479 479 479 478 478 478 483 483 483 443 443 443 483 483 483 478 478 478 483 483 483 443 443 443 442 442 442 476 476 476 478 478 478 474 474 474 477 477 477 474 474 474 478 478 478 474 474 474 477 477 477 32 32 32 446 446 446 447 447 447 484 484 484 480 480 480 484 484 484 447 447 447 484 484 484 480 480 480 482 482 482 485 485 485 33 33 33 486 486 486 32 32 32 486 486 486 33 33 33 486 486 486 32 32 32 487 487 487 477 477 477 487 487 487 32 32 32 485 485 485 481 481 481 33 33 33 33 33 33 481 481 481 488 488 488 480 480 480 488 488 488 481 481 481 488 488 488 480 480 480 489 489 489 490 490 490 489 489 489 480 480 480 252 252 252 250 250 250 491 491 491 413 413 413 412 412 412 492 492 492 491 491 491 493 493 493 494 494 494 495 495 495 496 496 496 497 497 497 498 498 498 497 497 497 496 496 496 492 492 492 498 498 498 413 413 413 498 498 498 492 492 492 499 499 499 500 500 500 498 498 498 499 499 499 498 498 498 500 500 500 497 497 497 130 130 130 497 497 497 500 500 500 491 491 491 501 501 501 252 252 252 501 501 501 491 491 491 494 494 494 502 502 502 493 493 493 131 131 131 131 131 131 493 493 493 503 503 503 491 491 491 503 503 503 493 493 493 503 503 503 491 491 491 504 504 504 505 505 505 504 504 504 491 491 491 506 506 506 130 130 130 500 500 500 130 130 130 506 506 506 131 131 131 507 507 507 131 131 131 506 506 506 131 131 131 507 507 507 502 502 502 508 508 508 415 415 415 431 431 431 101 101 101 115 115 115 509 509 509 510 510 510 511 511 511 509 509 509 508 508 508 509 509 509 511 511 511 509 509 509 508 508 508 101 101 101 431 431 431 101 101 101 508 508 508 292 292 292 47 47 47 107 107 107 512 512 512 513 513 513 514 514 514 515 515 515 514 514 514 513 513 513 107 107 107 514 514 514 292 292 292 515 515 515 292 292 292 514 514 514 292 292 292 515 515 515 280 280 280 516 516 516 517 517 517 518 518 518 518 518 518 517 517 517 519 519 519 520 520 520 521 521 521 522 522 522 520 520 520 522 522 522 518 518 518 516 516 516 518 518 518 522 522 522 523 523 523 524 524 524 525 525 525 525 525 525 524 524 524 526 526 526 527 527 527 526 526 526 524 524 524 528 528 528 529 529 529 530 530 530 531 531 531 532 532 532 533 533 533 532 532 532 531 531 531 534 534 534 535 535 535 534 534 534 531 531 531 536 536 536 528 528 528 530 530 530 528 528 528 536 536 536 532 532 532 532 532 532 536 536 536 533 533 533 537 537 537 538 538 538 539 539 539 534 534 534 539 539 539 538 538 538 535 535 535 539 539 539 534 534 534 527 527 527 540 540 540 526 526 526 526 526 526 540 540 540 528 528 528 529 529 529 528 528 528 540 540 540 537 537 537 541 541 541 538 538 538 538 538 538 541 541 541 525 525 525 523 523 523 525 525 525 541 541 541 532 532 532 542 542 542 543 543 543 542 542 542 532 532 532 544 544 544 534 534 534 544 544 544 532 532 532 544 544 544 534 534 534 545 545 545 546 546 546 547 547 547 548 548 548 547 547 547 546 546 546 549 549 549 549 549 549 546 546 546 550 550 550 551 551 551 552 552 552 553 553 553 553 553 553 552 552 552 554 554 554 555 555 555 554 554 554 552 552 552 556 556 556 549 549 549 550 550 550 549 549 549 556 556 556 557 557 557 557 557 557 556 556 556 558 558 558 559 559 559 557 557 557 558 558 558 557 557 557 559 559 559 553 553 553 551 551 551 553 553 553 559 559 559 555 555 555 560 560 560 554 554 554 554 554 554 560 560 560 561 561 561 562 562 562 561 561 561 560 560 560 561 561 561 562 562 562 563 563 563 564 564 564 561 561 561 563 563 563 561 561 561 564 564 564 547 547 547 547 547 547 564 564 564 548 548 548 557 557 557 565 565 565 166 166 166 565 565 565 557 557 557 566 566 566 553 553 553 566 566 566 557 557 557 566 566 566 553 553 553 567 567 567 568 568 568 569 569 569 570 570 570 571 571 571 572 572 572 573 573 573 572 572 572 571 571 571 574 574 574 574 574 574 571 571 571 575 575 575 576 576 576 577 577 577 578 578 578 574 574 574 578 578 578 577 577 577 575 575 575 578 578 578 574 574 574 579 579 579 580 580 580 581 581 581 581 581 581 580 580 580 582 582 582 583 583 583 582 582 582 580 580 580 584 584 584 568 568 568 570 570 570 568 568 568 584 584 584 572 572 572 572 572 572 584 584 584 573 573 573 576 576 576 585 585 585 577 577 577 577 577 577 585 585 585 581 581 581 579 579 579 581 581 581 585 585 585 583 583 583 586 586 586 582 582 582 582 582 582 586 586 586 568 568 568 569 569 569 568 568 568 586 586 586 572 572 572 518 518 518 113 113 113 518 518 518 572 572 572 520 520 520 574 574 574 520 520 520 572 572 572 520 520 520 574 574 574 587 587 587 588 588 588 589 589 589 542 542 542 542 542 542 589 589 589 590 590 590 544 544 544 591 591 591 592 592 592 544 544 544 592 592 592 542 542 542 588 588 588 542 542 542 592 592 592 593 593 593 594 594 594 565 565 565 565 565 565 594 594 594 595 595 595 566 566 566 596 596 596 597 597 597 566 566 566 597 597 597 565 565 565 593 593 593 565 565 565 597 597 597 598 598 598 599 599 599 600 600 600 600 600 600 599 599 599 601 601 601 602 602 602 603 603 603 604 604 604 602 602 602 604 604 604 600 600 600 598 598 598 600 600 600 604 604 604 605 605 605 606 606 606 607 607 607 608 608 608 607 607 607 606 606 606 607 607 607 608 608 608 609 609 609 331 331 331 609 609 609 608 608 608 609 609 609 331 331 331 610 610 610 330 330 330 610 610 610 331 331 331 610 610 610 330 330 330 611 611 611 329 329 329 611 611 611 330 330 330 611 611 611 329 329 329 612 612 612 328 328 328 612 612 612 329 329 329 612 612 612 328 328 328 613 613 613 327 327 327 613 613 613 328 328 328 613 613 613 327 327 327 614 614 614 615 615 615 614 614 614 327 327 327 614 614 614 615 615 615 616 616 616 615 615 615 617 617 617 616 616 616 616 616 616 617 617 617 618 618 618 619 619 619 618 618 618 617 617 617 618 618 618 619 619 619 620 620 620 621 621 621 620 620 620 619 619 619 620 620 620 621 621 621 622 622 622 623 623 623 622 622 622 621 621 621 622 622 622 623 623 623 624 624 624 320 320 320 624 624 624 623 623 623 624 624 624 320 320 320 625 625 625 626 626 626 625 625 625 320 320 320 625 625 625 626 626 626 627 627 627 628 628 628 627 627 627 626 626 626 627 627 627 628 628 628 629 629 629 630 630 630 629 629 629 628 628 628 629 629 629 630 630 630 631 631 631 632 632 632 631 631 631 630 630 630 631 631 631 632 632 632 633 633 633 634 634 634 633 633 633 632 632 632 633 633 633 634 634 634 635 635 635 636 636 636 635 635 635 634 634 634 635 635 635 636 636 636 637 637 637 638 638 638 637 637 637 636 636 636 637 637 637 638 638 638 639 639 639 640 640 640 639 639 639 638 638 638 639 639 639 640 640 640 641 641 641 315 315 315 641 641 641 640 640 640 641 641 641 315 315 315 605 605 605 606 606 606 605 605 605 315 315 315 642 642 642 643 643 643 644 644 644 645 645 645 644 644 644 643 643 643 644 644 644 645 645 645 646 646 646 647 647 647 646 646 646 645 645 645 646 646 646 647 647 647 648 648 648 649 649 649 648 648 648 647 647 647 648 648 648 649 649 649 650 650 650 651 651 651 650 650 650 649 649 649 650 650 650 651 651 651 652 652 652 653 653 653 652 652 652 651 651 651 652 652 652 653 653 653 654 654 654 655 655 655 654 654 654 653 653 653 654 654 654 655 655 655 656 656 656 657 657 657 656 656 656 655 655 655 656 656 656 657 657 657 658 658 658 659 659 659 658 658 658 657 657 657 658 658 658 659 659 659 660 660 660 661 661 661 660 660 660 659 659 659 660 660 660 661 661 661 662 662 662 335 335 335 662 662 662 661 661 661 662 662 662 335 335 335 663 663 663 664 664 664 663 663 663 335 335 335 663 663 663 664 664 664 665 665 665 666 666 666 665 665 665 664 664 664 665 665 665 666 666 666 667 667 667 668 668 668 667 667 667 666 666 666 667 667 667 668 668 668 669 669 669 668 668 668 670 670 670 669 669 669 669 669 669 670 670 670 671 671 671 672 672 672 671 671 671 670 670 670 671 671 671 672 672 672 673 673 673 348 348 348 673 673 673 672 672 672 673 673 673 348 348 348 674 674 674 675 675 675 674 674 674 348 348 348 674 674 674 675 675 675 676 676 676 677 677 677 676 676 676 675 675 675 676 676 676 677 677 677 678 678 678 679 679 679 678 678 678 677 677 677 678 678 678 679 679 679 680 680 680 681 681 681 680 680 680 679 679 679 680 680 680 681 681 681 682 682 682 347 347 347 682 682 682 681 681 681 682 682 682 347 347 347 642 642 642 643 643 643 642 642 642 347 347 347 683 683 683 684 684 684 685 685 685 686 686 686 685 685 685 684 684 684 685 685 685 686 686 686 687 687 687 688 688 688 687 687 687 686 686 686 687 687 687 688 688 688 689 689 689 690 690 690 689 689 689 688 688 688 689 689 689 690 690 690 691 691 691 692 692 692 691 691 691 690 690 690 691 691 691 692 692 692 693 693 693 694 694 694 693 693 693 692 692 692 693 693 693 694 694 694 695 695 695 395 395 395 695 695 695 694 694 694 695 695 695 395 395 395 696 696 696 697 697 697 696 696 696 395 395 395 696 696 696 697 697 697 698 698 698 699 699 699 698 698 698 697 697 697 698 698 698 699 699 699 700 700 700 383 383 383 700 700 700 699 699 699 700 700 700 383 383 383 701 701 701 702 702 702 701 701 701 383 383 383 701 701 701 702 702 702 703 703 703 704 704 704 703 703 703 702 702 702 703 703 703 704 704 704 705 705 705 706 706 706 705 705 705 704 704 704 705 705 705 706 706 706 707 707 707 708 708 708 707 707 707 706 706 706 707 707 707 708 708 708 709 709 709 393 393 393 709 709 709 708 708 708 709 709 709 393 393 393 710 710 710 711 711 711 710 710 710 393 393 393 710 710 710 711 711 711 712 712 712 713 713 713 712 712 712 711 711 711 712 712 712 713 713 713 714 714 714 715 715 715 714 714 714 713 713 713 714 714 714 715 715 715 716 716 716 717 717 717 716 716 716 715 715 715 716 716 716 717 717 717 718 718 718 719 719 719 718 718 718 717 717 717 718 718 718 719 719 719 720 720 720 721 721 721 720 720 720 719 719 719 720 720 720 721 721 721 722 722 722 391 391 391 722 722 722 721 721 721 722 722 722 391 391 391 723 723 723 724 724 724 723 723 723 391 391 391 723 723 723 724 724 724 725 725 725 726 726 726 725 725 725 724 724 724 725 725 725 726 726 726 683 683 683 684 684 684 683 683 683 726 726 726 727 727 727 728 728 728 729 729 729 365 365 365 729 729 729 728 728 728 729 729 729 365 365 365 730 730 730 365 365 365 363 363 363 730 730 730 730 730 730 363 363 363 731 731 731 732 732 732 731 731 731 363 363 363 731 731 731 732 732 732 733 733 733 368 368 368 733 733 733 732 732 732 733 733 733 368 368 368 734 734 734 367 367 367 734 734 734 368 368 368 734 734 734 367 367 367 735 735 735 369 369 369 735 735 735 367 367 367 735 735 735 369 369 369 736 736 736 737 737 737 736 736 736 369 369 369 736 736 736 737 737 737 738 738 738 739 739 739 738 738 738 737 737 737 738 738 738 739 739 739 740 740 740 741 741 741 740 740 740 739 739 739 740 740 740 741 741 741 742 742 742 743 743 743 742 742 742 741 741 741 742 742 742 743 743 743 744 744 744 745 745 745 744 744 744 743 743 743 744 744 744 745 745 745 746 746 746 747 747 747 746 746 746 745 745 745 746 746 746 747 747 747 748 748 748 353 353 353 748 748 748 747 747 747 748 748 748 353 353 353 749 749 749 350 350 350 749 749 749 353 353 353 749 749 749 350 350 350 750 750 750 349 349 349 750 750 750 350 350 350 750 750 750 349 349 349 751 751 751 752 752 752 751 751 751 349 349 349 751 751 751 752 752 752 753 753 753 362 362 362 753 753 753 752 752 752 753 753 753 362 362 362 754 754 754 359 359 359 754 754 754 362 362 362 754 754 754 359 359 359 755 755 755 756 756 756 755 755 755 359 359 359 755 755 755 756 756 756 727 727 727 728 728 728 727 727 727 756 756 756 757 757 757 758 758 758 759 759 759 760 760 760 759 759 759 758 758 758 759 759 759 760 760 760 761 761 761 762 762 762 761 761 761 760 760 760 761 761 761 762 762 762 763 763 763 281 281 281 763 763 763 762 762 762 763 763 763 281 281 281 764 764 764 765 765 765 764 764 764 281 281 281 764 764 764 765 765 765 766 766 766 767 767 767 766 766 766 765 765 765 766 766 766 767 767 767 768 768 768 769 769 769 768 768 768 767 767 767 768 768 768 769 769 769 770 770 770 771 771 771 770 770 770 769 769 769 770 770 770 771 771 771 772 772 772 773 773 773 772 772 772 771 771 771 772 772 772 773 773 773 774 774 774 775 775 775 774 774 774 773 773 773 774 774 774 775 775 775 776 776 776 275 275 275 776 776 776 775 775 775 776 776 776 275 275 275 777 777 777 778 778 778 777 777 777 275 275 275 777 777 777 778 778 778 779 779 779 780 780 780 779 779 779 778 778 778 779 779 779 780 780 780 781 781 781 782 782 782 781 781 781 780 780 780 781 781 781 782 782 782 783 783 783 784 784 784 783 783 783 782 782 782 783 783 783 784 784 784 785 785 785 786 786 786 785 785 785 784 784 784 785 785 785 786 786 786 787 787 787 788 788 788 787 787 787 786 786 786 787 787 787 788 788 788 789 789 789 290 290 290 789 789 789 788 788 788 789 789 789 290 290 290 790 790 790 791 791 791 790 790 790 290 290 290 790 790 790 791 791 791 792 792 792 793 793 793 792 792 792 791 791 791 792 792 792 793 793 793 794 794 794 795 795 795 794 794 794 793 793 793 794 794 794 795 795 795 796 796 796 797 797 797 796 796 796 795 795 795 796 796 796 797 797 797 798 798 798 291 291 291 798 798 798 797 797 797 798 798 798 291 291 291 799 799 799 800 800 800 799 799 799 291 291 291 799 799 799 800 800 800 757 757 757 758 758 758 757 757 757 800 800 800 801 801 801 802 802 802 803 803 803 804 804 804 803 803 803 802 802 802 803 803 803 804 804 804 805 805 805 806 806 806 805 805 805 804 804 804 805 805 805 806 806 806 531 531 531 807 807 807 531 531 531 806 806 806 531 531 531 807 807 807 808 808 808 809 809 809 808 808 808 807 807 807 808 808 808 809 809 809 810 810 810 811 811 811 810 810 810 809 809 809 810 810 810 811 811 811 812 812 812 813 813 813 812 812 812 811 811 811 812 812 812 813 813 813 814 814 814 815 815 815 814 814 814 813 813 813 814 814 814 815 815 815 537 537 537 816 816 816 537 537 537 815 815 815 537 537 537 816 816 816 817 817 817 818 818 818 817 817 817 816 816 816 817 817 817 818 818 818 819 819 819 820 820 820 819 819 819 818 818 818 819 819 819 820 820 820 821 821 821 822 822 822 821 821 821 820 820 820 821 821 821 822 822 822 823 823 823 824 824 824 823 823 823 822 822 822 823 823 823 824 824 824 825 825 825 826 826 826 825 825 825 824 824 824 825 825 825 826 826 826 827 827 827 828 828 828 827 827 827 826 826 826 827 827 827 828 828 828 829 829 829 830 830 830 829 829 829 828 828 828 829 829 829 830 830 830 831 831 831 832 832 832 831 831 831 830 830 830 831 831 831 832 832 832 833 833 833 834 834 834 833 833 833 832 832 832 833 833 833 834 834 834 835 835 835 836 836 836 835 835 835 834 834 834 835 835 835 836 836 836 837 837 837 838 838 838 837 837 837 836 836 836 837 837 837 838 838 838 839 839 839 840 840 840 839 839 839 838 838 838 839 839 839 840 840 840 841 841 841 842 842 842 841 841 841 840 840 840 841 841 841 842 842 842 843 843 843 844 844 844 843 843 843 842 842 842 843 843 843 844 844 844 845 845 845 846 846 846 845 845 845 844 844 844 845 845 845 846 846 846 801 801 801 802 802 802 801 801 801 846 846 846 847 847 847 848 848 848 849 849 849 850 850 850 849 849 849 848 848 848 849 849 849 850 850 850 851 851 851 852 852 852 851 851 851 850 850 850 851 851 851 852 852 852 853 853 853 854 854 854 853 853 853 852 852 852 853 853 853 854 854 854 855 855 855 434 434 434 855 855 855 854 854 854 855 855 855 434 434 434 856 856 856 857 857 857 856 856 856 434 434 434 856 856 856 857 857 857 858 858 858 859 859 859 858 858 858 857 857 857 858 858 858 859 859 859 860 860 860 861 861 861 860 860 860 859 859 859 860 860 860 861 861 861 862 862 862 863 863 863 862 862 862 861 861 861 862 862 862 863 863 863 864 864 864 428 428 428 864 864 864 863 863 863 864 864 864 428 428 428 865 865 865 866 866 866 865 865 865 428 428 428 865 865 865 866 866 866 867 867 867 868 868 868 867 867 867 866 866 866 867 867 867 868 868 868 869 869 869 870 870 870 869 869 869 868 868 868 869 869 869 870 870 870 871 871 871 872 872 872 871 871 871 870 870 870 871 871 871 872 872 872 873 873 873 426 426 426 873 873 873 872 872 872 873 873 873 426 426 426 874 874 874 875 875 875 874 874 874 426 426 426 874 874 874 875 875 875 876 876 876 877 877 877 876 876 876 875 875 875 876 876 876 877 877 877 575 575 575 878 878 878 575 575 575 877 877 877 575 575 575 878 878 878 879 879 879 880 880 880 879 879 879 878 878 878 879 879 879 880 880 880 881 881 881 882 882 882 881 881 881 880 880 880 881 881 881 882 882 882 576 576 576 423 423 423 576 576 576 882 882 882 576 576 576 423 423 423 883 883 883 420 420 420 883 883 883 423 423 423 883 883 883 420 420 420 884 884 884 885 885 885 884 884 884 420 420 420 884 884 884 885 885 885 886 886 886 887 887 887 886 886 886 885 885 885 886 886 886 887 887 887 847 847 847 848 848 848 847 847 847 887 887 887 888 888 888 889 889 889 890 890 890 891 891 891 890 890 890 889 889 889 890 890 890 891 891 891 892 892 892 294 294 294 892 892 892 891 891 891 892 892 892 294 294 294 893 893 893 894 894 894 893 893 893 294 294 294 893 893 893 894 894 894 895 895 895 896 896 896 895 895 895 894 894 894 895 895 895 896 896 896 897 897 897 898 898 898 897 897 897 896 896 896 897 897 897 898 898 898 562 562 562 899 899 899 562 562 562 898 898 898 562 562 562 899 899 899 900 900 900 901 901 901 900 900 900 899 899 899 900 900 900 901 901 901 902 902 902 903 903 903 902 902 902 901 901 901 902 902 902 903 903 903 904 904 904 905 905 905 904 904 904 903 903 903 904 904 904 905 905 905 906 906 906 907 907 907 906 906 906 905 905 905 906 906 906 907 907 907 908 908 908 909 909 909 908 908 908 907 907 907 908 908 908 909 909 909 910 910 910 911 911 911 910 910 910 909 909 909 910 910 910 911 911 911 912 912 912 913 913 913 912 912 912 911 911 911 912 912 912 913 913 913 914 914 914 915 915 915 914 914 914 913 913 913 914 914 914 915 915 915 916 916 916 917 917 917 916 916 916 915 915 915 916 916 916 917 917 917 918 918 918 919 919 919 918 918 918 917 917 917 918 918 918 919 919 919 920 920 920 921 921 921 920 920 920 919 919 919 920 920 920 921 921 921 922 922 922 923 923 923 922 922 922 921 921 921 922 922 922 923 923 923 924 924 924 925 925 925 924 924 924 923 923 923 924 924 924 925 925 925 926 926 926 927 927 927 926 926 926 925 925 925 926 926 926 927 927 927 559 559 559 928 928 928 559 559 559 927 927 927 559 559 559 928 928 928 929 929 929 930 930 930 929 929 929 928 928 928 929 929 929 930 930 930 931 931 931 932 932 932 931 931 931 930 930 930 931 931 931 932 932 932 888 888 888 889 889 889 888 888 888 932 932 932 933 933 933 934 934 934 935 935 935 934 934 934 933 933 933 936 936 936 937 937 937 936 936 936 933 933 933 936 936 936 937 937 937 938 938 938 939 939 939 938 938 938 937 937 937 938 938 938 939 939 939 940 940 940 941 941 941 940 940 940 939 939 939 940 940 940 941 941 941 942 942 942 943 943 943 942 942 942 941 941 941 942 942 942 943 943 943 944 944 944 945 945 945 944 944 944 943 943 943 944 944 944 945 945 945 946 946 946 947 947 947 946 946 946 945 945 945 946 946 946 947 947 947 948 948 948 949 949 949 948 948 948 947 947 947 948 948 948 949 949 949 950 950 950 951 951 951 950 950 950 949 949 949 950 950 950 951 951 951 952 952 952 953 953 953 952 952 952 951 951 951 952 952 952 953 953 953 954 954 954 955 955 955 954 954 954 953 953 953 956 956 956 954 954 954 955 955 955 957 957 957 958 958 958 959 959 959 960 960 960 959 959 959 958 958 958 961 961 961 950 950 950 940 940 940 960 960 960 962 962 962 959 959 959 936 936 936 959 959 959 962 962 962 959 959 959 936 936 936 938 938 938 950 950 950 952 952 952 940 940 940 959 959 959 940 940 940 952 952 952 938 938 938 940 940 940 959 959 959 963 963 963 217 217 217 964 964 964 220 220 220 965 965 965 218 218 218 966 966 966 218 218 218 965 965 965 218 218 218 966 966 966 219 219 219 967 967 967 219 219 219 966 966 966 219 219 219 967 967 967 221 221 221 968 968 968 221 221 221 967 967 967 221 221 221 968 968 968 222 222 222 969 969 969 222 222 222 968 968 968 222 222 222 969 969 969 970 970 970 971 971 971 970 970 970 969 969 969 970 970 970 971 971 971 972 972 972 973 973 973 972 972 972 971 971 971 972 972 972 973 973 973 974 974 974 975 975 975 974 974 974 973 973 973 974 974 974 975 975 975 976 976 976 977 977 977 976 976 976 975 975 975 976 976 976 977 977 977 978 978 978 979 979 979 978 978 978 977 977 977 978 978 978 979 979 979 964 964 964 980 980 980 964 964 964 979 979 979 964 964 964 980 980 980 963 963 963 981 981 981 963 963 963 980 980 980 963 963 963 981 981 981 982 982 982 983 983 983 982 982 982 981 981 981 982 982 982 983 983 983 984 984 984 984 984 984 983 983 983 985 985 985 986 986 986 985 985 985 983 983 983 985 985 985 986 986 986 987 987 987 988 988 988 987 987 987 986 986 986 987 987 987 988 988 988 989 989 989 990 990 990 989 989 989 988 988 988 989 989 989 990 990 990 991 991 991 992 992 992 991 991 991 990 990 990 991 991 991 992 992 992 993 993 993 994 994 994 993 993 993 992 992 992 993 993 993 994 994 994 995 995 995 996 996 996 995 995 995 994 994 994 997 997 997 995 995 995 996 996 996 995 995 995 997 997 997 998 998 998 220 220 220 212 212 212 965 965 965 998 998 998 965 965 965 212 212 212 965 965 965 998 998 998 997 997 997 999 999 999 1000 1000 1000 1001 1001 1001 1000 1000 1000 999 999 999 1002 1002 1002 1003 1003 1003 1002 1002 1002 999 999 999 1002 1002 1002 1003 1003 1003 1004 1004 1004 1005 1005 1005 1004 1004 1004 1003 1003 1003 1004 1004 1004 1005 1005 1005 1006 1006 1006 1007 1007 1007 1006 1006 1006 1005 1005 1005 1006 1006 1006 1007 1007 1007 1008 1008 1008 1009 1009 1009 1008 1008 1008 1007 1007 1007 1008 1008 1008 1009 1009 1009 1010 1010 1010 1011 1011 1011 1010 1010 1010 1009 1009 1009 1010 1010 1010 1011 1011 1011 1012 1012 1012 1013 1013 1013 1012 1012 1012 1011 1011 1011 1012 1012 1012 1013 1013 1013 1014 1014 1014 1015 1015 1015 1014 1014 1014 1013 1013 1013 1014 1014 1014 1015 1015 1015 1016 1016 1016 1017 1017 1017 1016 1016 1016 1015 1015 1015 1016 1016 1016 1017 1017 1017 1018 1018 1018 1019 1019 1019 1018 1018 1018 1017 1017 1017 1018 1018 1018 1019 1019 1019 1020 1020 1020 1021 1021 1021 1020 1020 1020 1019 1019 1019 1022 1022 1022 1020 1020 1020 1021 1021 1021 1023 1023 1023 1024 1024 1024 1025 1025 1025 1026 1026 1026 1025 1025 1025 1024 1024 1024 1027 1027 1027 1016 1016 1016 1006 1006 1006 1026 1026 1026 1028 1028 1028 1025 1025 1025 1002 1002 1002 1025 1025 1025 1028 1028 1028 1025 1025 1025 1002 1002 1002 1004 1004 1004 1016 1016 1016 1018 1018 1018 1006 1006 1006 1025 1025 1025 1006 1006 1006 1018 1018 1018 1004 1004 1004 1006 1006 1006 1025 1025 1025 1029 1029 1029 1030 1030 1030 1031 1031 1031 1030 1030 1030 1029 1029 1029 1032 1032 1032 1033 1033 1033 1032 1032 1032 1029 1029 1029 1032 1032 1032 1033 1033 1033 1034 1034 1034 1035 1035 1035 1034 1034 1034 1033 1033 1033 1034 1034 1034 1035 1035 1035 1036 1036 1036 1037 1037 1037 1036 1036 1036 1035 1035 1035 1036 1036 1036 1037 1037 1037 1038 1038 1038 1039 1039 1039 1038 1038 1038 1037 1037 1037 1038 1038 1038 1039 1039 1039 1040 1040 1040 1041 1041 1041 1040 1040 1040 1039 1039 1039 1040 1040 1040 1041 1041 1041 1042 1042 1042 1043 1043 1043 1042 1042 1042 1041 1041 1041 1042 1042 1042 1043 1043 1043 1044 1044 1044 1045 1045 1045 1044 1044 1044 1043 1043 1043 1044 1044 1044 1045 1045 1045 1046 1046 1046 1047 1047 1047 1046 1046 1046 1045 1045 1045 1046 1046 1046 1047 1047 1047 1048 1048 1048 1049 1049 1049 1048 1048 1048 1047 1047 1047 1048 1048 1048 1049 1049 1049 1050 1050 1050 1051 1051 1051 1050 1050 1050 1049 1049 1049 1052 1052 1052 1050 1050 1050 1051 1051 1051 1053 1053 1053 1054 1054 1054 1055 1055 1055 1054 1054 1054 1053 1053 1053 1056 1056 1056 1057 1057 1057 1056 1056 1056 1053 1053 1053 1056 1056 1056 1057 1057 1057 1058 1058 1058 1059 1059 1059 1058 1058 1058 1057 1057 1057 1058 1058 1058 1059 1059 1059 1060 1060 1060 1061 1061 1061 1060 1060 1060 1059 1059 1059 1060 1060 1060 1061 1061 1061 1062 1062 1062 1063 1063 1063 1062 1062 1062 1061 1061 1061 1062 1062 1062 1063 1063 1063 1064 1064 1064 1065 1065 1065 1064 1064 1064 1063 1063 1063 1064 1064 1064 1065 1065 1065 1066 1066 1066 1067 1067 1067 1066 1066 1066 1065 1065 1065 1066 1066 1066 1067 1067 1067 1068 1068 1068 1069 1069 1069 1068 1068 1068 1067 1067 1067 1068 1068 1068 1069 1069 1069 1070 1070 1070 1071 1071 1071 1070 1070 1070 1069 1069 1069 1070 1070 1070 1071 1071 1071 1072 1072 1072 1073 1073 1073 1072 1072 1072 1071 1071 1071 1072 1072 1072 1073 1073 1073 1074 1074 1074 1075 1075 1075 1074 1074 1074 1073 1073 1073 1076 1076 1076 1074 1074 1074 1075 1075 1075 1032 1032 1032 1034 1034 1034 1077 1077 1077 1078 1078 1078 1079 1079 1079 1077 1077 1077 1080 1080 1080 1077 1077 1077 1079 1079 1079 1081 1081 1081 1077 1077 1077 1080 1080 1080 1077 1077 1077 1081 1081 1081 1032 1032 1032 1034 1034 1034 1036 1036 1036 1077 1077 1077 1082 1082 1082 1077 1077 1077 1036 1036 1036 1082 1082 1082 1042 1042 1042 1077 1077 1077 1077 1077 1077 1042 1042 1042 1083 1083 1083 1084 1084 1084 1085 1085 1085 1086 1086 1086 1087 1087 1087 1086 1086 1086 1085 1085 1085 1086 1086 1086 1087 1087 1087 1056 1056 1056 1056 1056 1056 1058 1058 1058 1086 1086 1086 1060 1060 1060 1086 1086 1086 1058 1058 1058 1086 1086 1086 1060 1060 1060 1062 1062 1062 1062 1062 1062 1088 1088 1088 1086 1086 1086 1086 1086 1086 1088 1088 1088 1068 1068 1068 1089 1089 1089 1086 1086 1086 1068 1068 1068 1090 1090 1090 484 484 484 1091 1091 1091 1092 1092 1092 1093 1093 1093 1094 1094 1094 1095 1095 1095 1094 1094 1094 1093 1093 1093 1094 1094 1094 1095 1095 1095 1096 1096 1096 1097 1097 1097 1096 1096 1096 1095 1095 1095 1096 1096 1096 1097 1097 1097 477 477 477 1098 1098 1098 477 477 477 1097 1097 1097 477 477 477 1098 1098 1098 487 487 487 1099 1099 1099 487 487 487 1098 1098 1098 487 487 487 1099 1099 1099 486 486 486 1100 1100 1100 486 486 486 1099 1099 1099 486 486 486 1100 1100 1100 485 485 485 1101 1101 1101 485 485 485 1100 1100 1100 485 485 485 1101 1101 1101 481 481 481 1102 1102 1102 481 481 481 1101 1101 1101 481 481 481 1102 1102 1102 1103 1103 1103 1104 1104 1104 1103 1103 1103 1102 1102 1102 1103 1103 1103 1104 1104 1104 1105 1105 1105 1106 1106 1106 1105 1105 1105 1104 1104 1104 1105 1105 1105 1106 1106 1106 1091 1091 1091 1107 1107 1107 1091 1091 1091 1106 1106 1106 1091 1091 1091 1107 1107 1107 1090 1090 1090 1108 1108 1108 1090 1090 1090 1107 1107 1107 1090 1090 1090 1108 1108 1108 1109 1109 1109 1110 1110 1110 1109 1109 1109 1108 1108 1108 1109 1109 1109 1110 1110 1110 1111 1111 1111 1111 1111 1111 1110 1110 1110 1112 1112 1112 1113 1113 1113 1112 1112 1112 1110 1110 1110 1112 1112 1112 1113 1113 1113 1114 1114 1114 1115 1115 1115 1114 1114 1114 1113 1113 1113 1116 1116 1116 1114 1114 1114 1115 1115 1115 1114 1114 1114 1116 1116 1116 1117 1117 1117 1118 1118 1118 1117 1117 1117 1116 1116 1116 1117 1117 1117 1118 1118 1118 1119 1119 1119 1120 1120 1120 1119 1119 1119 1118 1118 1118 1119 1119 1119 1120 1120 1120 1121 1121 1121 1122 1122 1122 1121 1121 1121 1120 1120 1120 1121 1121 1121 1122 1122 1122 1123 1123 1123 1124 1124 1124 1123 1123 1123 1122 1122 1122 1123 1123 1123 1124 1124 1124 1125 1125 1125 1092 1092 1092 483 483 483 1093 1093 1093 1125 1125 1125 1093 1093 1093 483 483 483 1093 1093 1093 1125 1125 1125 1124 1124 1124 1126 1126 1126 464 464 464 1127 1127 1127 467 467 467 1128 1128 1128 465 465 465 1129 1129 1129 465 465 465 1128 1128 1128 465 465 465 1129 1129 1129 466 466 466 1130 1130 1130 466 466 466 1129 1129 1129 466 466 466 1130 1130 1130 468 468 468 1131 1131 1131 468 468 468 1130 1130 1130 468 468 468 1131 1131 1131 469 469 469 1132 1132 1132 469 469 469 1131 1131 1131 469 469 469 1132 1132 1132 1133 1133 1133 1134 1134 1134 1133 1133 1133 1132 1132 1132 1133 1133 1133 1134 1134 1134 1135 1135 1135 1136 1136 1136 1135 1135 1135 1134 1134 1134 1135 1135 1135 1136 1136 1136 1137 1137 1137 1138 1138 1138 1137 1137 1137 1136 1136 1136 1137 1137 1137 1138 1138 1138 1139 1139 1139 1140 1140 1140 1139 1139 1139 1138 1138 1138 1139 1139 1139 1140 1140 1140 1141 1141 1141 1142 1142 1142 1141 1141 1141 1140 1140 1140 1141 1141 1141 1142 1142 1142 1127 1127 1127 1143 1143 1143 1127 1127 1127 1142 1142 1142 1127 1127 1127 1143 1143 1143 1126 1126 1126 1144 1144 1144 1126 1126 1126 1143 1143 1143 1126 1126 1126 1144 1144 1144 1145 1145 1145 1146 1146 1146 1145 1145 1145 1144 1144 1144 1145 1145 1145 1146 1146 1146 1147 1147 1147 1147 1147 1147 1146 1146 1146 1148 1148 1148 1149 1149 1149 1148 1148 1148 1146 1146 1146 1148 1148 1148 1149 1149 1149 1150 1150 1150 1151 1151 1151 1150 1150 1150 1149 1149 1149 1150 1150 1150 1151 1151 1151 1152 1152 1152 1153 1153 1153 1152 1152 1152 1151 1151 1151 1152 1152 1152 1153 1153 1153 1154 1154 1154 1155 1155 1155 1154 1154 1154 1153 1153 1153 1154 1154 1154 1155 1155 1155 1156 1156 1156 1157 1157 1157 1156 1156 1156 1155 1155 1155 1156 1156 1156 1157 1157 1157 1158 1158 1158 1159 1159 1159 1158 1158 1158 1157 1157 1157 1160 1160 1160 1158 1158 1158 1159 1159 1159 1158 1158 1158 1160 1160 1160 1161 1161 1161 467 467 467 462 462 462 1128 1128 1128 1161 1161 1161 1128 1128 1128 462 462 462 1128 1128 1128 1161 1161 1161 1160 1160 1160 1162 1162 1162 501 501 501 1163 1163 1163 1164 1164 1164 1165 1165 1165 1166 1166 1166 1167 1167 1167 1166 1166 1166 1165 1165 1165 1166 1166 1166 1167 1167 1167 1168 1168 1168 1169 1169 1169 1168 1168 1168 1167 1167 1167 1168 1168 1168 1169 1169 1169 500 500 500 1170 1170 1170 500 500 500 1169 1169 1169 500 500 500 1170 1170 1170 506 506 506 1171 1171 1171 506 506 506 1170 1170 1170 506 506 506 1171 1171 1171 507 507 507 1172 1172 1172 507 507 507 1171 1171 1171 507 507 507 1172 1172 1172 502 502 502 1173 1173 1173 502 502 502 1172 1172 1172 502 502 502 1173 1173 1173 493 493 493 1174 1174 1174 493 493 493 1173 1173 1173 493 493 493 1174 1174 1174 1175 1175 1175 1176 1176 1176 1175 1175 1175 1174 1174 1174 1175 1175 1175 1176 1176 1176 1177 1177 1177 1178 1178 1178 1177 1177 1177 1176 1176 1176 1177 1177 1177 1178 1178 1178 1163 1163 1163 1179 1179 1179 1163 1163 1163 1178 1178 1178 1163 1163 1163 1179 1179 1179 1162 1162 1162 1180 1180 1180 1162 1162 1162 1179 1179 1179 1162 1162 1162 1180 1180 1180 1181 1181 1181 1182 1182 1182 1181 1181 1181 1180 1180 1180 1181 1181 1181 1182 1182 1182 1183 1183 1183 1184 1184 1184 1183 1183 1183 1182 1182 1182 1183 1183 1183 1184 1184 1184 1185 1185 1185 1186 1186 1186 1185 1185 1185 1184 1184 1184 1185 1185 1185 1186 1186 1186 1187 1187 1187 1188 1188 1188 1187 1187 1187 1186 1186 1186 1187 1187 1187 1188 1188 1188 1189 1189 1189 1190 1190 1190 1189 1189 1189 1188 1188 1188 1189 1189 1189 1190 1190 1190 1191 1191 1191 1191 1191 1191 1190 1190 1190 1192 1192 1192 1193 1193 1193 1192 1192 1192 1190 1190 1190 1192 1192 1192 1193 1193 1193 1194 1194 1194 1195 1195 1195 1194 1194 1194 1193 1193 1193 1196 1196 1196 1194 1194 1194 1195 1195 1195 1194 1194 1194 1196 1196 1196 1197 1197 1197 1164 1164 1164 492 492 492 1165 1165 1165 1197 1197 1197 1165 1165 1165 492 492 492 1165 1165 1165 1197 1197 1197 1196 1196 1196 1198 1198 1198 1199 1199 1199 1200 1200 1200 1201 1201 1201 1202 1202 1202 1203 1203 1203 1079 1079 1079 1203 1203 1203 1202 1202 1202 1204 1204 1204 1078 1078 1078 1205 1205 1205 1206 1206 1206 1207 1207 1207 1208 1208 1208 1208 1208 1208 1207 1207 1207 1209 1209 1209 1210 1210 1210 1211 1211 1211 1212 1212 1212 1213 1213 1213 1212 1212 1212 1211 1211 1211 1200 1200 1200 1024 1024 1024 1198 1198 1198 1023 1023 1023 1198 1198 1198 1024 1024 1024 1198 1198 1198 1023 1023 1023 1210 1210 1210 1214 1214 1214 1210 1210 1210 1023 1023 1023 1210 1210 1210 1214 1214 1214 1211 1211 1211 1215 1215 1215 1216 1216 1216 1217 1217 1217 958 958 958 1217 1217 1217 1216 1216 1216 1217 1217 1217 958 958 958 957 957 957 1209 1209 1209 1218 1218 1218 1208 1208 1208 1219 1219 1219 1208 1208 1208 1218 1218 1218 1208 1208 1208 1219 1219 1219 1211 1211 1211 1220 1220 1220 1211 1211 1211 1219 1219 1219 1211 1211 1211 1220 1220 1220 1213 1213 1213 1221 1221 1221 957 957 957 1222 1222 1222 957 957 957 1221 1221 1221 1217 1217 1217 1203 1203 1203 1217 1217 1217 1221 1221 1221 1217 1217 1217 1203 1203 1203 1078 1078 1078 1079 1079 1079 1078 1078 1078 1203 1203 1203 1217 1217 1217 1223 1223 1223 1224 1224 1224 1225 1225 1225 1224 1224 1224 1223 1223 1223 1224 1224 1224 1225 1225 1225 1206 1206 1206 1226 1226 1226 1224 1224 1224 1086 1086 1086 1206 1206 1206 1086 1086 1086 1224 1224 1224 1086 1086 1086 1206 1206 1206 1084 1084 1084 1084 1084 1084 1206 1206 1206 1227 1227 1227 1208 1208 1208 1227 1227 1227 1206 1206 1206 1228 1228 1228 1229 1229 1229 1204 1204 1204 1230 1230 1230 1204 1204 1204 1229 1229 1229 1204 1204 1204 1230 1230 1230 1231 1231 1231 1232 1232 1232 1204 1204 1204 1231 1231 1231 1204 1204 1204 1232 1232 1232 1078 1078 1078 1078 1078 1078 1232 1232 1232 1217 1217 1217 1223 1223 1223 1217 1217 1217 1232 1232 1232 1210 1210 1210 1233 1233 1233 1198 1198 1198 1234 1234 1234 1198 1198 1198 1233 1233 1233 1198 1198 1198 1234 1234 1234 1204 1204 1204 1235 1235 1235 1204 1204 1204 1234 1234 1234 1204 1204 1204 1235 1235 1235 1228 1228 1228 1236 1236 1236 1237 1237 1237 128 128 128 1238 1238 1238 246 246 246 1239 1239 1239 246 246 246 1238 1238 1238 300 300 300 126 126 126 1240 1240 1240 1241 1241 1241 1242 1242 1242 300 300 300 1243 1243 1243 1238 1238 1238 1243 1243 1243 300 300 300 1243 1243 1243 1238 1238 1238 1241 1241 1241 1236 1236 1236 1241 1241 1241 1238 1238 1238 1241 1241 1241 1236 1236 1236 126 126 126 128 128 128 126 126 126 1236 1236 1236 1244 1244 1244 1245 1245 1245 60 60 60 1246 1246 1246 437 437 437 1247 1247 1247 438 438 438 1247 1247 1247 437 437 437 89 89 89 1248 1248 1248 1249 1249 1249 1250 1250 1250 437 437 437 1251 1251 1251 1246 1246 1246 1251 1251 1251 437 437 437 1251 1251 1251 1246 1246 1246 1249 1249 1249 1244 1244 1244 1249 1249 1249 1246 1246 1246 1249 1249 1249 1244 1244 1244 89 89 89 60 60 60 89 89 89 1244 1244 1244 1252 1252 1252 1253 1253 1253 30 30 30 1254 1254 1254 440 440 440 1255 1255 1255 1255 1255 1255 440 440 440 441 441 441 35 35 35 1256 1256 1256 1257 1257 1257 1258 1258 1258 440 440 440 1259 1259 1259 1254 1254 1254 1259 1259 1259 440 440 440 1259 1259 1259 1254 1254 1254 1257 1257 1257 1252 1252 1252 1257 1257 1257 1254 1254 1254 1257 1257 1257 1252 1252 1252 35 35 35 30 30 30 35 35 35 1252 1252 1252 45 45 45 1260 1260 1260 43 43 43 1261 1261 1261 43 43 43 1260 1260 1260 414 414 414 1262 1262 1262 249 249 249 1263 1263 1263 249 249 249 1262 1262 1262 1264 1264 1264 249 249 249 1265 1265 1265 1263 1263 1263 1265 1265 1265 249 249 249 1265 1265 1265 1263 1263 1263 1261 1261 1261 1266 1266 1266 1261 1261 1261 1263 1263 1263 1261 1261 1261 1266 1266 1266 43 43 43 1267 1267 1267 43 43 43 1266 1266 1266 1268 1268 1268 1269 1269 1269 25 25 25 439 439 439 1270 1270 1270 244 244 244 1271 1271 1271 244 244 244 1270 1270 1270 27 27 27 1272 1272 1272 1273 1273 1273 1274 1274 1274 244 244 244 1275 1275 1275 1271 1271 1271 1275 1275 1275 244 244 244 1275 1275 1275 1271 1271 1271 1273 1273 1273 1268 1268 1268 1273 1273 1273 1271 1271 1271 1273 1273 1273 1268 1268 1268 27 27 27 25 25 25 27 27 27 1268 1268 1268 10 10 10 1276 1276 1276 8 8 8 1277 1277 1277 8 8 8 1276 1276 1276 389 389 389 1278 1278 1278 233 233 233 1279 1279 1279 233 233 233 1278 1278 1278 1280 1280 1280 233 233 233 1281 1281 1281 1279 1279 1279 1281 1281 1281 233 233 233 1281 1281 1281 1279 1279 1279 1277 1277 1277 1282 1282 1282 1277 1277 1277 1279 1279 1279 1277 1277 1277 1282 1282 1282 8 8 8 1283 1283 1283 8 8 8 1282 1282 1282 1255 1255 1255 443 443 443 478 478 478 443 443 443 1255 1255 1255 441 441 441 184 184 184 440 440 440 1258 1258 1258 440 440 440 184 184 184 185 185 185 233 233 233 1280 1280 1280 447 447 447 480 480 480 447 447 447 1280 1280 1280 1278 1278 1278 262 262 262 473 473 473 262 262 262 1278 1278 1278 389 389 389 1284 1284 1284 1285 1285 1285 137 137 137 1286 1286 1286 256 256 256 1287 1287 1287 256 256 256 1286 1286 1286 231 231 231 151 151 151 1288 1288 1288 1289 1289 1289 1290 1290 1290 231 231 231 1291 1291 1291 1286 1286 1286 1291 1291 1291 231 231 231 1291 1291 1291 1286 1286 1286 1289 1289 1289 1284 1284 1284 1289 1289 1289 1286 1286 1286 1289 1289 1289 1284 1284 1284 151 151 151 137 137 137 151 151 151 1284 1284 1284 231 231 231 1290 1290 1290 190 190 190 191 191 191 190 190 190 1290 1290 1290 404 404 404 463 463 463 256 256 256 1287 1287 1287 256 256 256 463 463 463 1292 1292 1292 1293 1293 1293 92 92 92 1294 1294 1294 409 409 409 1295 1295 1295 409 409 409 1294 1294 1294 406 406 406 94 94 94 1296 1296 1296 1297 1297 1297 1298 1298 1298 406 406 406 1299 1299 1299 1294 1294 1294 1299 1299 1299 406 406 406 1299 1299 1299 1294 1294 1294 1297 1297 1297 1292 1292 1292 1297 1297 1297 1294 1294 1294 1297 1297 1297 1292 1292 1292 94 94 94 92 92 92 94 94 94 1292 1292 1292 1295 1295 1295 304 304 304 451 451 451 304 304 304 1295 1295 1295 409 409 409 452 452 452 406 406 406 1298 1298 1298 406 406 406 452 452 452 407 407 407 1300 1300 1300 1301 1301 1301 1225 1225 1225 1302 1302 1302 1225 1225 1225 1301 1301 1301 1225 1225 1225 1302 1302 1302 1206 1206 1206 1303 1303 1303 1206 1206 1206 1302 1302 1302 1206 1206 1206 1303 1303 1303 1304 1304 1304 1305 1305 1305 1304 1304 1304 1303 1303 1303 1304 1304 1304 1305 1305 1305 1306 1306 1306 1307 1307 1307 1306 1306 1306 1305 1305 1305 1306 1306 1306 1307 1307 1307 1207 1207 1207 1308 1308 1308 1207 1207 1207 1307 1307 1307 1207 1207 1207 1308 1308 1308 1209 1209 1209 1309 1309 1309 1209 1209 1209 1308 1308 1308 1209 1209 1209 1309 1309 1309 1218 1218 1218 1310 1310 1310 1218 1218 1218 1309 1309 1309 1218 1218 1218 1310 1310 1310 1219 1219 1219 1311 1311 1311 1219 1219 1219 1310 1310 1310 1219 1219 1219 1311 1311 1311 1220 1220 1220 1312 1312 1312 1220 1220 1220 1311 1311 1311 1220 1220 1220 1312 1312 1312 1213 1213 1213 1313 1313 1313 1213 1213 1213 1312 1312 1312 1213 1213 1213 1313 1313 1313 1212 1212 1212 1314 1314 1314 1212 1212 1212 1313 1313 1313 1212 1212 1212 1314 1314 1314 1210 1210 1210 1315 1315 1315 1210 1210 1210 1314 1314 1314 1210 1210 1210 1315 1315 1315 1233 1233 1233 1316 1316 1316 1233 1233 1233 1315 1315 1315 1233 1233 1233 1316 1316 1316 1234 1234 1234 1317 1317 1317 1234 1234 1234 1316 1316 1316 1234 1234 1234 1317 1317 1317 1235 1235 1235 1318 1318 1318 1235 1235 1235 1317 1317 1317 1235 1235 1235 1318 1318 1318 1228 1228 1228 1319 1319 1319 1228 1228 1228 1318 1318 1318 1228 1228 1228 1319 1319 1319 1229 1229 1229 1320 1320 1320 1229 1229 1229 1319 1319 1319 1229 1229 1229 1320 1320 1320 1230 1230 1230 1321 1321 1321 1230 1230 1230 1320 1320 1320 1230 1230 1230 1321 1321 1321 1231 1231 1231 1322 1322 1322 1231 1231 1231 1321 1321 1321 1231 1231 1231 1322 1322 1322 1323 1323 1323 1324 1324 1324 1323 1323 1323 1322 1322 1322 1323 1323 1323 1324 1324 1324 1325 1325 1325 1326 1326 1326 1325 1325 1325 1324 1324 1324 1325 1325 1325 1326 1326 1326 1232 1232 1232 1327 1327 1327 1232 1232 1232 1326 1326 1326 1232 1232 1232 1327 1327 1327 1328 1328 1328 1329 1329 1329 1328 1328 1328 1327 1327 1327 1328 1328 1328 1329 1329 1329 1300 1300 1300 1301 1301 1301 1300 1300 1300 1329 1329 1329 189 189 189 147 147 147 145 145 145 189 189 189 145 145 145 270 270 270 144 144 144 270 270 270 145 145 145 270 270 270 144 144 144 271 271 271 24 24 24 271 271 271 144 144 144 271 271 271 24 24 24 272 272 272 23 23 23 272 272 272 24 24 24 272 272 272 23 23 23 265 265 265 22 22 22 265 265 265 23 23 23 265 265 265 22 22 22 266 266 266 15 15 15 266 266 266 22 22 22 266 266 266 15 15 15 268 268 268 200 200 200 122 122 122 154 154 154 200 200 200 154 154 154 309 309 309 153 153 153 309 309 309 154 154 154 309 309 309 153 153 153 313 313 313 152 152 152 313 313 313 153 153 153 313 313 313 152 152 152 314 314 314 159 159 159 314 314 314 152 152 152 314 314 314 159 159 159 312 312 312 143 143 143 312 312 312 159 159 159 312 312 312 143 143 143 311 311 311 142 142 142 311 311 311 143 143 143 311 311 311 142 142 142 307 307 307 183 183 183 55 55 55 57 57 57 183 183 183 57 57 57 284 284 284 58 58 58 284 284 284 57 57 57 284 284 284 58 58 58 286 286 286 51 51 51 286 286 286 58 58 58 286 286 286 51 51 51 287 287 287 50 50 50 287 287 287 51 51 51 287 287 287 50 50 50 288 288 288 48 48 48 288 288 288 50 50 50 288 288 288 48 48 48 293 293 293 47 47 47 293 293 293 48 48 48 293 293 293 47 47 47 292 292 292 181 181 181 85 85 85 83 83 83 181 181 181 83 83 83 416 416 416 111 111 111 416 416 416 83 83 83 416 416 416 111 111 111 418 418 418 110 110 110 418 418 418 111 111 111 418 418 418 110 110 110 432 432 432 99 99 99 432 432 432 110 110 110 432 432 432 99 99 99 433 433 433 100 100 100 433 433 433 99 99 99 433 433 433 100 100 100 435 435 435 101 101 101 435 435 435 100 100 100 435 435 435 101 101 101 431 431 431 1319 1319 1319 1330 1330 1330 1320 1320 1320 1331 1331 1331 1320 1320 1320 1330 1330 1330 1320 1320 1320 1331 1331 1331 1321 1321 1321 1332 1332 1332 1321 1321 1321 1331 1331 1331 1321 1321 1321 1332 1332 1332 1322 1322 1322 1333 1333 1333 1322 1322 1322 1332 1332 1332 1322 1322 1322 1333 1333 1333 1324 1324 1324 1334 1334 1334 1324 1324 1324 1333 1333 1333 1324 1324 1324 1334 1334 1334 1326 1326 1326 1334 1334 1334 1335 1335 1335 1326 1326 1326 1336 1336 1336 1326 1326 1326 1335 1335 1335 1326 1326 1326 1336 1336 1336 1327 1327 1327 1337 1337 1337 1327 1327 1327 1336 1336 1336 1327 1327 1327 1337 1337 1337 1329 1329 1329 1338 1338 1338 1329 1329 1329 1337 1337 1337 1329 1329 1329 1338 1338 1338 1301 1301 1301 1339 1339 1339 1301 1301 1301 1338 1338 1338 1301 1301 1301 1339 1339 1339 1302 1302 1302 1340 1340 1340 1302 1302 1302 1339 1339 1339 1302 1302 1302 1340 1340 1340 1303 1303 1303 1310 1310 1310 1341 1341 1341 1311 1311 1311 1342 1342 1342 1311 1311 1311 1341 1341 1341 1311 1311 1311 1342 1342 1342 1312 1312 1312 1343 1343 1343 1312 1312 1312 1342 1342 1342 1312 1312 1312 1343 1343 1343 1313 1313 1313 1344 1344 1344 1313 1313 1313 1343 1343 1343 1313 1313 1313 1344 1344 1344 1314 1314 1314 1345 1345 1345 1314 1314 1314 1344 1344 1344 1314 1314 1314 1345 1345 1345 1315 1315 1315 1345 1345 1345 1346 1346 1346 1315 1315 1315 1347 1347 1347 1315 1315 1315 1346 1346 1346 1315 1315 1315 1347 1347 1347 1316 1316 1316 1348 1348 1348 1316 1316 1316 1347 1347 1347 1316 1316 1316 1348 1348 1348 1317 1317 1317 1349 1349 1349 1317 1317 1317 1348 1348 1348 1317 1317 1317 1349 1349 1349 1318 1318 1318 1350 1350 1350 1318 1318 1318 1349 1349 1349 1318 1318 1318 1350 1350 1350 1319 1319 1319 1351 1351 1351 1319 1319 1319 1350 1350 1350 1319 1319 1319 1351 1351 1351 1330 1330 1330 1340 1340 1340 1352 1352 1352 1303 1303 1303 1353 1353 1353 1303 1303 1303 1352 1352 1352 1303 1303 1303 1353 1353 1353 1305 1305 1305 1354 1354 1354 1305 1305 1305 1353 1353 1353 1305 1305 1305 1354 1354 1354 1307 1307 1307 1355 1355 1355 1307 1307 1307 1354 1354 1354 1307 1307 1307 1355 1355 1355 1308 1308 1308 1356 1356 1356 1308 1308 1308 1355 1355 1355 1308 1308 1308 1356 1356 1356 1309 1309 1309 1357 1357 1357 1309 1309 1309 1356 1356 1356 1309 1309 1309 1357 1357 1357 1310 1310 1310 1358 1358 1358 1310 1310 1310 1357 1357 1357 1310 1310 1310 1358 1358 1358 1341 1341 1341 1352 1352 1352 352 352 352 1353 1353 1353 1353 1353 1353 352 352 352 1354 1354 1354 352 352 352 354 354 354 1354 1354 1354 356 356 356 1354 1354 1354 354 354 354 1354 1354 1354 356 356 356 1355 1355 1355 1355 1355 1355 356 356 356 1356 1356 1356 377 377 377 1356 1356 1356 356 356 356 1356 1356 1356 377 377 377 1357 1357 1357 376 376 376 1357 1357 1357 377 377 377 1357 1357 1357 376 376 376 1358 1358 1358 375 375 375 1358 1358 1358 376 376 376 1358 1358 1358 375 375 375 1341 1341 1341 375 375 375 374 374 374 1341 1341 1341 321 321 321 1341 1341 1341 374 374 374 1341 1341 1341 321 321 321 1342 1342 1342 1342 1342 1342 321 321 321 1343 1343 1343 323 323 323 1343 1343 1343 321 321 321 1343 1343 1343 323 323 323 1344 1344 1344 323 323 323 224 224 224 1344 1344 1344 1344 1344 1344 224 224 224 1345 1345 1345 223 223 223 1345 1345 1345 224 224 224 1345 1345 1345 223 223 223 1346 1346 1346 381 381 381 1346 1346 1346 223 223 223 1346 1346 1346 381 381 381 1347 1347 1347 380 380 380 1347 1347 1347 381 381 381 1347 1347 1347 380 380 380 1348 1348 1348 380 380 380 379 379 379 1348 1348 1348 378 378 378 1348 1348 1348 379 379 379 1348 1348 1348 378 378 378 1349 1349 1349 1349 1349 1349 378 378 378 1350 1350 1350 397 397 397 1350 1350 1350 378 378 378 1350 1350 1350 397 397 397 1351 1351 1351 397 397 397 399 399 399 1351 1351 1351 1351 1351 1351 399 399 399 1330 1330 1330 386 386 386 1330 1330 1330 399 399 399 1330 1330 1330 386 386 386 1331 1331 1331 402 402 402 1331 1331 1331 386 386 386 1331 1331 1331 402 402 402 1332 1332 1332 401 401 401 1332 1332 1332 402 402 402 1332 1332 1332 401 401 401 1333 1333 1333 400 400 400 1333 1333 1333 401 401 401 1333 1333 1333 400 400 400 1334 1334 1334 400 400 400 344 344 344 1334 1334 1334 1334 1334 1334 344 344 344 1335 1335 1335 337 337 337 1335 1335 1335 344 344 344 1335 1335 1335 337 337 337 1336 1336 1336 337 337 337 339 339 339 1336 1336 1336 341 341 341 1336 1336 1336 339 339 339 1336 1336 1336 341 341 341 1337 1337 1337 1337 1337 1337 341 341 341 1338 1338 1338 373 373 373 1338 1338 1338 341 341 341 1338 1338 1338 373 373 373 1339 1339 1339 372 372 372 1339 1339 1339 373 373 373 1339 1339 1339 372 372 372 1340 1340 1340 371 371 371 1340 1340 1340 372 372 372 1340 1340 1340 371 371 371 1352 1352 1352 370 370 370 1352 1352 1352 371 371 371 1352 1352 1352 370 370 370 352 352 352 257 257 257 225 225 225 1359 1359 1359 1360 1360 1360 1359 1359 1359 225 225 225 1359 1359 1359 1360 1360 1360 1361 1361 1361 1003 1003 1003 1361 1361 1361 1360 1360 1360 1362 1362 1362 1009 1009 1009 1360 1360 1360 1360 1360 1360 1009 1009 1009 1003 1003 1003 170 170 170 157 157 157 1001 1001 1001 1361 1361 1361 1001 1001 1001 157 157 157 1001 1001 1001 1361 1361 1361 999 999 999 1003 1003 1003 999 999 999 1361 1361 1361 93 93 93 160 160 160 1363 1363 1363 1022 1022 1022 1363 1363 1363 160 160 160 1363 1363 1363 1022 1022 1022 1021 1021 1021 1021 1021 1021 1364 1364 1364 1363 1363 1363 1363 1363 1363 1364 1364 1364 1360 1360 1360 1015 1015 1015 1360 1360 1360 1364 1364 1364 1360 1360 1360 1015 1015 1015 1362 1362 1362 1159 1159 1159 1365 1365 1365 1366 1366 1366 1366 1366 1366 1365 1365 1365 1367 1367 1367 1144 1144 1144 1368 1368 1368 1146 1146 1146 1368 1368 1368 1144 1144 1144 95 95 95 1143 1143 1143 95 95 95 1144 1144 1144 1149 1149 1149 1366 1366 1366 1367 1367 1367 1366 1366 1366 1149 1149 1149 1368 1368 1368 1368 1368 1368 1149 1149 1149 1146 1146 1146 254 254 254 253 253 253 1366 1366 1366 1369 1369 1369 1366 1366 1366 253 253 253 1366 1366 1366 1369 1369 1369 1159 1159 1159 1143 1143 1143 1142 1142 1142 95 95 95 1140 1140 1140 95 95 95 1142 1142 1142 95 95 95 1140 1140 1140 1138 1138 1138 1138 1138 1138 1136 1136 1136 95 95 95 1134 1134 1134 95 95 95 1136 1136 1136 95 95 95 1134 1134 1134 138 138 138 1134 1134 1134 1132 1132 1132 138 138 138 1131 1131 1131 138 138 138 1132 1132 1132 138 138 138 1131 1131 1131 1130 1130 1130 1130 1130 1130 1129 1129 1129 138 138 138 1128 1128 1128 138 138 138 1129 1129 1129 138 138 138 1128 1128 1128 1370 1370 1370 1128 1128 1128 1160 1160 1160 1370 1370 1370 1370 1370 1370 1160 1160 1160 1369 1369 1369 1159 1159 1159 1369 1369 1369 1160 1160 1160 1360 1360 1360 254 254 254 1366 1366 1366 254 254 254 1360 1360 1360 225 225 225 1369 1369 1369 253 253 253 1359 1359 1359 257 257 257 1359 1359 1359 253 253 253 1022 1022 1022 1371 1371 1371 1020 1020 1020 1371 1371 1371 1022 1022 1022 81 81 81 160 160 160 81 81 81 1022 1022 1022 168 168 168 170 170 170 1200 1200 1200 1001 1001 1001 1200 1200 1200 170 170 170 1200 1200 1200 1001 1001 1001 1000 1000 1000 1052 1052 1052 1372 1372 1372 1050 1050 1050 1372 1372 1372 1052 1052 1052 2 2 2 3 3 3 2 2 2 1052 1052 1052 74 74 74 76 76 76 1202 1202 1202 1031 1031 1031 1202 1202 1202 76 76 76 1202 1202 1202 1031 1031 1031 1030 1030 1030 956 956 956 1373 1373 1373 954 954 954 1373 1373 1373 956 956 956 21 21 21 64 64 64 21 21 21 956 956 956 102 102 102 104 104 104 1216 1216 1216 935 935 935 1216 1216 1216 104 104 104 1216 1216 1216 935 935 935 934 934 934 1076 1076 1076 1374 1374 1374 1074 1074 1074 1374 1374 1374 1076 1076 1076 39 39 39 118 118 118 39 39 39 1076 1076 1076 69 69 69 71 71 71 1375 1375 1375 1055 1055 1055 1375 1375 1375 71 71 71 1375 1375 1375 1055 1055 1055 1054 1054 1054 238 238 238 232 232 232 1376 1376 1376 1377 1377 1377 1376 1376 1376 232 232 232 1376 1376 1376 1377 1377 1377 1378 1378 1378 1033 1033 1033 1378 1378 1378 1377 1377 1377 1379 1379 1379 1039 1039 1039 1377 1377 1377 1377 1377 1377 1039 1039 1039 1033 1033 1033 76 76 76 42 42 42 1031 1031 1031 1378 1378 1378 1031 1031 1031 42 42 42 1031 1031 1031 1378 1378 1378 1029 1029 1029 1033 1033 1033 1029 1029 1029 1378 1378 1378 4 4 4 3 3 3 1380 1380 1380 1052 1052 1052 1380 1380 1380 3 3 3 1380 1380 1380 1052 1052 1052 1051 1051 1051 1051 1051 1051 1381 1381 1381 1380 1380 1380 1380 1380 1380 1381 1381 1381 1377 1377 1377 1045 1045 1045 1377 1377 1377 1381 1381 1381 1377 1377 1377 1045 1045 1045 1379 1379 1379 1382 1382 1382 1383 1383 1383 1384 1384 1384 1384 1384 1384 1383 1383 1383 1385 1385 1385 1108 1108 1108 1386 1386 1386 1110 1110 1110 1386 1386 1386 1108 1108 1108 11 11 11 1387 1387 1387 1384 1384 1384 1385 1385 1385 1384 1384 1384 1387 1387 1387 1386 1386 1386 1386 1386 1386 1387 1387 1387 1110 1110 1110 234 234 234 236 236 236 1384 1384 1384 1388 1388 1388 1384 1384 1384 236 236 236 1384 1384 1384 1388 1388 1388 1382 1382 1382 1108 1108 1108 1107 1107 1107 11 11 11 1106 1106 1106 11 11 11 1107 1107 1107 11 11 11 1106 1106 1106 1104 1104 1104 1099 1099 1099 1098 1098 1098 31 31 31 1097 1097 1097 31 31 31 1098 1098 1098 1097 1097 1097 1095 1095 1095 31 31 31 1093 1093 1093 31 31 31 1095 1095 1095 31 31 31 1093 1093 1093 1389 1389 1389 1104 1104 1104 1102 1102 1102 11 11 11 1101 1101 1101 11 11 11 1102 1102 1102 11 11 11 1101 1101 1101 31 31 31 1100 1100 1100 31 31 31 1101 1101 1101 31 31 31 1100 1100 1100 1099 1099 1099 1093 1093 1093 1124 1124 1124 1389 1389 1389 1389 1389 1389 1124 1124 1124 1388 1388 1388 1382 1382 1382 1388 1388 1388 1124 1124 1124 234 234 234 1384 1384 1384 232 232 232 1377 1377 1377 232 232 232 1384 1384 1384 1388 1388 1388 236 236 236 1376 1376 1376 238 238 238 1376 1376 1376 236 236 236 240 240 240 245 245 245 1390 1390 1390 1391 1391 1391 1390 1390 1390 245 245 245 1390 1390 1390 1391 1391 1391 1392 1392 1392 937 937 937 1392 1392 1392 1391 1391 1391 1393 1393 1393 943 943 943 1391 1391 1391 1391 1391 1391 943 943 943 937 937 937 104 104 104 68 68 68 935 935 935 1392 1392 1392 935 935 935 68 68 68 935 935 935 1392 1392 1392 933 933 933 937 937 937 933 933 933 1392 1392 1392 26 26 26 64 64 64 1394 1394 1394 956 956 956 1394 1394 1394 64 64 64 1394 1394 1394 956 956 956 955 955 955 955 955 955 1395 1395 1395 1394 1394 1394 1394 1394 1394 1395 1395 1395 1391 1391 1391 949 949 949 1391 1391 1391 1395 1395 1395 1391 1391 1391 949 949 949 1393 1393 1393 996 996 996 1396 1396 1396 1397 1397 1397 1397 1397 1397 1396 1396 1396 1398 1398 1398 981 981 981 1399 1399 1399 983 983 983 1399 1399 1399 981 981 981 28 28 28 980 980 980 28 28 28 981 981 981 986 986 986 1397 1397 1397 1398 1398 1398 1397 1397 1397 986 986 986 1399 1399 1399 1399 1399 1399 986 986 986 983 983 983 241 241 241 243 243 243 1397 1397 1397 1400 1400 1400 1397 1397 1397 243 243 243 1397 1397 1397 1400 1400 1400 996 996 996 980 980 980 979 979 979 28 28 28 977 977 977 28 28 28 979 979 979 28 28 28 977 977 977 975 975 975 975 975 975 973 973 973 28 28 28 971 971 971 28 28 28 973 973 973 28 28 28 971 971 971 61 61 61 971 971 971 969 969 969 61 61 61 968 968 968 61 61 61 969 969 969 61 61 61 968 968 968 967 967 967 967 967 967 966 966 966 61 61 61 965 965 965 61 61 61 966 966 966 61 61 61 965 965 965 1401 1401 1401 965 965 965 997 997 997 1401 1401 1401 1401 1401 1401 997 997 997 1400 1400 1400 996 996 996 1400 1400 1400 997 997 997 1391 1391 1391 241 241 241 1397 1397 1397 241 241 241 1391 1391 1391 245 245 245 1400 1400 1400 243 243 243 1390 1390 1390 1390 1390 1390 243 243 243 240 240 240 247 247 247 357 357 357 1402 1402 1402 1403 1403 1403 1402 1402 1402 357 357 357 1402 1402 1402 1403 1403 1403 1404 1404 1404 1057 1057 1057 1404 1404 1404 1403 1403 1403 1405 1405 1405 1063 1063 1063 1403 1403 1403 1403 1403 1403 1063 1063 1063 1057 1057 1057 71 71 71 73 73 73 1055 1055 1055 1404 1404 1404 1055 1055 1055 73 73 73 1055 1055 1055 1404 1404 1404 1053 1053 1053 1057 1057 1057 1053 1053 1053 1404 1404 1404 44 44 44 118 118 118 1406 1406 1406 1076 1076 1076 1406 1406 1406 118 118 118 1406 1406 1406 1076 1076 1076 1075 1075 1075 1075 1075 1075 1407 1407 1407 1406 1406 1406 1406 1406 1406 1407 1407 1407 1403 1403 1403 1069 1069 1069 1403 1403 1403 1407 1407 1407 1403 1403 1403 1069 1069 1069 1405 1405 1405 1195 1195 1195 1408 1408 1408 1409 1409 1409 1409 1409 1409 1408 1408 1408 1410 1410 1410 1180 1180 1180 1411 1411 1411 1182 1182 1182 1411 1411 1411 1180 1180 1180 46 46 46 1179 1179 1179 46 46 46 1180 1180 1180 1184 1184 1184 1409 1409 1409 1410 1410 1410 1409 1409 1409 1184 1184 1184 1411 1411 1411 1411 1411 1411 1184 1184 1184 1182 1182 1182 410 410 410 248 248 248 1409 1409 1409 1412 1412 1412 1409 1409 1409 248 248 248 1409 1409 1409 1412 1412 1412 1195 1195 1195 1179 1179 1179 1178 1178 1178 46 46 46 1176 1176 1176 46 46 46 1178 1178 1178 46 46 46 1176 1176 1176 1174 1174 1174 1174 1174 1174 1173 1173 1173 46 46 46 1172 1172 1172 46 46 46 1173 1173 1173 46 46 46 1172 1172 1172 129 129 129 1172 1172 1172 1171 1171 1171 129 129 129 1170 1170 1170 129 129 129 1171 1171 1171 129 129 129 1170 1170 1170 1169 1169 1169 1169 1169 1169 1167 1167 1167 129 129 129 1165 1165 1165 129 129 129 1167 1167 1167 129 129 129 1165 1165 1165 1413 1413 1413 1165 1165 1165 1196 1196 1196 1413 1413 1413 1413 1413 1413 1196 1196 1196 1412 1412 1412 1195 1195 1195 1412 1412 1412 1196 1196 1196 1403 1403 1403 410 410 410 1409 1409 1409 410 410 410 1403 1403 1403 357 357 357 1412 1412 1412 248 248 248 1402 1402 1402 247 247 247 1402 1402 1402 248 248 248 1414 1414 1414 1415 1415 1415 1416 1416 1416 1416 1416 1416 1415 1415 1415 1417 1417 1417 1418 1418 1418 1417 1417 1417 1415 1415 1415 770 770 770 1419 1419 1419 1420 1420 1420 1420 1420 1420 1419 1419 1419 1416 1416 1416 1414 1414 1414 1416 1416 1416 1419 1419 1419 1421 1421 1421 757 757 757 1422 1422 1422 1423 1423 1423 1422 1422 1422 757 757 757 1422 1422 1422 1423 1423 1423 1424 1424 1424 1424 1424 1424 1423 1423 1423 1425 1425 1425 1418 1418 1418 1426 1426 1426 1417 1417 1417 1417 1417 1417 1426 1426 1426 1427 1427 1427 1428 1428 1428 1427 1427 1427 1426 1426 1426 1428 1428 1428 1429 1429 1429 1427 1427 1427 1427 1427 1427 1429 1429 1429 1422 1422 1422 1421 1421 1421 1422 1422 1422 1429 1429 1429 1430 1430 1430 1424 1424 1424 1425 1425 1425 1424 1424 1424 1430 1430 1430 1420 1420 1420 1420 1420 1420 1430 1430 1430 770 770 770 1420 1420 1420 600 600 600 97 97 97 600 600 600 1420 1420 1420 602 602 602 1416 1416 1416 602 602 602 1420 1420 1420 602 602 602 1416 1416 1416 1431 1431 1431 1432 1432 1432 1433 1433 1433 1434 1434 1434 1435 1435 1435 1434 1434 1434 1433 1433 1433 1434 1434 1434 1435 1435 1435 1436 1436 1436 1436 1436 1436 1435 1435 1435 1437 1437 1437 1438 1438 1438 1439 1439 1439 1440 1440 1440 1440 1440 1440 1439 1439 1439 1441 1441 1441 660 660 660 1441 1441 1441 1439 1439 1439 1441 1441 1441 660 660 660 1442 1442 1442 665 665 665 1441 1441 1441 1442 1442 1442 1441 1441 1441 665 665 665 1434 1434 1434 1432 1432 1432 1434 1434 1434 665 665 665 678 678 678 1436 1436 1436 1437 1437 1437 1436 1436 1436 678 678 678 1443 1443 1443 1444 1444 1444 1443 1443 1443 678 678 678 646 646 646 1445 1445 1445 1446 1446 1446 1446 1446 1446 1445 1445 1445 1440 1440 1440 1438 1438 1438 1440 1440 1440 1445 1445 1445 1444 1444 1444 642 642 642 1443 1443 1443 644 644 644 1443 1443 1443 642 642 642 1443 1443 1443 644 644 644 1446 1446 1446 1446 1446 1446 644 644 644 646 646 646 78 78 78 77 77 77 1447 1447 1447 1441 1441 1441 1447 1447 1447 77 77 77 1447 1447 1447 1441 1441 1441 1448 1448 1448 1434 1434 1434 1448 1448 1448 1441 1441 1441 1449 1449 1449 1436 1436 1436 1450 1450 1450 1443 1443 1443 1450 1450 1450 1436 1436 1436 1450 1450 1450 1443 1443 1443 65 65 65 19 19 19 65 65 65 1443 1443 1443 20 20 20 19 19 19 1222 1222 1222 1443 1443 1443 1222 1222 1222 19 19 19 1222 1222 1222 1443 1443 1443 1221 1221 1221 1446 1446 1446 1221 1221 1221 1443 1443 1443 77 77 77 75 75 75 1201 1201 1201 1203 1203 1203 1440 1440 1440 1201 1201 1201 1441 1441 1441 1201 1201 1201 1440 1440 1440 1201 1201 1201 1441 1441 1441 77 77 77 1451 1451 1451 1452 1452 1452 1453 1453 1453 1454 1454 1454 1455 1455 1455 1456 1456 1456 1457 1457 1457 1456 1456 1456 1455 1455 1455 1458 1458 1458 709 709 709 1459 1459 1459 1460 1460 1460 1459 1459 1459 709 709 709 1459 1459 1459 1460 1460 1460 1461 1461 1461 1461 1461 1461 1460 1460 1460 1462 1462 1462 1463 1463 1463 1461 1461 1461 1462 1462 1462 1461 1461 1461 1463 1463 1463 1457 1457 1457 1457 1457 1457 1463 1463 1463 1456 1456 1456 703 703 703 1453 1453 1453 1452 1452 1452 1453 1453 1453 703 703 703 1459 1459 1459 1458 1458 1458 1459 1459 1459 703 703 703 1454 1454 1454 1464 1464 1464 1455 1455 1455 1455 1455 1455 1464 1464 1464 1465 1465 1465 1466 1466 1466 1465 1465 1465 1464 1464 1464 1466 1466 1466 1467 1467 1467 1465 1465 1465 1465 1465 1465 1467 1467 1467 1453 1453 1453 1451 1451 1451 1453 1453 1453 1467 1467 1467 172 172 172 171 171 171 1468 1468 1468 1453 1453 1453 1468 1468 1468 171 171 171 1468 1468 1468 1453 1453 1453 1469 1469 1469 1459 1459 1459 1469 1469 1469 1453 1453 1453 1470 1470 1470 1461 1461 1461 1471 1471 1471 1457 1457 1457 1471 1471 1471 1461 1461 1461 1471 1471 1471 1457 1457 1457 5 5 5 0 0 0 5 5 5 1457 1457 1457 1 1 1 0 0 0 1205 1205 1205 1457 1457 1457 1205 1205 1205 0 0 0 1205 1205 1205 1457 1457 1457 1204 1204 1204 1455 1455 1455 1204 1204 1204 1457 1457 1457 171 171 171 169 169 169 1199 1199 1199 1198 1198 1198 1465 1465 1465 1199 1199 1199 1453 1453 1453 1199 1199 1199 1465 1465 1465 1199 1199 1199 1453 1453 1453 171 171 171 1472 1472 1472 1473 1473 1473 618 618 618 1473 1473 1473 1472 1472 1472 1474 1474 1474 1474 1474 1474 1472 1472 1472 1475 1475 1475 627 627 627 1474 1474 1474 1475 1475 1475 1474 1474 1474 627 627 627 1476 1476 1476 1477 1477 1477 1476 1476 1476 627 627 627 1478 1478 1478 1479 1479 1479 1480 1480 1480 1480 1480 1480 1479 1479 1479 1473 1473 1473 616 616 616 1473 1473 1473 1479 1479 1479 1473 1473 1473 616 616 616 618 618 618 1477 1477 1477 633 633 633 1476 1476 1476 1481 1481 1481 1476 1476 1476 633 633 633 1476 1476 1476 1481 1481 1481 1482 1482 1482 1482 1482 1482 1481 1481 1481 639 639 639 607 607 607 1483 1483 1483 1484 1484 1484 1484 1484 1484 1483 1483 1483 1480 1480 1480 1478 1478 1478 1480 1480 1480 1483 1483 1483 639 639 639 1485 1485 1485 1482 1482 1482 1482 1482 1482 1485 1485 1485 1484 1484 1484 607 607 607 1484 1484 1484 1485 1485 1485 164 164 164 72 72 72 1486 1486 1486 1484 1484 1484 1486 1486 1486 72 72 72 1486 1486 1486 1484 1484 1484 1487 1487 1487 1480 1480 1480 1487 1487 1487 1484 1484 1484 1488 1488 1488 1473 1473 1473 1489 1489 1489 1474 1474 1474 1489 1489 1489 1473 1473 1473 1489 1489 1489 1474 1474 1474 161 161 161 79 79 79 161 161 161 1474 1474 1474 80 80 80 79 79 79 1214 1214 1214 1474 1474 1474 1214 1214 1214 79 79 79 1214 1214 1214 1474 1474 1474 1211 1211 1211 1476 1476 1476 1211 1211 1211 1474 1474 1474 72 72 72 70 70 70 1227 1227 1227 1208 1208 1208 1482 1482 1482 1227 1227 1227 1484 1484 1484 1227 1227 1227 1482 1482 1482 1227 1227 1227 1484 1484 1484 72 72 72 1490 1490 1490 738 738 738 1491 1491 1491 1492 1492 1492 731 731 731 1493 1493 1493 1493 1493 1493 731 731 731 1494 1494 1494 1495 1495 1495 1494 1494 1494 731 731 731 1496 1496 1496 1497 1497 1497 1498 1498 1498 1499 1499 1499 1498 1498 1498 1497 1497 1497 1496 1496 1496 1500 1500 1500 1497 1497 1497 1497 1497 1497 1500 1500 1500 1501 1501 1501 1502 1502 1502 1501 1501 1501 1500 1500 1500 1502 1502 1502 1503 1503 1503 1501 1501 1501 1501 1501 1501 1503 1503 1503 1493 1493 1493 1492 1492 1492 1493 1493 1493 1503 1503 1503 1504 1504 1504 1490 1490 1490 1491 1491 1491 1490 1490 1490 1504 1504 1504 1499 1499 1499 1499 1499 1499 1504 1504 1504 1498 1498 1498 1495 1495 1495 1505 1505 1505 1494 1494 1494 1494 1494 1494 1505 1505 1505 1490 1490 1490 738 738 738 1490 1490 1490 1505 1505 1505 106 106 106 105 105 105 1506 1506 1506 1497 1497 1497 1506 1506 1506 105 105 105 1506 1506 1506 1497 1497 1497 1507 1507 1507 1501 1501 1501 1507 1507 1507 1497 1497 1497 1508 1508 1508 1493 1493 1493 1509 1509 1509 1494 1494 1494 1509 1509 1509 1493 1493 1493 1509 1509 1509 1494 1494 1494 1510 1510 1510 37 37 37 1510 1510 1510 1494 1494 1494 38 38 38 37 37 37 1226 1226 1226 1494 1494 1494 1226 1226 1226 37 37 37 1226 1226 1226 1494 1494 1494 1224 1224 1224 1490 1490 1490 1224 1224 1224 1494 1494 1494 105 105 105 103 103 103 1215 1215 1215 1217 1217 1217 1499 1499 1499 1215 1215 1215 1497 1497 1497 1215 1215 1215 1499 1499 1499 1215 1215 1215 1497 1497 1497 105 105 105 239 239 239 998 998 998 211 211 211 212 212 212 211 211 211 998 998 998 1511 1511 1511 242 242 242 982 982 982 991 991 991 1512 1512 1512 239 239 239 1513 1513 1513 239 239 239 1512 1512 1512 1511 1511 1511 1514 1514 1514 242 242 242 1515 1515 1515 242 242 242 1514 1514 1514 242 242 242 1515 1515 1515 239 239 239 989 989 989 239 239 239 1515 1515 1515 239 239 239 989 989 989 991 991 991 1516 1516 1516 239 239 239 1513 1513 1513 963 963 963 242 242 242 217 217 217 215 215 215 217 217 217 242 242 242 1517 1517 1517 1518 1518 1518 1519 1519 1519 1517 1517 1517 1519 1519 1519 1520 1520 1520 1521 1521 1521 1520 1520 1520 1519 1519 1519 1520 1520 1520 1521 1521 1521 1522 1522 1522 1523 1523 1523 1522 1522 1522 1521 1521 1521 1522 1522 1522 1523 1523 1523 1524 1524 1524 1525 1525 1525 1524 1524 1524 1523 1523 1523 1524 1524 1524 1525 1525 1525 1526 1526 1526 1527 1527 1527 1526 1526 1526 1525 1525 1525 1526 1526 1526 1527 1527 1527 1528 1528 1528 36 36 36 34 34 34 603 603 603 1529 1529 1529 603 603 603 34 34 34 603 603 603 1529 1529 1529 604 604 604 1530 1530 1530 604 604 604 1529 1529 1529 1531 1531 1531 1532 1532 1532 601 601 601 1533 1533 1533 601 601 601 1532 1532 1532 601 601 601 1533 1533 1533 98 98 98 96 96 96 98 98 98 1533 1533 1533 1530 1530 1530 1529 1529 1529 1520 1520 1520 1534 1534 1534 1526 1526 1526 1533 1533 1533 1528 1528 1528 1533 1533 1533 1526 1526 1526 1520 1520 1520 1529 1529 1529 1535 1535 1535 1524 1524 1524 1534 1534 1534 1522 1522 1522 1534 1534 1534 1524 1524 1524 1526 1526 1526 1536 1536 1536 1522 1522 1522 1534 1534 1534 1522 1522 1522 1530 1530 1530 1520 1520 1520 1530 1530 1530 1522 1522 1522 1536 1536 1536 1528 1528 1528 1537 1537 1537 1533 1533 1533 1538 1538 1538 1539 1539 1539 1540 1540 1540 1541 1541 1541 1540 1540 1540 1539 1539 1539 1540 1540 1540 1541 1541 1541 1542 1542 1542 40 40 40 1542 1542 1542 1541 1541 1541 1543 1543 1543 1544 1544 1544 1545 1545 1545 1546 1546 1546 1547 1547 1547 1545 1545 1545 1548 1548 1548 1545 1545 1545 1547 1547 1547 1545 1545 1545 1548 1548 1548 1543 1543 1543 133 133 133 132 132 132 596 596 596 1549 1549 1549 596 596 596 132 132 132 596 596 596 1549 1549 1549 597 597 597 1550 1550 1550 597 597 597 1549 1549 1549 1551 1551 1551 1552 1552 1552 595 595 595 1553 1553 1553 595 595 595 1552 1552 1552 595 595 595 1553 1553 1553 167 167 167 1554 1554 1554 167 167 167 1553 1553 1553 1555 1555 1555 1556 1556 1556 1557 1557 1557 1558 1558 1558 1557 1557 1557 1556 1556 1556 1557 1557 1557 1558 1558 1558 1559 1559 1559 134 134 134 1559 1559 1559 1558 1558 1558 1560 1560 1560 1561 1561 1561 1562 1562 1562 1563 1563 1563 1564 1564 1564 1562 1562 1562 1565 1565 1565 1562 1562 1562 1564 1564 1564 1562 1562 1562 1565 1565 1565 1560 1560 1560 1550 1550 1550 1549 1549 1549 1566 1566 1566 1567 1567 1567 1568 1568 1568 1553 1553 1553 1569 1569 1569 1553 1553 1553 1568 1568 1568 1566 1566 1566 1549 1549 1549 1570 1570 1570 1571 1571 1571 1567 1567 1567 1572 1572 1572 1567 1567 1567 1571 1571 1571 1568 1568 1568 1573 1573 1573 1572 1572 1572 1567 1567 1567 1572 1572 1572 1550 1550 1550 1566 1566 1566 1550 1550 1550 1572 1572 1572 1573 1573 1573 1569 1569 1569 1574 1574 1574 1553 1553 1553 1575 1575 1575 1576 1576 1576 519 519 519 1577 1577 1577 519 519 519 1576 1576 1576 519 519 519 1577 1577 1577 114 114 114 1578 1578 1578 114 114 114 1577 1577 1577 1579 1579 1579 1580 1580 1580 1581 1581 1581 1579 1579 1579 1581 1581 1581 1582 1582 1582 1583 1583 1583 1582 1582 1582 1581 1581 1581 1582 1582 1582 1583 1583 1583 1584 1584 1584 1585 1585 1585 1584 1584 1584 1583 1583 1583 1584 1584 1584 1585 1585 1585 1586 1586 1586 1587 1587 1587 1586 1586 1586 1585 1585 1585 1586 1586 1586 1587 1587 1587 1588 1588 1588 1589 1589 1589 1588 1588 1588 1587 1587 1587 1588 1588 1588 1589 1589 1589 1590 1590 1590 91 91 91 90 90 90 521 521 521 1591 1591 1591 521 521 521 90 90 90 521 521 521 1591 1591 1591 522 522 522 1592 1592 1592 522 522 522 1591 1591 1591 1593 1593 1593 1594 1594 1594 1595 1595 1595 1596 1596 1596 1595 1595 1595 1594 1594 1594 1595 1595 1595 1596 1596 1596 1597 1597 1597 66 66 66 1597 1597 1597 1596 1596 1596 1598 1598 1598 1599 1599 1599 1600 1600 1600 1601 1601 1601 1602 1602 1602 1600 1600 1600 1603 1603 1603 1600 1600 1600 1602 1602 1602 1600 1600 1600 1603 1603 1603 1598 1598 1598 1592 1592 1592 1584 1584 1584 1604 1604 1604 1604 1604 1604 1584 1584 1584 1605 1605 1605 1582 1582 1582 1591 1591 1591 1606 1606 1606 1591 1591 1591 1582 1582 1582 1592 1592 1592 1592 1592 1592 1582 1582 1582 1584 1584 1584 1584 1584 1584 1586 1586 1586 1605 1605 1605 1588 1588 1588 1605 1605 1605 1586 1586 1586 1605 1605 1605 1588 1588 1588 1577 1577 1577 1590 1590 1590 1577 1577 1577 1588 1588 1588 1577 1577 1577 1590 1590 1590 1607 1607 1607 1608 1608 1608 1609 1609 1609 590 590 590 1610 1610 1610 590 590 590 1609 1609 1609 590 590 590 1610 1610 1610 7 7 7 9 9 9 7 7 7 1610 1610 1610 1611 1611 1611 1612 1612 1612 1613 1613 1613 1611 1611 1611 1613 1613 1613 1614 1614 1614 1615 1615 1615 1614 1614 1614 1613 1613 1613 1614 1614 1614 1615 1615 1615 1616 1616 1616 1617 1617 1617 1616 1616 1616 1615 1615 1615 1616 1616 1616 1617 1617 1617 1618 1618 1618 1619 1619 1619 1618 1618 1618 1617 1617 1617 1618 1618 1618 1619 1619 1619 1620 1620 1620 1621 1621 1621 1620 1620 1620 1619 1619 1619 1620 1620 1620 1621 1621 1621 1622 1622 1622 163 163 163 162 162 162 591 591 591 1623 1623 1623 591 591 591 162 162 162 591 591 591 1623 1623 1623 592 592 592 1624 1624 1624 592 592 592 1623 1623 1623 1625 1625 1625 1626 1626 1626 1627 1627 1627 1628 1628 1628 1627 1627 1627 1626 1626 1626 1627 1627 1627 1628 1628 1628 1629 1629 1629 155 155 155 1629 1629 1629 1628 1628 1628 1630 1630 1630 1631 1631 1631 1632 1632 1632 1633 1633 1633 14 14 14 1632 1632 1632 1634 1634 1634 1632 1632 1632 14 14 14 1632 1632 1632 1634 1634 1634 1630 1630 1630 1623 1623 1623 1614 1614 1614 1624 1624 1624 1624 1624 1624 1614 1614 1614 1616 1616 1616 1635 1635 1635 1636 1636 1636 1616 1616 1616 1635 1635 1635 1620 1620 1620 1610 1610 1610 1620 1620 1620 1635 1635 1635 1618 1618 1618 1616 1616 1616 1636 1636 1636 1624 1624 1624 1623 1623 1623 1637 1637 1637 1614 1614 1614 1618 1618 1618 1635 1635 1635 1616 1616 1616 1620 1620 1620 1638 1638 1638 1610 1610 1610 1639 1639 1639 1640 1640 1640 1641 1641 1641 1639 1639 1639 1641 1641 1641 1566 1566 1566 1642 1642 1642 1566 1566 1566 1641 1641 1641 1566 1566 1566 1642 1642 1642 1572 1572 1572 1643 1643 1643 1572 1572 1572 1642 1642 1642 1572 1572 1572 1643 1643 1643 1571 1571 1571 1644 1644 1644 1571 1571 1571 1643 1643 1643 1571 1571 1571 1644 1644 1644 1568 1568 1568 1645 1645 1645 1568 1568 1568 1644 1644 1644 1568 1568 1568 1645 1645 1645 1569 1569 1569 1625 1625 1625 1627 1627 1627 1611 1611 1611 1612 1612 1612 1611 1611 1611 1627 1627 1627 1646 1646 1646 1628 1628 1628 1626 1626 1626 1628 1628 1628 1646 1646 1646 136 136 136 1623 1623 1623 136 136 136 1646 1646 1646 136 136 136 1623 1623 1623 162 162 162 588 588 588 1609 1609 1609 1608 1608 1608 1609 1609 1609 588 588 588 1647 1647 1647 592 592 592 1647 1647 1647 588 588 588 1647 1647 1647 592 592 592 1624 1624 1624 1622 1622 1622 1621 1621 1621 1631 1631 1631 1632 1632 1632 1631 1631 1631 1621 1621 1621 1648 1648 1648 9 9 9 1610 1610 1610 9 9 9 1648 1648 1648 12 12 12 1630 1630 1630 12 12 12 1648 1648 1648 12 12 12 1630 1630 1630 1634 1634 1634 593 593 593 1552 1552 1552 1551 1551 1551 1552 1552 1552 593 593 593 1649 1649 1649 597 597 597 1649 1649 1649 593 593 593 1649 1649 1649 597 597 597 1550 1550 1550 1650 1650 1650 1554 1554 1554 1553 1553 1553 1554 1554 1554 1650 1650 1650 1651 1651 1651 1560 1560 1560 1651 1651 1651 1650 1650 1650 1651 1651 1651 1560 1560 1560 1565 1565 1565 1569 1569 1569 1645 1645 1645 1561 1561 1561 1562 1562 1562 1561 1561 1561 1645 1645 1645 1652 1652 1652 1558 1558 1558 1556 1556 1556 1558 1558 1558 1652 1652 1652 127 127 127 1549 1549 1549 127 127 127 1652 1652 1652 127 127 127 1549 1549 1549 132 132 132 1640 1640 1640 1555 1555 1555 1557 1557 1557 1555 1555 1555 1640 1640 1640 1639 1639 1639 1590 1590 1590 1589 1589 1589 1599 1599 1599 1600 1600 1600 1599 1599 1599 1589 1589 1589 1653 1653 1653 1578 1578 1578 1577 1577 1577 1578 1578 1578 1653 1653 1653 1654 1654 1654 1598 1598 1598 1654 1654 1654 1653 1653 1653 1654 1654 1654 1598 1598 1598 1603 1603 1603 1576 1576 1576 1575 1575 1575 1655 1655 1655 1656 1656 1656 1655 1655 1655 1575 1575 1575 1655 1655 1655 1656 1656 1656 1592 1592 1592 522 522 522 1592 1592 1592 1656 1656 1656 1593 1593 1593 1595 1595 1595 1579 1579 1579 1580 1580 1580 1579 1579 1579 1595 1595 1595 1596 1596 1596 1594 1594 1594 59 59 59 1657 1657 1657 59 59 59 1594 1594 1594 59 59 59 1657 1657 1657 90 90 90 1591 1591 1591 90 90 90 1657 1657 1657 1528 1528 1528 1527 1527 1527 1544 1544 1544 1545 1545 1545 1544 1544 1544 1527 1527 1527 1538 1538 1538 1540 1540 1540 1517 1517 1517 1518 1518 1518 1517 1517 1517 1540 1540 1540 1658 1658 1658 1541 1541 1541 1539 1539 1539 1541 1541 1541 1658 1658 1658 29 29 29 1529 1529 1529 29 29 29 1658 1658 1658 29 29 29 1529 1529 1529 34 34 34 1532 1532 1532 1531 1531 1531 1659 1659 1659 598 598 598 1659 1659 1659 1531 1531 1531 1659 1659 1659 598 598 598 1530 1530 1530 604 604 604 1530 1530 1530 598 598 598 96 96 96 1533 1533 1533 1660 1660 1660 1661 1661 1661 1660 1660 1660 1533 1533 1533 1660 1660 1660 1661 1661 1661 1548 1548 1548 1543 1543 1543 1548 1548 1548 1661 1661 1661 1449 1449 1449 1523 1523 1523 1448 1448 1448 1521 1521 1521 1448 1448 1448 1523 1523 1523 1448 1448 1448 1521 1521 1521 1519 1519 1519 1519 1519 1519 1518 1518 1518 1448 1448 1448 1662 1662 1662 1663 1663 1663 1449 1449 1449 1525 1525 1525 1449 1449 1449 1663 1663 1663 1449 1449 1449 1525 1525 1525 1523 1523 1523 1448 1448 1448 1518 1518 1518 1664 1664 1664 1581 1581 1581 1665 1665 1665 1507 1507 1507 1507 1507 1507 1665 1665 1665 1666 1666 1666 1508 1508 1508 1585 1585 1585 1507 1507 1507 1583 1583 1583 1507 1507 1507 1585 1585 1585 1507 1507 1507 1583 1583 1583 1581 1581 1581 1667 1667 1667 1668 1668 1668 1508 1508 1508 1587 1587 1587 1508 1508 1508 1668 1668 1668 1508 1508 1508 1587 1587 1587 1585 1585 1585 1488 1488 1488 1643 1643 1643 1487 1487 1487 1642 1642 1642 1487 1487 1487 1643 1643 1643 1487 1487 1487 1642 1642 1642 1641 1641 1641 1641 1641 1641 1640 1640 1640 1487 1487 1487 1669 1669 1669 1670 1670 1670 1488 1488 1488 1644 1644 1644 1488 1488 1488 1670 1670 1670 1488 1488 1488 1644 1644 1644 1643 1643 1643 1487 1487 1487 1640 1640 1640 1671 1671 1671 1470 1470 1470 1617 1617 1617 1469 1469 1469 1615 1615 1615 1469 1469 1469 1617 1617 1617 1469 1469 1469 1615 1615 1615 1613 1613 1613 1613 1613 1613 1672 1672 1672 1469 1469 1469 1469 1469 1469 1672 1672 1672 1673 1673 1673 1674 1674 1674 1675 1675 1675 1470 1470 1470 1619 1619 1619 1470 1470 1470 1675 1675 1675 1470 1470 1470 1619 1619 1619 1617 1617 1617 1629 1629 1629 155 155 155 1673 1673 1673 172 172 172 1673 1673 1673 155 155 155 1673 1673 1673 172 172 172 1468 1468 1468 1676 1676 1676 1471 1471 1471 5 5 5 1471 1471 1471 1676 1676 1676 1633 1633 1633 14 14 14 1633 1633 1633 1676 1676 1676 1677 1677 1677 1489 1489 1489 161 161 161 1489 1489 1489 1677 1677 1677 1563 1563 1563 1564 1564 1564 1563 1563 1563 1677 1677 1677 1559 1559 1559 134 134 134 1671 1671 1671 164 164 164 1671 1671 1671 134 134 134 1671 1671 1671 164 164 164 1486 1486 1486 1509 1509 1509 1510 1510 1510 1601 1601 1601 1602 1602 1602 1601 1601 1601 1510 1510 1510 1597 1597 1597 66 66 66 1666 1666 1666 106 106 106 1666 1666 1666 66 66 66 1666 1666 1666 106 106 106 1506 1506 1506 1542 1542 1542 40 40 40 1664 1664 1664 78 78 78 1664 1664 1664 40 40 40 1664 1664 1664 78 78 78 1447 1447 1447 1678 1678 1678 1450 1450 1450 65 65 65 1450 1450 1450 1678 1678 1678 1546 1546 1546 1547 1547 1547 1546 1546 1546 1678 1678 1678 1191 1191 1191 1679 1679 1679 411 411 411 1183 1183 1183 251 251 251 1181 1181 1181 1191 1191 1191 411 411 411 1189 1189 1189 1680 1680 1680 411 411 411 1679 1679 1679 1183 1183 1183 1681 1681 1681 251 251 251 1682 1682 1682 251 251 251 1681 1681 1681 251 251 251 1682 1682 1682 411 411 411 1187 1187 1187 411 411 411 1682 1682 1682 411 411 411 1187 1187 1187 1189 1189 1189 1162 1162 1162 251 251 251 501 501 501 252 252 252 501 501 501 251 251 251 411 411 411 1197 1197 1197 412 412 412 492 492 492 412 412 412 1197 1197 1197 1683 1683 1683 255 255 255 1145 1145 1145 1154 1154 1154 1684 1684 1684 403 403 403 1685 1685 1685 403 403 403 1684 1684 1684 1683 1683 1683 1686 1686 1686 255 255 255 1687 1687 1687 255 255 255 1686 1686 1686 255 255 255 1687 1687 1687 403 403 403 1152 1152 1152 403 403 403 1687 1687 1687 403 403 403 1152 1152 1152 1154 1154 1154 1688 1688 1688 403 403 403 1685 1685 1685 1126 1126 1126 255 255 255 464 464 464 408 408 408 464 464 464 255 255 255 403 403 403 1161 1161 1161 405 405 405 462 462 462 405 405 405 1161 1161 1161 1689 1689 1689 445 445 445 1109 1109 1109 1689 1689 1689 1690 1690 1690 445 445 445 1691 1691 1691 445 445 445 1690 1690 1690 445 445 445 1691 1691 1691 444 444 444 1117 1117 1117 444 444 444 1691 1691 1691 1117 1117 1117 1119 1119 1119 444 444 444 1692 1692 1692 444 444 444 1119 1119 1119 444 444 444 1692 1692 1692 1693 1693 1693 1694 1694 1694 444 444 444 1693 1693 1693 1090 1090 1090 445 445 445 484 484 484 446 446 446 484 484 484 445 445 445 444 444 444 1125 1125 1125 442 442 442 483 483 483 442 442 442 1125 1125 1125 445 445 445 1090 1090 1090 1109 1109 1109 255 255 255 1126 1126 1126 1145 1145 1145 594 594 594 593 593 593 1551 1551 1551 1551 1551 1551 595 595 595 594 594 594 166 166 166 565 565 565 595 595 595 595 595 595 167 167 167 166 166 166 5 5 5 14 14 14 1676 1676 1676 13 13 13 12 12 12 1634 1634 1634 1634 1634 1634 14 14 14 13 13 13 1468 1468 1468 1469 1469 1469 1673 1673 1673 1459 1459 1459 1461 1461 1461 1470 1470 1470 1470 1470 1470 1469 1469 1469 1459 1459 1459 1487 1487 1487 1671 1671 1671 1486 1486 1486 1640 1640 1640 1557 1557 1557 1559 1559 1559 1559 1559 1559 1671 1671 1671 1640 1640 1640 1487 1487 1487 1480 1480 1480 1473 1473 1473 1473 1473 1473 1488 1488 1488 1487 1487 1487 1506 1506 1506 1507 1507 1507 1666 1666 1666 1501 1501 1501 1493 1493 1493 1508 1508 1508 1508 1508 1508 1507 1507 1507 1501 1501 1501 1448 1448 1448 1664 1664 1664 1447 1447 1447 1518 1518 1518 1540 1540 1540 1542 1542 1542 1542 1542 1542 1664 1664 1664 1518 1518 1518 1448 1448 1448 1434 1434 1434 1436 1436 1436 1436 1436 1436 1449 1449 1449 1448 1448 1448 114 114 114 113 113 113 518 518 518 518 518 518 519 519 519 114 114 114 136 136 136 156 156 156 155 155 155 155 155 155 1628 1628 1628 136 136 136 590 590 590 589 589 589 588 588 588 588 588 588 1608 1608 1608 590 590 590 59 59 59 67 67 67 66 66 66 66 66 66 1596 1596 1596 59 59 59 127 127 127 135 135 135 134 134 134 134 134 134 1558 1558 1558 127 127 127 29 29 29 41 41 41 40 40 40 40 40 40 1541 1541 1541 29 29 29 98 98 98 97 97 97 600 600 600 600 600 600 601 601 601 98 98 98 601 601 601 599 599 599 598 598 598 598 598 598 1531 1531 1531 601 601 601 242 242 242 963 963 963 982 982 982 1217 1217 1217 1224 1224 1224 1490 1490 1490 1490 1490 1490 1499 1499 1499 1217 1217 1217 1208 1208 1208 1211 1211 1211 1476 1476 1476 1476 1476 1476 1482 1482 1482 1208 1208 1208 1198 1198 1198 1204 1204 1204 1455 1455 1455 1455 1455 1455 1465 1465 1465 1198 1198 1198 1440 1440 1440 1203 1203 1203 1221 1221 1221 1221 1221 1221 1446 1446 1446 1440 1440 1440 1061 1061 1061 1059 1059 1059 1057 1057 1057 1057 1057 1057 1063 1063 1063 1061 1061 1061 941 941 941 939 939 939 937 937 937 937 937 937 943 943 943 941 941 941 1037 1037 1037 1035 1035 1035 1033 1033 1033 1033 1033 1033 1039 1039 1039 1037 1037 1037 1007 1007 1007 1005 1005 1005 1003 1003 1003 1003 1003 1003 1009 1009 1009 1007 1007 1007 1231 1231 1231 1323 1323 1323 1325 1325 1325 1325 1325 1325 1232 1232 1232 1231 1231 1231 1207 1207 1207 1206 1206 1206 1304 1304 1304 1304 1304 1304 1306 1306 1306 1207 1207 1207 1215 1215 1215 103 103 103 102 102 102 102 102 102 1216 1216 1216 1215 1215 1215 1201 1201 1201 75 75 75 74 74 74 74 74 74 1202 1202 1202 1201 1201 1201 1199 1199 1199 169 169 169 168 168 168 168 168 168 1200 1200 1200 1199 1199 1199 251 251 251 1162 1162 1162 1181 1181 1181 349 349 349 362 362 362 752 752 752 363 363 363 364 364 364 368 368 368 368 368 368 732 732 732 363 363 363 443 443 443 441 441 441 237 237 237 447 447 447 235 235 235 233 233 233</p>
        </triangles>
      </mesh>
    </geometry>
    <geometry id="d9d5ad09d5ee43939e36d72564872058" name="580552437d6e4f15b135df694d66f3f8">
      <mesh>
        <source id="verts-array">
          <float_array count="2418" id="verts-array-array">-0.0182 0.03587448 0.01482407 -0.0185 0.03621306 0.01466693 -0.0182 0.03622501 0.01467887 -0.0182 0.03635331 0.01445665 -0.0185 0.03635331 0.01420005 -0.0182 0.03621307 0.01398976 -0.0185 0.03622501 0.01397782 -0.0185 0.03587448 0.01383263 -0.0182 0.03587448 0.01383263 -0.0185 0.03562662 0.01389904 -0.0182 0.03545981 0.01408894 -0.0185 0.03541197 0.01420442 -0.0182 0.03539565 0.01445665 -0.0185 0.03544517 0.01457621 -0.0182 0.03552395 0.01467888 -0.0185 0.03575055 0.01479087 -0.0185 0.03855859 0.0131182 -0.0185 0.0374507 0.01473974 -0.0185 0.03790808 0.01426305 -0.0185 0.03692109 0.01513466 -0.0185 0.03622501 0.01467887 -0.0185 0.0363337 0.01543701 -0.0185 0.03600278 0.01480718 -0.0185 0.03570457 0.01563856 -0.0185 0.03633971 0.01153917 -0.0185 0.03603267 0.01268507 -0.0185 0.03606583 0.01386641 -0.0185 0.03574655 0.01297118 -0.0185 0.03574618 0.01480718 -0.0185 0.03505083 0.0157338 -0.0185 0.03828077 0.01371757 -0.0185 0.03326623 0.01153917 -0.0185 0.03337095 0.01114832 -0.0185 0.03104735 0.01036477 -0.0185 0.03861228 0.01052116 -0.0185 0.03574618 0.01384952 -0.0185 0.03539613 0.0131735 -0.0185 0.03545981 0.01408894 -0.0185 0.03552395 0.01467888 -0.0185 0.03539565 0.01445665 -0.0185 0.03500528 0.01327822 -0.0185 0.03800963 0.009350398 -0.0185 0.03835946 0.009910809 -0.0185 0.03873397 0.01248126 -0.0185 0.03880211 0.01182416 -0.0185 0.03876118 0.01116479 -0.0185 0.03635331 0.01445665 -0.0185 0.03439033 0.01572014 -0.0185 0.03460065 0.01327823 -0.0185 0.0337411 0.01559796 -0.0185 0.03420981 0.0131735 -0.0185 0.03357328 0.01268506 -0.0185 0.0320336 0.01462776 -0.0185 0.03385939 0.01297118 -0.0185 0.03254643 0.01504422 -0.0185 0.03312082 0.01537059 -0.0185 0.03132518 0.009765399 -0.0185 0.03357327 0.0107979 -0.0185 0.03169786 0.009219927 -0.0185 0.03337096 0.01233464 -0.0185 0.03124648 0.01357216 -0.0185 0.03159631 0.01413257 -0.0185 0.03087197 0.01100171 -0.0185 0.03080383 0.01165882 -0.0185 0.03326624 0.0119438 -0.0185 0.03084476 0.01231818 -0.0185 0.03099367 0.01296182 -0.0185 0.03215524 0.008743228 -0.0185 0.03385939 0.01051179 -0.0185 0.03268485 0.008348315 -0.0185 0.03420981 0.01030947 -0.0185 0.03327224 0.008045967 -0.0185 0.03390138 0.007844415 -0.0185 0.03460066 0.01020475 -0.0185 0.03455511 0.007749171 -0.0185 0.03521561 0.007762831 -0.0185 0.03500529 0.01020475 -0.0185 0.03586484 0.00788501 -0.0185 0.03539613 0.01030947 -0.0185 0.03648512 0.008112378 -0.0185 0.03705951 0.008438752 -0.0185 0.03574655 0.01051179 -0.0185 0.03757234 0.008855213 -0.0185 0.03603266 0.01079791 -0.0185 0.03623498 0.01114833 -0.0175 0.03104735 0.01036477 -0.0175 0.03087197 0.01100171 -0.0175 0.03080383 0.01165882 -0.0175 0.03084476 0.01231818 -0.0175 0.03099367 0.01296182 -0.0175 0.03124648 0.01357216 -0.0175 0.03159631 0.01413257 -0.0175 0.0320336 0.01462776 -0.0175 0.03254643 0.01504422 -0.0175 0.03312082 0.01537059 -0.0175 0.0337411 0.01559796 -0.0175 0.03439033 0.01572014 -0.0175 0.03505083 0.0157338 -0.0175 0.03570457 0.01563856 -0.0175 0.0363337 0.01543701 -0.0175 0.03692109 0.01513466 -0.0175 0.0374507 0.01473974 -0.0175 0.03790808 0.01426305 -0.0175 0.03828077 0.01371757 -0.0175 0.03855859 0.0131182 -0.0175 0.03873397 0.01248126 -0.0175 0.03880211 0.01182416 -0.0175 0.03876118 0.01116479 -0.0175 0.03861228 0.01052116 -0.0175 0.03835946 0.009910809 -0.0175 0.03800963 0.009350398 -0.0175 0.03757234 0.008855213 -0.0175 0.03705951 0.008438752 -0.0175 0.03648512 0.008112378 -0.0175 0.03586484 0.00788501 -0.0175 0.03521561 0.007762831 -0.0175 0.03455511 0.007749171 -0.0175 0.03390138 0.007844415 -0.0175 0.03327224 0.008045967 -0.0175 0.03268485 0.008348315 -0.0175 0.03215524 0.008743228 -0.0175 0.03169786 0.009219927 -0.0175 0.03132518 0.009765399 -0.0175 0.03239919 0.007016149 -0.0175 0.03209791 0.006906565 -0.0175 0.03099569 0.008093184 -0.0175 0.03329694 0.005986511 -0.0175 0.03491538 0.006469599 -0.0175 0.03308525 0.005619833 -0.0175 0.03332482 0.006305892 -0.0175 0.03321523 0.006607177 -0.0175 0.03291585 0.006906566 -0.0175 0.03179852 0.00660718 -0.0175 0.03168893 0.006305887 -0.0175 0.03009111 0.005276326 -0.0175 0.0317168 0.00598651 -0.0175 0.03088883 0.004764413 -0.0175 0.03192851 0.005619835 -0.0175 0.03174151 0.004350448 -0.0175 0.03229517 0.005408135 -0.0175 0.03263716 0.004040235 -0.0175 0.03356321 0.003838135 -0.0175 0.03271857 0.005408138 -0.0175 0.03450666 0.003746974 -0.0175 0.03545428 0.003768041 -0.0175 0.03818989 0.004493814 -0.0175 0.03730891 0.004144099 -0.0175 0.03639275 0.003901038 -0.0175 0.03720676 0.00538027 -0.0175 0.03750804 0.005489855 -0.0175 0.03902333 0.004945258 -0.0175 0.03780743 0.005789238 -0.0175 0.03791702 0.006090522 -0.0175 0.03791702 0.006305896 -0.0175 0.04112566 0.006840106 -0.0175 0.03979751 0.005492118 -0.0175 0.04050159 0.006126703 -0.0175 0.04092462 0.01002376 -0.0175 0.04055795 0.01023546 -0.0175 0.04013455 0.01324751 -0.0175 0.04243666 0.009348409 -0.0175 0.04210004 0.008462345 -0.0175 0.04105461 0.009036418 -0.0175 0.04116419 0.009445389 -0.0175 0.04266611 0.01026807 -0.0175 0.04110845 0.009761104 -0.0175 0.04278519 0.01120841 -0.0175 0.04013455 0.01023546 -0.0175 0.03976788 0.01002376 -0.0175 0.03969173 0.00894316 -0.0175 0.03767745 0.006776583 -0.0175 0.03955618 0.009233688 -0.0175 0.03993728 0.00873703 -0.0175 0.04034625 0.008627446 -0.0175 0.04075522 0.008737031 -0.0175 0.04166099 0.007622317 -0.0175 0.03955618 0.009657087 -0.0175 0.04066196 0.01327539 -0.0175 0.04092462 0.01345922 -0.0175 0.04113632 0.01382589 -0.0175 0.04268709 0.01309824 -0.0175 0.04279221 0.01215623 -0.0175 0.04247128 0.01402119 -0.0175 0.04113632 0.01424929 -0.0175 0.04214783 0.01491215 -0.0175 0.03988956 0.01791616 -0.0175 0.04013455 0.01482766 -0.0175 0.03976788 0.01461597 -0.0175 0.04055795 0.01482766 -0.0175 0.04058416 0.01727122 -0.0175 0.0411976 0.01654864 -0.0175 0.04092462 0.01461597 -0.0175 0.04172127 0.01575859 -0.0175 0.03678335 0.01804696 -0.0175 0.03557236 0.0197044 -0.0175 0.03709907 0.01810271 -0.0175 0.03650875 0.01955751 -0.0175 0.03742121 0.01930091 -0.0175 0.03750804 0.01799313 -0.0175 0.03829691 0.01893818 -0.0175 0.03709907 0.01646682 -0.0175 0.03750804 0.01657641 -0.0175 0.03791701 0.01728476 -0.0175 0.03780742 0.01687579 -0.0175 0.03780742 0.01769374 -0.0175 0.03912356 0.01847443 -0.0175 0.03630899 0.01749646 -0.0175 0.03628113 0.01717708 -0.0175 0.03329694 0.01707307 -0.0175 0.03639071 0.0168758 -0.0175 0.03669009 0.0165764 -0.0175 0.03652069 0.01786314 -0.0175 0.03275151 0.01947399 -0.0175 0.03368045 0.01966234 -0.0175 0.03291583 0.01799312 -0.0175 0.03462515 0.01973952 -0.0175 0.03316138 0.01778699 -0.0175 0.03326906 0.01760047 -0.0175 0.03250687 0.0181027 -0.0175 0.03185136 0.01917708 -0.0175 0.03219115 0.01804696 -0.0175 0.03018742 0.01827576 -0.0175 0.03099264 0.01877579 -0.0175 0.03088328 0.01566117 -0.0175 0.02944699 0.01768399 -0.0175 0.02966866 0.01474594 -0.0175 0.02878174 0.01700882 -0.0175 0.02953108 0.01162907 -0.0175 0.02686635 0.0127465 -0.0175 0.02868132 0.01345921 -0.0175 0.02904799 0.01324751 -0.0175 0.02936738 0.01321964 -0.0175 0.02996805 0.01362861 -0.0175 0.03007763 0.01414527 -0.0175 0.02732445 0.01458258 -0.0175 0.02846962 0.01424929 -0.0175 0.02704093 0.01367814 -0.0175 0.02846962 0.01382589 -0.0175 0.02966866 0.01332923 -0.0175 0.02996805 0.01444656 -0.0175 0.02936737 0.01485553 -0.0175 0.02904799 0.01482766 -0.0175 0.02820102 0.0162597 -0.0175 0.02771297 0.01544715 -0.0175 0.02868132 0.01461595 -0.0175 0.02701307 0.009920059 -0.0175 0.02685233 0.01085418 -0.0175 0.02680319 0.01180076 -0.0175 0.0281348 0.007321588 -0.0175 0.02765884 0.008141284 -0.0175 0.02728318 0.009011516 -0.0175 0.02935953 0.005878984 -0.0175 0.02870436 0.006563946 -0.0175 0.02966866 0.008737027 -0.0175 0.02996805 0.009036409 -0.0175 0.02947139 0.01023546 -0.0175 0.02983806 0.01002376 -0.0175 0.03002189 0.009761095 -0.0175 0.03007764 0.009445381 -0.0175 0.0284975 0.00912967 -0.0175 0.02925969 0.008627442 -0.0175 0.02904799 0.01023545 -0.0175 0.02875747 0.0100999 -0.0175 0.0284975 0.009761096 -0.0175 0.03250687 0.01646682 -0.0175 0.03209789 0.0165764 -0.0175 0.03282258 0.01652256 -0.0175 0.03308525 0.01670639 -0.0175 0.03168893 0.01728476 -0.0175 0.03179851 0.01687579 -0.0175 0.03976788 0.01345921 -0.0175 0.03958405 0.01372188 -0.0175 0.0395283 0.01403759 -0.0175 0.03958405 0.0143533 -0.0175 0.036309 0.006409907 -0.0175 0.0365207 0.00677658 -0.0175 0.03709908 0.007016152 -0.0175 0.03678336 0.006960407 -0.0175 0.03630901 0.005986512 -0.0175 0.03644456 0.005695983 -0.0175 0.03678336 0.00543601 -0.0175 0.03741479 0.006960412 -0.0155 0.03760131 0.006852727 -0.0175 0.03760131 0.006852727 -0.0155 0.03780743 0.006607181 -0.0175 0.03786127 0.006513924 -0.0155 0.03791702 0.006305896 -0.0155 0.03788915 0.00598651 -0.0175 0.03788915 0.00598651 -0.0155 0.03767744 0.005619837 -0.0175 0.03775359 0.005695979 -0.0155 0.03741479 0.005436015 -0.0175 0.03709908 0.005380268 -0.0155 0.03709908 0.005380268 -0.0155 0.0366901 0.005489851 -0.0175 0.0366901 0.005489851 -0.0155 0.03639072 0.00578924 -0.0155 0.03628113 0.006198209 -0.0175 0.03628113 0.006305891 -0.0155 0.03639071 0.006607179 -0.0175 0.03639071 0.006607179 -0.0155 0.0366901 0.006906567 -0.0175 0.0366901 0.006906567 -0.0155 0.03699139 0.007016152 -0.0175 0.03699139 0.007016152 -0.0155 0.03731078 0.006988282 -0.0175 0.03731078 0.006988282 -0.0155 0.04066196 0.01020759 -0.0175 0.04075522 0.01015374 -0.0155 0.04092462 0.01002376 -0.0175 0.04105461 0.00985436 -0.0155 0.04110845 0.009761104 -0.0155 0.04116419 0.009445389 -0.0155 0.04105461 0.009036418 -0.0175 0.04110845 0.009129675 -0.0175 0.04092462 0.008867017 -0.0155 0.04075522 0.008737031 -0.0175 0.04055795 0.008655318 -0.0155 0.04034625 0.008627446 -0.0175 0.04023857 0.008627445 -0.0155 0.03993728 0.00873703 -0.0155 0.03969173 0.00894316 -0.0175 0.03963789 0.009036417 -0.0155 0.03955618 0.009233688 -0.0175 0.03952831 0.009337704 -0.0155 0.03955618 0.009657087 -0.0155 0.03969173 0.009947617 -0.0155 0.03993728 0.01015374 -0.0155 0.04034624 0.01026333 -0.0175 0.04045393 0.01026333 -0.0175 0.0410546 0.01444656 -0.0155 0.04092462 0.01461597 -0.0175 0.04084848 0.01469211 -0.0155 0.04110844 0.0143533 -0.0175 0.04116419 0.01403759 -0.0155 0.04116419 0.01403759 -0.0155 0.04105461 0.01362862 -0.0175 0.04105461 0.01362862 -0.0155 0.04084847 0.01338307 -0.0175 0.04084847 0.01338307 -0.0155 0.04066196 0.01327539 -0.0175 0.04055795 0.01324752 -0.0155 0.04034625 0.01321964 -0.0175 0.04023857 0.01321964 -0.0155 0.03993728 0.01332923 -0.0175 0.03993728 0.01332923 -0.0155 0.03969173 0.01353536 -0.0175 0.03963789 0.01362862 -0.0155 0.03955618 0.01382589 -0.0175 0.0395283 0.0139299 -0.0155 0.03955618 0.01424929 -0.0175 0.03955618 0.01424929 -0.0155 0.03969173 0.01453982 -0.0175 0.03969173 0.01453982 -0.0155 0.03993728 0.01474595 -0.0175 0.04003053 0.01479979 -0.0155 0.04023856 0.01485553 -0.0175 0.04023856 0.01485553 -0.0155 0.04055795 0.01482766 -0.0155 0.03731077 0.01807484 -0.0175 0.03741478 0.01804697 -0.0155 0.0376013 0.01793928 -0.0175 0.03767744 0.01786314 -0.0155 0.03780742 0.01769374 -0.0175 0.03786127 0.01760048 -0.0155 0.03791701 0.01728476 -0.0155 0.03786127 0.01696905 -0.0155 0.03767744 0.01670639 -0.0155 0.03731077 0.0164947 -0.0155 0.03688736 0.01649469 -0.0175 0.03678335 0.01652256 -0.0155 0.03652069 0.01670639 -0.0175 0.03652069 0.01670639 -0.0155 0.03633687 0.01696905 -0.0175 0.036309 0.01707307 -0.0155 0.03628113 0.01728476 -0.0155 0.03639071 0.01769374 -0.0175 0.03644455 0.017787 -0.0155 0.03669009 0.01799312 -0.0175 0.03669009 0.01799312 -0.0155 0.03699138 0.01810271 -0.0155 0.03200464 0.01663024 -0.0155 0.03179851 0.01687579 -0.0175 0.03174467 0.01696905 -0.0155 0.03168893 0.01717708 -0.0175 0.03168893 0.01717708 -0.0155 0.0317168 0.01749646 -0.0175 0.0317168 0.01749646 -0.0155 0.03192849 0.01786314 -0.0175 0.03192849 0.01786314 -0.0155 0.03219115 0.01804696 -0.0175 0.03229517 0.01807483 -0.0155 0.03250687 0.0181027 -0.0175 0.03261455 0.01810271 -0.0155 0.03291583 0.01799312 -0.0155 0.03316138 0.01778699 -0.0155 0.03326906 0.01760047 -0.0175 0.03329694 0.01749646 -0.0155 0.03332481 0.01728476 -0.0175 0.03332481 0.01717708 -0.0155 0.03321523 0.0168758 -0.0175 0.03321523 0.0168758 -0.0155 0.0330091 0.01663025 -0.0175 0.03291584 0.0165764 -0.0155 0.03271857 0.01649469 -0.0155 0.03229517 0.01649469 -0.0155 0.02966866 0.01474594 -0.0155 0.02991421 0.01453981 -0.0175 0.02991421 0.01453981 -0.0155 0.03004976 0.01424929 -0.0175 0.03004976 0.01424929 -0.0155 0.03007764 0.0139299 -0.0175 0.03004976 0.01382589 -0.0155 0.02996805 0.01362861 -0.0175 0.02983806 0.01345921 -0.0155 0.02966866 0.01332923 -0.0175 0.02947139 0.01324751 -0.0155 0.02925969 0.01321964 -0.0155 0.02894398 0.01327538 -0.0155 0.02868132 0.01345921 -0.0155 0.02849749 0.01372187 -0.0175 0.02849749 0.01372187 -0.0155 0.02844175 0.01403758 -0.0175 0.02844175 0.01403758 -0.0155 0.02855133 0.01444656 -0.0175 0.02855133 0.01444656 -0.0155 0.02875746 0.0146921 -0.0175 0.02885072 0.01474594 -0.0155 0.02904799 0.01482766 -0.0175 0.02925969 0.01485553 -0.0155 0.02936737 0.01485553 -0.0155 0.02991421 0.00894315 -0.0175 0.02991421 0.00894315 -0.0155 0.02966866 0.008737027 -0.0175 0.02957541 0.008683186 -0.0155 0.02936738 0.008627442 -0.0175 0.02936738 0.008627442 -0.0155 0.02904799 0.008655312 -0.0175 0.02904799 0.008655312 -0.0155 0.02868132 0.00886701 -0.0175 0.02875746 0.008790866 -0.0175 0.02855134 0.009036413 -0.0155 0.0284975 0.00912967 -0.0175 0.02844175 0.00944538 -0.0155 0.02844175 0.00944538 -0.0155 0.02855134 0.009854351 -0.0175 0.02855134 0.009854351 -0.0155 0.02885072 0.01015374 -0.0155 0.02925969 0.01026333 -0.0175 0.02936738 0.01026333 -0.0155 0.02966866 0.01015374 -0.0175 0.02966866 0.01015374 -0.0155 0.02991421 0.00994761 -0.0175 0.02996805 0.009854353 -0.0155 0.03004976 0.009657082 -0.0175 0.03007764 0.009553068 -0.0155 0.03004977 0.009233681 -0.0175 0.03004977 0.009233681 -0.0155 0.03291585 0.006906566 -0.0155 0.03316139 0.006700435 -0.0155 0.03329694 0.006409906 -0.0155 0.03332482 0.006090528 -0.0155 0.03321523 0.005789235 -0.0175 0.03316139 0.005695976 -0.0155 0.03291585 0.005489851 -0.0175 0.03291585 0.005489851 -0.0155 0.03250687 0.005380265 -0.0175 0.03261456 0.005380266 -0.0155 0.03209791 0.005489849 -0.0155 0.03179852 0.005789238 -0.0175 0.03174467 0.005882496 -0.0155 0.03168893 0.006198205 -0.0175 0.03168893 0.006198205 -0.0155 0.03179852 0.00660718 -0.0155 0.03209791 0.006906565 -0.0155 0.03250687 0.00701615 -0.0175 0.03250687 0.00701615 -0.0155 0.03009111 0.005276326 -0.0155 0.0281348 0.007321588 -0.0155 0.02870436 0.006563946 -0.0155 0.02935953 0.005878984 -0.0155 0.02765884 0.008141284 -0.0155 0.02728318 0.009011516 -0.0155 0.02701307 0.009920059 -0.0155 0.02685233 0.01085418 -0.0155 0.02680319 0.01180076 -0.0155 0.02686635 0.0127465 -0.0155 0.02704093 0.01367814 -0.0155 0.02732445 0.01458258 -0.0155 0.02771297 0.01544715 -0.0155 0.02820102 0.0162597 -0.0155 0.02878174 0.01700882 -0.0155 0.02944699 0.01768399 -0.0155 0.03018742 0.01827576 -0.0155 0.03099264 0.01877579 -0.0155 0.03185136 0.01917708 -0.0155 0.03275151 0.01947399 -0.0155 0.03368045 0.01966234 -0.0155 0.03462515 0.01973952 -0.0155 0.03557236 0.0197044 -0.0155 0.03650875 0.01955751 -0.0155 0.03742121 0.01930091 -0.0155 0.03829691 0.01893818 -0.0155 0.03912356 0.01847443 -0.0155 0.03988956 0.01791616 -0.0155 0.04058416 0.01727122 -0.0155 0.0411976 0.01654864 -0.0155 0.04172127 0.01575859 -0.0155 0.04214783 0.01491215 -0.0155 0.04247128 0.01402119 -0.0155 0.04268709 0.01309824 -0.0155 0.04279221 0.01215623 -0.0155 0.04278519 0.01120841 -0.0155 0.04266611 0.01026807 -0.0155 0.04243666 0.009348409 -0.0155 0.04210004 0.008462345 -0.0155 0.04166099 0.007622317 -0.0155 0.04112566 0.006840106 -0.0155 0.04050159 0.006126703 -0.0155 0.03979751 0.005492118 -0.0155 0.03902333 0.004945258 -0.0155 0.03818989 0.004493814 -0.0155 0.03730891 0.004144099 -0.0155 0.03639275 0.003901038 -0.0155 0.03545428 0.003768041 -0.0155 0.03450666 0.003746974 -0.0155 0.03356321 0.003838135 -0.0155 0.03088883 0.004764413 -0.0155 0.03174151 0.004350448 -0.0155 0.03263716 0.004040235 -0.0155 0.04113632 0.01424929 -0.0155 0.02885072 0.01332923 -0.0155 0.02941559 0.0116769 -0.0155 0.02983806 0.008867009 -0.0155 0.03321523 0.006607177 -0.0155 0.03332482 0.00619821 -0.0155 0.02947139 0.008655314 -0.0155 0.02885072 0.008737024 -0.0155 0.02915201 0.008627442 -0.0155 0.02846962 0.01424929 -0.0155 0.02860518 0.01353535 -0.0155 0.02846962 0.01382589 -0.0155 0.02996805 0.01444656 -0.0155 0.03007763 0.01414527 -0.0155 0.03103918 0.0155966 -0.0155 0.02925969 0.01485553 -0.0155 0.02894398 0.01479978 -0.0155 0.02868132 0.01461595 -0.0155 0.03480297 0.01728476 -0.0155 0.03639071 0.0168758 -0.0155 0.03750804 0.01657641 -0.0155 0.03720675 0.01646682 -0.0155 0.03872266 0.01566118 -0.0155 0.03767744 0.01786314 -0.0155 0.03786127 0.01760048 -0.0155 0.03659684 0.01793928 -0.0155 0.03688736 0.01807483 -0.0155 0.03780742 0.01687579 -0.0155 0.03669009 0.0165764 -0.0155 0.04113632 0.01382589 -0.0155 0.04100077 0.01353537 -0.0155 0.04075522 0.01332923 -0.0155 0.03767745 0.006776583 -0.0155 0.03976788 0.01002376 -0.0155 0.04013455 0.01023546 -0.0155 0.04055795 0.01023546 -0.0155 0.04084848 0.0100999 -0.0155 0.04105461 0.00985436 -0.0155 0.03788915 0.00640991 -0.0155 0.03791702 0.006090522 -0.0155 0.03780743 0.005789238 -0.0155 0.0376013 0.005543695 -0.0155 0.03720676 0.00538027 -0.0155 0.02957541 0.01020758 -0.0155 0.03031684 0.01138842 -0.0155 0.03042731 0.01069098 -0.0155 0.02983806 0.01002376 -0.0155 0.03064551 0.01001941 -0.0155 0.03096609 0.009390236 -0.0155 0.03138114 0.008818968 -0.0155 0.02860518 0.008943155 -0.0155 0.02860518 0.009947606 -0.0155 0.03772549 0.008319658 -0.0155 0.03715422 0.007904609 -0.0155 0.03688738 0.005408138 -0.0155 0.03659685 0.005543691 -0.0155 0.03633687 0.006513924 -0.0155 0.03585347 0.00736582 -0.0155 0.0365207 0.00677658 -0.0155 0.03652505 0.00758403 -0.0155 0.03688738 0.00698828 -0.0155 0.04013455 0.01482766 -0.0155 0.04045394 0.01485553 -0.0155 0.04003053 0.01327539 -0.0155 0.0392891 0.01209456 -0.0155 0.0382248 0.014664 -0.0155 0.03863985 0.01409274 -0.0155 0.03917864 0.01279199 -0.0155 0.03976788 0.01345921 -0.0155 0.03896043 0.01346356 -0.0155 0.03205982 0.01795505 -0.0155 0.03300909 0.01793928 -0.0155 0.03321522 0.01769373 -0.0155 0.0317168 0.01707307 -0.0155 0.03168893 0.01739245 -0.0155 0.03326907 0.01696905 -0.0155 0.0344499 0.01622762 -0.0155 0.03375247 0.01611715 -0.0155 0.03188045 0.01516331 -0.0155 0.03245172 0.01557836 -0.0155 0.03308525 0.01670639 -0.0155 0.03308089 0.01589894 -0.0155 0.03192849 0.01670638 -0.0155 0.03515603 0.01622761 -0.0155 0.03976788 0.01461597 -0.0155 0.03772549 0.01516331 -0.0155 0.03585347 0.01611715 -0.0155 0.03652504 0.01589894 -0.0155 0.03715421 0.01557837 -0.0155 0.03031685 0.01209454 -0.0155 0.0304273 0.01279199 -0.0155 0.03064551 0.01346356 -0.0155 0.03096609 0.01409273 -0.0155 0.03138115 0.014664 -0.0155 0.03444991 0.00725536 -0.0155 0.03188046 0.008319663 -0.0155 0.03375247 0.007365819 -0.0155 0.0330809 0.007584027 -0.0155 0.03245173 0.007904602 -0.0155 0.03822479 0.00881897 -0.0155 0.0392891 0.01138843 -0.0155 0.03917864 0.01069098 -0.0155 0.03896043 0.01001941 -0.0155 0.03863986 0.009390244 -0.0175 0.03539613 0.0131735 -0.0175 0.03574655 0.01297118 -0.0175 0.03603267 0.01268507 -0.0175 0.03623499 0.01233465 -0.0185 0.03623499 0.01233465 -0.0175 0.03633971 0.0119438 -0.0185 0.03633971 0.0119438 -0.0175 0.03633971 0.01153917 -0.0175 0.03623498 0.01114833 -0.0175 0.03603266 0.01079791 -0.0175 0.03574655 0.01051179 -0.0175 0.03539613 0.01030947 -0.0175 0.03500529 0.01020475 -0.0175 0.03460066 0.01020475 -0.0175 0.03420981 0.01030947 -0.0175 0.03385939 0.01051179 -0.0175 0.03357327 0.0107979 -0.0175 0.03337095 0.01114832 -0.0175 0.03326623 0.01153917 -0.0175 0.03326624 0.0119438 -0.0175 0.03337096 0.01233464 -0.0175 0.03357328 0.01268506 -0.0175 0.03385939 0.01297118 -0.0175 0.03420981 0.0131735 -0.0175 0.03460065 0.01327823 -0.0175 0.03500528 0.01327822 -0.0144 0.03675335 0.01579685 -0.0144 0.03629141 0.01598819 -0.0143 0.03629141 0.01598819 -0.0143 0.03585347 0.01611715 -0.0143 0.03515603 0.01622761 -0.0143 0.0344499 0.01622762 -0.0143 0.03375247 0.01611715 -0.0143 0.03308089 0.01589894 -0.0143 0.03245172 0.01557836 -0.0143 0.03188045 0.01516331 -0.0143 0.03138115 0.014664 -0.0143 0.03096609 0.01409273 -0.0143 0.03064551 0.01346356 -0.0143 0.0304273 0.01279199 -0.0143 0.03031685 0.01209454 -0.0143 0.03031684 0.01138842 -0.0143 0.03042731 0.01069098 -0.0143 0.03064551 0.01001941 -0.0143 0.03096609 0.009390236 -0.0143 0.03138114 0.008818968 -0.0143 0.03188046 0.008319663 -0.0143 0.03245173 0.007904602 -0.0143 0.0330809 0.007584027 -0.0143 0.03375247 0.007365819 -0.0143 0.03444991 0.00725536 -0.0155 0.03515604 0.007255357 -0.0143 0.03515604 0.007255357 -0.0143 0.03585347 0.00736582 -0.0143 0.03652505 0.00758403 -0.0143 0.03715422 0.007904609 -0.0143 0.03772549 0.008319658 -0.0143 0.03822479 0.00881897 -0.0143 0.03863986 0.009390244 -0.0143 0.03896043 0.01001941 -0.0143 0.03917864 0.01069098 -0.0143 0.0392891 0.01138843 -0.0143 0.0392891 0.01209456 -0.0143 0.03917864 0.01279199 -0.0143 0.03896043 0.01346356 -0.0143 0.03863985 0.01409274 -0.0143 0.0382248 0.014664 -0.0143 0.03772549 0.01516331 -0.0143 0.03715421 0.01557837 -0.0182 0.03621306 0.01466693 -0.0182 0.03637021 0.01432835 -0.0182 0.03577881 0.01480718 -0.0182 0.03539565 0.01442402 -0.0182 0.0355359 0.01398977 -0.0175 0.03314435 0.01371055 -0.0175 0.03257582 0.01375141 -0.0175 0.03267462 0.01319004 -0.0175 0.03295168 0.009952363 -0.0175 0.03294972 0.009382368 -0.0175 0.03350304 0.00951924 -0.0175 0.0322916 0.01117472 -0.0175 0.03199375 0.01068873 -0.0175 0.03253764 0.01051818 -0.0175 0.0341508 0.009250929 -0.0175 0.03444527 0.008762889 -0.0175 0.03484693 0.009167328 -0.0175 0.03613382 0.01097312 -0.0175 0.0355398 0.009274647 -0.0175 0.03617801 0.009564919 -0.0175 0.03671426 0.01001661 -0.0175 0.03728306 0.01005354 -0.0175 0.03710875 0.01059624 -0.0175 0.0357882 0.01412004 -0.0175 0.03556292 0.01464364 -0.0175 0.03510994 0.01429765 -0.0175 0.03440891 0.01428568 -0.0175 0.03394438 0.01461599 -0.0175 0.03373711 0.01408501 -0.0175 0.03236272 0.0125621 -0.0175 0.03185573 0.01230161 -0.0175 0.03223182 0.0118733 -0.0175 0.03238196 0.009969849 -0.0175 0.03604498 0.009010658 -0.0175 0.03721378 0.01264493 -0.0175 0.03744267 0.01316696 -0.0175 0.03688063 0.01326186 -0.0175 0.03696019 0.01382628 -0.0175 0.03639339 0.01376603 -0.0175 0.03211614 0.013076 -0.0175 0.03181389 0.01148568 -0.0175 0.03526215 0.008776835 -0.0175 0.03673569 0.00944701 -0.0175 0.0376465 0.01078526 -0.0175 0.03736813 0.011961 -0.0175 0.03772937 0.01240191 -0.0175 0.03475175 0.01474104 -0.0175 0.03631773 0.01433099 -0.0175 0.03320068 0.01427776 -0.0175 0.03365492 0.008969847 -0.0175 0.03733223 0.0112608 -0.0175 0.03779903 0.01158789 -0.0143 0.03394438 0.01461599 -0.0143 0.03440891 0.01428568 -0.0143 0.03475175 0.01474104 -0.0143 0.03185573 0.01230161 -0.0143 0.03236272 0.0125621 -0.0143 0.03211614 0.013076 -0.0143 0.03688063 0.01326186 -0.0143 0.03744267 0.01316696 -0.0143 0.03696019 0.01382628 -0.0143 0.03639339 0.01376603 -0.0143 0.03631773 0.01433099 -0.0143 0.03611227 0.01424914 -0.0143 0.03675335 0.01579685 -0.0143 0.03294972 0.009382368 -0.0143 0.03295168 0.009952363 -0.0143 0.03238196 0.009969849 -0.0143 0.03710875 0.01059624 -0.0143 0.03728306 0.01005354 -0.0143 0.0376465 0.01078526 -0.0143 0.03733223 0.0112608 -0.0143 0.03779903 0.01158789 -0.0143 0.03736813 0.011961 -0.0143 0.03772937 0.01240191 -0.0143 0.03721378 0.01264493 -0.0143 0.03484693 0.009167328 -0.0143 0.03444527 0.008762889 -0.0143 0.03526215 0.008776835 -0.0143 0.0355398 0.009274647 -0.0143 0.03604498 0.009010658 -0.0143 0.03617801 0.009564919 -0.0143 0.03673569 0.00944701 -0.0143 0.03671426 0.01001661 -0.0143 0.03565033 0.01444048 -0.0143 0.03556292 0.01464364 -0.0143 0.03510994 0.01429765 -0.0143 0.03373711 0.01408501 -0.0143 0.03320068 0.01427776 -0.0143 0.03314435 0.01371055 -0.0143 0.03257582 0.01375141 -0.0143 0.03267462 0.01319004 -0.0143 0.03223182 0.0118733 -0.0143 0.03181389 0.01148568 -0.0143 0.0322916 0.01117472 -0.0143 0.03199375 0.01068873 -0.0143 0.03253764 0.01051818 -0.0143 0.03350304 0.00951924 -0.0143 0.03365492 0.008969847 -0.0143 0.0341508 0.009250929 -0.0144 0.0357882 0.01412004 -0.0144 0.03611227 0.01424914 -0.0144 0.03565033 0.01444048</float_array>
          <technique_common>
            <accessor count="806" source="#verts-array-array" stride="3">
              <param type="float" name="X"/>
              <param type="float" name="Y"/>
              <param type="float" name="Z"/>
            </accessor>
          </technique_common>
        </source>
        <source id="normals-array">
          <float_array count="2418" id="normals-array-array">0.07858859 -0.04232449 -0.9960083 0.1529345 -0.6772635 -0.7196702 0.05610435 -0.6588705 -0.7501613 0.05252284 -0.9798115 -0.1929008 -0.797549 -0.5918954 0.1165135 -0.6818443 -0.5206404 0.5138306 -0.7867702 -0.4073237 0.4637672 -0.01188499 -0.07724096 0.9969416 -0.6574407 -0.005074401 0.7534892 -0.08171078 0.5512041 0.8303598 -0.07629644 0.8449183 0.529426 0.04068872 0.9642443 0.2618728 -0.002363963 0.9841838 -0.1771345 0.08733908 0.8627227 -0.4980777 -0.6382295 0.50374 -0.582159 0.1036357 0.2066237 -0.9729164 -0.6889832 0.6804962 0.2494535 -0.6889849 0.4797557 0.5432626 -0.6889841 0.5626283 0.4568921 -0.6889817 0.3837929 0.614823 -1 0 0 -0.6889856 0.2773594 0.6696048 -1 0 0 -0.6889818 0.1633634 0.7061278 -0.7377024 -0.6693494 0.08812771 -0.7377011 -0.5356081 -0.4110001 -1 0 0 -0.7376964 -0.4109928 -0.5356202 -1 0 0 -0.6889838 0.04490338 0.7233845 -0.6889843 0.6301553 0.3580572 -0.7376996 0.6693552 0.08810786 -0.7377046 0.6237344 0.258355 -0.6889819 -0.6804959 -0.2494581 -0.6889823 0.690225 -0.2211171 -1 0 0 -0.7377041 -0.2583566 -0.6237344 -1 0 0 -1 0 0 -1 0 0 -0.7376948 -0.08812466 -0.6693582 -0.6889847 0.5810272 -0.4332521 -0.6889838 0.644413 -0.3317125 -0.6889823 0.7122759 0.1340385 -0.6889865 0.7246194 0.01497752 -0.6889835 0.7172057 -0.1044878 -1 0 0 -0.6889848 -0.07477103 0.7209086 -0.7377048 0.08811687 -0.6693483 -0.6889854 -0.1924006 0.6987712 -0.7377003 0.2583681 -0.6237341 -0.7376966 0.5356197 -0.4109931 -0.6889836 -0.5017977 0.5229729 -0.7377009 0.4109998 -0.5356086 -0.6889834 -0.4088737 0.5984347 -0.6889821 -0.3047922 0.6575754 -0.6889859 -0.6301523 -0.3580594 -0.7377011 0.5356081 0.4110001 -0.6889847 -0.5626305 -0.4568884 -0.7377028 0.6237343 -0.2583606 -0.6889827 -0.6444152 0.3317105 -0.6889856 -0.5810277 0.4332501 -0.6889825 -0.7122757 -0.1340389 -0.6889862 -0.7246197 -0.01497762 -0.737697 0.6693557 -0.08812572 -0.6889822 -0.7172062 0.1044929 -0.6889847 -0.6902225 0.2211178 -0.6889831 -0.4797571 -0.5432637 -0.7376964 0.4109928 0.5356202 -0.6889825 -0.3837901 -0.6148238 -0.7377041 0.2583566 0.6237344 -0.6889853 -0.2773587 -0.6696054 -0.6889827 -0.1633644 -0.7061267 -0.7376979 0.08811575 0.669356 -0.6889832 -0.04490573 -0.7233848 -0.688985 0.07476967 -0.7209085 -0.7376987 -0.08811802 0.6693548 -0.6889851 0.1923993 -0.6987718 -0.7377032 -0.2583592 0.6237343 -0.6889815 0.3047938 -0.6575752 -0.6889837 0.4088757 -0.598433 -0.7377001 -0.4109986 0.5356106 -0.6889845 0.501796 -0.5229733 -0.7376983 -0.5356185 0.4109915 -0.7376986 -0.6237361 0.2583682 -0.7261771 -0.6455022 -0.23663 -0.7261764 -0.675649 -0.1271463 -0.7261723 -0.687366 -0.0142076 -0.7261767 -0.6803254 0.09911962 -0.726174 -0.6547341 0.2097488 -0.7261762 -0.6112785 0.3146535 -0.726173 -0.5511552 0.4109754 -0.7261752 -0.4759959 0.4960822 -0.7261754 -0.3878497 0.5676636 -0.7261768 -0.2891188 0.6237608 -0.7261732 -0.1825085 0.6628447 -0.7261739 -0.07092664 0.6838428 -0.726175 0.04259452 0.6861892 -0.7261772 0.1549626 0.6698159 -0.726173 0.2630995 0.6351783 -0.7261773 0.3640566 0.5832061 -0.7261738 0.455089 0.5153307 -0.7261746 0.5336993 0.4333998 -0.7261744 0.5977546 0.339647 -0.7261756 0.6455051 0.2366266 -0.7261766 0.675649 0.1271459 -0.726172 0.6873662 0.01420752 -0.7261753 0.6803276 -0.09911509 -0.7261766 0.6547319 -0.2097467 -0.7261749 0.6112785 -0.3146564 -0.7261739 0.5511534 -0.4109762 -0.7261742 0.4759955 -0.496084 -0.7261751 0.3878519 -0.5676625 -0.7261775 0.2891199 -0.6237595 -0.7261735 0.1825072 -0.6628447 -0.7261736 0.07092541 -0.6838432 -0.7261756 -0.04259668 -0.6861884 -0.7261762 -0.1549639 -0.6698166 -0.7261733 -0.2630986 -0.6351783 -0.7261764 -0.3640548 -0.5832083 -0.7261757 -0.4550878 -0.5153289 -0.726174 -0.5337024 -0.4333972 -0.7261726 -0.5977547 -0.3396507 -1 0 0 -0.7702592 0.318866 -0.5522909 -1 0 0 -0.7543537 -0.6338437 0.1708585 -1 0 0 -1 0 0 -0.7571187 -0.6475623 -0.08622292 -0.7563696 -0.552775 -0.3497782 -0.7682138 -0.3176544 -0.5558267 -0.7626619 0.5601392 -0.3234052 -1 0 0 -0.6940144 -0.4240463 -0.5818323 -1 0 0 -0.6940115 -0.3522559 -0.6279043 -0.7643986 0.4370291 0.4740257 -0.6940136 -0.2755159 -0.6651587 -0.7644056 0.1920023 0.6154829 -0.6940126 -0.1949126 -0.6930769 -0.6940137 -0.1115731 -0.7112639 -1 0 0 -0.6940126 -0.02666793 -0.7194688 -0.6940128 0.05861473 -0.7175726 -0.6940142 0.3048039 -0.6522568 -0.6940127 0.2255235 -0.6837291 -0.6940131 0.1430731 -0.7056033 -1 0 0 -0.7563709 -0.303826 0.5793037 -0.6940112 0.3798119 -0.6116301 -1 0 0 -1 0 0 -0.7595097 -0.648013 -0.05678222 -0.6940146 0.5690127 -0.441099 -0.6940139 0.4494861 -0.5624117 -0.6940118 0.5128515 -0.5053029 -1 0 0 -1 0 0 -1 0 0 -0.6940119 0.6869973 -0.2153653 -0.6940136 0.6567013 -0.2951076 -1 0 0 -0.7619144 -0.6472162 -0.02444893 -0.694014 0.7076453 -0.1325999 -1 0 0 -0.6940121 0.7183632 -0.04797447 -0.7644037 0.1920027 -0.6154851 -0.7660155 0.4545359 -0.4545519 -1 0 0 -1 0 0 -1 0 0 -0.7571668 0.3484832 0.5525015 -1 0 0 -1 0 0 -0.6940122 0.6171896 -0.3707076 -0.7649077 0.6151957 -0.1909202 -1 0 0 -1 0 0 -1 0 0 -0.6940111 0.7095351 0.1221 -0.6940145 0.7189929 0.03732297 -0.6940142 0.6901104 0.205163 -1 0 0 -0.6940118 0.6610036 0.2853451 -0.6940142 0.4577673 0.5556918 -1 0 0 -1 0 0 -0.7666647 -0.1697427 -0.6192032 -0.6940116 0.5202797 0.4976514 -0.6940132 0.5754878 0.4326194 -1 0 0 -0.6940139 0.6226133 0.3615209 -1 0 0 -0.6940141 0.06924705 0.7166235 -0.7563749 0.02653093 -0.6536001 -0.6940145 0.1535096 0.7034051 -0.6940113 0.2356275 0.6803146 -1 0 0 -0.6940137 0.3144385 0.6476677 -0.7644027 -0.026166 0.6442079 -0.7662747 -0.3212601 0.5564306 -0.7649099 -0.6436443 0.02519714 -0.7660135 -0.5566945 0.3214258 -1 0 0 -0.6940123 0.3888336 0.6059334 -0.7566493 0.6378902 -0.1434502 -1 0 0 -1 0 0 -1 0 0 -1 0 0 -1 0 0 -0.6940117 -0.1846201 0.6958903 -0.6940155 -0.1010224 0.7128373 -0.756453 -0.3270284 -0.5664198 -0.69401 -0.01600242 0.7197875 -0.7496779 -0.5238411 -0.4044422 -1 0 0 -1 0 0 -0.6940133 -0.265632 0.6691676 -1 0 0 -0.6940121 -0.4153817 0.5880521 -0.6940128 -0.342912 0.6330542 -1 0 0 -0.694015 -0.4820123 0.5347965 -0.7592465 -0.3005739 -0.5772348 -0.6940119 -0.5418812 0.4740381 -1 0 0 -0.6940123 -0.7142589 0.09044942 -0.7669105 0.4336161 0.4731019 -0.7602667 0.1708549 0.6267401 -1 0 0 -1 0 0 -1 0 0 -0.6940114 -0.6730341 0.2556821 -1 0 0 -0.6940151 -0.6985465 0.1742866 -1 0 0 -1 0 0 -1 0 0 -1 0 0 -1 0 0 -0.6940134 -0.5941439 0.4066184 -0.6940128 -0.6380659 0.333494 -1 0 0 -0.6940109 -0.7010556 -0.1639205 -0.694014 -0.7155198 -0.0798501 -0.6940128 -0.7199429 0.005334232 -0.6940132 -0.600103 -0.3977714 -0.694012 -0.6429389 -0.3240015 -0.6940146 -0.6767437 -0.2456861 -0.6940127 -0.4898836 -0.5275988 -0.6940131 -0.5488461 -0.4659547 -1 0 0 -1 0 0 -1 0 0 -1 0 0 -1 0 0 -1 0 0 -1 0 0 -1 0 0 -0.7553104 0.16963 -0.6330338 -0.7653859 0.3955153 -0.5076929 -1 0 0 -0.7585194 -5.928376e-07 0.6516505 -0.7686325 0.3348108 0.5450741 -1 0 0 -1 0 0 -1 0 0 -1 0 0 -1 0 0 -1 0 0 -1 0 0 -1 0 0 -1 0 0 -1 0 0 -1 0 0 -1 0 0 -0.7553082 0.6330374 0.1696265 -0.7653869 0.5076993 0.3955052 -1 0 0 -1 0 0 0 -0.6087702 -0.7933466 0.003250047 -0.624284 -0.7811907 -0.004107078 -0.8645174 -0.5025862 0.002974367 -0.8978535 -0.4402842 -0.004463349 -0.9918171 -0.1275889 0 -0.9537467 0.3006113 -0.008115858 -0.9643831 0.2643848 -0.00293329 -0.7381359 0.6746457 -0.007420226 -0.7977625 0.6029262 -0.001359048 -0.3812838 0.9244571 0.006477771 0.004394866 0.9999694 0 0.04349646 0.9990536 0 0.5000046 0.8660227 -0.008188134 0.4669406 0.8842508 0.7602622 0.5611694 0.3272466 0.7582531 0.6519603 2.03166e-05 0.001360319 0.991247 -0.1320136 -0.006477835 0.8637979 -0.5037967 0 0.8434537 -0.5372018 0 0.5372044 -0.8434521 0 0.5372044 -0.8434521 0 0.1305279 -0.9914446 0 0.1305279 -0.9914446 0.7641651 -0.166942 -0.6230426 0 -0.2588164 -0.9659265 -0.00628775 -0.3840357 -0.9232969 0.01102918 -0.5359581 -0.8441725 -0.003478876 -0.7070978 -0.7071072 0.007426817 -0.8681614 -0.4962264 0.007418805 -0.9266339 -0.3758918 0.7694756 -0.638221 0.02410941 0.767958 -0.5560745 0.317839 -0.007418562 -0.9266346 0.3758899 0.007924142 -0.6778129 0.7351917 0.7662745 -0.3212563 0.556433 0.007923618 -0.2977911 0.9545982 0.7660175 -1.172904e-05 0.6428197 0.00135936 0.1320316 0.9912446 0.7571668 0.3042353 0.5780479 0.7586917 0.5162253 0.3973642 0.008880224 0.8450041 0.5346861 0.7563735 0.6381973 0.1435385 0.001359741 0.9916418 0.1290143 0.7649075 0.6282363 -0.1422525 -0.00135908 0.7942732 -0.6075593 -0.007924519 0.4644384 -0.88557 -0.01102859 0.04208118 -0.9990533 0.006290408 -0.1290704 -0.9916155 0.008880008 -0.8855592 -0.4644416 0.7705423 -0.4300143 -0.4704808 -0.007417489 -0.6029213 -0.7977662 -0.001359026 -0.9244624 -0.3812708 0.006477498 -0.9999694 0.004391552 0 -0.9990538 0.04349144 0 -0.8869586 0.461849 0 -0.8869586 0.461849 0 -0.6426956 0.7661217 0.004464525 -0.6111042 0.7915376 -0.001810567 -0.3435409 0.939136 0.006561783 -0.2573802 0.9662879 0.7563796 0.02652378 0.6535949 0.001360184 0.1320288 0.991245 -0.006410897 0.465743 0.8848968 0.006411319 0.5334817 0.8457873 -0.001359257 0.7924254 0.6099673 0.008878626 0.8449956 0.5346996 0.7641422 0.6293266 0.1415438 0.001357352 0.9916412 0.129019 0.764906 0.6282377 -0.142254 0 0.9659234 -0.2588281 0 0.7933533 -0.6087615 0.003249384 0.7812004 -0.6242719 -0.004108927 0.502584 -0.8645186 0.002973538 0.4402703 -0.8978604 -0.004465028 0.1275808 -0.9918181 0 0.08726655 -0.996185 0 -0.3005913 -0.953753 0.7621541 -0.1666234 -0.625586 0.006289125 -0.3813148 -0.9244239 -0.006289298 -0.6099294 -0.7924308 0.006559946 -0.7081525 -0.7060291 -0.0088815 -0.8855557 -0.4644482 0.001358093 -0.9244604 -0.3812755 0.7571694 -0.6527187 -0.02554881 -0.001358132 -0.9244595 0.3812779 -0.00792254 -0.6778107 0.7351937 -0.01246034 -0.2588056 0.9658491 -0.01342492 0.2587713 0.9658453 0.001360044 0.3840859 0.9232964 -0.006410448 0.6789086 0.7341948 0.006411262 0.7342148 0.678887 -0.001358962 0.9233011 0.3840745 0.01342308 0.9658438 0.2587772 0.7643996 0.6442121 -0.0261554 0.7582524 0.5646232 -0.3259664 0.001358093 0.7924217 -0.6099722 -0.006411997 0.533481 -0.8457878 0.006411301 0.4657351 -0.884901 -0.001359324 0.1320443 -0.9912429 0.007417869 0.6145438 0.7888478 0.004458506 0.8615925 0.507581 0.005057288 0.8806091 0.4738165 -0.004464722 0.9918191 0.1275731 0 0.9961854 0.08726239 0 0.9537535 -0.30059 0 0.9537535 -0.30059 0 0.7372045 -0.6756697 0.006478647 0.7101997 -0.7039704 -0.001358917 0.3840752 -0.9233008 0.008878814 0.2977665 -0.9545975 0.7735055 -0.02570282 -0.6332682 0.001357723 -0.1320306 -0.9912447 -0.006412726 -0.4657348 -0.8849011 0 -0.7661247 -0.642692 -0.001812967 -0.9391389 -0.3435328 0.006559018 -0.9662891 -0.2573757 0.756377 -0.6535983 0.02651814 0.001359642 -0.9912443 0.1320337 -0.006410654 -0.8849014 0.4657342 0.006410433 -0.8457956 0.5334686 -0.001360647 -0.6099786 0.7924167 0.01342395 -0.499945 0.8659531 0.7644023 -0.1414695 0.6290275 0.7643996 0.1414621 0.6290324 0.7666631 -0.3178153 -0.557872 0 -0.7933515 -0.6087638 0 -0.7933515 -0.6087638 0 -0.9659223 -0.2588321 0.006412931 -0.9752885 -0.2208422 -0.001357087 -0.9916418 0.1290142 0.01342812 -0.9658345 0.2588115 0.7689544 -0.5402235 0.3418591 0.01245946 -0.7070544 0.7070494 0.7662717 -0.3212593 0.5564352 0.01245813 -0.2588031 0.9658498 0.7644057 -0.02616247 0.6442046 0.007418162 0.3894344 0.9210243 0.008114597 0.7029938 0.7111497 0 0.9238798 0.3826828 0 0.9238798 0.3826828 0 0.9990532 -0.04350448 0 0.9990532 -0.04350448 0 0.8869594 -0.4618473 0.006478348 0.8682003 -0.4961717 -0.001358585 0.6099689 -0.7924242 0.01342559 0.4999408 -0.8659555 -0.003478791 0.2588244 -0.9659181 0.007427842 -0.004340087 -0.999963 0.007418949 -0.1377945 -0.9904331 0 -0.7933425 0.6087755 0.003249087 -0.7811903 0.6242845 -0.004108662 -0.5025821 0.8645197 0.002973238 -0.4402734 0.8978588 -0.004464734 -0.1275865 0.9918174 0 -0.08727558 0.9961842 0 0.3005978 0.953751 -0.008115354 0.2643729 0.9643864 -0.002933373 0.6746479 0.7381339 -0.007418857 0.6029231 0.7977648 0.008879009 0.8855577 0.4644445 -0.001359335 0.9244593 0.3812783 0.006477218 0.9999693 -0.004402669 0.7714068 0.63574 -0.02768139 -0.6532297 0.6557194 -0.3785802 -0.008187019 0.8842508 -0.4669406 0.7679562 0.3226642 -0.5532912 0.7582568 1.254013e-05 -0.651956 0.00136025 -0.132035 -0.9912441 -0.006411555 -0.4657429 -0.8848969 0.006411196 -0.5334853 -0.845785 -0.001359234 -0.7924263 -0.6099662 0.008878701 -0.8449964 -0.5346983 0.7641398 -0.6293281 -0.1415503 0.001357603 -0.9916397 -0.1290304 0.7649119 -0.628231 0.1422516 0 -0.9659245 0.2588241 0.7669129 -0.2963923 -0.5692066 -0.001358918 -0.7924342 -0.609956 -0.006562541 -0.9655142 -0.2602678 -0.006288804 -0.9912327 0.1319779 0.7641411 -0.5450891 0.3449147 0.001358974 -0.792432 0.6099588 0.7682119 -0.3176545 0.5558292 -0.008115324 -0.4949795 0.8688668 0.7679568 -0.00277708 0.6404956 -0.007418915 -0.1377905 0.9904336 0.7662742 0.321259 0.5564319 0.7660144 0.5566922 0.3214277 0.001358677 0.9244546 0.3812897 0.7682149 0.6401859 -0.00281868 0 0.9990528 -0.04351354 0.7702612 0.5522854 -0.3188707 0.7702592 0.318866 -0.5522909 0.7702625 5.373043e-06 -0.637727 0.6532263 6.379325e-06 -0.7571628 0.6940144 -0.4240463 -0.5818323 0.6940132 -0.600103 -0.3977714 0.6940131 -0.5488461 -0.4659547 0.6940127 -0.4898836 -0.5275988 0.694012 -0.6429389 -0.3240015 0.6940146 -0.6767437 -0.2456861 0.6940109 -0.7010556 -0.1639205 0.694014 -0.7155198 -0.0798501 0.6940128 -0.7199429 0.005334232 0.6940123 -0.7142589 0.09044942 0.6940151 -0.6985465 0.1742866 0.6940114 -0.6730341 0.2556821 0.6940128 -0.6380659 0.333494 0.6940134 -0.5941439 0.4066184 0.6940119 -0.5418812 0.4740381 0.694015 -0.4820123 0.5347965 0.6940121 -0.4153817 0.5880521 0.6940128 -0.342912 0.6330542 0.6940133 -0.265632 0.6691676 0.6940117 -0.1846201 0.6958903 0.6940155 -0.1010224 0.7128373 0.69401 -0.01600242 0.7197875 0.6940141 0.06924705 0.7166235 0.6940145 0.1535096 0.7034051 0.6940113 0.2356275 0.6803146 0.6940137 0.3144385 0.6476677 0.6940123 0.3888336 0.6059334 0.6940142 0.4577673 0.5556918 0.6940116 0.5202797 0.4976514 0.6940132 0.5754878 0.4326194 0.6940139 0.6226133 0.3615209 0.6940118 0.6610036 0.2853451 0.6940142 0.6901104 0.205163 0.6940111 0.7095351 0.1221 0.6940145 0.7189929 0.03732297 0.6940121 0.7183632 -0.04797447 0.694014 0.7076453 -0.1325999 0.6940119 0.6869973 -0.2153653 0.6940136 0.6567013 -0.2951076 0.6940122 0.6171896 -0.3707076 0.6940146 0.5690127 -0.441099 0.6940118 0.5128515 -0.5053029 0.6940139 0.4494861 -0.5624117 0.6940112 0.3798119 -0.6116301 0.6940142 0.3048039 -0.6522568 0.6940127 0.2255235 -0.6837291 0.6940131 0.1430731 -0.7056033 0.6940128 0.05861473 -0.7175726 0.6940126 -0.02666793 -0.7194688 0.6940137 -0.1115731 -0.7112639 0.6940115 -0.3522559 -0.6279043 0.6940136 -0.2755159 -0.6651587 0.6940126 -0.1949126 -0.6930769 1 0 0 1 0 0 1 0 0 1 0 0 1 0 0 1 0 0 1 0 0 1 0 0 1 0 0 1 0 0 1 0 0 1 0 0 1 0 0 1 0 0 1 0 0 1 0 0 1 0 0 1 0 0 1 0 0 1 0 0 1 0 0 1 0 0 1 0 0 1 0 0 1 0 0 1 0 0 1 0 0 1 0 0 1 0 0 1 0 0 1 0 0 1 0 0 1 0 0 1 0 0 1 0 0 1 0 0 1 0 0 1 0 0 1 0 0 1 0 0 1 0 0 1 0 0 1 0 0 1 0 0 0.7252029 -0.6864128 -0.05402022 0.7251983 -0.6695157 -0.1607364 1 0 0 0.7252013 -0.6361264 -0.2634886 0.7292173 -0.5739649 -0.3725673 1 0 0 1 0 0 1 0 0 0.725202 0.4471708 -0.5235651 0.7252001 0.3597595 -0.5870758 1 0 0 1 0 0 1 0 0 0.7252004 0.1607369 -0.6695132 1 0 0 0.7252001 0.2634927 -0.6361261 1 0 0 1 0 0 1 0 0 1 0 0 0.7251998 0.6864161 0.05402042 0.7251999 0.5235671 0.4471718 0.7252015 0.5870739 0.3597597 0.7252014 0.6695126 0.1607353 1 0 0 0.7251994 0.6361271 0.2634923 1 0 0 1 0 0 1 0 0 1 0 0 1 0 0 1 0 0 0.7252032 -0.05402098 0.6864125 0.7251993 -0.1607403 0.6695137 0.7252016 -0.4471708 0.5235655 0.7252002 -0.3597597 0.5870755 1 0 0 0.7252002 -0.2634925 0.6361261 1 0 0 0.7251982 0.05402512 0.6864174 1 0 0 0.7252001 0.4471693 0.5235689 0.7236931 0.15877 0.6716103 0.7220576 0.264752 0.6391708 0.7236929 0.3626307 0.5871691 0.7251962 -0.68642 0.05401922 0.7252037 -0.6695114 0.1607297 0.7251998 -0.6361256 0.2634948 0.7252011 -0.5870726 0.3597626 0.7251983 -0.5235702 0.4471707 0.7251992 -0.05402149 -0.6864166 0.729214 -0.4577694 -0.5086198 0.7252012 -0.1607341 -0.6695131 0.7252 -0.2634917 -0.6361267 0.7252019 -0.3597616 -0.5870723 0.7251973 0.5235699 -0.4471727 0.7251992 0.6864168 -0.05401891 0.7252019 0.6695124 -0.1607337 0.7251994 0.6361272 -0.2634921 0.7252027 0.5870711 -0.3597618 0.7377041 -0.2583566 -0.6237344 0.7376964 -0.4109928 -0.5356202 0.7377011 -0.5356081 -0.4110001 0.7377035 -0.6237343 -0.2583582 0.6788716 -0.6783654 -0.2809871 0.7376984 -0.6693552 -0.08811716 0.678876 -0.7279721 -0.09583376 0.7461249 -0.6601092 0.08691112 0 -0.9238752 0.3826938 0 -0.7933555 0.6087586 0.7461225 -0.4053249 0.5282167 0.7377032 -0.2583592 0.6237343 0.7376987 -0.08811802 0.6693548 0.7376979 0.08811575 0.669356 0.7377041 0.2583566 0.6237344 0.7376964 0.4109928 0.5356202 0.7377011 0.5356081 0.4110001 0.7377046 0.6237344 0.258355 0.7376996 0.6693552 0.08810786 0.737697 0.6693557 -0.08812572 0.7377028 0.6237343 -0.2583606 0.7376966 0.5356197 -0.4109931 -0.6788738 0.4469949 -0.5825169 -0.6788744 0.2809953 -0.6783592 0.7377048 0.08811687 -0.6693483 0.7376948 -0.08812466 -0.6693582 0.4245636 0.394833 0.8147715 0.316818 0.2987209 0.9002178 0.6819201 0.2066126 0.7016382 0.6928504 0.1585757 0.7034288 0.6898684 0.0568023 0.7217029 0.6898639 -0.05679871 0.7217075 0.6898674 -0.1690037 0.7039323 0.6898666 -0.2770389 0.6688299 0.6898666 -0.3782553 0.6172576 0.6898653 -0.4701621 0.5504847 0.6898683 -0.5504846 0.4701578 0.6898657 -0.6172562 0.3782593 0.6898669 -0.6688287 0.277041 0.6898634 -0.7039384 0.1689946 0.6898703 -0.7217016 0.05679578 0.6898641 -0.7217073 -0.05679788 0.6898683 -0.7039325 -0.1689991 0.6898656 -0.6688323 -0.2770357 0.6898662 -0.6172575 -0.3782561 0.6840433 -0.5546679 -0.4737385 0.6898691 -0.4701566 -0.5504847 0.6898651 -0.378259 -0.6172571 0.6898668 -0.2770379 -0.6688302 0.6898657 -0.168998 -0.7039353 0.6898675 -0.05679863 -0.7217041 -0.6898659 0.05679837 -0.7217056 0.6898659 0.05679837 -0.7217056 0.6898664 0.1690006 -0.7039341 0.6898667 0.277039 -0.6688299 0.6898667 0.378255 -0.6172577 0.689865 0.4701626 -0.5504847 0.6898693 0.5504828 -0.4701586 0.6898643 0.6172572 -0.3782601 0.6898674 0.6688296 -0.2770379 0.689865 0.703936 -0.168998 0.6898675 0.7217043 -0.05679593 0.689867 0.7217046 0.0567976 0.6898655 0.7039352 0.1689995 0.6898673 0.6688296 0.2770381 0.6898654 0.6172581 0.3782567 0.6898668 0.5504838 0.470161 0.6898666 0.4701586 0.550486 0.7180354 0.3746726 0.586554 -1 0 0 -1 0 0 -1 0 0 -1 0 0 -1 0 0 1 0 0 1 0 0 1 0 0 1 0 0 1 0 0 1 0 0 1 0 0 1 0 0 1 0 0 1 0 0 1 0 0 1 0 0 1 0 0 1 0 0 1 0 0 1 0 0 1 0 0 1 0 0 0.9013302 -0.1657498 -0.4001635 0.6447195 -0.7021844 -0.3021157 1 0 0 1 0 0 1 0 0 1 0 0 1 0 0 1 0 0 1 0 0 1 0 0 1 0 0 1 0 0 1 0 0 1 0 0 1 0 0 1 0 0 1 0 0 1 0 0 1 0 0 1 0 0 1 0 0 1 0 0 1 0 0 1 0 0 0.6447186 0.2829019 -0.710144 1 0 0 1 0 0 1 0 0 1 0 0 1 0 0 1 0 0 1 0 0 1 0 0 1 0 0 1 0 0 1 0 0 1 0 0 1 0 0 1 0 0 0.9743089 0.08335011 -0.2092246 1 0 0 1 0 0 1 0 0 1 0 0 1 0 0 1 0 0 1 0 0 1 0 0 1 0 0 1 0 0 1 0 0 1 0 0 1 0 0 1 0 0 1 0 0 1 0 0 1 0 0 1 0 0 1 0 0 1 0 0 1 0 0 1 0 0 0.9743084 -0.206882 -0.08901137 1 0 0 1 0 0 1 0 0 1 0 0 1 0 0 1 0 0 1 0 0 1 0 0 1 0 0 1 0 0 1 0 0 1 0 0 1 0 0 1 0 0 0.5787946 -0.3120636 -0.753401 0.5490246 0.3093216 -0.7764613 0.5490246 -0.7677593 -0.3303295</float_array>
          <technique_common>
            <accessor count="806" source="#normals-array-array" stride="3">
              <param type="float" name="X"/>
              <param type="float" name="Y"/>
              <param type="float" name="Z"/>
            </accessor>
          </technique_common>
        </source>
        <source id="colors-array">
          <float_array count="2418" id="colors-array-array">0.2941176 0.2941176 0.2941176 0.2941176 0.2941176 0.2941176 0.2941176 0.2941176 0.2941176 0.2941176 0.2941176 0.2941176 0.2941176 0.2941176 0.2941176 0.2941176 0.2941176 0.2941176 0.2941176 0.2941176 0.2941176 0.2941176 0.2941176 0.2941176 0.2941176 0.2941176 0.2941176 0.2941176 0.2941176 0.2941176 0.2941176 0.2941176 0.2941176 0.2941176 0.2941176 0.2941176 0.2941176 0.2941176 0.2941176 0.2941176 0.2941176 0.2941176 0.2941176 0.2941176 0.2941176 0.2941176 0.2941176 0.2941176 0.2941176 0.2941176 0.2941176 0.2941176 0.2941176 0.2941176 0.2941176 0.2941176 0.2941176 0.2941176 0.2941176 0.2941176 0.2941176 0.2941176 0.2941176 0.2941176 0.2941176 0.2941176 0.2941176 0.2941176 0.2941176 0.2941176 0.2941176 0.2941176 0.2941176 0.2941176 0.2941176 0.2941176 0.2941176 0.2941176 0.2941176 0.2941176 0.2941176 0.2941176 0.2941176 0.2941176 0.2941176 0.2941176 0.2941176 0.2941176 0.2941176 0.2941176 0.2941176 0.2941176 0.2941176 0.2941176 0.2941176 0.2941176 0.2941176 0.2941176 0.2941176 0.2941176 0.2941176 0.2941176 0.2941176 0.2941176 0.2941176 0.2941176 0.2941176 0.2941176 0.2941176 0.2941176 0.2941176 0.2941176 0.2941176 0.2941176 0.2941176 0.2941176 0.2941176 0.2941176 0.2941176 0.2941176 0.2941176 0.2941176 0.2941176 0.2941176 0.2941176 0.2941176 0.2941176 0.2941176 0.2941176 0.2941176 0.2941176 0.2941176 0.2941176 0.2941176 0.2941176 0.2941176 0.2941176 0.2941176 0.2941176 0.2941176 0.2941176 0.2941176 0.2941176 0.2941176 0.2941176 0.2941176 0.2941176 0.2941176 0.2941176 0.2941176 0.2941176 0.2941176 0.2941176 0.2941176 0.2941176 0.2941176 0.2941176 0.2941176 0.2941176 0.2941176 0.2941176 0.2941176 0.2941176 0.2941176 0.2941176 0.2941176 0.2941176 0.2941176 0.2941176 0.2941176 0.2941176 0.2941176 0.2941176 0.2941176 0.2941176 0.2941176 0.2941176 0.2941176 0.2941176 0.2941176 0.2941176 0.2941176 0.2941176 0.2941176 0.2941176 0.2941176 0.2941176 0.2941176 0.2941176 0.2941176 0.2941176 0.2941176 0.2941176 0.2941176 0.2941176 0.2941176 0.2941176 0.2941176 0.2941176 0.2941176 0.2941176 0.2941176 0.2941176 0.2941176 0.2941176 0.2941176 0.2941176 0.2941176 0.2941176 0.2941176 0.2941176 0.2941176 0.2941176 0.2941176 0.2941176 0.2941176 0.2941176 0.2941176 0.2941176 0.2941176 0.2941176 0.2941176 0.2941176 0.2941176 0.2941176 0.2941176 0.2941176 0.2941176 0.2941176 0.2941176 0.2941176 0.2941176 0.2941176 0.2941176 0.2941176 0.2941176 0.2941176 0.2941176 0.2941176 0.2941176 0.2941176 0.2941176 0.2941176 0.2941176 0.2941176 0.2941176 0.2941176 0.2941176 0.2941176 0.2941176 0.2941176 0.2941176 0.2941176 0.2941176 0.2941176 0.2941176 0.2941176 0.2941176 0.2941176 0.2941176 0.2941176 0.2941176 0.2941176 0.2941176 0.2941176 0.2941176 0.2941176 0.2941176 0.2941176 0.2941176 0.2941176 0.2941176 0.2941176 0.2941176 0.2941176 0.2941176 0.2941176 0.2941176 0.2941176 0.2941176 0.2941176 0.2941176 0.2941176 0.2941176 0.2941176 0.2941176 0.2941176 0.2941176 0.2941176 0.2941176 0.2941176 0.2941176 0.2941176 0.2941176 0.2941176 0.2941176 0.2941176 0.2941176 0.2941176 0.2941176 0.2941176 0.2941176 0.2941176 0.2941176 0.2941176 0.2941176 0.2941176 0.2941176 0.2941176 0.2941176 0.2941176 0.2941176 0.2941176 0.2941176 0.2941176 0.2941176 0.2941176 0.2941176 0.2941176 0.2941176 0.2941176 0.2941176 0.2941176 0.2941176 0.2941176 0.2941176 0.2941176 0.2941176 0.2941176 0.2941176 0.2941176 0.2941176 0.2941176 0.2941176 0.2941176 0.2941176 0.2941176 0.2941176 0.2941176 0.2941176 0.2941176 0.2941176 0.2941176 0.2941176 0.2941176 0.2941176 0.2941176 0.2941176 0.2941176 0.2941176 0.2941176 0.2941176 0.2941176 0.2941176 0.2941176 0.2941176 0.2941176 0.2941176 0.2941176 0.2941176 0.2941176 0.2941176 0.2941176 0.2941176 0.2941176 0.2941176 0.2941176 0.2941176 0.2941176 0.2941176 0.2941176 0.2941176 0.2941176 0.2941176 0.2941176 0.2941176 0.2941176 0.2941176 0.2941176 0.2941176 0.2941176 0.2941176 0.2941176 0.2941176 0.2941176 0.2941176 0.2941176 0.2941176 0.2941176 0.2941176 0.2941176 0.2941176 0.2941176 0.2941176 0.2941176 0.2941176 0.2941176 0.2941176 0.2941176 0.2941176 0.2941176 0.2941176 0.2941176 0.2941176 0.2941176 0.2941176 0.2941176 0.2941176 0.2941176 0.2941176 0.2941176 0.2941176 0.2941176 0.2941176 0.2941176 0.2941176 0.2941176 0.2941176 0.2941176 0.2941176 0.2941176 0.2941176 0.2941176 0.2941176 0.2941176 0.2941176 0.2941176 0.2941176 0.2941176 0.2941176 0.2941176 0.2941176 0.2941176 0.2941176 0.2941176 0.2941176 0.2941176 0.2941176 0.2941176 0.2941176 0.2941176 0.2941176 0.2941176 0.2941176 0.2941176 0.2941176 0.2941176 0.2941176 0.2941176 0.2941176 0.2941176 0.2941176 0.2941176 0.2941176 0.2941176 0.2941176 0.2941176 0.2941176 0.2941176 0.2941176 0.2941176 0.2941176 0.2941176 0.2941176 0.2941176 0.2941176 0.2941176 0.2941176 0.2941176 0.2941176 0.2941176 0.2941176 0.2941176 0.2941176 0.2941176 0.2941176 0.2941176 0.2941176 0.2941176 0.2941176 0.2941176 0.2941176 0.2941176 0.2941176 0.2941176 0.2941176 0.2941176 0.2941176 0.2941176 0.2941176 0.2941176 0.2941176 0.2941176 0.2941176 0.2941176 0.2941176 0.2941176 0.2941176 0.2941176 0.2941176 0.2941176 0.2941176 0.2941176 0.2941176 0.2941176 0.2941176 0.2941176 0.2941176 0.2941176 0.2941176 0.2941176 0.2941176 0.2941176 0.2941176 0.2941176 0.2941176 0.2941176 0.2941176 0.2941176 0.2941176 0.2941176 0.2941176 0.2941176 0.2941176 0.2941176 0.2941176 0.2941176 0.2941176 0.2941176 0.2941176 0.2941176 0.2941176 0.2941176 0.2941176 0.2941176 0.2941176 0.2941176 0.2941176 0.2941176 0.2941176 0.2941176 0.2941176 0.2941176 0.2941176 0.2941176 0.2941176 0.2941176 0.2941176 0.2941176 0.2941176 0.2941176 0.2941176 0.2941176 0.2941176 0.2941176 0.2941176 0.2941176 0.2941176 0.2941176 0.2941176 0.2941176 0.2941176 0.2941176 0.2941176 0.2941176 0.2941176 0.2941176 0.2941176 0.2941176 0.2941176 0.2941176 0.2941176 0.2941176 0.2941176 0.2941176 0.2941176 0.2941176 0.2941176 0.2941176 0.2941176 0.2941176 0.2941176 0.2941176 0.2941176 0.2941176 0.2941176 0.2941176 0.2941176 0.2941176 0.2941176 0.2941176 0.2941176 0.2941176 0.2941176 0.2941176 0.2941176 0.2941176 0.2941176 0.2941176 0.2941176 0.2941176 0.2941176 0.2941176 0.2941176 0.2941176 0.2941176 0.2941176 0.2941176 0.2941176 0.2941176 0.2941176 0.2941176 0.2941176 0.2941176 0.2941176 0.2941176 0.2941176 0.2941176 0.2941176 0.2941176 0.2941176 0.2941176 0.2941176 0.2941176 0.2941176 0.2941176 0.2941176 0.2941176 0.2941176 0.2941176 0.2941176 0.2941176 0.2941176 0.2941176 0.2941176 0.2941176 0.2941176 0.2941176 0.2941176 0.2941176 0.2941176 0.2941176 0.2941176 0.2941176 0.2941176 0.2941176 0.2941176 0.2941176 0.2941176 0.2941176 0.2941176 0.2941176 0.2941176 0.2941176 0.2941176 0.2941176 0.2941176 0.2941176 0.2941176 0.2941176 0.2941176 0.2941176 0.2941176 0.2941176 0.2941176 0.2941176 0.2941176 0.2941176 0.2941176 0.2941176 0.2941176 0.2941176 0.2941176 0.2941176 0.2941176 0.2941176 0.2941176 0.2941176 0.2941176 0.2941176 0.2941176 0.2941176 0.2941176 0.2941176 0.2941176 0.2941176 0.2941176 0.2941176 0.2941176 0.2941176 0.2941176 0.2941176 0.2941176 0.2941176 0.2941176 0.2941176 0.2941176 0.2941176 0.2941176 0.2941176 0.2941176 0.2941176 0.2941176 0.2941176 0.2941176 0.2941176 0.2941176 0.2941176 0.2941176 0.2941176 0.2941176 0.2941176 0.2941176 0.2941176 0.2941176 0.2941176 0.2941176 0.2941176 0.2941176 0.2941176 0.2941176 0.2941176 0.2941176 0.2941176 0.2941176 0.2941176 0.2941176 0.2941176 0.2941176 0.2941176 0.2941176 0.2941176 0.2941176 0.2941176 0.2941176 0.2941176 0.2941176 0.2941176 0.2941176 0.2941176 0.2941176 0.2941176 0.2941176 0.2941176 0.2941176 0.2941176 0.2941176 0.2941176 0.2941176 0.2941176 0.2941176 0.2941176 0.2941176 0.2941176 0.2941176 0.2941176 0.2941176 0.2941176 0.2941176 0.2941176 0.2941176 0.2941176 0.2941176 0.2941176 0.2941176 0.2941176 0.2941176 0.2941176 0.2941176 0.2941176 0.2941176 0.2941176 0.2941176 0.2941176 0.2941176 0.2941176 0.2941176 0.2941176 0.2941176 0.2941176 0.2941176 0.2941176 0.2941176 0.2941176 0.2941176 0.2941176 0.2941176 0.2941176 0.2941176 0.2941176 0.2941176 0.2941176 0.2941176 0.2941176 0.2941176 0.2941176 0.2941176 0.2941176 0.2941176 0.2941176 0.2941176 0.2941176 0.2941176 0.2941176 0.2941176 0.2941176 0.2941176 0.2941176 0.2941176 0.2941176 0.2941176 0.2941176 0.2941176 0.2941176 0.2941176 0.2941176 0.2941176 0.2941176 0.2941176 0.2941176 0.2941176 0.2941176 0.2941176 0.2941176 0.2941176 0.2941176 0.2941176 0.2941176 0.2941176 0.2941176 0.2941176 0.2941176 0.2941176 0.2941176 0.2941176 0.2941176 0.2941176 0.2941176 0.2941176 0.2941176 0.2941176 0.2941176 0.2941176 0.2941176 0.2941176 0.2941176 0.2941176 0.2941176 0.2941176 0.2941176 0.2941176 0.2941176 0.2941176 0.2941176 0.2941176 0.2941176 0.2941176 0.2941176 0.2941176 0.2941176 0.2941176 0.2941176 0.2941176 0.2941176 0.2941176 0.2941176 0.2941176 0.2941176 0.2941176 0.2941176 0.2941176 0.2941176 0.2941176 0.2941176 0.2941176 0.2941176 0.2941176 0.2941176 0.2941176 0.2941176 0.2941176 0.2941176 0.2941176 0.2941176 0.2941176 0.2941176 0.2941176 0.2941176 0.2941176 0.2941176 0.2941176 0.2941176 0.2941176 0.2941176 0.2941176 0.2941176 0.2941176 0.2941176 0.2941176 0.2941176 0.2941176 0.2941176 0.2941176 0.2941176 0.2941176 0.2941176 0.2941176 0.2941176 0.2941176 0.2941176 0.2941176 0.2941176 0.2941176 0.2941176 0.2941176 0.2941176 0.2941176 0.2941176 0.2941176 0.2941176 0.2941176 0.2941176 0.2941176 0.2941176 0.2941176 0.2941176 0.2941176 0.2941176 0.2941176 0.2941176 0.2941176 0.2941176 0.2941176 0.2941176 0.2941176 0.2941176 0.2941176 0.2941176 0.2941176 0.2941176 0.2941176 0.2941176 0.2941176 0.2941176 0.2941176 0.2941176 0.2941176 0.2941176 0.2941176 0.2941176 0.2941176 0.2941176 0.2941176 0.2941176 0.2941176 0.2941176 0.2941176 0.2941176 0.2941176 0.2941176 0.2941176 0.2941176 0.2941176 0.2941176 0.2941176 0.2941176 0.2941176 0.2941176 0.2941176 0.2941176 0.2941176 0.2941176 0.2941176 0.2941176 0.2941176 0.2941176 0.2941176 0.2941176 0.2941176 0.2941176 0.2941176 0.2941176 0.2941176 0.2941176 0.2941176 0.2941176 0.2941176 0.2941176 0.2941176 0.2941176 0.2941176 0.2941176 0.2941176 0.2941176 0.2941176 0.2941176 0.2941176 0.2941176 0.2941176 0.2941176 0.2941176 0.2941176 0.2941176 0.2941176 0.2941176 0.2941176 0.2941176 0.2941176 0.2941176 0.2941176 0.2941176 0.2941176 0.2941176 0.2941176 0.2941176 0.2941176 0.2941176 0.2941176 0.2941176 0.2941176 0.2941176 0.2941176 0.2941176 0.2941176 0.2941176 0.2941176 0.2941176 0.2941176 0.2941176 0.2941176 0.2941176 0.2941176 0.2941176 0.2941176 0.2941176 0.2941176 0.2941176 0.2941176 0.2941176 0.2941176 0.2941176 0.2941176 0.2941176 0.2941176 0.2941176 0.2941176 0.2941176 0.2941176 0.2941176 0.2941176 0.2941176 0.2941176 0.2941176 0.2941176 0.2941176 0.2941176 0.2941176 0.2941176 0.2941176 0.2941176 0.2941176 0.2941176 0.2941176 0.2941176 0.2941176 0.2941176 0.2941176 0.2941176 0.2941176 0.2941176 0.2941176 0.2941176 0.2941176 0.2941176 0.2941176 0.2941176 0.2941176 0.2941176 0.2941176 0.2941176 0.2941176 0.2941176 0.2941176 0.2941176 0.2941176 0.2941176 0.2941176 0.2941176 0.2941176 0.2941176 0.2941176 0.2941176 0.2941176 0.2941176 0.2941176 0.2941176 0.2941176 0.2941176 0.2941176 0.2941176 0.2941176 0.2941176 0.2941176 0.2941176 0.2941176 0.2941176 0.2941176 0.2941176 0.2941176 0.2941176 0.2941176 0.2941176 0.2941176 0.2941176 0.2941176 0.2941176 0.2941176 0.2941176 0.2941176 0.2941176 0.2941176 0.2941176 0.2941176 0.2941176 0.2941176 0.2941176 0.2941176 0.2941176 0.2941176 0.2941176 0.2941176 0.2941176 0.2941176 0.2941176 0.2941176 0.2941176 0.2941176 0.2941176 0.2941176 0.2941176 0.2941176 0.2941176 0.2941176 0.2941176 0.2941176 0.2941176 0.2941176 0.2941176 0.2941176 0.2941176 0.2941176 0.2941176 0.2941176 0.2941176 0.2941176 0.2941176 0.2941176 0.2941176 0.2941176 0.2941176 0.2941176 0.2941176 0.2941176 0.2941176 0.2941176 0.2941176 0.2941176 0.2941176 0.2941176 0.2941176 0.2941176 0.2941176 0.2941176 0.2941176 0.2941176 0.2941176 0.2941176 0.2941176 0.2941176 0.2941176 0.2941176 0.2941176 0.2941176 0.2941176 0.2941176 0.2941176 0.2941176 0.2941176 0.2941176 0.2941176 0.2941176 0.2941176 0.2941176 0.2941176 0.2941176 0.2941176 0.2941176 0.2941176 0.2941176 0.2941176 0.2941176 0.2941176 0.2941176 0.2941176 0.2941176 0.2941176 0.2941176 0.2941176 0.2941176 0.2941176 0.2941176 0.2941176 0.2941176 0.2941176 0.2941176 0.2941176 0.2941176 0.2941176 0.2941176 0.2941176 0.2941176 0.2941176 0.2941176 0.2941176 0.2941176 0.2941176 0.2941176 0.2941176 0.2941176 0.2941176 0.2941176 0.2941176 0.2941176 0.2941176 0.2941176 0.2941176 0.2941176 0.2941176 0.2941176 0.2941176 0.2941176 0.2941176 0.2941176 0.2941176 0.2941176 0.2941176 0.2941176 0.2941176 0.2941176 0.2941176 0.2941176 0.2941176 0.2941176 0.2941176 0.2941176 0.2941176 0.2941176 0.2941176 0.2941176 0.2941176 0.2941176 0.2941176 0.2941176 0.2941176 0.2941176 0.2941176 0.2941176 0.2941176 0.2941176 0.2941176 0.2941176 0.2941176 0.2941176 0.2941176 0.2941176 0.2941176 0.2941176 0.2941176 0.2941176 0.2941176 0.2941176 0.2941176 0.2941176 0.2941176 0.2941176 0.2941176 0.2941176 0.2941176 0.2941176 0.2941176 0.2941176 0.2941176 0.2941176 0.2941176 0.2941176 0.2941176 0.2941176 0.2941176 0.2941176 0.2941176 0.2941176 0.2941176 0.2941176 0.2941176 0.2941176 0.2941176 0.2941176 0.2941176 0.2941176 0.2941176 0.2941176 0.2941176 0.2941176 0.2941176 0.2941176 0.2941176 0.2941176 0.2941176 0.2941176 0.2941176 0.2941176 0.2941176 0.2941176 0.2941176 0.2941176 0.2941176 0.2941176 0.2941176 0.2941176 0.2941176 0.2941176 0.2941176 0.2941176 0.2941176 0.2941176 0.2941176 0.2941176 0.2941176 0.2941176 0.2941176 0.2941176 0.2941176 0.2941176 0.2941176 0.2941176 0.2941176 0.2941176 0.2941176 0.2941176 0.2941176 0.2941176 0.2941176 0.2941176 0.2941176 0.2941176 0.2941176 0.2941176 0.2941176 0.2941176 0.2941176 0.2941176 0.2941176 0.2941176 0.2941176 0.2941176 0.2941176 0.2941176 0.2941176 0.2941176 0.2941176 0.2941176 0.2941176 0.2941176 0.2941176 0.2941176 0.2941176 0.2941176 0.2941176 0.2941176 0.2941176 0.2941176 0.2941176 0.2941176 0.2941176 0.2941176 0.2941176 0.2941176 0.2941176 0.2941176 0.2941176 0.2941176 0.2941176 0.2941176 0.2941176 0.2941176 0.2941176 0.2941176 0.2941176 0.2941176 0.2941176 0.2941176 0.2941176 0.2941176 0.2941176 0.2941176 0.2941176 0.2941176 0.2941176 0.2941176 0.2941176 0.2941176 0.2941176 0.2941176 0.2941176 0.2941176 0.2941176 0.2941176 0.2941176 0.2941176 0.2941176 0.2941176 0.2941176 0.2941176 0.2941176 0.2941176 0.2941176 0.2941176 0.2941176 0.2941176 0.2941176 0.2941176 0.2941176 0.2941176 0.2941176 0.2941176 0.2941176 0.2941176 0.2941176 0.2941176 0.2941176 0.2941176 0.2941176 0.2941176 0.2941176 0.2941176 0.2941176 0.2941176 0.2941176 0.2941176 0.2941176 0.2941176 0.2941176 0.2941176 0.2941176 0.2941176 0.2941176 0.2941176 0.2941176 0.2941176 0.2941176 0.2941176 0.2941176 0.2941176 0.2941176 0.2941176 0.2941176 0.2941176 0.2941176 0.2941176 0.2941176 0.2941176 0.2941176 0.2941176 0.2941176 0.2941176 0.2941176 0.2941176 0.2941176 0.2941176 0.2941176 0.2941176 0.2941176 0.2941176 0.2941176 0.2941176 0.2941176 0.2941176 0.2941176 0.2941176 0.2941176 0.2941176 0.2941176 0.2941176 0.2941176 0.2941176 0.2941176 0.2941176 0.2941176 0.2941176 0.2941176 0.2941176 0.2941176 0.2941176 0.2941176 0.2941176 0.2941176 0.2941176 0.2941176 0.2941176 0.2941176 0.2941176 0.2941176 0.2941176 0.2941176 0.2941176 0.2941176 0.2941176 0.2941176 0.2941176 0.2941176 0.2941176 0.2941176 0.2941176 0.2941176 0.2941176 0.2941176 0.2941176 0.2941176 0.2941176 0.2941176 0.2941176 0.2941176 0.2941176 0.2941176 0.2941176 0.2941176 0.2941176 0.2941176 0.2941176 0.2941176 0.2941176 0.2941176 0.2941176 0.2941176 0.2941176 0.2941176 0.2941176 0.2941176 0.2941176 0.2941176 0.2941176 0.2941176 0.2941176 0.2941176 0.2941176 0.2941176 0.2941176 0.2941176 0.2941176 0.2941176 0.2941176 0.2941176 0.2941176 0.2941176 0.2941176 0.2941176 0.2941176 0.2941176 0.2941176 0.2941176 0.2941176 0.2941176 0.2941176 0.2941176 0.2941176 0.2941176 0.2941176 0.2941176 0.2941176 0.2941176 0.2941176 0.2941176 0.2941176 0.2941176 0.2941176 0.2941176 0.2941176 0.2941176 0.2941176 0.2941176 0.2941176 0.2941176 0.2941176 0.2941176 0.2941176 0.2941176 0.2941176 0.2941176 0.2941176 0.2941176 0.2941176 0.2941176 0.2941176 0.2941176 0.2941176 0.2941176 0.2941176 0.2941176 0.2941176 0.2941176 0.2941176 0.2941176 0.2941176 0.2941176 0.2941176 0.2941176 0.2941176 0.2941176 0.2941176 0.2941176 0.2941176 0.2941176 0.2941176 0.2941176 0.2941176 0.2941176 0.2941176 0.2941176 0.2941176 0.2941176 0.2941176 0.2941176 0.2941176 0.2941176 0.2941176 0.2941176 0.2941176 0.2941176 0.2941176 0.2941176 0.2941176 0.2941176 0.2941176 0.2941176 0.2941176 0.2941176 0.2941176 0.2941176 0.2941176 0.2941176 0.2941176 0.2941176 0.2941176 0.2941176 0.2941176 0.2941176 0.2941176 0.2941176 0.2941176 0.2941176 0.2941176 0.2941176 0.2941176 0.2941176 0.2941176 0.2941176 0.2941176 0.2941176 0.2941176 0.2941176 0.2941176 0.2941176 0.2941176 0.2941176 0.2941176 0.2941176 0.2941176 0.2941176 0.2941176 0.2941176 0.2941176 0.2941176 0.2941176 0.2941176 0.2941176 0.2941176 0.2941176 0.2941176 0.2941176 0.2941176 0.2941176 0.2941176 0.2941176 0.2941176 0.2941176 0.2941176 0.2941176 0.2941176 0.2941176 0.2941176 0.2941176 0.2941176 0.2941176 0.2941176 0.2941176 0.2941176 0.2941176 0.2941176 0.2941176 0.2941176 0.2941176 0.2941176 0.2941176 0.2941176 0.2941176 0.2941176 0.2941176 0.2941176 0.2941176 0.2941176 0.2941176 0.2941176 0.2941176 0.2941176 0.2941176 0.2941176 0.2941176 0.2941176 0.2941176 0.2941176 0.2941176 0.2941176 0.2941176 0.2941176 0.2941176 0.2941176 0.2941176 0.2941176 0.2941176 0.2941176 0.2941176 0.2941176 0.2941176 0.2941176 0.2941176 0.2941176 0.2941176 0.2941176 0.2941176 0.2941176 0.2941176 0.2941176 0.2941176 0.2941176 0.2941176 0.2941176 0.2941176 0.2941176 0.2941176 0.2941176 0.2941176 0.2941176 0.2941176 0.2941176 0.2941176 0.2941176 0.2941176 0.2941176 0.2941176 0.2941176 0.2941176 0.2941176 0.2941176 0.2941176 0.2941176 0.2941176 0.2941176 0.2941176 0.2941176 0.2941176 0.2941176 0.2941176 0.2941176 0.2941176 0.2941176 0.2941176 0.2941176 0.2941176 0.2941176 0.2941176 0.2941176 0.2941176 0.2941176 0.2941176 0.2941176 0.2941176 0.2941176 0.2941176 0.2941176 0.2941176 0.2941176 0.2941176 0.2941176 0.2941176 0.2941176 0.2941176 0.2941176 0.2941176 0.2941176 0.2941176 0.2941176 0.2941176 0.2941176 0.2941176 0.2941176 0.2941176 0.2941176 0.2941176 0.2941176 0.2941176 0.2941176 0.2941176 0.2941176 0.2941176 0.2941176 0.2941176 0.2941176 0.2941176 0.2941176 0.2941176 0.2941176 0.2941176 0.2941176 0.2941176 0.2941176 0.2941176 0.2941176 0.2941176 0.2941176 0.2941176 0.2941176 0.2941176 0.2941176 0.2941176 0.2941176 0.2941176 0.2941176 0.2941176 0.2941176 0.2941176 0.2941176 0.2941176 0.2941176 0.2941176 0.2941176 0.2941176 0.2941176 0.2941176 0.2941176 0.2941176 0.2941176 0.2941176 0.2941176 0.2941176 0.2941176 0.2941176 0.2941176 0.2941176 0.2941176 0.2941176 0.2941176 0.2941176 0.2941176 0.2941176 0.2941176 0.2941176 0.2941176 0.2941176 0.2941176 0.2941176 0.2941176 0.2941176 0.2941176 0.2941176 0.2941176 0.2941176 0.2941176 0.2941176 0.2941176 0.2941176 0.2941176 0.2941176 0.2941176 0.2941176 0.2941176 0.2941176 0.2941176 0.2941176 0.2941176 0.2941176 0.2941176 0.2941176 0.2941176 0.2941176 0.2941176 0.2941176 0.2941176 0.2941176 0.2941176 0.2941176 0.2941176 0.2941176 0.2941176 0.2941176 0.2941176 0.2941176 0.2941176 0.2941176 0.2941176 0.2941176 0.2941176 0.2941176 0.2941176 0.2941176 0.2941176 0.2941176 0.2941176 0.2941176 0.2941176 0.2941176 0.2941176 0.2941176 0.2941176 0.2941176 0.2941176 0.2941176 0.2941176 0.2941176 0.2941176 0.2941176 0.2941176 0.2941176 0.2941176 0.2941176 0.2941176 0.2941176 0.2941176 0.2941176 0.2941176 0.2941176 0.2941176 0.2941176 0.2941176 0.2941176 0.2941176 0.2941176 0.2941176 0.2941176 0.2941176 0.2941176 0.2941176 0.2941176 0.2941176 0.2941176 0.2941176 0.2941176 0.2941176 0.2941176 0.2941176 0.2941176 0.2941176 0.2941176 0.2941176 0.2941176 0.2941176 0.2941176 0.2941176 0.2941176 0.2941176 0.2941176 0.2941176 0.2941176 0.2941176 0.2941176 0.2941176 0.2941176 0.2941176 0.2941176 0.2941176 0.2941176 0.2941176 0.2941176 0.2941176 0.2941176 0.2941176 0.2941176 0.2941176 0.2941176 0.2941176 0.2941176 0.2941176 0.2941176 0.2941176 0.2941176 0.2941176 0.2941176 0.2941176 0.2941176 0.2941176 0.2941176 0.2941176 0.2941176 0.2941176 0.2941176 0.2941176 0.2941176 0.2941176 0.2941176 0.2941176 0.2941176 0.2941176 0.2941176 0.2941176 0.2941176 0.2941176 0.2941176 0.2941176 0.2941176 0.2941176 0.2941176 0.2941176 0.2941176 0.2941176 0.2941176 0.2941176 0.2941176 0.2941176 0.2941176 0.2941176 0.2941176 0.2941176 0.2941176 0.2941176 0.2941176 0.2941176 0.2941176 0.2941176 0.2941176 0.2941176 0.2941176 0.2941176 0.2941176 0.2941176 0.2941176 0.2941176 0.2941176 0.2941176 0.2941176 0.2941176 0.2941176 0.2941176 0.2941176 0.2941176 0.2941176 0.2941176 0.2941176 0.2941176 0.2941176 0.2941176 0.2941176 0.2941176 0.2941176 0.2941176 0.2941176 0.2941176 0.2941176 0.2941176 0.2941176 0.2941176 0.2941176 0.2941176 0.2941176 0.2941176 0.2941176 0.2941176 0.2941176 0.2941176 0.2941176 0.2941176 0.2941176 0.2941176 0.2941176 0.2941176 0.2941176 0.2941176 0.2941176 0.2941176 0.2941176 0.2941176 0.2941176 0.2941176 0.2941176 0.2941176 0.2941176 0.2941176 0.2941176 0.2941176 0.2941176 0.2941176 0.2941176 0.2941176 0.2941176 0.2941176 0.2941176 0.2941176 0.2941176 0.2941176 0.2941176 0.2941176 0.2941176 0.2941176 0.2941176 0.2941176 0.2941176 0.2941176 0.2941176 0.2941176 0.2941176 0.2941176 0.2941176 0.2941176 0.2941176 0.2941176 0.2941176 0.2941176 0.2941176 0.2941176 0.2941176 0.2941176 0.2941176 0.2941176 0.2941176 0.2941176 0.2941176 0.2941176 0.2941176 0.2941176 0.2941176 0.2941176 0.2941176 0.2941176 0.2941176 0.2941176 0.2941176 0.2941176 0.2941176 0.2941176 0.2941176 0.2941176 0.2941176 0.2941176 0.2941176 0.2941176 0.2941176 0.2941176 0.2941176 0.2941176 0.2941176 0.2941176 0.2941176 0.2941176 0.2941176 0.2941176 0.2941176 0.2941176 0.2941176 0.2941176 0.2941176 0.2941176 0.2941176 0.2941176 0.2941176 0.2941176 0.2941176 0.2941176 0.2941176 0.2941176 0.2941176 0.2941176 0.2941176 0.2941176 0.2941176 0.2941176 0.2941176 0.2941176 0.2941176 0.2941176 0.2941176 0.2941176 0.2941176 0.2941176 0.2941176 0.2941176 0.2941176 0.2941176 0.2941176 0.2941176 0.2941176 0.2941176 0.2941176 0.2941176 0.2941176 0.2941176 0.2941176 0.2941176 0.2941176 0.2941176 0.2941176 0.2941176 0.2941176 0.2941176 0.2941176 0.2941176 0.2941176 0.2941176 0.2941176 0.2941176 0.2941176 0.2941176 0.2941176 0.2941176 0.2941176 0.2941176 0.2941176 0.2941176 0.2941176 0.2941176 0.2941176 0.2941176 0.2941176 0.2941176 0.2941176 0.2941176 0.2941176 0.2941176 0.2941176 0.2941176 0.2941176 0.2941176 0.2941176 0.2941176 0.2941176 0.2941176 0.2941176 0.2941176 0.2941176 0.2941176 0.2941176 0.2941176 0.2941176 0.2941176 0.2941176 0.2941176 0.2941176 0.2941176 0.2941176 0.2941176 0.2941176 0.2941176 0.2941176 0.2941176 0.2941176 0.2941176 0.2941176 0.2941176 0.2941176 0.2941176 0.2941176 0.2941176 0.2941176 0.2941176 0.2941176 0.2941176 0.2941176 0.2941176 0.2941176 0.2941176 0.2941176 0.2941176 0.2941176 0.2941176 0.2941176 0.2941176 0.2941176 0.2941176 0.2941176 0.2941176 0.2941176 0.2941176 0.2941176 0.2941176 0.2941176 0.2941176 0.2941176 0.2941176 0.2941176 0.2941176 0.2941176 0.2941176 0.2941176 0.2941176 0.2941176 0.2941176 0.2941176 0.2941176 0.2941176 0.2941176 0.2941176 0.2941176 0.2941176 0.2941176 0.2941176 0.2941176 0.2941176 0.2941176 0.2941176 0.2941176 0.2941176 0.2941176 0.2941176 0.2941176 0.2941176 0.2941176 0.2941176 0.2941176 0.2941176 0.2941176 0.2941176 0.2941176 0.2941176 0.2941176 0.2941176 0.2941176 0.2941176 0.2941176 0.2941176 0.2941176 0.2941176 0.2941176 0.2941176 0.2941176 0.2941176 0.2941176 0.2941176 0.2941176 0.2941176 0.2941176 0.2941176 0.2941176 0.2941176 0.2941176 0.2941176 0.2941176 0.2941176 0.2941176 0.2941176 0.2941176 0.2941176 0.2941176 0.2941176 0.2941176 0.2941176 0.2941176 0.2941176 0.2941176 0.2941176 0.2941176 0.2941176 0.2941176 0.2941176 0.2941176 0.2941176 0.2941176 0.2941176 0.2941176 0.2941176 0.2941176 0.2941176 0.2941176 0.2941176 0.2941176 0.2941176 0.2941176 0.2941176 0.2941176 0.2941176 0.2941176 0.2941176 0.2941176 0.2941176 0.2941176 0.2941176 0.2941176 0.2941176 0.2941176 0.2941176 0.2941176 0.2941176 0.2941176 0.2941176 0.2941176 0.2941176 0.2941176 0.2941176 0.2941176 0.2941176 0.2941176 0.2941176</float_array>
          <technique_common>
            <accessor count="806" source="#colors-array-array" stride="3">
              <param type="float" name="R"/>
              <param type="float" name="G"/>
              <param type="float" name="B"/>
            </accessor>
          </technique_common>
        </source>
        <vertices id="verts-array-vertices">
          <input semantic="POSITION" source="#verts-array"/>
        </vertices>
        <triangles count="1242" material="material3">
          <input offset="0" semantic="VERTEX" source="#verts-array-vertices"/>
          <input offset="1" semantic="NORMAL" source="#normals-array"/>
          <input offset="2" semantic="COLOR" source="#colors-array"/>
          <p>0 0 0 1 1 1 2 2 2 2 2 2 1 1 1 3 3 3 4 4 4 3 3 3 1 1 1 3 3 3 4 4 4 5 5 5 6 6 6 5 5 5 4 4 4 7 7 7 5 5 5 6 6 6 5 5 5 7 7 7 8 8 8 9 9 9 8 8 8 7 7 7 8 8 8 9 9 9 10 10 10 11 11 11 10 10 10 9 9 9 10 10 10 11 11 11 12 12 12 13 13 13 12 12 12 11 11 11 12 12 12 13 13 13 14 14 14 15 15 15 14 14 14 13 13 13 14 14 14 15 15 15 0 0 0 1 1 1 0 0 0 15 15 15 6 6 6 4 4 4 16 16 16 17 17 17 18 18 18 4 4 4 19 19 19 20 20 20 21 21 21 22 22 22 21 21 21 20 20 20 21 21 21 22 22 22 23 23 23 24 24 24 25 25 25 26 26 26 26 26 26 25 25 25 27 27 27 23 23 23 28 28 28 29 29 29 28 28 28 23 23 23 22 22 22 30 30 30 4 4 4 18 18 18 4 4 4 30 30 30 16 16 16 31 31 31 32 32 32 33 33 33 26 26 26 6 6 6 34 34 34 35 35 35 36 36 36 37 37 37 36 36 36 35 35 35 27 27 27 27 27 27 35 35 35 26 26 26 28 28 28 38 38 38 29 29 29 29 29 29 38 38 38 39 39 39 40 40 40 37 37 37 36 36 36 37 37 37 40 40 40 39 39 39 26 26 26 41 41 41 24 24 24 41 41 41 26 26 26 42 42 42 34 34 34 42 42 42 26 26 26 16 16 16 43 43 43 6 6 6 44 44 44 6 6 6 43 43 43 45 45 45 6 6 6 44 44 44 6 6 6 45 45 45 34 34 34 4 4 4 46 46 46 17 17 17 17 17 17 46 46 46 19 19 19 20 20 20 19 19 19 46 46 46 40 40 40 29 29 29 39 39 39 29 29 29 40 40 40 47 47 47 48 48 48 47 47 47 40 40 40 47 47 47 48 48 48 49 49 49 50 50 50 49 49 49 48 48 48 51 51 51 52 52 52 53 53 53 54 54 54 53 53 53 52 52 52 53 53 53 54 54 54 50 50 50 55 55 55 50 50 50 54 54 54 50 50 50 55 55 55 49 49 49 33 33 33 32 32 32 56 56 56 57 57 57 56 56 56 32 32 32 56 56 56 57 57 57 58 58 58 59 59 59 60 60 60 51 51 51 61 61 61 51 51 51 60 60 60 51 51 51 61 61 61 52 52 52 33 33 33 62 62 62 31 31 31 63 63 63 31 31 31 62 62 62 31 31 31 63 63 63 64 64 64 65 65 65 64 64 64 63 63 63 64 64 64 65 65 65 59 59 59 66 66 66 59 59 59 65 65 65 59 59 59 66 66 66 60 60 60 58 58 58 57 57 57 67 67 67 68 68 68 67 67 67 57 57 57 67 67 67 68 68 68 69 69 69 70 70 70 69 69 69 68 68 68 69 69 69 70 70 70 71 71 71 71 71 71 70 70 70 72 72 72 73 73 73 72 72 72 70 70 70 72 72 72 73 73 73 74 74 74 74 74 74 73 73 73 75 75 75 76 76 76 75 75 75 73 73 73 75 75 75 76 76 76 77 77 77 78 78 78 77 77 77 76 76 76 77 77 77 78 78 78 79 79 79 79 79 79 78 78 78 80 80 80 81 81 81 80 80 80 78 78 78 80 80 80 81 81 81 82 82 82 83 83 83 82 82 82 81 81 81 82 82 82 83 83 83 41 41 41 84 84 84 41 41 41 83 83 83 41 41 41 84 84 84 24 24 24 56 56 56 85 85 85 33 33 33 86 86 86 33 33 33 85 85 85 33 33 33 86 86 86 62 62 62 62 62 62 86 86 86 63 63 63 86 86 86 87 87 87 63 63 63 88 88 88 63 63 63 87 87 87 63 63 63 88 88 88 65 65 65 89 89 89 65 65 65 88 88 88 65 65 65 89 89 89 66 66 66 90 90 90 66 66 66 89 89 89 66 66 66 90 90 90 60 60 60 91 91 91 60 60 60 90 90 90 60 60 60 91 91 91 61 61 61 92 92 92 61 61 61 91 91 91 61 61 61 92 92 92 52 52 52 93 93 93 52 52 52 92 92 92 52 52 52 93 93 93 54 54 54 94 94 94 54 54 54 93 93 93 54 54 54 94 94 94 55 55 55 95 95 95 55 55 55 94 94 94 55 55 55 95 95 95 49 49 49 96 96 96 49 49 49 95 95 95 49 49 49 96 96 96 47 47 47 97 97 97 47 47 47 96 96 96 47 47 47 97 97 97 29 29 29 98 98 98 29 29 29 97 97 97 29 29 29 98 98 98 23 23 23 99 99 99 23 23 23 98 98 98 23 23 23 99 99 99 21 21 21 100 100 100 21 21 21 99 99 99 21 21 21 100 100 100 19 19 19 101 101 101 19 19 19 100 100 100 19 19 19 101 101 101 17 17 17 102 102 102 17 17 17 101 101 101 17 17 17 102 102 102 18 18 18 18 18 18 102 102 102 30 30 30 102 102 102 103 103 103 30 30 30 104 104 104 30 30 30 103 103 103 30 30 30 104 104 104 16 16 16 105 105 105 16 16 16 104 104 104 16 16 16 105 105 105 43 43 43 43 43 43 105 105 105 44 44 44 105 105 105 106 106 106 44 44 44 107 107 107 44 44 44 106 106 106 44 44 44 107 107 107 45 45 45 108 108 108 45 45 45 107 107 107 45 45 45 108 108 108 34 34 34 109 109 109 34 34 34 108 108 108 34 34 34 109 109 109 42 42 42 110 110 110 42 42 42 109 109 109 42 42 42 110 110 110 41 41 41 111 111 111 41 41 41 110 110 110 41 41 41 111 111 111 82 82 82 112 112 112 82 82 82 111 111 111 82 82 82 112 112 112 80 80 80 113 113 113 80 80 80 112 112 112 80 80 80 113 113 113 79 79 79 114 114 114 79 79 79 113 113 113 79 79 79 114 114 114 77 77 77 115 115 115 77 77 77 114 114 114 77 77 77 115 115 115 75 75 75 116 116 116 75 75 75 115 115 115 75 75 75 116 116 116 74 74 74 117 117 117 74 74 74 116 116 116 74 74 74 117 117 117 72 72 72 118 118 118 72 72 72 117 117 117 72 72 72 118 118 118 71 71 71 119 119 119 71 71 71 118 118 118 71 71 71 119 119 119 69 69 69 120 120 120 69 69 69 119 119 119 69 69 69 120 120 120 67 67 67 121 121 121 67 67 67 120 120 120 67 67 67 121 121 121 58 58 58 58 58 58 121 121 121 56 56 56 122 122 122 56 56 56 121 121 121 56 56 56 122 122 122 85 85 85 123 123 123 124 124 124 125 125 125 126 126 126 127 127 127 128 128 128 126 126 126 129 129 129 127 127 127 130 130 130 127 127 127 129 129 129 130 130 130 131 131 131 127 127 127 127 127 127 131 131 131 125 125 125 123 123 123 125 125 125 131 131 131 132 132 132 133 133 133 134 134 134 135 135 135 134 134 134 133 133 133 134 134 134 135 135 135 136 136 136 132 132 132 125 125 125 124 124 124 135 135 135 137 137 137 136 136 136 136 136 136 137 137 137 138 138 138 139 139 139 138 138 138 137 137 137 138 138 138 139 139 139 140 140 140 128 128 128 141 141 141 142 142 142 140 140 140 142 142 142 141 141 141 142 142 142 140 140 140 139 139 139 127 127 127 141 141 141 128 128 128 141 141 141 127 127 127 143 143 143 144 144 144 143 143 143 127 127 127 145 145 145 146 146 146 147 147 147 127 127 127 147 147 147 144 144 144 148 148 148 145 145 145 147 147 147 148 148 148 149 149 149 145 145 145 145 145 145 149 149 149 150 150 150 151 151 151 150 150 150 149 149 149 152 152 152 153 153 153 154 154 154 150 150 150 151 151 151 155 155 155 152 152 152 155 155 155 151 151 151 155 155 155 152 152 152 156 156 156 154 154 154 156 156 156 152 152 152 157 157 157 158 158 158 159 159 159 160 160 160 161 161 161 162 162 162 162 162 162 163 163 163 160 160 160 160 160 160 163 163 163 164 164 164 165 165 165 164 164 164 163 163 163 164 164 164 165 165 165 166 166 166 157 157 157 166 166 166 165 165 165 158 158 158 167 167 167 159 159 159 159 159 159 167 167 167 168 168 168 169 169 169 170 170 170 171 171 171 170 170 170 169 169 169 172 172 172 154 154 154 170 170 170 172 172 172 170 170 170 154 154 154 153 153 153 172 172 172 173 173 173 154 154 154 174 174 174 154 154 154 173 173 173 154 154 154 174 174 174 175 175 175 175 175 175 174 174 174 161 161 161 162 162 162 161 161 161 174 174 174 176 176 176 159 159 159 168 168 168 159 159 159 176 176 176 170 170 170 170 170 170 176 176 176 171 171 171 166 166 166 177 177 177 178 178 178 157 157 157 159 159 159 166 166 166 177 177 177 166 166 166 159 159 159 179 179 179 180 180 180 178 178 178 181 181 181 178 178 178 180 180 180 166 166 166 178 178 178 181 181 181 180 180 180 179 179 179 182 182 182 183 183 183 182 182 182 179 179 179 182 182 182 183 183 183 184 184 184 185 185 185 186 186 186 187 187 187 186 186 186 185 185 185 188 188 188 189 189 189 188 188 188 185 185 185 190 190 190 188 188 188 189 189 189 188 188 188 190 190 190 191 191 191 192 192 192 191 191 191 190 190 190 184 184 184 191 191 191 192 192 192 191 191 191 184 184 184 183 183 183 193 193 193 194 194 194 195 195 195 196 196 196 195 195 195 194 194 194 197 197 197 195 195 195 196 196 196 195 195 195 197 197 197 198 198 198 199 199 199 198 198 198 197 197 197 200 200 200 201 201 201 187 187 187 202 202 202 185 185 185 203 203 203 187 187 187 203 203 203 185 185 185 201 201 201 203 203 203 187 187 187 204 204 204 185 185 185 202 202 202 185 185 185 204 204 204 205 205 205 205 205 205 204 204 204 199 199 199 198 198 198 199 199 199 204 204 204 206 206 206 207 207 207 208 208 208 209 209 209 208 208 208 207 207 207 209 209 209 210 210 210 208 208 208 208 208 208 210 210 210 187 187 187 200 200 200 187 187 187 210 210 210 193 193 193 211 211 211 194 194 194 194 194 194 211 211 211 208 208 208 206 206 206 208 208 208 211 211 211 212 212 212 213 213 213 214 214 214 215 215 215 214 214 214 213 213 213 214 214 214 215 215 215 216 216 216 194 194 194 216 216 216 215 215 215 216 216 216 194 194 194 217 217 217 208 208 208 217 217 217 194 194 194 214 214 214 218 218 218 212 212 212 212 212 212 218 218 218 219 219 219 220 220 220 219 219 219 218 218 218 219 219 219 221 221 221 222 222 222 223 223 223 221 221 221 219 219 219 221 221 221 223 223 223 224 224 224 225 225 225 226 226 226 223 223 223 223 223 223 226 226 226 224 224 224 227 227 227 228 228 228 229 229 229 229 229 229 230 230 230 227 227 227 227 227 227 230 230 230 231 231 231 232 232 232 233 233 233 223 223 223 234 234 234 235 235 235 236 236 236 237 237 237 236 236 236 235 235 235 236 236 236 237 237 237 228 228 228 229 229 229 228 228 228 237 237 237 231 231 231 238 238 238 227 227 227 227 227 227 238 238 238 232 232 232 233 233 233 239 239 239 223 223 223 223 223 223 239 239 239 225 225 225 225 225 225 240 240 240 226 226 226 241 241 241 226 226 226 240 240 240 226 226 226 241 241 241 242 242 242 242 242 242 241 241 241 243 243 243 241 241 241 244 244 244 243 243 243 243 243 243 244 244 244 234 234 234 235 235 235 234 234 234 244 244 244 245 245 245 246 246 246 227 227 227 247 247 247 227 227 227 246 246 246 227 227 227 247 247 247 228 228 228 248 248 248 249 249 249 250 250 250 132 132 132 134 134 134 125 125 125 251 251 251 125 125 125 134 134 134 125 125 125 251 251 251 252 252 252 253 253 253 254 254 254 125 125 125 255 255 255 227 227 227 256 256 256 86 86 86 256 256 256 227 227 227 256 256 256 86 86 86 257 257 257 85 85 85 257 257 257 86 86 86 257 257 257 85 85 85 258 258 258 122 122 122 258 258 258 85 85 85 121 121 121 258 258 258 122 122 122 258 258 258 121 121 121 254 254 254 259 259 259 260 260 260 248 248 248 125 125 125 248 248 248 260 260 260 252 252 252 248 248 248 125 125 125 125 125 125 260 260 260 253 253 253 250 250 250 259 259 259 248 248 248 261 261 261 262 262 262 227 227 227 261 261 261 227 227 227 255 255 255 245 245 245 227 227 227 263 263 263 262 262 262 263 263 263 227 227 227 259 259 259 245 245 245 263 263 263 245 245 245 259 259 259 250 250 250 264 264 264 93 93 93 265 265 265 93 93 93 264 264 264 94 94 94 266 266 266 94 94 94 264 264 264 94 94 94 266 266 266 95 95 95 267 267 267 95 95 95 266 266 266 95 95 95 267 267 267 96 96 96 268 268 268 269 269 269 223 223 223 223 223 223 269 269 269 265 265 265 268 268 268 219 219 219 220 220 220 219 219 219 268 268 268 223 223 223 270 270 270 105 105 105 271 271 271 104 104 104 271 271 271 105 105 105 271 271 271 104 104 104 272 272 272 103 103 103 272 272 272 104 104 104 102 102 102 272 272 272 103 103 103 272 272 272 102 102 102 273 273 273 274 274 274 127 127 127 275 275 275 112 112 112 276 276 276 113 113 113 277 277 277 113 113 113 276 276 276 113 113 113 277 277 277 114 114 114 275 275 275 114 114 114 277 277 277 274 274 274 278 278 278 127 127 127 127 127 127 278 278 278 279 279 279 280 280 280 127 127 127 279 279 279 127 127 127 280 280 280 147 147 147 147 147 147 280 280 280 148 148 148 127 127 127 114 114 114 275 275 275 114 114 114 127 127 127 115 115 115 116 116 116 115 115 115 127 127 127 254 254 254 121 121 121 125 125 125 125 125 125 121 121 121 120 120 120 120 120 120 119 119 119 125 125 125 118 118 118 125 125 125 119 119 119 125 125 125 118 118 118 127 127 127 117 117 117 127 127 127 118 118 118 127 127 127 117 117 117 116 116 116 89 89 89 88 88 88 227 227 227 87 87 87 227 227 227 88 88 88 227 227 227 87 87 87 86 86 86 93 93 93 92 92 92 265 265 265 91 91 91 265 265 265 92 92 92 265 265 265 91 91 91 90 90 90 273 273 273 102 102 102 187 187 187 187 187 187 102 102 102 101 101 101 101 101 101 100 100 100 187 187 187 99 99 99 187 187 187 100 100 100 187 187 187 99 99 99 208 208 208 98 98 98 208 208 208 99 99 99 208 208 208 98 98 98 97 97 97 208 208 208 96 96 96 267 267 267 97 97 97 96 96 96 208 208 208 159 159 159 105 105 105 270 270 270 105 105 105 159 159 159 106 106 106 107 107 107 106 106 106 159 159 159 111 111 111 170 170 170 112 112 112 281 281 281 112 112 112 170 170 170 112 112 112 281 281 281 276 276 276 111 111 111 110 110 110 170 170 170 109 109 109 170 170 170 110 110 110 170 170 170 109 109 109 159 159 159 108 108 108 159 159 159 109 109 109 159 159 159 108 108 108 107 107 107 90 90 90 89 89 89 265 265 265 227 227 227 265 265 265 89 89 89 265 265 265 227 227 227 223 223 223 223 223 223 227 227 227 232 232 232 282 282 282 283 283 283 284 284 284 285 285 285 284 284 284 283 283 283 284 284 284 285 285 285 286 286 286 153 153 153 286 286 286 285 285 285 286 286 286 153 153 153 287 287 287 288 288 288 287 287 287 153 153 153 287 287 287 288 288 288 289 289 289 288 288 288 290 290 290 289 289 289 149 149 149 289 289 289 290 290 290 289 289 289 149 149 149 291 291 291 292 292 292 291 291 291 149 149 149 291 291 291 292 292 292 293 293 293 293 293 293 292 292 292 294 294 294 295 295 295 294 294 294 292 292 292 294 294 294 295 295 295 296 296 296 279 279 279 296 296 296 295 295 295 278 278 278 296 296 296 279 279 279 296 296 296 278 278 278 297 297 297 298 298 298 297 297 297 278 278 278 297 297 297 298 298 298 299 299 299 300 300 300 299 299 299 298 298 298 299 299 299 300 300 300 301 301 301 302 302 302 301 301 301 300 300 300 301 301 301 302 302 302 303 303 303 304 304 304 303 303 303 302 302 302 303 303 303 304 304 304 305 305 305 306 306 306 305 305 305 304 304 304 305 305 305 306 306 306 282 282 282 283 283 283 282 282 282 306 306 306 307 307 307 308 308 308 309 309 309 310 310 310 309 309 309 308 308 308 309 309 309 310 310 310 311 311 311 311 311 311 310 310 310 312 312 312 163 163 163 312 312 312 310 310 310 312 312 312 163 163 163 313 313 313 314 314 314 313 313 313 163 163 163 315 315 315 313 313 313 314 314 314 313 313 313 315 315 315 316 316 316 317 317 317 316 316 316 315 315 315 316 316 316 317 317 317 318 318 318 319 319 319 318 318 318 317 317 317 318 318 318 319 319 319 320 320 320 172 172 172 320 320 320 319 319 319 320 320 320 172 172 172 321 321 321 322 322 322 321 321 321 172 172 172 321 321 321 322 322 322 323 323 323 324 324 324 323 323 323 322 322 322 323 323 323 324 324 324 325 325 325 176 176 176 325 325 325 324 324 324 325 325 325 176 176 176 326 326 326 168 168 168 326 326 326 176 176 176 326 326 326 168 168 168 327 327 327 167 167 167 327 327 327 168 168 168 327 327 327 167 167 167 328 328 328 329 329 329 328 328 328 167 167 167 328 328 328 329 329 329 307 307 307 308 308 308 307 307 307 329 329 329 330 330 330 331 331 331 332 332 332 331 331 331 330 330 330 333 333 333 334 334 334 333 333 333 330 330 330 333 333 333 334 334 334 335 335 335 335 335 335 334 334 334 336 336 336 337 337 337 336 336 336 334 334 334 336 336 336 337 337 337 338 338 338 339 339 339 338 338 338 337 337 337 338 338 338 339 339 339 340 340 340 341 341 341 340 340 340 339 339 339 340 340 340 341 341 341 342 342 342 343 343 343 342 342 342 341 341 341 342 342 342 343 343 343 344 344 344 345 345 345 344 344 344 343 343 343 344 344 344 345 345 345 346 346 346 347 347 347 346 346 346 345 345 345 346 346 346 347 347 347 348 348 348 349 349 349 348 348 348 347 347 347 348 348 348 349 349 349 350 350 350 351 351 351 350 350 350 349 349 349 350 350 350 351 351 351 352 352 352 351 351 351 353 353 353 352 352 352 352 352 352 353 353 353 354 354 354 355 355 355 354 354 354 353 353 353 354 354 354 355 355 355 356 356 356 357 357 357 356 356 356 355 355 355 356 356 356 357 357 357 358 358 358 188 188 188 358 358 358 357 357 357 358 358 358 188 188 188 331 331 331 332 332 332 331 331 331 188 188 188 359 359 359 360 360 360 361 361 361 362 362 362 361 361 361 360 360 360 361 361 361 362 362 362 363 363 363 364 364 364 363 363 363 362 362 362 363 363 363 364 364 364 365 365 365 202 202 202 365 365 365 364 364 364 365 365 365 202 202 202 366 366 366 203 203 203 366 366 366 202 202 202 366 366 366 203 203 203 367 367 367 201 201 201 367 367 367 203 203 203 367 367 367 201 201 201 368 368 368 200 200 200 368 368 368 201 201 201 368 368 368 200 200 200 369 369 369 370 370 370 369 369 369 200 200 200 369 369 369 370 370 370 371 371 371 372 372 372 371 371 371 370 370 370 371 371 371 372 372 372 373 373 373 374 374 374 373 373 373 372 372 372 373 373 373 374 374 374 375 375 375 206 206 206 375 375 375 374 374 374 375 375 375 206 206 206 376 376 376 377 377 377 376 376 376 206 206 206 376 376 376 377 377 377 378 378 378 379 379 379 378 378 378 377 377 377 378 378 378 379 379 379 380 380 380 195 195 195 380 380 380 379 379 379 380 380 380 195 195 195 359 359 359 360 360 360 359 359 359 195 195 195 381 381 381 265 265 265 382 382 382 383 383 383 382 382 382 265 265 265 382 382 382 383 383 383 384 384 384 385 385 385 384 384 384 383 383 383 384 384 384 385 385 385 386 386 386 387 387 387 386 386 386 385 385 385 386 386 386 387 387 387 388 388 388 387 387 387 389 389 389 388 388 388 388 388 388 389 389 389 390 390 390 391 391 391 390 390 390 389 389 389 390 390 390 391 391 391 392 392 392 393 393 393 392 392 392 391 391 391 392 392 392 393 393 393 394 394 394 214 214 214 394 394 394 393 393 393 394 394 394 214 214 214 395 395 395 216 216 216 395 395 395 214 214 214 395 395 395 216 216 216 396 396 396 397 397 397 396 396 396 216 216 216 396 396 396 397 397 397 398 398 398 399 399 399 398 398 398 397 397 397 398 398 398 399 399 399 400 400 400 401 401 401 400 400 400 399 399 399 400 400 400 401 401 401 402 402 402 403 403 403 402 402 402 401 401 401 402 402 402 403 403 403 404 404 404 264 264 264 404 404 404 403 403 403 404 404 404 264 264 264 405 405 405 265 265 265 405 405 405 264 264 264 405 405 405 265 265 265 381 381 381 406 406 406 225 225 225 407 407 407 408 408 408 407 407 407 225 225 225 407 407 407 408 408 408 409 409 409 410 410 410 409 409 409 408 408 408 409 409 409 410 410 410 411 411 411 412 412 412 411 411 411 410 410 410 411 411 411 412 412 412 413 413 413 414 414 414 413 413 413 412 412 412 413 413 413 414 414 414 415 415 415 416 416 416 415 415 415 414 414 414 415 415 415 416 416 416 417 417 417 230 230 230 417 417 417 416 416 416 417 417 417 230 230 230 418 418 418 418 418 418 230 230 230 419 419 419 229 229 229 419 419 419 230 230 230 419 419 419 229 229 229 420 420 420 421 421 421 420 420 420 229 229 229 420 420 420 421 421 421 422 422 422 423 423 423 422 422 422 421 421 421 422 422 422 423 423 423 424 424 424 425 425 425 424 424 424 423 423 423 424 424 424 425 425 425 426 426 426 427 427 427 426 426 426 425 425 425 426 426 426 427 427 427 428 428 428 429 429 429 428 428 428 427 427 427 428 428 428 429 429 429 430 430 430 430 430 430 429 429 429 406 406 406 225 225 225 406 406 406 429 429 429 431 431 431 432 432 432 433 433 433 434 434 434 433 433 433 432 432 432 433 433 433 434 434 434 435 435 435 436 436 436 435 435 435 434 434 434 435 435 435 436 436 436 437 437 437 438 438 438 437 437 437 436 436 436 437 437 437 438 438 438 439 439 439 438 438 438 440 440 440 439 439 439 441 441 441 439 439 439 440 440 440 439 439 439 441 441 441 442 442 442 443 443 443 442 442 442 441 441 441 442 442 442 443 443 443 444 444 444 444 444 444 443 443 443 445 445 445 446 446 446 445 445 445 443 443 443 445 445 445 446 446 446 447 447 447 262 262 262 447 447 447 446 446 446 261 261 261 447 447 447 262 262 262 447 447 447 261 261 261 448 448 448 449 449 449 448 448 448 261 261 261 448 448 448 449 449 449 450 450 450 451 451 451 450 450 450 449 449 449 450 450 450 451 451 451 452 452 452 453 453 453 452 452 452 451 451 451 452 452 452 453 453 453 454 454 454 455 455 455 454 454 454 453 453 453 454 454 454 455 455 455 456 456 456 457 457 457 456 456 456 455 455 455 456 456 456 457 457 457 431 431 431 432 432 432 431 431 431 457 457 457 458 458 458 131 131 131 459 459 459 130 130 130 459 459 459 131 131 131 459 459 459 130 130 130 460 460 460 129 129 129 460 460 460 130 130 130 460 460 460 129 129 129 461 461 461 126 126 126 461 461 461 129 129 129 461 461 461 126 126 126 462 462 462 463 463 463 462 462 462 126 126 126 462 462 462 463 463 463 464 464 464 465 465 465 464 464 464 463 463 463 464 464 464 465 465 465 466 466 466 467 467 467 466 466 466 465 465 465 139 139 139 466 466 466 467 467 467 466 466 466 139 139 139 468 468 468 137 137 137 468 468 468 139 139 139 468 468 468 137 137 137 469 469 469 470 470 470 469 469 469 137 137 137 469 469 469 470 470 470 471 471 471 472 472 472 471 471 471 470 470 470 471 471 471 472 472 472 473 473 473 132 132 132 473 473 473 472 472 472 473 473 473 132 132 132 474 474 474 124 124 124 474 474 474 132 132 132 474 474 474 124 124 124 475 475 475 476 476 476 475 475 475 124 124 124 475 475 475 476 476 476 458 458 458 131 131 131 458 458 458 476 476 476 251 251 251 134 134 134 477 477 477 478 478 478 252 252 252 479 479 479 251 251 251 479 479 479 252 252 252 479 479 479 251 251 251 480 480 480 477 477 477 480 480 480 251 251 251 481 481 481 249 249 249 478 478 478 248 248 248 478 478 478 249 249 249 478 478 478 248 248 248 252 252 252 482 482 482 249 249 249 481 481 481 249 249 249 482 482 482 250 250 250 483 483 483 250 250 250 482 482 482 250 250 250 483 483 483 245 245 245 484 484 484 245 245 245 483 483 483 245 245 245 484 484 484 246 246 246 485 485 485 246 246 246 484 484 484 246 246 246 485 485 485 247 247 247 247 247 247 485 485 485 228 228 228 486 486 486 228 228 228 485 485 485 487 487 487 228 228 228 486 486 486 228 228 228 487 487 487 236 236 236 488 488 488 236 236 236 487 487 487 236 236 236 488 488 488 234 234 234 489 489 489 234 234 234 488 488 488 234 234 234 489 489 489 243 243 243 490 490 490 243 243 243 489 489 489 243 243 243 490 490 490 242 242 242 491 491 491 242 242 242 490 490 490 242 242 242 491 491 491 226 226 226 492 492 492 226 226 226 491 491 491 226 226 226 492 492 492 224 224 224 493 493 493 224 224 224 492 492 492 224 224 224 493 493 493 221 221 221 494 494 494 221 221 221 493 493 493 221 221 221 494 494 494 222 222 222 222 222 222 494 494 494 219 219 219 495 495 495 219 219 219 494 494 494 496 496 496 219 219 219 495 495 495 219 219 219 496 496 496 212 212 212 212 212 212 496 496 496 213 213 213 496 496 496 497 497 497 213 213 213 498 498 498 213 213 213 497 497 497 213 213 213 498 498 498 215 215 215 499 499 499 215 215 215 498 498 498 215 215 215 499 499 499 194 194 194 500 500 500 194 194 194 499 499 499 194 194 194 500 500 500 196 196 196 501 501 501 196 196 196 500 500 500 196 196 196 501 501 501 197 197 197 502 502 502 197 197 197 501 501 501 197 197 197 502 502 502 199 199 199 503 503 503 199 199 199 502 502 502 199 199 199 503 503 503 205 205 205 205 205 205 503 503 503 185 185 185 504 504 504 185 185 185 503 503 503 505 505 505 185 185 185 504 504 504 185 185 185 505 505 505 189 189 189 506 506 506 189 189 189 505 505 505 189 189 189 506 506 506 190 190 190 190 190 190 506 506 506 192 192 192 507 507 507 192 192 192 506 506 506 508 508 508 192 192 192 507 507 507 192 192 192 508 508 508 184 184 184 509 509 509 184 184 184 508 508 508 184 184 184 509 509 509 182 182 182 182 182 182 509 509 509 180 180 180 509 509 509 510 510 510 180 180 180 511 511 511 180 180 180 510 510 510 180 180 180 511 511 511 181 181 181 512 512 512 181 181 181 511 511 511 181 181 181 512 512 512 166 166 166 513 513 513 166 166 166 512 512 512 166 166 166 513 513 513 164 164 164 514 514 514 164 164 164 513 513 513 164 164 164 514 514 514 160 160 160 515 515 515 160 160 160 514 514 514 160 160 160 515 515 515 161 161 161 516 516 516 161 161 161 515 515 515 161 161 161 516 516 516 175 175 175 517 517 517 175 175 175 516 516 516 175 175 175 517 517 517 154 154 154 154 154 154 517 517 517 156 156 156 517 517 517 518 518 518 156 156 156 519 519 519 156 156 156 518 518 518 156 156 156 519 519 519 155 155 155 155 155 155 519 519 519 150 150 150 520 520 520 150 150 150 519 519 519 150 150 150 520 520 520 145 145 145 521 521 521 145 145 145 520 520 520 522 522 522 145 145 145 521 521 521 145 145 145 522 522 522 146 146 146 146 146 146 522 522 522 147 147 147 523 523 523 147 147 147 522 522 522 524 524 524 147 147 147 523 523 523 147 147 147 524 524 524 144 144 144 525 525 525 144 144 144 524 524 524 144 144 144 525 525 525 143 143 143 143 143 143 525 525 525 141 141 141 526 526 526 141 141 141 525 525 525 136 136 136 477 477 477 134 134 134 477 477 477 136 136 136 527 527 527 138 138 138 527 527 527 136 136 136 527 527 527 138 138 138 528 528 528 140 140 140 528 528 528 138 138 138 528 528 528 140 140 140 529 529 529 141 141 141 529 529 529 140 140 140 529 529 529 141 141 141 526 526 526 331 331 331 530 530 530 509 509 509 417 417 417 531 531 531 532 532 532 526 526 526 297 297 297 462 462 462 475 475 475 533 533 533 474 474 474 534 534 534 535 535 535 297 297 297 297 297 297 535 535 535 462 462 462 529 529 529 466 466 466 528 528 528 468 468 468 528 528 528 466 466 466 528 528 528 468 468 468 527 527 527 469 469 469 527 527 527 468 468 468 527 527 527 469 469 469 477 477 477 471 471 471 477 477 477 469 469 469 464 464 464 526 526 526 462 462 462 526 526 526 464 464 464 529 529 529 466 466 466 529 529 529 464 464 464 458 458 458 533 533 533 475 475 475 533 533 533 458 458 458 297 297 297 297 297 297 458 458 458 534 534 534 471 471 471 473 473 473 533 533 533 533 533 533 473 473 473 474 474 474 471 471 471 533 533 533 477 477 477 536 536 536 477 477 477 533 533 533 537 537 537 478 478 478 538 538 538 479 479 479 538 538 538 478 478 478 538 538 538 479 479 479 536 536 536 480 480 480 536 536 536 479 479 479 536 536 536 480 480 480 477 477 477 483 483 483 482 482 482 481 481 481 532 532 532 483 483 483 481 481 481 483 483 483 532 532 532 484 484 484 531 531 531 486 486 486 532 532 532 485 485 485 532 532 532 486 486 486 532 532 532 485 485 485 484 484 484 489 489 489 488 488 488 539 539 539 540 540 540 486 486 486 531 531 531 541 541 541 486 486 486 540 540 540 486 486 486 541 541 541 487 487 487 487 487 487 541 541 541 488 488 488 539 539 539 488 488 488 541 541 541 413 413 413 415 415 415 532 532 532 542 542 542 543 543 543 544 544 544 417 417 417 532 532 532 415 415 415 545 545 545 491 491 491 546 546 546 490 490 490 546 546 546 491 491 491 546 546 546 490 490 490 547 547 547 489 489 489 547 547 547 490 490 490 539 539 539 547 547 547 489 489 489 545 545 545 406 406 406 544 544 544 542 542 542 544 544 544 406 406 406 544 544 544 491 491 491 545 545 545 492 492 492 491 491 491 544 544 544 493 493 493 544 544 544 494 494 494 544 544 544 493 493 493 492 492 492 494 494 494 496 496 496 495 495 495 499 499 499 498 498 498 548 548 548 497 497 497 548 548 548 498 498 498 548 548 548 497 497 497 494 494 494 496 496 496 494 494 494 497 497 497 375 375 375 548 548 548 549 549 549 550 550 550 551 551 551 552 552 552 502 502 502 553 553 553 503 503 503 503 503 503 553 553 553 504 504 504 554 554 554 504 504 504 553 553 553 504 504 504 554 554 554 365 365 365 376 376 376 548 548 548 375 375 375 548 548 548 376 376 376 499 499 499 376 376 376 555 555 555 499 499 499 556 556 556 499 499 499 555 555 555 499 499 499 556 556 556 500 500 500 500 500 500 556 556 556 501 501 501 359 359 359 501 501 501 556 556 556 501 501 501 359 359 359 502 502 502 502 502 502 359 359 359 553 553 553 365 365 365 557 557 557 552 552 552 550 550 550 552 552 552 557 557 557 558 558 558 552 552 552 551 551 551 552 552 552 558 558 558 548 548 548 548 548 548 558 558 558 549 549 549 552 552 552 504 504 504 365 365 365 505 505 505 504 504 504 552 552 552 509 509 509 507 507 507 552 552 552 506 506 506 552 552 552 507 507 507 552 552 552 506 506 506 505 505 505 507 507 507 509 509 509 508 508 508 559 559 559 509 509 509 530 530 530 509 509 509 559 559 559 510 510 510 510 510 510 559 559 559 511 511 511 560 560 560 511 511 511 559 559 559 511 511 511 560 560 560 512 512 512 561 561 561 512 512 512 560 560 560 517 517 517 318 318 318 562 562 562 320 320 320 562 562 562 318 318 318 320 320 320 321 321 321 562 562 562 323 323 323 562 562 562 321 321 321 563 563 563 564 564 564 342 342 342 342 342 342 564 564 564 565 565 565 512 512 512 342 342 342 565 565 565 342 342 342 512 512 512 561 561 561 515 515 515 514 514 514 312 312 312 323 323 323 325 325 325 562 562 562 562 562 562 325 325 325 342 342 342 563 563 563 342 342 342 325 325 325 312 312 312 313 313 313 515 515 515 515 515 515 313 313 313 516 516 516 316 316 316 516 516 516 313 313 313 516 516 516 316 316 316 517 517 517 318 318 318 517 517 517 316 316 316 565 565 565 566 566 566 512 512 512 567 567 567 512 512 512 566 566 566 512 512 512 567 567 567 513 513 513 513 513 513 567 567 567 514 514 514 312 312 312 514 514 514 567 567 567 517 517 517 568 568 568 518 518 518 569 569 569 518 518 518 568 568 568 518 518 518 569 569 569 519 519 519 570 570 570 519 519 519 569 569 569 519 519 519 570 570 570 520 520 520 570 570 570 571 571 571 520 520 520 520 520 520 571 571 571 521 521 521 572 572 572 521 521 521 571 571 571 521 521 521 572 572 572 522 522 522 522 522 522 572 572 572 523 523 523 447 447 447 448 448 448 532 532 532 448 448 448 573 573 573 574 574 574 574 574 574 573 573 573 575 575 575 573 573 573 576 576 576 575 575 575 575 575 575 576 576 576 577 577 577 454 454 454 577 577 577 576 576 576 577 577 577 454 454 454 578 578 578 456 456 456 578 578 578 454 454 454 578 578 578 456 456 456 579 579 579 537 537 537 580 580 580 478 478 478 478 478 478 580 580 580 481 481 481 481 481 481 580 580 580 444 444 444 581 581 581 481 481 481 444 444 444 481 481 481 581 581 581 532 532 532 532 532 532 581 581 581 447 447 447 582 582 582 583 583 583 305 305 305 584 584 584 523 523 523 572 572 572 523 523 523 584 584 584 524 524 524 585 585 585 524 524 524 584 584 584 524 524 524 585 585 585 525 525 525 296 296 296 525 525 525 585 585 585 525 525 525 296 296 296 526 526 526 526 526 526 296 296 296 297 297 297 297 297 297 586 586 586 587 587 587 586 586 586 588 588 588 587 587 587 587 587 587 588 588 588 589 589 589 590 590 590 589 589 589 588 588 588 589 589 589 590 590 590 583 583 583 583 583 583 590 590 590 305 305 305 562 562 562 568 568 568 517 517 517 591 591 591 592 592 592 552 552 552 552 552 552 592 592 592 509 509 509 331 331 331 509 509 509 592 592 592 342 342 342 593 593 593 594 594 594 595 595 595 596 596 596 350 350 350 594 594 594 593 593 593 597 597 597 593 593 593 598 598 598 597 597 597 597 597 597 598 598 598 599 599 599 348 348 348 599 599 599 598 598 598 599 599 599 348 348 348 596 596 596 596 596 596 348 348 348 350 350 350 494 494 494 600 600 600 392 392 392 601 601 601 494 494 494 392 392 392 494 494 494 601 601 601 548 548 548 548 548 548 601 601 601 602 602 602 603 603 603 604 604 604 544 544 544 544 544 544 604 604 604 494 494 494 600 600 600 494 494 494 604 604 604 398 398 398 605 605 605 606 606 606 606 606 606 605 605 605 607 607 607 608 608 608 609 609 609 405 405 405 605 605 605 610 610 610 607 607 607 607 607 607 610 610 610 611 611 611 404 404 404 611 611 611 610 610 610 611 611 611 404 404 404 609 609 609 609 609 609 404 404 404 405 405 405 405 405 405 612 612 612 544 544 544 544 544 544 612 612 612 603 603 603 398 398 398 606 606 606 613 613 613 614 614 614 595 595 595 350 350 350 615 615 615 595 595 595 614 614 614 613 613 613 616 616 616 398 398 398 617 617 617 398 398 398 616 616 616 398 398 398 617 617 617 614 614 614 618 618 618 614 614 614 617 617 617 614 614 614 618 618 618 615 615 615 619 619 619 620 620 620 532 532 532 448 448 448 574 574 574 532 532 532 532 532 532 574 574 574 619 619 619 621 621 621 622 622 622 544 544 544 623 623 623 544 544 544 622 622 622 544 544 544 608 608 608 405 405 405 623 623 623 608 608 608 544 544 544 624 624 624 297 297 297 587 587 587 533 533 533 579 579 579 456 456 456 625 625 625 579 579 579 533 533 533 624 624 624 626 626 626 297 297 297 627 627 627 297 297 297 626 626 626 297 297 297 627 627 627 533 533 533 628 628 628 533 533 533 627 627 627 533 533 533 628 628 628 625 625 625 562 562 562 582 582 582 305 305 305 629 629 629 582 582 582 562 562 562 342 342 342 594 594 594 630 630 630 630 630 630 631 631 631 342 342 342 632 632 632 342 342 342 631 631 631 342 342 342 632 632 632 562 562 562 633 633 633 562 562 562 632 632 632 562 562 562 633 633 633 629 629 629 552 552 552 614 614 614 591 591 591 614 614 614 552 552 552 398 398 398 548 548 548 398 398 398 552 552 552 398 398 398 548 548 548 602 602 602 620 620 620 621 621 621 532 532 532 544 544 544 532 532 532 621 621 621 532 532 532 544 544 544 413 413 413 543 543 543 413 413 413 544 544 544 634 634 634 36 36 36 635 635 635 27 27 27 635 635 635 36 36 36 635 635 635 27 27 27 636 636 636 25 25 25 636 636 636 27 27 27 636 636 636 25 25 25 637 637 637 638 638 638 637 637 637 25 25 25 637 637 637 638 638 638 639 639 639 640 640 640 639 639 639 638 638 638 639 639 639 640 640 640 641 641 641 24 24 24 641 641 641 640 640 640 641 641 641 24 24 24 642 642 642 84 84 84 642 642 642 24 24 24 642 642 642 84 84 84 643 643 643 83 83 83 643 643 643 84 84 84 643 643 643 83 83 83 644 644 644 81 81 81 644 644 644 83 83 83 644 644 644 81 81 81 645 645 645 78 78 78 645 645 645 81 81 81 645 645 645 78 78 78 646 646 646 76 76 76 646 646 646 78 78 78 646 646 646 76 76 76 647 647 647 73 73 73 647 647 647 76 76 76 647 647 647 73 73 73 648 648 648 70 70 70 648 648 648 73 73 73 648 648 648 70 70 70 649 649 649 68 68 68 649 649 649 70 70 70 649 649 649 68 68 68 650 650 650 57 57 57 650 650 650 68 68 68 650 650 650 57 57 57 651 651 651 32 32 32 651 651 651 57 57 57 651 651 651 32 32 32 652 652 652 31 31 31 652 652 652 32 32 32 652 652 652 31 31 31 653 653 653 64 64 64 653 653 653 31 31 31 653 653 653 64 64 64 654 654 654 59 59 59 654 654 654 64 64 64 654 654 654 59 59 59 655 655 655 51 51 51 655 655 655 59 59 59 655 655 655 51 51 51 656 656 656 53 53 53 656 656 656 51 51 51 656 656 656 53 53 53 657 657 657 50 50 50 657 657 657 53 53 53 657 657 657 50 50 50 658 658 658 48 48 48 658 658 658 50 50 50 658 658 658 48 48 48 659 659 659 40 40 40 659 659 659 48 48 48 659 659 659 40 40 40 634 634 634 36 36 36 634 634 634 40 40 40 617 617 617 660 660 660 618 618 618 660 660 660 617 617 617 661 661 661 616 616 616 661 661 661 617 617 617 661 661 661 616 616 616 662 662 662 662 662 662 616 616 616 663 663 663 613 613 613 663 663 663 616 616 616 663 663 663 613 613 613 664 664 664 606 606 606 664 664 664 613 613 613 664 664 664 606 606 606 665 665 665 665 665 665 606 606 606 666 666 666 606 606 606 607 607 607 666 666 666 611 611 611 666 666 666 607 607 607 666 666 666 611 611 611 667 667 667 609 609 609 667 667 667 611 611 611 667 667 667 609 609 609 668 668 668 608 608 608 668 668 668 609 609 609 668 668 668 608 608 608 669 669 669 623 623 623 669 669 669 608 608 608 669 669 669 623 623 623 670 670 670 622 622 622 670 670 670 623 623 623 670 670 670 622 622 622 671 671 671 621 621 621 671 671 671 622 622 622 671 671 671 621 621 621 672 672 672 620 620 620 672 672 672 621 621 621 672 672 672 620 620 620 673 673 673 619 619 619 673 673 673 620 620 620 673 673 673 619 619 619 674 674 674 574 574 574 674 674 674 619 619 619 674 674 674 574 574 574 675 675 675 675 675 675 574 574 574 676 676 676 574 574 574 575 575 575 676 676 676 577 577 577 676 676 676 575 575 575 676 676 676 577 577 577 677 677 677 578 578 578 677 677 677 577 577 577 677 677 677 578 578 578 678 678 678 678 678 678 578 578 578 679 679 679 578 578 578 625 625 625 679 679 679 679 679 679 625 625 625 680 680 680 628 628 628 680 680 680 625 625 625 680 680 680 628 628 628 681 681 681 627 627 627 681 681 681 628 628 628 681 681 681 627 627 627 682 682 682 626 626 626 682 682 682 627 627 627 682 682 682 626 626 626 683 683 683 624 624 624 683 683 683 626 626 626 683 683 683 624 624 624 684 684 684 685 685 685 684 684 684 624 624 624 684 684 684 685 685 685 686 686 686 686 686 686 685 685 685 687 687 687 685 685 685 587 587 587 687 687 687 589 589 589 687 687 687 587 587 587 687 687 687 589 589 589 688 688 688 583 583 583 688 688 688 589 589 589 688 688 688 583 583 583 689 689 689 582 582 582 689 689 689 583 583 583 689 689 689 582 582 582 690 690 690 629 629 629 690 690 690 582 582 582 690 690 690 629 629 629 691 691 691 633 633 633 691 691 691 629 629 629 691 691 691 633 633 633 692 692 692 632 632 632 692 692 692 633 633 633 692 692 692 632 632 632 693 693 693 631 631 631 693 693 693 632 632 632 693 693 693 631 631 631 694 694 694 630 630 630 694 694 694 631 631 631 694 694 694 630 630 630 695 695 695 594 594 594 695 695 695 630 630 630 695 695 695 594 594 594 696 696 696 696 696 696 594 594 594 697 697 697 594 594 594 597 597 597 697 697 697 599 599 599 697 697 697 597 597 597 697 697 697 599 599 599 698 698 698 596 596 596 698 698 698 599 599 599 698 698 698 596 596 596 699 699 699 595 595 595 699 699 699 596 596 596 699 699 699 595 595 595 700 700 700 615 615 615 700 700 700 595 595 595 700 700 700 615 615 615 701 701 701 618 618 618 701 701 701 615 615 615 701 701 701 618 618 618 702 702 702 660 660 660 702 702 702 618 618 618 703 703 703 704 704 704 705 705 705 705 705 705 704 704 704 14 14 14 704 704 704 706 706 706 14 14 14 704 704 704 707 707 707 706 706 706 707 707 707 704 704 704 8 8 8 704 704 704 5 5 5 8 8 8 708 708 708 709 709 709 710 710 710 711 711 711 712 712 712 713 713 713 714 714 714 715 715 715 716 716 716 717 717 717 718 718 718 719 719 719 720 720 720 644 644 644 721 721 721 722 722 722 641 641 641 720 720 720 723 723 723 724 724 724 725 725 725 726 726 726 727 727 727 728 728 728 729 729 729 730 730 730 655 655 655 731 731 731 655 655 655 730 730 730 732 732 732 733 733 733 734 734 734 716 716 716 735 735 735 711 711 711 736 736 736 722 722 722 721 721 721 720 720 720 721 721 721 722 722 722 737 737 737 738 738 738 739 739 739 739 739 739 740 740 740 741 741 741 658 658 658 659 659 659 726 726 726 710 710 710 742 742 742 732 732 732 734 734 734 743 743 743 714 714 714 719 719 719 744 744 744 721 721 721 722 722 722 745 745 745 723 723 723 722 722 722 723 723 723 641 641 641 725 725 725 641 641 641 723 723 723 641 641 641 725 725 725 746 746 746 747 747 747 748 748 748 737 737 737 749 749 749 729 729 729 728 728 728 655 655 655 728 728 728 729 729 729 728 728 728 655 655 655 726 726 726 658 658 658 726 726 726 655 655 655 741 741 741 750 750 750 726 726 726 731 731 731 751 751 751 655 655 655 708 708 708 655 655 655 751 751 751 710 710 710 655 655 655 708 708 708 655 655 655 710 710 710 654 654 654 732 732 732 654 654 654 710 710 710 654 654 654 732 732 732 653 653 653 734 734 734 653 653 653 732 732 732 653 653 653 734 734 734 652 652 652 714 714 714 652 652 652 734 734 734 652 652 652 714 714 714 651 651 651 716 716 716 651 651 651 714 714 714 651 651 651 716 716 716 650 650 650 711 711 711 650 650 650 716 716 716 650 650 650 711 711 711 649 649 649 713 713 713 649 649 649 711 711 711 649 649 649 713 713 713 648 648 648 752 752 752 648 648 648 713 713 713 648 648 648 752 752 752 647 647 647 752 752 752 717 717 717 647 647 647 719 719 719 647 647 647 717 717 717 647 647 647 719 719 719 646 646 646 721 721 721 646 646 646 719 719 719 646 646 646 721 721 721 645 645 645 644 644 644 645 645 645 721 721 721 753 753 753 754 754 754 747 747 747 746 746 746 753 753 753 641 641 641 747 747 747 641 641 641 753 753 753 641 641 641 747 747 747 639 639 639 737 737 737 639 639 639 747 747 747 639 639 639 737 737 737 637 637 637 739 739 739 637 637 637 737 737 737 637 637 637 739 739 739 636 636 636 741 741 741 636 636 636 739 739 739 636 636 636 741 741 741 635 635 635 726 726 726 635 635 635 741 741 741 635 635 635 726 726 726 634 634 634 659 659 659 634 634 634 726 726 726 755 755 755 756 756 756 757 757 757 758 758 758 759 759 759 760 760 760 761 761 761 762 762 762 763 763 763 700 700 700 763 763 763 762 762 762 763 763 763 700 700 700 764 764 764 701 701 701 764 764 764 700 700 700 764 764 764 701 701 701 765 765 765 702 702 702 765 765 765 701 701 701 765 765 765 702 702 702 766 766 766 767 767 767 766 766 766 702 702 702 768 768 768 769 769 769 770 770 770 771 771 771 772 772 772 773 773 773 693 693 693 773 773 773 772 772 772 773 773 773 693 693 693 774 774 774 694 694 694 774 774 774 693 693 693 774 774 774 694 694 694 775 775 775 695 695 695 775 775 775 694 694 694 775 775 775 695 695 695 776 776 776 696 696 696 776 776 776 695 695 695 776 776 776 696 696 696 777 777 777 697 697 697 777 777 777 696 696 696 777 777 777 697 697 697 778 778 778 698 698 698 778 778 778 697 697 697 778 778 778 698 698 698 762 762 762 699 699 699 762 762 762 698 698 698 762 762 762 699 699 699 700 700 700 779 779 779 780 780 780 781 781 781 686 686 686 781 781 781 780 780 780 781 781 781 686 686 686 782 782 782 687 687 687 782 782 782 686 686 686 782 782 782 687 687 687 783 783 783 688 688 688 783 783 783 687 687 687 783 783 783 688 688 688 784 784 784 689 689 689 784 784 784 688 688 688 784 784 784 689 689 689 785 785 785 690 690 690 785 785 785 689 689 689 785 785 785 690 690 690 786 786 786 691 691 691 786 786 786 690 690 690 786 786 786 691 691 691 772 772 772 692 692 692 772 772 772 691 691 691 772 772 772 692 692 692 693 693 693 787 787 787 662 662 662 788 788 788 663 663 663 788 788 788 662 662 662 788 788 788 663 663 663 789 789 789 664 664 664 789 789 789 663 663 663 789 789 789 664 664 664 757 757 757 665 665 665 757 757 757 664 664 664 757 757 757 665 665 665 755 755 755 666 666 666 755 755 755 665 665 665 755 755 755 666 666 666 790 790 790 667 667 667 790 790 790 666 666 666 790 790 790 667 667 667 791 791 791 668 668 668 791 791 791 667 667 667 791 791 791 668 668 668 792 792 792 669 669 669 792 792 792 668 668 668 792 792 792 669 669 669 793 793 793 670 670 670 793 793 793 669 669 669 793 793 793 670 670 670 794 794 794 671 671 671 794 794 794 670 670 670 794 794 794 671 671 671 760 760 760 672 672 672 760 760 760 671 671 671 760 760 760 672 672 672 758 758 758 673 673 673 758 758 758 672 672 672 758 758 758 673 673 673 795 795 795 674 674 674 795 795 795 673 673 673 795 795 795 674 674 674 796 796 796 675 675 675 796 796 796 674 674 674 796 796 796 675 675 675 797 797 797 676 676 676 797 797 797 675 675 675 797 797 797 676 676 676 798 798 798 677 677 677 798 798 798 676 676 676 798 798 798 677 677 677 799 799 799 678 678 678 799 799 799 677 677 677 799 799 799 678 678 678 770 770 770 679 679 679 770 770 770 678 678 678 770 770 770 679 679 679 768 768 768 680 680 680 768 768 768 679 679 679 768 768 768 680 680 680 800 800 800 681 681 681 800 800 800 680 680 680 800 800 800 681 681 681 801 801 801 682 682 682 801 801 801 681 681 681 801 801 801 682 682 682 802 802 802 683 683 683 802 802 802 682 682 682 802 802 802 683 683 683 780 780 780 684 684 684 780 780 780 683 683 683 780 780 780 684 684 684 686 686 686 803 803 803 726 726 726 804 804 804 750 750 750 804 804 804 726 726 726 804 804 804 750 750 750 765 765 765 727 727 727 805 805 805 788 788 788 805 805 805 727 727 727 803 803 803 726 726 726 803 803 803 727 727 727 661 661 661 805 805 805 660 660 660 803 803 803 660 660 660 805 805 805 804 804 804 660 660 660 803 803 803 685 685 685 624 624 624 587 587 587 655 655 655 656 656 656 657 657 657 657 657 657 658 658 658 655 655 655 638 638 638 25 25 25 24 24 24 24 24 24 640 640 640 638 638 638 578 578 578 579 579 579 625 625 625 444 444 444 445 445 445 447 447 447 447 447 447 581 581 581 444 444 444 124 124 124 123 123 123 131 131 131 131 131 131 476 476 476 124 124 124</p>
        </triangles>
      </mesh>
    </geometry>
    <geometry id="42675d8a89af42108b1c9687d0ab0718" name="b5d33f2a66ed4ae39c92ad16ac60a4b6">
      <mesh>
        <source id="verts-array">
          <float_array count="2283" id="verts-array-array">0.014 0.03346358 0.008507907 0.016 0.03346358 0.008507907 0.014 0.03406248 0.008320718 0.016 0.03406248 0.008320718 0.014 0.03468518 0.008243471 0.016 0.03468518 0.008243471 0.014 0.03531168 0.008278651 0.016 0.03531168 0.008278651 0.014 0.03592182 0.008425132 0.016 0.03592182 0.008425132 0.014 0.03649599 0.008678209 0.016 0.03649599 0.008678209 0.014 0.03701575 0.009029735 0.016 0.03701575 0.009029735 0.014 0.0374644 0.009468418 0.016 0.0374644 0.009468418 0.014 0.03782749 0.009980166 0.016 0.03782749 0.009980166 0.014 0.03809339 0.01054852 0.016 0.03809339 0.01054852 0.014 0.03825352 0.01115522 0.016 0.03825352 0.01115522 0.014 0.03830275 0.01178076 0.016 0.03830275 0.01178076 0.014 0.0382395 0.01240503 0.016 0.0382395 0.01240503 0.014 0.03806579 0.01300799 0.016 0.03806579 0.01300799 0.014 0.03778721 0.01357023 0.016 0.03778721 0.01357023 0.014 0.03741271 0.0140737 0.016 0.03741271 0.0140737 0.014 0.03695434 0.01450221 0.016 0.03695434 0.01450221 0.014 0.03642683 0.01484199 0.016 0.03642683 0.01484199 0.014 0.03584711 0.01508211 0.016 0.03584711 0.01508211 0.014 0.03523384 0.01521486 0.016 0.03523384 0.01521486 0.014 0.03460672 0.01523598 0.016 0.03460672 0.01523598 0.014 0.03398591 0.01514478 0.016 0.03398591 0.01514478 0.014 0.03339136 0.0149442 0.016 0.03339136 0.0149442 0.014 0.03284218 0.01464068 0.016 0.03284218 0.01464068 0.014 0.03235602 0.01424397 0.016 0.03235602 0.01424397 0.014 0.0319485 0.01376683 0.016 0.0319485 0.01376683 0.014 0.03163274 0.0132246 0.016 0.03163274 0.0132246 0.014 0.03141887 0.0126347 0.016 0.03141887 0.0126347 0.014 0.03131376 0.01201609 0.016 0.03131376 0.01201609 0.014 0.0313208 0.01138865 0.016 0.0313208 0.01138865 0.014 0.03143976 0.01077256 0.016 0.03143976 0.01077256 0.014 0.03166681 0.01018761 0.016 0.03166681 0.01018761 0.014 0.03199467 0.009652598 0.016 0.03199467 0.009652598 0.014 0.03241279 0.009184726 0.016 0.03241279 0.009184726 0.014 0.03290773 0.008799032 0.016 0.03290773 0.008799032 0.014 0.03896043 0.01001941 0.0155 0.03863986 0.009390244 0.014 0.03863986 0.009390244 0.0155 0.03822479 0.00881897 0.014 0.03822479 0.00881897 0.0155 0.03772549 0.008319658 0.014 0.03772549 0.008319658 0.0155 0.03715422 0.007904609 0.014 0.03715422 0.007904609 0.0155 0.03652505 0.00758403 0.014 0.03652505 0.00758403 0.0155 0.03585347 0.00736582 0.014 0.03585347 0.00736582 0.0155 0.03515604 0.007255357 0.014 0.03515604 0.007255357 0.0155 0.03444991 0.00725536 0.014 0.03444991 0.00725536 0.0155 0.03375247 0.007365819 0.014 0.03375247 0.007365819 0.0155 0.0330809 0.007584027 0.014 0.0330809 0.007584027 0.0155 0.03245173 0.007904602 0.014 0.03245173 0.007904602 0.0155 0.03188046 0.008319663 0.014 0.03188046 0.008319663 0.0155 0.03138114 0.008818968 0.014 0.03138114 0.008818968 0.0155 0.03096609 0.009390236 0.014 0.03096609 0.009390236 0.0155 0.03064551 0.01001941 0.014 0.03064551 0.01001941 0.0155 0.03042731 0.01069098 0.014 0.03042731 0.01069098 0.0155 0.03031684 0.01138842 0.014 0.03031684 0.01138842 0.0155 0.03031685 0.01209454 0.014 0.03031685 0.01209454 0.0155 0.0304273 0.01279199 0.014 0.0304273 0.01279199 0.0155 0.03064551 0.01346356 0.014 0.03064551 0.01346356 0.0155 0.03096609 0.01409273 0.014 0.03096609 0.01409273 0.0155 0.03138115 0.014664 0.014 0.03138115 0.014664 0.0155 0.03188045 0.01516331 0.014 0.03188045 0.01516331 0.0155 0.03245172 0.01557836 0.014 0.03245172 0.01557836 0.0155 0.03308089 0.01589894 0.014 0.03308089 0.01589894 0.0155 0.03375247 0.01611715 0.014 0.03375247 0.01611715 0.0155 0.0344499 0.01622762 0.014 0.0344499 0.01622762 0.0155 0.03515603 0.01622761 0.014 0.03515603 0.01622761 0.0155 0.03585347 0.01611715 0.014 0.03585347 0.01611715 0.0155 0.03652504 0.01589894 0.014 0.03652504 0.01589894 0.0155 0.03715421 0.01557837 0.014 0.03715421 0.01557837 0.0155 0.03772549 0.01516331 0.014 0.03772549 0.01516331 0.0155 0.0382248 0.014664 0.014 0.0382248 0.014664 0.0155 0.03863985 0.01409274 0.014 0.03863985 0.01409274 0.0155 0.03896043 0.01346356 0.014 0.03896043 0.01346356 0.0155 0.03917864 0.01279199 0.014 0.03917864 0.01279199 0.0155 0.0392891 0.01209456 0.014 0.0392891 0.01209456 0.0155 0.0392891 0.01138843 0.014 0.0392891 0.01138843 0.0155 0.03917864 0.01069098 0.014 0.03917864 0.01069098 0.0155 0.03896043 0.01001941 0.014 0.03827813 0.01146799 0.014 0.03923387 0.01103971 0.014 0.03880014 0.009704827 0.014 0.03764595 0.009724292 0.014 0.03797514 0.008569314 0.014 0.03675587 0.008853972 0.014 0.03683963 0.007744319 0.014 0.03561675 0.008351892 0.014 0.03183074 0.009920104 0.014 0.0308058 0.009704823 0.014 0.03037208 0.0110397 0.014 0.03131728 0.01170237 0.014 0.03037207 0.01244326 0.014 0.03152581 0.01292965 0.014 0.0308058 0.01377814 0.014 0.03215226 0.0140054 0.014 0.03550476 0.007310589 0.014 0.03410119 0.00731059 0.014 0.03376303 0.008414313 0.014 0.03276631 0.007744315 0.014 0.03266026 0.008991879 0.014 0.0316308 0.008569316 0.014 0.03613697 0.01496205 0.014 0.03683962 0.01573865 0.014 0.03797515 0.01491365 0.014 0.03759996 0.01382197 0.014 0.03880014 0.01377815 0.014 0.03815265 0.01270651 0.014 0.03923387 0.01244328 0.014 0.0316308 0.01491365 0.014 0.0327663 0.01573865 0.014 0.03368863 0.01504449 0.014 0.03410119 0.01617238 0.014 0.03492028 0.01522542 0.014 0.03550475 0.01617238 0.0175 0.03236048 0.008465882 0.0175 0.03142924 0.009436436 0.0175 0.02998952 0.009024017 0.0175 0.03188323 0.01783262 0.0175 0.03302432 0.01795911 0.0175 0.03415166 0.01971493 0.0175 0.03509928 0.019736 0.0175 0.03636924 0.01770613 0.0175 0.03667771 0.01801459 0.0175 0.03604273 0.01964484 0.0175 0.03696879 0.01944274 0.0175 0.03636924 0.0168634 0.0175 0.03625634 0.01728476 0.0175 0.03323669 0.01770613 0.0175 0.0379418 0.01728476 0.0175 0.04024642 0.01760399 0.0175 0.03782889 0.01770613 0.0175 0.03951484 0.01820665 0.0175 0.03829077 0.01892554 0.0175 0.03709907 0.01812749 0.0175 0.03752043 0.01801459 0.0175 0.03782889 0.01686339 0.0175 0.03997847 0.01478177 0.0175 0.03736523 0.01649849 0.0175 0.04090159 0.01691903 0.0175 0.04147114 0.01616138 0.0175 0.04259287 0.01356291 0.0175 0.04213493 0.01490657 0.0175 0.04275361 0.01262879 0.0175 0.03992488 0.008715565 0.0175 0.03955997 0.009179232 0.0175 0.03784325 0.006565991 0.0175 0.03992488 0.01017522 0.0175 0.04018361 0.01322357 0.0175 0.04208723 0.008468105 0.0175 0.04094215 0.00884949 0.0175 0.04140492 0.007223275 0.0175 0.04050889 0.008631375 0.0175 0.0408242 0.006474154 0.0175 0.04116026 0.009227274 0.0175 0.04050889 0.01025941 0.0175 0.04094215 0.01004129 0.0175 0.04280275 0.01168221 0.0175 0.04273959 0.01073648 0.0175 0.04116026 0.009663504 0.0175 0.04256502 0.009804836 0.0175 0.04015895 0.005798978 0.0175 0.03941852 0.005207213 0.0175 0.03731719 0.005384199 0.0175 0.03818394 0.00450654 0.0175 0.03685443 0.004008987 0.0175 0.03403358 0.003778569 0.0175 0.03647543 0.005650353 0.0175 0.03625634 0.006198209 0.0175 0.03688096 0.005384196 0.0175 0.03592549 0.003820629 0.0175 0.03498079 0.003743457 0.0175 0.03169286 0.006035566 0.0175 0.03188324 0.006746066 0.0175 0.03228876 0.007012219 0.0175 0.03309719 0.003925462 0.0175 0.03319747 0.005737617 0.0175 0.03048239 0.005008547 0.0175 0.03174688 0.004363428 0.0175 0.03191097 0.005602307 0.0175 0.03319747 0.006658798 0.0175 0.0333496 0.006198209 0.0175 0.03272499 0.005384196 0.0175 0.03228876 0.005384194 0.0175 0.02971638 0.005566807 0.0175 0.03272498 0.007012221 0.0175 0.02952585 0.008659108 0.0175 0.02902178 0.006211754 0.0175 0.02904158 0.008631367 0.0175 0.02840834 0.006934329 0.0175 0.02788467 0.007724378 0.0175 0.0286638 0.008849483 0.0175 0.02729639 0.009016305 0.0175 0.02844569 0.009227268 0.0175 0.02682075 0.01227456 0.0175 0.02871184 0.01006902 0.0175 0.02942234 0.0102594 0.0175 0.02844568 0.009663495 0.0175 0.02691886 0.01038474 0.0175 0.02681373 0.01132674 0.0175 0.02848028 0.01664287 0.0175 0.02899354 0.01482386 0.0175 0.02910435 0.01735627 0.0175 0.02772543 0.01544064 0.0175 0.02852987 0.01445894 0.0175 0.02985559 0.01463348 0.0175 0.03208551 0.01655493 0.0175 0.0294778 0.01485159 0.0175 0.03007371 0.0142557 0.0175 0.02883833 0.01330776 0.0175 0.02925969 0.01319485 0.0175 0.02972028 0.01334699 0.0175 0.02716928 0.01413456 0.0175 0.02841697 0.01403758 0.0175 0.03007371 0.01381947 0.0175 0.02852987 0.01361622 0.0175 0.02693983 0.0132149 0.0175 0.03058262 0.01853771 0.0175 0.03141605 0.01898916 0.0175 0.02980843 0.01799085 0.0175 0.03166414 0.01728476 0.0175 0.03275511 0.0194604 0.0175 0.03488742 0.007656364 0.0175 0.03355641 0.007850286 0.0175 0.03636925 0.006619577 0.0175 0.03620928 0.007905126 0.0175 0.03704549 0.007026583 0.0175 0.03737874 0.008569618 0.0175 0.03823763 0.008022708 0.0175 0.03752044 0.006928036 0.0175 0.03874236 0.01282618 0.0175 0.03890209 0.01182622 0.0175 0.03878382 0.01082051 0.0175 0.03826909 0.009577831 0.0175 0.03950351 0.01403758 0.0175 0.03961642 0.01445895 0.0175 0.03656191 0.01598793 0.0175 0.03975035 0.01344169 0.0175 0.03836771 0.01376698 0.0175 0.03775129 0.01457039 0.0175 0.03404729 0.01575699 0.0175 0.03539206 0.0157848 0.0175 0.036673 0.01537444 0.0175 0.03177704 0.01686339 0.0175 0.03307877 0.01546131 0.0175 0.03256045 0.01645639 0.0175 0.0322272 0.01491336 0.0175 0.0332367 0.01686339 0.0175 0.03334959 0.01728476 0.0175 0.03086358 0.01065679 0.0175 0.03070385 0.01165675 0.0175 0.03133685 0.01390514 0.0175 0.03082212 0.01266246 0.0175 0.0298556 0.01004128 0.0175 0.03010243 0.009445384 0.0175 0.03794181 0.006087267 0.0175 0.04076761 0.01330777 0.0175 0.04107607 0.01445895 0.0175 0.04045719 0.01488032 0.0175 0.03166414 0.006309151 0.0155 0.03169286 0.00641632 0.0175 0.03177705 0.006619573 0.0155 0.03169287 0.005980093 0.0175 0.03169287 0.005980093 0.0175 0.03183252 0.005680761 0.0155 0.03208551 0.005468382 0.0175 0.03208551 0.005468382 0.0175 0.03250687 0.005355479 0.0155 0.03272499 0.005384196 0.0175 0.03292824 0.005468384 0.0155 0.03310277 0.005602307 0.0175 0.0332367 0.005776842 0.0155 0.0333496 0.006198209 0.0175 0.0332367 0.006619571 0.0155 0.03310277 0.006794107 0.0175 0.03292823 0.006928033 0.0155 0.03272498 0.007012221 0.0175 0.03250687 0.007040936 0.0155 0.03228876 0.007012219 0.0175 0.03208551 0.006928031 0.0155 0.03191097 0.006794108 0.0175 0.02841697 0.00944538 0.0155 0.02844568 0.009663495 0.0175 0.02852987 0.009866749 0.0155 0.02844569 0.009227268 0.0175 0.02852987 0.009024019 0.0155 0.0286638 0.008849483 0.0175 0.02883833 0.008715558 0.0155 0.02904158 0.008631367 0.0175 0.02925969 0.008602653 0.0155 0.02947781 0.008631371 0.0175 0.02968106 0.00871556 0.0155 0.02985559 0.008849482 0.0155 0.03007371 0.00922727 0.0175 0.03010243 0.009334438 0.0155 0.03007371 0.009663498 0.0175 0.03007371 0.009663498 0.0175 0.02968107 0.0101752 0.0155 0.02968107 0.0101752 0.0155 0.02937064 0.01028812 0.0175 0.02925969 0.01028812 0.0155 0.02904158 0.01025939 0.0175 0.02883833 0.0101752 0.0155 0.0286638 0.01004128 0.0155 0.02844568 0.01425569 0.0155 0.02844569 0.01381947 0.0155 0.02866379 0.01344169 0.0155 0.02904158 0.01322357 0.0175 0.02914875 0.01319485 0.0155 0.02937064 0.01319485 0.0175 0.0294778 0.01322357 0.0155 0.02968105 0.01330776 0.0175 0.02977714 0.01336323 0.0155 0.02998952 0.01361622 0.0175 0.02998952 0.01361622 0.0155 0.03010242 0.01403758 0.0175 0.03010242 0.01403758 0.0175 0.02998951 0.01445895 0.0155 0.02985559 0.01463348 0.0155 0.0294778 0.01485159 0.0155 0.02904158 0.01485159 0.0175 0.02883833 0.01476741 0.0155 0.0286638 0.01463348 0.0155 0.03169286 0.01750288 0.0175 0.03169286 0.01750288 0.0155 0.03169286 0.01706664 0.0175 0.03169286 0.01706664 0.0155 0.03191097 0.01668886 0.0175 0.03191097 0.01668886 0.0175 0.03250687 0.01644203 0.0155 0.03250687 0.01644203 0.0175 0.03292823 0.01655493 0.0155 0.03310277 0.01668886 0.0155 0.03332089 0.01706665 0.0175 0.03332087 0.01750288 0.0155 0.03332087 0.01750288 0.0175 0.03310277 0.01788066 0.0155 0.03292823 0.01801459 0.0175 0.03250687 0.01812749 0.0155 0.03250687 0.01812749 0.0175 0.03208551 0.01801459 0.0155 0.03191097 0.01788066 0.0155 0.03650317 0.01788066 0.0155 0.03625634 0.01728476 0.0155 0.03631377 0.01695948 0.0155 0.03650317 0.01668886 0.0175 0.03667771 0.01655494 0.0155 0.03688096 0.01647075 0.0175 0.03698812 0.01644203 0.0155 0.03731718 0.01647076 0.0175 0.03731718 0.01647076 0.0175 0.03769497 0.01668886 0.0155 0.03782889 0.01686339 0.0155 0.0379418 0.01728476 0.0155 0.03788437 0.01761005 0.0155 0.03769497 0.01788067 0.0155 0.03731718 0.01809878 0.0175 0.03721002 0.0181275 0.0155 0.03688096 0.01809878 0.0175 0.03688096 0.01809878 0.0175 0.03650317 0.01788066 0.0155 0.03953223 0.0142557 0.0155 0.03953223 0.01381948 0.0175 0.03961643 0.01361623 0.0155 0.03975035 0.01344169 0.0175 0.03992488 0.01330777 0.0155 0.04012813 0.01322357 0.0175 0.04034624 0.01319486 0.0155 0.04056436 0.01322357 0.0155 0.04094214 0.01344169 0.0175 0.04107607 0.01361623 0.0155 0.04116026 0.01381948 0.0175 0.04118898 0.01392665 0.0155 0.04116026 0.0142557 0.0175 0.04116026 0.0142557 0.0155 0.04094215 0.01463349 0.0175 0.04094215 0.01463349 0.0175 0.04034624 0.01488032 0.0155 0.04034624 0.01488032 0.0155 0.03992488 0.01476741 0.0175 0.03992488 0.01476741 0.0155 0.03967189 0.01455504 0.0155 0.03961643 0.009866753 0.0175 0.03953223 0.009663503 0.0155 0.03953223 0.009227274 0.0175 0.03961643 0.009024024 0.0155 0.03975035 0.00884949 0.0175 0.0398288 0.008771039 0.0155 0.04012814 0.008631375 0.0175 0.04012814 0.008631375 0.0155 0.04056437 0.008631376 0.0175 0.04056437 0.008631376 0.0155 0.04107607 0.009024024 0.0155 0.04116026 0.009663504 0.0175 0.04107607 0.009866754 0.0155 0.04094215 0.01004129 0.0175 0.04076762 0.01017522 0.0155 0.04034624 0.01028812 0.0175 0.04034624 0.01028812 0.0155 0.03992488 0.01017522 0.0175 0.03975035 0.01004129 0.0175 0.03625634 0.006309155 0.0155 0.03628506 0.006416323 0.0155 0.03628507 0.005980097 0.0175 0.03628507 0.005980097 0.0155 0.03650317 0.005602312 0.0175 0.03667771 0.005468386 0.0155 0.03688096 0.005384196 0.0175 0.03709908 0.005355482 0.0155 0.03731719 0.005384199 0.0175 0.03752044 0.005468388 0.0155 0.03769498 0.005602311 0.0175 0.0378289 0.005776845 0.0155 0.03791309 0.005980099 0.0175 0.0379418 0.006198213 0.0155 0.03791308 0.006416325 0.0175 0.03782889 0.006619575 0.0155 0.03769497 0.00679411 0.0155 0.03731718 0.007012226 0.0175 0.03709908 0.007040941 0.0155 0.03688096 0.007012222 0.0175 0.03667771 0.006928033 0.0155 0.03650318 0.006794111 0.016 0.03323397 0.007953579 0.0175 0.03323397 0.007953579 0.016 0.03387884 0.007746993 0.0175 0.03387884 0.007746993 0.016 0.03454892 0.007649365 0.0175 0.03454892 0.007649365 0.016 0.03522592 0.007663364 0.0175 0.03522592 0.007663364 0.016 0.03589139 0.007788593 0.0175 0.03589139 0.007788593 0.016 0.03652717 0.008021659 0.0175 0.03652717 0.008021659 0.016 0.03711591 0.008356182 0.0175 0.03711591 0.008356182 0.016 0.03764157 0.008783054 0.0175 0.03764157 0.008783054 0.016 0.0380898 0.009290622 0.0175 0.0380898 0.009290622 0.016 0.03844838 0.009865041 0.0175 0.03844838 0.009865041 0.016 0.03870751 0.01049065 0.0175 0.03870751 0.01049065 0.016 0.03886013 0.01115037 0.0175 0.03886013 0.01115037 0.016 0.03890209 0.01182622 0.016 0.03883224 0.01249976 0.0175 0.03883224 0.01249976 0.016 0.03865248 0.01315261 0.0175 0.03865248 0.01315261 0.016 0.03836771 0.01376698 0.016 0.0379857 0.01432609 0.0175 0.0379857 0.01432609 0.016 0.03751689 0.0148147 0.0175 0.03751689 0.0148147 0.016 0.03697404 0.01521948 0.0175 0.03697404 0.01521948 0.016 0.03637197 0.01552939 0.0175 0.03637197 0.01552939 0.016 0.0357271 0.01573598 0.0175 0.0357271 0.01573598 0.016 0.03505702 0.01583361 0.0175 0.03505702 0.01583361 0.016 0.03438002 0.01581961 0.0175 0.03438002 0.01581961 0.016 0.03371456 0.01569438 0.0175 0.03371456 0.01569438 0.016 0.03307877 0.01546131 0.016 0.03249003 0.01512679 0.0175 0.03249003 0.01512679 0.016 0.03196437 0.01469992 0.0175 0.03196437 0.01469992 0.016 0.03151614 0.01419235 0.0175 0.03151614 0.01419235 0.016 0.03115757 0.01361793 0.0175 0.03115757 0.01361793 0.016 0.03089843 0.01299233 0.0175 0.03089843 0.01299233 0.016 0.03074581 0.0123326 0.0175 0.03074581 0.0123326 0.016 0.03070385 0.01165675 0.016 0.0307737 0.01098321 0.0175 0.0307737 0.01098321 0.016 0.03095346 0.01033036 0.0175 0.03095346 0.01033036 0.016 0.03123823 0.00971599 0.0175 0.03123823 0.00971599 0.016 0.03162024 0.009156883 0.0175 0.03162024 0.009156883 0.016 0.03208905 0.008668273 0.0175 0.03208905 0.008668273 0.016 0.0326319 0.008263491 0.0175 0.0326319 0.008263491 0.0155 0.04257253 0.01364586 0.0155 0.04232276 0.01447146 0.0175 0.04232276 0.01447146 0.0155 0.0419471 0.01534169 0.0175 0.0419471 0.01534169 0.0155 0.04147114 0.01616138 0.0155 0.04090159 0.01691903 0.0155 0.04024642 0.01760399 0.0155 0.03951484 0.01820665 0.0155 0.03871711 0.01871856 0.0175 0.03871711 0.01871856 0.0155 0.03786443 0.01913252 0.0175 0.03786443 0.01913252 0.0155 0.03696879 0.01944274 0.0155 0.03604273 0.01964484 0.0155 0.03509928 0.019736 0.0155 0.03415166 0.01971493 0.0155 0.03321319 0.01958193 0.0175 0.03321319 0.01958193 0.0155 0.03229703 0.01933887 0.0175 0.03229703 0.01933887 0.0155 0.03141605 0.01898916 0.0155 0.03058262 0.01853771 0.0155 0.02980843 0.01799085 0.0155 0.02910435 0.01735627 0.0155 0.02848028 0.01664287 0.0155 0.02794495 0.01586065 0.0175 0.02794495 0.01586065 0.0155 0.0275059 0.01502063 0.0175 0.0275059 0.01502063 0.0155 0.02716928 0.01413456 0.0155 0.02693983 0.0132149 0.0155 0.02682075 0.01227456 0.0155 0.02681373 0.01132674 0.0155 0.02691886 0.01038474 0.0155 0.02713466 0.009461784 0.0175 0.02713466 0.009461784 0.0155 0.02745811 0.008570827 0.0175 0.02745811 0.008570827 0.0155 0.02788467 0.007724378 0.0155 0.02840834 0.006934329 0.0155 0.02902178 0.006211754 0.0155 0.02971638 0.005566807 0.0155 0.03048239 0.005008547 0.0155 0.03130903 0.004544791 0.0175 0.03130903 0.004544791 0.0155 0.03218473 0.004182065 0.0175 0.03218473 0.004182065 0.0155 0.03309719 0.003925462 0.0155 0.03403358 0.003778569 0.0155 0.03498079 0.003743457 0.0155 0.03592549 0.003820629 0.0155 0.03685443 0.004008987 0.0155 0.03775458 0.004305895 0.0175 0.03775458 0.004305895 0.0155 0.0386133 0.004707186 0.0175 0.0386133 0.004707186 0.0155 0.03941852 0.005207213 0.0155 0.04015895 0.005798978 0.0155 0.0408242 0.006474154 0.0155 0.04140492 0.007223275 0.0155 0.04189297 0.008035822 0.0175 0.04189297 0.008035822 0.0155 0.04228149 0.008900387 0.0175 0.04228149 0.008900387 0.0155 0.04256502 0.009804836 0.0155 0.04273959 0.01073648 0.0155 0.04280275 0.01168221 0.0155 0.04275361 0.01262879 0.0155 0.03037207 0.01244326 0.0155 0.03037208 0.0110397 0.0155 0.02925969 0.01028812 0.0155 0.02729639 0.009016305 0.0155 0.02858535 0.008927936 0.0155 0.03323669 0.01770613 0.0155 0.03997847 0.01478177 0.0155 0.03792744 0.01733835 0.0155 0.03628505 0.01750288 0.0155 0.03631279 0.01701861 0.0155 0.03667771 0.01655494 0.0155 0.03736523 0.01649849 0.0155 0.03741661 0.01928763 0.0155 0.03185654 0.01916402 0.0155 0.03166414 0.01739571 0.0155 0.02962747 0.0132934 0.0155 0.02883833 0.0101752 0.0155 0.03007371 0.0142557 0.0155 0.02972028 0.01472818 0.0155 0.02925969 0.01488031 0.0155 0.02883833 0.01476741 0.0155 0.02733759 0.0145776 0.0155 0.0285691 0.01357699 0.0155 0.02852987 0.01445894 0.0155 0.02841697 0.01403758 0.0155 0.02925969 0.008602653 0.0155 0.02968106 0.00871556 0.0155 0.02883833 0.008715558 0.0155 0.03250687 0.005355479 0.0155 0.03174688 0.004363428 0.0155 0.03332089 0.005980096 0.0155 0.03332089 0.006416321 0.0155 0.03625634 0.006198209 0.0155 0.03296746 0.005507609 0.0155 0.03166415 0.006198206 0.0155 0.03177705 0.005776844 0.0155 0.03709908 0.005355482 0.0155 0.03667771 0.005468386 0.0155 0.03636925 0.005776847 0.0155 0.03752044 0.005468388 0.0155 0.03818394 0.00450654 0.0155 0.0379418 0.006198213 0.0155 0.03782889 0.006619575 0.0155 0.0378289 0.005776845 0.0155 0.03950352 0.009445389 0.0155 0.03961643 0.009024024 0.0155 0.04242326 0.009352611 0.0155 0.04094215 0.00884949 0.0155 0.04034624 0.01319486 0.0155 0.03992488 0.008715565 0.0155 0.04039984 0.008617017 0.0155 0.04116026 0.009227274 0.0155 0.04109043 0.00981317 0.0155 0.04076762 0.01017522 0.0155 0.0408941 0.01341395 0.0155 0.04244765 0.01405866 0.0155 0.03743985 0.008112133 0.0155 0.03843232 0.009104607 0.0155 0.03906954 0.0103552 0.0155 0.0392891 0.0117415 0.0155 0.03752044 0.006928036 0.0155 0.03618926 0.007474925 0.0155 0.03636925 0.006619577 0.0155 0.03480298 0.007255359 0.0155 0.03709908 0.007040941 0.0155 0.03667771 0.006928033 0.0155 0.03117362 0.009104602 0.0155 0.0321661 0.008112133 0.0155 0.03341668 0.007474923 0.0155 0.03010243 0.009445384 0.0155 0.02998952 0.009866747 0.0155 0.02998952 0.009024017 0.0155 0.03176269 0.01691698 0.0155 0.03216608 0.01537084 0.0155 0.0308058 0.01377814 0.0155 0.03208551 0.01655493 0.0155 0.03292823 0.01655493 0.0155 0.03410119 0.01617238 0.0155 0.0332367 0.01686339 0.0155 0.03334959 0.01728476 0.0155 0.03683962 0.01573865 0.0155 0.03550475 0.01617238 0.0155 0.03843233 0.01437837 0.0155 0.03961642 0.01445895 0.0155 0.03950351 0.01403758 0.0155 0.03906954 0.01312777 0.0155 0.03961643 0.01361623 0.0155 0.03992488 0.01330777 0.0155 0.04118897 0.01414854 0.0155 0.04170912 0.01575154 0.0155 0.04045719 0.01488032 0.0155 0.03234423 0.01809878 0.016 0.03724007 0.009249076 0.016 0.03786569 0.009036838 0.016 0.03796044 0.01026434 0.016 0.03857794 0.01017785 0.016 0.03827813 0.01146799 0.016 0.03888111 0.0114883 0.016 0.03815265 0.01270651 0.016 0.03874236 0.01282618 0.016 0.03759996 0.01382197 0.016 0.03817671 0.01404653 0.016 0.03669059 0.0146721 0.016 0.036673 0.01537444 0.016 0.03554047 0.01514849 0.016 0.03138028 0.0110806 0.016 0.03086358 0.01065679 0.016 0.03183074 0.009920104 0.016 0.03142924 0.009436436 0.016 0.03266026 0.008991879 0.016 0.03236048 0.008465882 0.016 0.03376303 0.008414313 0.016 0.03355641 0.007850286 0.016 0.03499843 0.008261061 0.016 0.03488742 0.007656364 0.016 0.03620891 0.008551671 0.016 0.03682154 0.008188921 0.016 0.03539206 0.0157848 0.016 0.03404729 0.01575699 0.016 0.03368863 0.01504449 0.016 0.0327844 0.01529405 0.016 0.0325991 0.01444232 0.016 0.03174025 0.01444614 0.016 0.03179062 0.01349571 0.016 0.031028 0.01330513 0.016 0.03136631 0.01232539 0.016 0.03072483 0.01199467</float_array>
          <technique_common>
            <accessor count="761" source="#verts-array-array" stride="3">
              <param type="float" name="X"/>
              <param type="float" name="Y"/>
              <param type="float" name="Z"/>
            </accessor>
          </technique_common>
        </source>
        <source id="normals-array">
          <float_array count="2283" id="normals-array-array">0 0.3826852 0.9238788 0 0.3826852 0.9238788 0 0.2115669 0.9773635 0 0.2115669 0.9773635 -0.7398236 0.02264442 0.6724197 0 0.03365695 0.9994334 0 -0.1453399 0.9893818 0 -0.1453399 0.9893818 0 -0.3196734 0.9475278 0 -0.3196734 0.9475278 0 -0.4837238 0.8752207 0 -0.4837238 0.8752207 0 -0.6322185 0.7747901 0 -0.6322185 0.7747901 0 -0.7604079 0.6494458 0 -0.7604079 0.6494458 0 -0.86415 0.5032344 0 -0.86415 0.5032344 -0.7398257 -0.63251 0.229323 0 -0.9401179 0.3408494 0 -0.9858721 0.1674996 0 -0.9858721 0.1674996 0 -0.9999371 -0.01121623 0 -0.9999371 -0.01121623 0 -0.9818651 -0.189581 0 -0.9818651 -0.189581 0 -0.9322318 -0.3618617 0 -0.9322318 -0.3618617 0 -0.8526358 -0.5225056 0 -0.8526358 -0.5225056 0 -0.7456407 -0.6663482 0 -0.7456407 -0.6663482 -0.7398234 -0.4135608 -0.5306871 0 -0.6146851 -0.7887726 0 -0.4639591 -0.8858566 0 -0.4639591 -0.8858566 0 -0.2983188 -0.9544663 0 -0.2983188 -0.9544663 0 -0.1231068 -0.9923934 0 -0.1231068 -0.9923934 0 0.05606868 -0.9984269 0.7398238 0.03772305 -0.6717423 0 0.2334435 -0.9723704 0 0.2334435 -0.9723704 0 0.4033153 -0.9150611 0 0.4033153 -0.9150611 -0.7398245 0.3769217 -0.5573058 0 0.5602285 -0.8283381 0 0.6991286 -0.714996 0 0.6991286 -0.714996 0 0.815562 -0.5786697 0 0.815562 -0.5786697 0 0.9057837 -0.4237403 0 0.9057837 -0.4237403 0 0.9668866 -0.2552064 0 0.9668866 -0.2552064 0 0.996917 -0.07846378 0 0.996917 -0.07846378 0 0.9949058 0.1008093 0 0.9949058 0.1008093 -0.7398239 0.6465059 0.1862544 0 0.9609176 0.2768345 0 0.8960438 0.4439656 0 0.8960438 0.4439656 0 0.802369 0.5968283 0 0.802369 0.5968283 0 0.6829059 0.7305063 0 0.6829059 0.7305063 0 0.5414992 0.8407013 0 0.5414992 0.8407013 0 0.9238797 -0.382683 0 0.8526375 -0.522503 0 0.8526375 -0.522503 0 0.7604047 -0.6494495 0 0.7604047 -0.6494495 0 0.6494514 -0.7604031 0 0.6494514 -0.7604031 0 0.5224975 -0.8526408 0 0.5224975 -0.8526408 0 0.3826842 -0.9238792 0 0.3826842 -0.9238792 0 0.2334467 -0.9723696 0 0.2334467 -0.9723696 0 0.0784576 -0.9969175 0 0.0784576 -0.9969175 0 -0.07845812 -0.9969174 0 -0.07845812 -0.9969174 0 -0.2334429 -0.9723705 0 -0.2334429 -0.9723705 0 -0.3826827 -0.9238798 0 -0.3826827 -0.9238798 0 -0.522502 -0.8526381 0 -0.522502 -0.8526381 0 -0.6494467 -0.7604071 0 -0.6494467 -0.7604071 0 -0.760401 -0.6494538 0 -0.760401 -0.6494538 0 -0.85264 -0.5224988 0 -0.85264 -0.5224988 -0.7358378 -0.6256135 -0.2591341 0 -0.9238813 -0.382679 0 -0.97237 -0.2334452 0 -0.97237 -0.2334452 0 -0.9969175 -0.07845673 0 -0.9969175 -0.07845673 0 -0.9969177 0.07845447 0 -0.9969177 0.07845447 0 -0.9723718 0.2334375 0 -0.9723718 0.2334375 0 -0.923878 0.3826871 0 -0.923878 0.3826871 0 -0.8526376 0.5225028 0 -0.8526376 0.5225028 -0.7358348 -0.5149175 0.4397806 0 -0.7604063 0.6494476 0 -0.6494511 0.7604034 0 -0.6494511 0.7604034 0 -0.5224979 0.8526405 0 -0.5224979 0.8526405 -0.7358359 -0.2591383 0.625614 0 -0.382684 0.9238793 0 -0.2334513 0.9723685 0 -0.2334513 0.9723685 0 -0.07845786 0.9969174 0 -0.07845786 0.9969174 0 0.07846329 0.996917 0 0.07846329 0.996917 0 0.2334461 0.9723697 0 0.2334461 0.9723697 0 0.382682 0.9238801 0 0.382682 0.9238801 0 0.5224945 0.8526426 0 0.5224945 0.8526426 -0.7358369 0.439779 0.514916 0 0.6494473 0.7604066 0 0.7604036 0.6494508 0 0.7604036 0.6494508 0 0.8526399 0.522499 0 0.8526399 0.522499 0 0.9238796 0.3826832 0 0.9238796 0.3826832 0 0.9723701 0.2334448 0 0.9723701 0.2334448 0 0.9969175 0.07845665 0 0.9969175 0.07845665 0 0.9969177 -0.07845438 0 0.9969177 -0.07845438 0 0.9723706 -0.2334426 0 0.9723706 -0.2334426 0 0.9238797 -0.382683 -1 0 0 -1 0 0 -1 0 0 -1 0 0 -1 0 0 -1 0 0 -1 0 0 -1 0 0 -1 0 0 -1 0 0 -1 0 0 -1 0 0 -1 0 0 -1 0 0 -1 0 0 -1 0 0 -1 0 0 -1 0 0 -1 0 0 -1 0 0 -1 0 0 -1 0 0 -1 0 0 -1 0 0 -1 0 0 -1 0 0 -1 0 0 -1 0 0 -1 0 0 -1 0 0 -1 0 0 -1 0 0 -1 0 0 -1 0 0 -1 0 0 1 0 0 1 0 0 0.7744065 -0.5346657 0.3382707 1 0 0 1 0 0 0.6892685 -0.05898639 0.7221008 0.6940124 0.02666613 0.719469 1 0 0 1 0 0 0.6940139 0.1115714 0.711264 0.6892671 0.1961457 0.6974509 0.8001328 0.5194544 0.2999244 0.77426 0.6313182 -0.04425754 1 0 0 0.7700499 -0.6367958 0.03891299 0.6940131 0.4898835 0.5275983 0.7658931 -0.5568195 -0.3214962 0.6892681 0.4267211 0.5855071 1 0 0 1 0 0 0.7643398 -0.3447555 -0.5449113 1 0 0 1 0 0 1 0 0 0.6940114 0.5488502 0.4659524 0.6892698 0.6038912 0.4002781 0.6890737 0.705923 0.1638606 1 0 0 0.6936437 0.7158039 0.0805187 1 0 0 1 0 0 1 0 0 1 0 0 1 0 0 1 0 0 0.7737464 -0.445861 0.4500272 0.6892688 0.5978931 -0.4091849 1 0 0 0.6940123 0.5418819 -0.4740369 0.7707843 -0.6243165 0.1269666 1 0 0 1 0 0 0.6940125 0.7199432 -0.0053352 0.6940142 0.7142577 -0.090445 1 0 0 0.6892676 0.702958 -0.1753859 0.6940142 0.4820126 -0.5347973 0.6892676 0.4180012 -0.5917645 1 0 0 1 0 0 0.6892681 0.1857873 -0.7002804 0.694013 -0.06924496 -0.7166248 1 0 0 1 0 0 1 0 0 0.6940136 0.1010226 -0.7128391 0.6940119 0.01600224 -0.7197857 1 0 0 1 0 0 1 0 0 0.6892695 -0.1544808 -0.7078441 1 0 0 0.6892705 -0.3912847 -0.609756 1 0 0 1 0 0 1 0 0 0.7797744 -0.6260606 -8.64809e-07 1 0 0 1 0 0 0.6940119 -0.4577654 -0.5556963 1 0 0 1 0 0 0.6940123 -0.52028 -0.4976501 1 0 0 0.6940132 -0.5754872 -0.4326202 0.6892681 -0.6265444 -0.3638018 1 0 0 1 0 0 1 0 0 0.6940123 -0.7183629 0.04797517 1 0 0 1 0 0 1 0 0 0.6892684 -0.7140112 -0.1228702 0.6940131 -0.7189941 -0.03732627 0.6892688 -0.5726054 0.4438824 1 0 0 0.6940116 -0.5128496 0.505305 1 0 0 0.7661704 0.5565438 -0.3213127 1 0 0 1 0 0 0.7862095 -0.1599391 -0.5969038 1 0 0 0.7643381 0.3447534 0.544915 1 0 0 1 0 0 0.6892669 -0.6913336 0.2167232 0.7661688 0.6426394 1.103335e-06 1 0 0 0.766173 0.5565394 0.3213141 0.6940142 -0.7076452 0.1325993 0.6940127 -0.3798125 0.611628 0.6892682 -0.3067299 0.6563735 0.6940139 -0.4494834 0.5624139 1 0 0 1 0 0 1 0 0 1 0 0 0.7844118 0.5241459 -0.331616 1 0 0 1 0 0 1 0 0 1 0 0 0.775885 -0.315443 -0.5463498 1 0 0 0.7373082 -0.6754123 -0.0139604 1 0 0 1 0 0 0.7772418 0.6292021 8.730218e-06 0.7708251 0.5517043 -0.3185137 1 0 0 1 0 0 0.7373104 -0.5873587 -0.333741 1 0 0 1 0 0 1 0 0 1 0 0 1 0 0 0.737308 0.2840976 -0.6129155 1 0 0 1 0 0 0.7899508 -0.5487113 0.2736671 1 0 0 1 0 0 0.7373082 0.6754123 0.01395947 1 0 0 1 0 0 1 0 0 1 0 0 1 0 0 0.8143924 -0.2901597 0.5025658 1 0 0 1 0 0 -0.001368299 0.9916497 -0.1289535 0.01380101 0.965833 -0.2587976 -0.008115307 0.8450422 -0.5346381 0.02359729 0.948821 0.3149317 0 0.9659245 0.258824 0.003718525 0.7933561 0.6087465 -0.7740131 0.3152856 0.549089 0 0.4618454 0.8869605 -0.00392421 0.00466036 0.9999814 0.01993138 -0.199466 0.979702 -0.01277555 -0.499956 0.8659566 0.01993257 -0.7487163 0.6625909 -0.0039232 -0.8683402 0.4959536 0.02643482 -0.9996505 -1.113068e-06 -0.003924097 -0.868337 -0.4959592 -0.7699821 -0.4778229 -0.4228626 -0.01277623 -0.4999517 -0.8659591 -0.7661708 -0.1663238 -0.6207404 -0.01277582 3.865387e-06 -0.9999184 -0.7661691 0.1663255 -0.6207421 -0.01277713 0.4999586 -0.865955 -0.7772413 0.4449127 -0.4449141 -0.01277519 0.9999184 3.887467e-06 0.01277688 0.9658491 -0.2587902 -0.01277634 0.8659538 -0.4999607 0.01277772 0.9658455 0.2588033 -0.01277379 0.8659578 0.4999539 0.01277773 0.7070551 0.707043 -0.01277588 0.499962 0.8659531 0.01277657 0.2587972 0.9658472 -0.0127762 1.640357e-06 0.9999184 0.01277652 -0.258802 0.9658459 -0.01277557 -0.4999584 0.8659552 0.01277699 -0.7070463 0.7070518 0.01380205 -0.965828 0.2588162 -0.0013678 -0.9916477 0.1289686 0.006784291 -0.9454404 -0.3257245 0 -0.9320462 -0.3623395 -0.006783908 -0.5593369 -0.8289127 -0.7721758 -0.3756753 -0.5124574 0.001369904 -0.1320756 -0.9912387 -0.01379914 2.727462e-05 -0.9999048 0.008115425 0.2977216 -0.9546182 -0.01277385 0.499968 -0.8659497 0.01277683 0.7070431 -0.707055 0.01277613 0.9658498 -0.2587876 0.0127772 0.965847 0.2587978 0.01277727 0.7070592 0.7070389 -0.7830442 0.186089 0.5934751 -0.006451904 0.1320258 0.9912253 0.006451265 -0.1320321 0.9912245 -0.006742581 -0.260307 0.9655024 0.009128927 -0.5346125 0.845048 -0.001367515 -0.6099982 0.7924016 0.006653159 -0.8682629 0.4960597 0 -0.8869603 0.4618456 0.01295059 -0.9983205 -0.05646574 0 -1 -7.548125e-06 -0.01093462 -0.8364671 -0.5479081 0.01093307 -0.7457198 -0.66617 0 -0.2588109 -0.965928 0.003926346 0.2543109 -0.9671145 -0.6486722 0.3396801 -0.6810594 0.01277803 0.707046 -0.7070521 0 0.9659256 -0.2588198 -0.01295158 0.9496895 -0.3129251 0 0.9659259 0.2588187 0 0.9659259 0.2588187 0 0.6593459 0.7518398 0 0.6593459 0.7518398 0 0.06540779 0.9978586 -0.7796514 0.005611305 0.6261886 -0.003923485 -0.495945 0.8683451 0.01993309 -0.6625882 0.7487186 0.003925547 -0.9671187 0.254295 -0.01295224 -0.9789159 -0.2038526 0.01295215 -0.9496851 -0.3129384 -0.01093411 -0.6661718 -0.7457181 0.01093471 -0.5478999 -0.8364725 -0.01295174 -0.05646359 -0.9983206 0.01295165 0.05646587 -0.9983205 -0.010934 0.5478954 -0.8364754 0.01093407 0.6661643 -0.7457249 -0.7764325 0.4738114 -0.415518 0 0.9940682 -0.1087589 0.001368252 0.9244785 0.3812316 0.008112395 0.6778717 0.7351354 -0.008114955 0.534634 0.8450448 0.01380078 0.2587962 0.9658334 -0.001367591 0.1289602 0.9916488 0.01969642 -0.317194 0.9481561 0 -0.3006035 0.9537492 -0.01093293 -0.7457139 0.6661766 -0.7872206 -0.5158548 0.3379018 0 -0.9990527 0.04351744 0.001366505 -0.9244791 -0.3812302 -0.7744092 -0.4288949 -0.4651232 -0.7658942 -0.1664204 -0.6210558 -0.001367853 -0.1289774 -0.9916466 -0.7681559 0.1685188 -0.6176875 0 0.3006082 -0.9537477 0 0.7518425 -0.6593427 0.00811372 0.9755807 -0.2194912 0.01277512 0.965846 0.2588018 -0.01277766 0.8659496 0.4999679 0.01277303 0.7070534 0.7070447 -0.01277897 0.4999733 0.8659466 0.01277353 0.2588056 0.965845 -0.01278019 3.541465e-06 0.9999183 0.01277342 -0.2588056 0.965845 0.01277546 -0.7070523 0.7070458 -0.008113192 -0.8450427 0.5346373 -0.7632705 -0.6240608 0.1672312 -0.001367582 -0.9916482 0.1289649 0.006653475 -0.9647226 -0.2631843 0 -0.9537496 -0.3006023 0 -0.6593499 -0.7518362 0 -0.6593499 -0.7518362 0 -0.06539236 -0.9978596 0 -0.06539236 -0.9978596 0 0.4618458 -0.8869602 -0.006653601 0.4960631 -0.868261 0.001367191 0.7923948 -0.610007 -0.7699763 0.5709953 -0.2847821 -0.0169217 0.9797999 -0.1992633 0.01692194 0.9797995 0.1992652 -0.01508219 0.9121037 0.4096821 0.01379895 0.7070472 0.7070317 -0.001368805 0.607516 0.7943062 0.006652165 0.2544253 0.9670695 0 0.2165437 0.9762729 0.01295145 -0.3129268 0.9496889 0 -0.2588224 0.9659249 0.02744817 -0.8657014 0.4998077 0.01692156 -0.9798006 -0.1992595 -0.01993051 -0.8947016 -0.4462195 0.0199324 -0.6625946 -0.7487129 -0.003923614 -0.4959598 -0.8683366 -0.772247 -0.03587363 -0.6343087 -0.01295237 0.05647417 -0.99832 -0.7688945 0.3171112 -0.5551953 -0.01993035 0.662592 -0.7487153 -0.001367297 0.9916496 -0.128954 0.01380346 0.96583 -0.2588085 0.006653855 0.9647215 0.2631883 -0.01278166 0.9351713 0.3539652 0.003923376 0.710396 0.7037913 -0.01993321 0.5517157 0.833794 0.01277565 0.2587944 0.965848 -0.01277661 -4.709097e-06 0.9999184 0.01277556 -0.2587971 0.9658472 -0.01277728 -0.4999581 0.8659553 0.01277489 -0.7070486 0.7070496 -0.01277857 -0.8659564 0.4999562 0.01277502 -0.9658514 0.2587815 -0.01277739 -0.9999184 -1.497793e-05 0.01277483 -0.9658442 -0.2588083 -0.01277618 -0.8659556 -0.4999576 0.01277634 -0.7070511 -0.7070471 0.01277763 -0.2587926 -0.9658484 -0.01277549 7.051862e-07 -0.9999184 0.01277661 0.2588038 -0.9658454 -0.01277528 0.4999586 -0.8659551 0.01277732 0.7070466 -0.7070515 0 0.3826824 0.9238799 0 0.3826824 0.9238799 0 0.2253969 0.974267 0 0.2253969 0.974267 0 0.06196192 0.9980785 0 0.06196192 0.9980785 0 -0.1031566 0.9946651 0 -0.1031566 0.9946651 0.6752331 -0.1958097 0.7111391 0 -0.265467 0.9641199 0 -0.4205408 0.9072736 0 -0.4205408 0.9072736 0 -0.5641336 0.8256835 0 -0.5641336 0.8256835 0 -0.6923406 0.7215708 0 -0.6923406 0.7215708 0 -0.801662 0.5977775 0 -0.801662 0.5977775 0 -0.8891216 0.4576711 0 -0.8891216 0.4576711 0 -0.9523281 0.3050757 0 -0.9523281 0.3050757 0 -0.9895531 0.1441686 0 -0.9895531 0.1441686 0 -0.9997865 -0.02066504 0 -0.9827496 -0.1849411 0 -0.9827496 -0.1849411 0 -0.938905 -0.3441765 0 -0.938905 -0.3441765 0 -0.8694474 -0.4940256 0 -0.7762768 -0.6303922 0 -0.7762768 -0.6303922 0.6752339 -0.4882441 -0.5528805 0 -0.6619329 -0.7495631 0 -0.5295278 -0.8482926 0 -0.5295278 -0.8482926 0 -0.382684 -0.9238793 0 -0.382684 -0.9238793 0 -0.2254015 -0.974266 0 -0.2254015 -0.974266 0 -0.0619619 -0.9980785 0 -0.0619619 -0.9980785 0 0.1031602 -0.9946648 0 0.1031602 -0.9946648 0 0.2654695 -0.9641193 0 0.2654695 -0.9641193 0 0.4205385 -0.9072747 0 0.5641301 -0.8256859 0 0.5641301 -0.8256859 0 0.6923405 -0.7215709 0 0.6923405 -0.7215709 0 0.8016663 -0.5977718 0 0.8016663 -0.5977718 0 0.8891203 -0.4576736 0 0.8891203 -0.4576736 0 0.9523263 -0.3050814 0 0.9523263 -0.3050814 0 0.9895534 -0.1441669 0 0.9895534 -0.1441669 0 0.9997865 0.02066366 0 0.9827496 0.1849411 0 0.9827496 0.1849411 0 0.9389045 0.3441777 0 0.9389045 0.3441777 0 0.8694456 0.4940287 0 0.8694456 0.4940287 0 0.7762766 0.6303924 0 0.7762766 0.6303924 0 0.6619352 0.7495611 0 0.6619352 0.7495611 0 0.5295297 0.8482914 0 0.5295297 0.8482914 -0.0001163326 0.9724919 0.2329368 0 0.9391507 0.3435055 0.0007689963 0.9397603 0.3418332 0 0.8930151 0.4500266 0 0.8930151 0.4500266 0 0.8335227 0.5524851 -0.6892679 0.5523131 0.4688923 -0.6940131 0.4898835 0.5275983 -0.694013 0.4240448 0.581835 -0.6892685 0.354474 0.6318679 0 0.4892631 0.8721362 0 0.382685 0.9238789 0 0.382685 0.9238789 0 0.2707298 0.9626554 -0.6892686 0.1122756 0.7157534 -0.6940124 0.02666613 0.719469 -0.694013 -0.05861647 0.7175723 -0.689269 -0.1439761 0.7100557 0 -0.1987233 0.9800556 0 -0.3132413 0.9496736 0 -0.3132413 0.9496736 0 -0.423364 0.9059597 -0.6892684 -0.3822093 0.6154877 -0.6940139 -0.4494834 0.5624139 -0.6940116 -0.5128496 0.505305 -0.6940135 -0.5690143 0.4410986 -0.6892689 -0.6210837 0.373046 0 -0.8572518 0.5148974 0 -0.9121328 0.4098948 0 -0.9121328 0.4098948 0 -0.9542118 0.2991317 -0.6892693 -0.7121114 0.1334362 -0.6940123 -0.7183629 0.04797517 -0.6940131 -0.7189941 -0.03732627 -0.6892684 -0.7140112 -0.1228702 0 -0.9585394 -0.28496 0 -0.9585394 -0.28496 0 -0.9181075 -0.3963315 0 -0.9181075 -0.3963315 -0.6892681 -0.6265444 -0.3638018 -0.6940132 -0.5754872 -0.4326202 -0.6940123 -0.52028 -0.4976501 -0.6940119 -0.4577654 -0.5556963 -0.6892705 -0.3912847 -0.609756 0 -0.4367465 -0.8995846 0 -0.4367465 -0.8995846 0 -0.3272764 -0.9449287 0 -0.3272764 -0.9449287 -0.6892695 -0.1544808 -0.7078441 -0.694013 -0.06924496 -0.7166248 -0.6940119 0.01600224 -0.7197857 -0.6940136 0.1010226 -0.7128391 -0.6892681 0.1857873 -0.7002804 0 0.3689526 -0.9294482 0 0.3689526 -0.9294482 0 0.4762911 -0.8792877 0 0.4762911 -0.8792877 -0.6892676 0.4180012 -0.5917645 -0.6940142 0.4820126 -0.5347973 -0.6940123 0.5418819 -0.4740369 -0.6940136 0.5941434 -0.4066187 -0.6892681 0.6420924 -0.3355993 0 0.8862481 -0.4632109 0 0.9348144 -0.3551367 0 0.9348144 -0.3551367 0 0.9702572 -0.2420762 -0.6892697 0.7187652 -0.09101578 -0.6940125 0.7199432 -0.0053352 -0.6892244 0.7198425 0.08244144 -1 0 0 -1 0 0 -1 0 0 -1 0 0 -1 0 0 -1 0 0 -1 0 0 -1 0 0 -1 0 0 -1 0 0 -1 0 0 -1 0 0 -1 0 0 -1 0 0 -1 0 0 -1 0 0 -1 0 0 -1 0 0 -1 0 0 -1 0 0 -1 0 0 -1 0 0 -1 0 0 -1 0 0 -1 0 0 -1 0 0 -1 0 0 -1 0 0 -1 0 0 -1 0 0 -1 0 0 -1 0 0 -1 0 0 -1 0 0 -1 0 0 -1 0 0 -1 0 0 -1 0 0 -1 0 0 -1 0 0 -1 0 0 -1 0 0 -1 0 0 -1 0 0 -1 0 0 -1 0 0 -1 0 0 -1 0 0 -1 0 0 -1 0 0 -1 0 0 -1 0 0 -1 0 0 -1 0 0 -1 0 0 -1 0 0 -1 0 0 -1 0 0 -1 0 0 -1 0 0 -1 0 0 -1 0 0 -1 0 0 -1 0 0 -1 0 0 -1 0 0 -1 0 0 -1 0 0 -1 0 0 -1 0 0 -1 0 0 -1 0 0 -1 0 0 -1 0 0 -1 0 0 -1 0 0 -1 0 0 -1 0 0 -1 0 0 -1 0 0 -1 0 0 -1 0 0 -1 0 0 -1 0 0 -1 0 0 -1 0 0 -1 0 0 -1 0 0 -1 0 0 -1 0 0 -1 0 0 -1 0 0 1 0 0 1 0 0 1 0 0 1 0 0 1 0 0 1 0 0 1 0 0 1 0 0 1 0 0 1 0 0 1 0 0 1 0 0 1 0 0 1 0 0 1 0 0 1 0 0 1 0 0 1 0 0 1 0 0 1 0 0 1 0 0 1 0 0 1 0 0 1 0 0 1 0 0 1 0 0 1 0 0 1 0 0 1 0 0 1 0 0 1 0 0 1 0 0 1 0 0 1 0 0 1 0 0</float_array>
          <technique_common>
            <accessor count="761" source="#normals-array-array" stride="3">
              <param type="float" name="X"/>
              <param type="float" name="Y"/>
              <param type="float" name="Z"/>
            </accessor>
          </technique_common>
        </source>
        <source id="colors-array">
          <float_array count="2283" id="colors-array-array">0.2941176 0.2941176 0.2941176 0.2941176 0.2941176 0.2941176 0.2941176 0.2941176 0.2941176 0.2941176 0.2941176 0.2941176 0.2941176 0.2941176 0.2941176 0.2941176 0.2941176 0.2941176 0.2941176 0.2941176 0.2941176 0.2941176 0.2941176 0.2941176 0.2941176 0.2941176 0.2941176 0.2941176 0.2941176 0.2941176 0.2941176 0.2941176 0.2941176 0.2941176 0.2941176 0.2941176 0.2941176 0.2941176 0.2941176 0.2941176 0.2941176 0.2941176 0.2941176 0.2941176 0.2941176 0.2941176 0.2941176 0.2941176 0.2941176 0.2941176 0.2941176 0.2941176 0.2941176 0.2941176 0.2941176 0.2941176 0.2941176 0.2941176 0.2941176 0.2941176 0.2941176 0.2941176 0.2941176 0.2941176 0.2941176 0.2941176 0.2941176 0.2941176 0.2941176 0.2941176 0.2941176 0.2941176 0.2941176 0.2941176 0.2941176 0.2941176 0.2941176 0.2941176 0.2941176 0.2941176 0.2941176 0.2941176 0.2941176 0.2941176 0.2941176 0.2941176 0.2941176 0.2941176 0.2941176 0.2941176 0.2941176 0.2941176 0.2941176 0.2941176 0.2941176 0.2941176 0.2941176 0.2941176 0.2941176 0.2941176 0.2941176 0.2941176 0.2941176 0.2941176 0.2941176 0.2941176 0.2941176 0.2941176 0.2941176 0.2941176 0.2941176 0.2941176 0.2941176 0.2941176 0.2941176 0.2941176 0.2941176 0.2941176 0.2941176 0.2941176 0.2941176 0.2941176 0.2941176 0.2941176 0.2941176 0.2941176 0.2941176 0.2941176 0.2941176 0.2941176 0.2941176 0.2941176 0.2941176 0.2941176 0.2941176 0.2941176 0.2941176 0.2941176 0.2941176 0.2941176 0.2941176 0.2941176 0.2941176 0.2941176 0.2941176 0.2941176 0.2941176 0.2941176 0.2941176 0.2941176 0.2941176 0.2941176 0.2941176 0.2941176 0.2941176 0.2941176 0.2941176 0.2941176 0.2941176 0.2941176 0.2941176 0.2941176 0.2941176 0.2941176 0.2941176 0.2941176 0.2941176 0.2941176 0.2941176 0.2941176 0.2941176 0.2941176 0.2941176 0.2941176 0.2941176 0.2941176 0.2941176 0.2941176 0.2941176 0.2941176 0.2941176 0.2941176 0.2941176 0.2941176 0.2941176 0.2941176 0.2941176 0.2941176 0.2941176 0.2941176 0.2941176 0.2941176 0.2941176 0.2941176 0.2941176 0.2941176 0.2941176 0.2941176 0.2941176 0.2941176 0.2941176 0.2941176 0.2941176 0.2941176 0.2941176 0.2941176 0.2941176 0.2941176 0.2941176 0.2941176 0.2941176 0.2941176 0.2941176 0.2941176 0.2941176 0.2941176 0.2941176 0.2941176 0.2941176 0.2941176 0.2941176 0.2941176 0.2941176 0.2941176 0.2941176 0.2941176 0.2941176 0.2941176 0.2941176 0.2941176 0.2941176 0.2941176 0.2941176 0.2941176 0.2941176 0.2941176 0.2941176 0.2941176 0.2941176 0.2941176 0.2941176 0.2941176 0.2941176 0.2941176 0.2941176 0.2941176 0.2941176 0.2941176 0.2941176 0.2941176 0.2941176 0.2941176 0.2941176 0.2941176 0.2941176 0.2941176 0.2941176 0.2941176 0.2941176 0.2941176 0.2941176 0.2941176 0.2941176 0.2941176 0.2941176 0.2941176 0.2941176 0.2941176 0.2941176 0.2941176 0.2941176 0.2941176 0.2941176 0.2941176 0.2941176 0.2941176 0.2941176 0.2941176 0.2941176 0.2941176 0.2941176 0.2941176 0.2941176 0.2941176 0.2941176 0.2941176 0.2941176 0.2941176 0.2941176 0.2941176 0.2941176 0.2941176 0.2941176 0.2941176 0.2941176 0.2941176 0.2941176 0.2941176 0.2941176 0.2941176 0.2941176 0.2941176 0.2941176 0.2941176 0.2941176 0.2941176 0.2941176 0.2941176 0.2941176 0.2941176 0.2941176 0.2941176 0.2941176 0.2941176 0.2941176 0.2941176 0.2941176 0.2941176 0.2941176 0.2941176 0.2941176 0.2941176 0.2941176 0.2941176 0.2941176 0.2941176 0.2941176 0.2941176 0.2941176 0.2941176 0.2941176 0.2941176 0.2941176 0.2941176 0.2941176 0.2941176 0.2941176 0.2941176 0.2941176 0.2941176 0.2941176 0.2941176 0.2941176 0.2941176 0.2941176 0.2941176 0.2941176 0.2941176 0.2941176 0.2941176 0.2941176 0.2941176 0.2941176 0.2941176 0.2941176 0.2941176 0.2941176 0.2941176 0.2941176 0.2941176 0.2941176 0.2941176 0.2941176 0.2941176 0.2941176 0.2941176 0.2941176 0.2941176 0.2941176 0.2941176 0.2941176 0.2941176 0.2941176 0.2941176 0.2941176 0.2941176 0.2941176 0.2941176 0.2941176 0.2941176 0.2941176 0.2941176 0.2941176 0.2941176 0.2941176 0.2941176 0.2941176 0.2941176 0.2941176 0.2941176 0.2941176 0.2941176 0.2941176 0.2941176 0.2941176 0.2941176 0.2941176 0.2941176 0.2941176 0.2941176 0.2941176 0.2941176 0.2941176 0.2941176 0.2941176 0.2941176 0.2941176 0.2941176 0.2941176 0.2941176 0.2941176 0.2941176 0.2941176 0.2941176 0.2941176 0.2941176 0.2941176 0.2941176 0.2941176 0.2941176 0.2941176 0.2941176 0.2941176 0.2941176 0.2941176 0.2941176 0.2941176 0.2941176 0.2941176 0.2941176 0.2941176 0.2941176 0.2941176 0.2941176 0.2941176 0.2941176 0.2941176 0.2941176 0.2941176 0.2941176 0.2941176 0.2941176 0.2941176 0.2941176 0.2941176 0.2941176 0.2941176 0.2941176 0.2941176 0.2941176 0.2941176 0.2941176 0.2941176 0.2941176 0.2941176 0.2941176 0.2941176 0.2941176 0.2941176 0.2941176 0.2941176 0.2941176 0.2941176 0.2941176 0.2941176 0.2941176 0.2941176 0.2941176 0.2941176 0.2941176 0.2941176 0.2941176 0.2941176 0.2941176 0.2941176 0.2941176 0.2941176 0.2941176 0.2941176 0.2941176 0.2941176 0.2941176 0.2941176 0.2941176 0.2941176 0.2941176 0.2941176 0.2941176 0.2941176 0.2941176 0.2941176 0.2941176 0.2941176 0.2941176 0.2941176 0.2941176 0.2941176 0.2941176 0.2941176 0.2941176 0.2941176 0.2941176 0.2941176 0.2941176 0.2941176 0.2941176 0.2941176 0.2941176 0.2941176 0.2941176 0.2941176 0.2941176 0.2941176 0.2941176 0.2941176 0.2941176 0.2941176 0.2941176 0.2941176 0.2941176 0.2941176 0.2941176 0.2941176 0.2941176 0.2941176 0.2941176 0.2941176 0.2941176 0.2941176 0.2941176 0.2941176 0.2941176 0.2941176 0.2941176 0.2941176 0.2941176 0.2941176 0.2941176 0.2941176 0.2941176 0.2941176 0.2941176 0.2941176 0.2941176 0.2941176 0.2941176 0.2941176 0.2941176 0.2941176 0.2941176 0.2941176 0.2941176 0.2941176 0.2941176 0.2941176 0.2941176 0.2941176 0.2941176 0.2941176 0.2941176 0.2941176 0.2941176 0.2941176 0.2941176 0.2941176 0.2941176 0.2941176 0.2941176 0.2941176 0.2941176 0.2941176 0.2941176 0.2941176 0.2941176 0.2941176 0.2941176 0.2941176 0.2941176 0.2941176 0.2941176 0.2941176 0.2941176 0.2941176 0.2941176 0.2941176 0.2941176 0.2941176 0.2941176 0.2941176 0.2941176 0.2941176 0.2941176 0.2941176 0.2941176 0.2941176 0.2941176 0.2941176 0.2941176 0.2941176 0.2941176 0.2941176 0.2941176 0.2941176 0.2941176 0.2941176 0.2941176 0.2941176 0.2941176 0.2941176 0.2941176 0.2941176 0.2941176 0.2941176 0.2941176 0.2941176 0.2941176 0.2941176 0.2941176 0.2941176 0.2941176 0.2941176 0.2941176 0.2941176 0.2941176 0.2941176 0.2941176 0.2941176 0.2941176 0.2941176 0.2941176 0.2941176 0.2941176 0.2941176 0.2941176 0.2941176 0.2941176 0.2941176 0.2941176 0.2941176 0.2941176 0.2941176 0.2941176 0.2941176 0.2941176 0.2941176 0.2941176 0.2941176 0.2941176 0.2941176 0.2941176 0.2941176 0.2941176 0.2941176 0.2941176 0.2941176 0.2941176 0.2941176 0.2941176 0.2941176 0.2941176 0.2941176 0.2941176 0.2941176 0.2941176 0.2941176 0.2941176 0.2941176 0.2941176 0.2941176 0.2941176 0.2941176 0.2941176 0.2941176 0.2941176 0.2941176 0.2941176 0.2941176 0.2941176 0.2941176 0.2941176 0.2941176 0.2941176 0.2941176 0.2941176 0.2941176 0.2941176 0.2941176 0.2941176 0.2941176 0.2941176 0.2941176 0.2941176 0.2941176 0.2941176 0.2941176 0.2941176 0.2941176 0.2941176 0.2941176 0.2941176 0.2941176 0.2941176 0.2941176 0.2941176 0.2941176 0.2941176 0.2941176 0.2941176 0.2941176 0.2941176 0.2941176 0.2941176 0.2941176 0.2941176 0.2941176 0.2941176 0.2941176 0.2941176 0.2941176 0.2941176 0.2941176 0.2941176 0.2941176 0.2941176 0.2941176 0.2941176 0.2941176 0.2941176 0.2941176 0.2941176 0.2941176 0.2941176 0.2941176 0.2941176 0.2941176 0.2941176 0.2941176 0.2941176 0.2941176 0.2941176 0.2941176 0.2941176 0.2941176 0.2941176 0.2941176 0.2941176 0.2941176 0.2941176 0.2941176 0.2941176 0.2941176 0.2941176 0.2941176 0.2941176 0.2941176 0.2941176 0.2941176 0.2941176 0.2941176 0.2941176 0.2941176 0.2941176 0.2941176 0.2941176 0.2941176 0.2941176 0.2941176 0.2941176 0.2941176 0.2941176 0.2941176 0.2941176 0.2941176 0.2941176 0.2941176 0.2941176 0.2941176 0.2941176 0.2941176 0.2941176 0.2941176 0.2941176 0.2941176 0.2941176 0.2941176 0.2941176 0.2941176 0.2941176 0.2941176 0.2941176 0.2941176 0.2941176 0.2941176 0.2941176 0.2941176 0.2941176 0.2941176 0.2941176 0.2941176 0.2941176 0.2941176 0.2941176 0.2941176 0.2941176 0.2941176 0.2941176 0.2941176 0.2941176 0.2941176 0.2941176 0.2941176 0.2941176 0.2941176 0.2941176 0.2941176 0.2941176 0.2941176 0.2941176 0.2941176 0.2941176 0.2941176 0.2941176 0.2941176 0.2941176 0.2941176 0.2941176 0.2941176 0.2941176 0.2941176 0.2941176 0.2941176 0.2941176 0.2941176 0.2941176 0.2941176 0.2941176 0.2941176 0.2941176 0.2941176 0.2941176 0.2941176 0.2941176 0.2941176 0.2941176 0.2941176 0.2941176 0.2941176 0.2941176 0.2941176 0.2941176 0.2941176 0.2941176 0.2941176 0.2941176 0.2941176 0.2941176 0.2941176 0.2941176 0.2941176 0.2941176 0.2941176 0.2941176 0.2941176 0.2941176 0.2941176 0.2941176 0.2941176 0.2941176 0.2941176 0.2941176 0.2941176 0.2941176 0.2941176 0.2941176 0.2941176 0.2941176 0.2941176 0.2941176 0.2941176 0.2941176 0.2941176 0.2941176 0.2941176 0.2941176 0.2941176 0.2941176 0.2941176 0.2941176 0.2941176 0.2941176 0.2941176 0.2941176 0.2941176 0.2941176 0.2941176 0.2941176 0.2941176 0.2941176 0.2941176 0.2941176 0.2941176 0.2941176 0.2941176 0.2941176 0.2941176 0.2941176 0.2941176 0.2941176 0.2941176 0.2941176 0.2941176 0.2941176 0.2941176 0.2941176 0.2941176 0.2941176 0.2941176 0.2941176 0.2941176 0.2941176 0.2941176 0.2941176 0.2941176 0.2941176 0.2941176 0.2941176 0.2941176 0.2941176 0.2941176 0.2941176 0.2941176 0.2941176 0.2941176 0.2941176 0.2941176 0.2941176 0.2941176 0.2941176 0.2941176 0.2941176 0.2941176 0.2941176 0.2941176 0.2941176 0.2941176 0.2941176 0.2941176 0.2941176 0.2941176 0.2941176 0.2941176 0.2941176 0.2941176 0.2941176 0.2941176 0.2941176 0.2941176 0.2941176 0.2941176 0.2941176 0.2941176 0.2941176 0.2941176 0.2941176 0.2941176 0.2941176 0.2941176 0.2941176 0.2941176 0.2941176 0.2941176 0.2941176 0.2941176 0.2941176 0.2941176 0.2941176 0.2941176 0.2941176 0.2941176 0.2941176 0.2941176 0.2941176 0.2941176 0.2941176 0.2941176 0.2941176 0.2941176 0.2941176 0.2941176 0.2941176 0.2941176 0.2941176 0.2941176 0.2941176 0.2941176 0.2941176 0.2941176 0.2941176 0.2941176 0.2941176 0.2941176 0.2941176 0.2941176 0.2941176 0.2941176 0.2941176 0.2941176 0.2941176 0.2941176 0.2941176 0.2941176 0.2941176 0.2941176 0.2941176 0.2941176 0.2941176 0.2941176 0.2941176 0.2941176 0.2941176 0.2941176 0.2941176 0.2941176 0.2941176 0.2941176 0.2941176 0.2941176 0.2941176 0.2941176 0.2941176 0.2941176 0.2941176 0.2941176 0.2941176 0.2941176 0.2941176 0.2941176 0.2941176 0.2941176 0.2941176 0.2941176 0.2941176 0.2941176 0.2941176 0.2941176 0.2941176 0.2941176 0.2941176 0.2941176 0.2941176 0.2941176 0.2941176 0.2941176 0.2941176 0.2941176 0.2941176 0.2941176 0.2941176 0.2941176 0.2941176 0.2941176 0.2941176 0.2941176 0.2941176 0.2941176 0.2941176 0.2941176 0.2941176 0.2941176 0.2941176 0.2941176 0.2941176 0.2941176 0.2941176 0.2941176 0.2941176 0.2941176 0.2941176 0.2941176 0.2941176 0.2941176 0.2941176 0.2941176 0.2941176 0.2941176 0.2941176 0.2941176 0.2941176 0.2941176 0.2941176 0.2941176 0.2941176 0.2941176 0.2941176 0.2941176 0.2941176 0.2941176 0.2941176 0.2941176 0.2941176 0.2941176 0.2941176 0.2941176 0.2941176 0.2941176 0.2941176 0.2941176 0.2941176 0.2941176 0.2941176 0.2941176 0.2941176 0.2941176 0.2941176 0.2941176 0.2941176 0.2941176 0.2941176 0.2941176 0.2941176 0.2941176 0.2941176 0.2941176 0.2941176 0.2941176 0.2941176 0.2941176 0.2941176 0.2941176 0.2941176 0.2941176 0.2941176 0.2941176 0.2941176 0.2941176 0.2941176 0.2941176 0.2941176 0.2941176 0.2941176 0.2941176 0.2941176 0.2941176 0.2941176 0.2941176 0.2941176 0.2941176 0.2941176 0.2941176 0.2941176 0.2941176 0.2941176 0.2941176 0.2941176 0.2941176 0.2941176 0.2941176 0.2941176 0.2941176 0.2941176 0.2941176 0.2941176 0.2941176 0.2941176 0.2941176 0.2941176 0.2941176 0.2941176 0.2941176 0.2941176 0.2941176 0.2941176 0.2941176 0.2941176 0.2941176 0.2941176 0.2941176 0.2941176 0.2941176 0.2941176 0.2941176 0.2941176 0.2941176 0.2941176 0.2941176 0.2941176 0.2941176 0.2941176 0.2941176 0.2941176 0.2941176 0.2941176 0.2941176 0.2941176 0.2941176 0.2941176 0.2941176 0.2941176 0.2941176 0.2941176 0.2941176 0.2941176 0.2941176 0.2941176 0.2941176 0.2941176 0.2941176 0.2941176 0.2941176 0.2941176 0.2941176 0.2941176 0.2941176 0.2941176 0.2941176 0.2941176 0.2941176 0.2941176 0.2941176 0.2941176 0.2941176 0.2941176 0.2941176 0.2941176 0.2941176 0.2941176 0.2941176 0.2941176 0.2941176 0.2941176 0.2941176 0.2941176 0.2941176 0.2941176 0.2941176 0.2941176 0.2941176 0.2941176 0.2941176 0.2941176 0.2941176 0.2941176 0.2941176 0.2941176 0.2941176 0.2941176 0.2941176 0.2941176 0.2941176 0.2941176 0.2941176 0.2941176 0.2941176 0.2941176 0.2941176 0.2941176 0.2941176 0.2941176 0.2941176 0.2941176 0.2941176 0.2941176 0.2941176 0.2941176 0.2941176 0.2941176 0.2941176 0.2941176 0.2941176 0.2941176 0.2941176 0.2941176 0.2941176 0.2941176 0.2941176 0.2941176 0.2941176 0.2941176 0.2941176 0.2941176 0.2941176 0.2941176 0.2941176 0.2941176 0.2941176 0.2941176 0.2941176 0.2941176 0.2941176 0.2941176 0.2941176 0.2941176 0.2941176 0.2941176 0.2941176 0.2941176 0.2941176 0.2941176 0.2941176 0.2941176 0.2941176 0.2941176 0.2941176 0.2941176 0.2941176 0.2941176 0.2941176 0.2941176 0.2941176 0.2941176 0.2941176 0.2941176 0.2941176 0.2941176 0.2941176 0.2941176 0.2941176 0.2941176 0.2941176 0.2941176 0.2941176 0.2941176 0.2941176 0.2941176 0.2941176 0.2941176 0.2941176 0.2941176 0.2941176 0.2941176 0.2941176 0.2941176 0.2941176 0.2941176 0.2941176 0.2941176 0.2941176 0.2941176 0.2941176 0.2941176 0.2941176 0.2941176 0.2941176 0.2941176 0.2941176 0.2941176 0.2941176 0.2941176 0.2941176 0.2941176 0.2941176 0.2941176 0.2941176 0.2941176 0.2941176 0.2941176 0.2941176 0.2941176 0.2941176 0.2941176 0.2941176 0.2941176 0.2941176 0.2941176 0.2941176 0.2941176 0.2941176 0.2941176 0.2941176 0.2941176 0.2941176 0.2941176 0.2941176 0.2941176 0.2941176 0.2941176 0.2941176 0.2941176 0.2941176 0.2941176 0.2941176 0.2941176 0.2941176 0.2941176 0.2941176 0.2941176 0.2941176 0.2941176 0.2941176 0.2941176 0.2941176 0.2941176 0.2941176 0.2941176 0.2941176 0.2941176 0.2941176 0.2941176 0.2941176 0.2941176 0.2941176 0.2941176 0.2941176 0.2941176 0.2941176 0.2941176 0.2941176 0.2941176 0.2941176 0.2941176 0.2941176 0.2941176 0.2941176 0.2941176 0.2941176 0.2941176 0.2941176 0.2941176 0.2941176 0.2941176 0.2941176 0.2941176 0.2941176 0.2941176 0.2941176 0.2941176 0.2941176 0.2941176 0.2941176 0.2941176 0.2941176 0.2941176 0.2941176 0.2941176 0.2941176 0.2941176 0.2941176 0.2941176 0.2941176 0.2941176 0.2941176 0.2941176 0.2941176 0.2941176 0.2941176 0.2941176 0.2941176 0.2941176 0.2941176 0.2941176 0.2941176 0.2941176 0.2941176 0.2941176 0.2941176 0.2941176 0.2941176 0.2941176 0.2941176 0.2941176 0.2941176 0.2941176 0.2941176 0.2941176 0.2941176 0.2941176 0.2941176 0.2941176 0.2941176 0.2941176 0.2941176 0.2941176 0.2941176 0.2941176 0.2941176 0.2941176 0.2941176 0.2941176 0.2941176 0.2941176 0.2941176 0.2941176 0.2941176 0.2941176 0.2941176 0.2941176 0.2941176 0.2941176 0.2941176 0.2941176 0.2941176 0.2941176 0.2941176 0.2941176 0.2941176 0.2941176 0.2941176 0.2941176 0.2941176 0.2941176 0.2941176 0.2941176 0.2941176 0.2941176 0.2941176 0.2941176 0.2941176 0.2941176 0.2941176 0.2941176 0.2941176 0.2941176 0.2941176 0.2941176 0.2941176 0.2941176 0.2941176 0.2941176 0.2941176 0.2941176 0.2941176 0.2941176 0.2941176 0.2941176 0.2941176 0.2941176 0.2941176 0.2941176 0.2941176 0.2941176 0.2941176 0.2941176 0.2941176 0.2941176 0.2941176 0.2941176 0.2941176 0.2941176 0.2941176 0.2941176 0.2941176 0.2941176 0.2941176 0.2941176 0.2941176 0.2941176 0.2941176 0.2941176 0.2941176 0.2941176 0.2941176 0.2941176 0.2941176 0.2941176 0.2941176 0.2941176 0.2941176 0.2941176 0.2941176 0.2941176 0.2941176 0.2941176 0.2941176 0.2941176 0.2941176 0.2941176 0.2941176 0.2941176 0.2941176 0.2941176 0.2941176 0.2941176 0.2941176 0.2941176 0.2941176 0.2941176 0.2941176 0.2941176 0.2941176 0.2941176 0.2941176 0.2941176 0.2941176 0.2941176 0.2941176 0.2941176 0.2941176 0.2941176 0.2941176 0.2941176 0.2941176 0.2941176 0.2941176 0.2941176 0.2941176 0.2941176 0.2941176 0.2941176 0.2941176 0.2941176 0.2941176 0.2941176 0.2941176 0.2941176 0.2941176 0.2941176 0.2941176 0.2941176 0.2941176 0.2941176 0.2941176 0.2941176 0.2941176 0.2941176 0.2941176 0.2941176 0.2941176 0.2941176 0.2941176 0.2941176 0.2941176 0.2941176 0.2941176 0.2941176 0.2941176 0.2941176 0.2941176 0.2941176 0.2941176 0.2941176 0.2941176 0.2941176 0.2941176 0.2941176 0.2941176 0.2941176 0.2941176 0.2941176 0.2941176 0.2941176 0.2941176 0.2941176 0.2941176 0.2941176 0.2941176 0.2941176 0.2941176 0.2941176 0.2941176 0.2941176 0.2941176 0.2941176 0.2941176 0.2941176 0.2941176 0.2941176 0.2941176 0.2941176 0.2941176 0.2941176 0.2941176 0.2941176 0.2941176 0.2941176 0.2941176 0.2941176 0.2941176 0.2941176 0.2941176 0.2941176 0.2941176 0.2941176 0.2941176 0.2941176 0.2941176 0.2941176 0.2941176 0.2941176 0.2941176 0.2941176 0.2941176 0.2941176 0.2941176 0.2941176 0.2941176 0.2941176 0.2941176 0.2941176 0.2941176 0.2941176 0.2941176 0.2941176 0.2941176 0.2941176 0.2941176 0.2941176 0.2941176 0.2941176 0.2941176 0.2941176 0.2941176 0.2941176 0.2941176 0.2941176 0.2941176 0.2941176 0.2941176 0.2941176 0.2941176 0.2941176 0.2941176 0.2941176 0.2941176 0.2941176 0.2941176 0.2941176 0.2941176 0.2941176 0.2941176 0.2941176 0.2941176 0.2941176 0.2941176 0.2941176 0.2941176 0.2941176 0.2941176 0.2941176 0.2941176 0.2941176 0.2941176 0.2941176 0.2941176 0.2941176 0.2941176 0.2941176 0.2941176 0.2941176 0.2941176 0.2941176 0.2941176 0.2941176 0.2941176 0.2941176 0.2941176 0.2941176 0.2941176 0.2941176 0.2941176 0.2941176 0.2941176 0.2941176 0.2941176 0.2941176 0.2941176 0.2941176 0.2941176 0.2941176 0.2941176 0.2941176 0.2941176 0.2941176 0.2941176 0.2941176 0.2941176 0.2941176 0.2941176 0.2941176 0.2941176 0.2941176 0.2941176 0.2941176 0.2941176 0.2941176 0.2941176 0.2941176 0.2941176 0.2941176 0.2941176 0.2941176 0.2941176 0.2941176 0.2941176 0.2941176 0.2941176 0.2941176 0.2941176 0.2941176 0.2941176 0.2941176 0.2941176 0.2941176 0.2941176 0.2941176 0.2941176 0.2941176 0.2941176 0.2941176 0.2941176 0.2941176 0.2941176 0.2941176 0.2941176 0.2941176 0.2941176 0.2941176 0.2941176 0.2941176 0.2941176 0.2941176 0.2941176 0.2941176 0.2941176 0.2941176 0.2941176 0.2941176 0.2941176 0.2941176 0.2941176 0.2941176 0.2941176 0.2941176 0.2941176 0.2941176 0.2941176 0.2941176 0.2941176 0.2941176 0.2941176 0.2941176 0.2941176 0.2941176 0.2941176 0.2941176 0.2941176 0.2941176 0.2941176 0.2941176 0.2941176 0.2941176 0.2941176 0.2941176 0.2941176 0.2941176 0.2941176 0.2941176 0.2941176 0.2941176 0.2941176 0.2941176 0.2941176 0.2941176 0.2941176 0.2941176 0.2941176 0.2941176 0.2941176 0.2941176 0.2941176 0.2941176 0.2941176 0.2941176 0.2941176 0.2941176 0.2941176 0.2941176 0.2941176 0.2941176 0.2941176 0.2941176 0.2941176 0.2941176 0.2941176 0.2941176 0.2941176 0.2941176 0.2941176 0.2941176 0.2941176 0.2941176 0.2941176 0.2941176 0.2941176 0.2941176 0.2941176 0.2941176 0.2941176 0.2941176 0.2941176 0.2941176 0.2941176 0.2941176 0.2941176 0.2941176 0.2941176 0.2941176 0.2941176 0.2941176 0.2941176 0.2941176 0.2941176 0.2941176 0.2941176 0.2941176 0.2941176 0.2941176 0.2941176 0.2941176 0.2941176 0.2941176 0.2941176 0.2941176 0.2941176 0.2941176 0.2941176 0.2941176 0.2941176 0.2941176 0.2941176 0.2941176 0.2941176 0.2941176 0.2941176 0.2941176 0.2941176 0.2941176 0.2941176 0.2941176 0.2941176 0.2941176 0.2941176 0.2941176 0.2941176 0.2941176 0.2941176 0.2941176 0.2941176 0.2941176 0.2941176 0.2941176 0.2941176 0.2941176 0.2941176 0.2941176 0.2941176 0.2941176 0.2941176 0.2941176 0.2941176 0.2941176 0.2941176 0.2941176 0.2941176 0.2941176 0.2941176 0.2941176 0.2941176 0.2941176 0.2941176 0.2941176 0.2941176 0.2941176 0.2941176 0.2941176 0.2941176 0.2941176 0.2941176 0.2941176 0.2941176 0.2941176 0.2941176 0.2941176 0.2941176 0.2941176 0.2941176 0.2941176 0.2941176 0.2941176 0.2941176 0.2941176 0.2941176 0.2941176 0.2941176 0.2941176 0.2941176 0.2941176 0.2941176 0.2941176 0.2941176 0.2941176 0.2941176 0.2941176 0.2941176 0.2941176 0.2941176 0.2941176 0.2941176 0.2941176 0.2941176 0.2941176 0.2941176 0.2941176 0.2941176 0.2941176 0.2941176 0.2941176 0.2941176 0.2941176 0.2941176 0.2941176 0.2941176 0.2941176 0.2941176 0.2941176 0.2941176 0.2941176 0.2941176 0.2941176 0.2941176 0.2941176 0.2941176 0.2941176 0.2941176 0.2941176 0.2941176 0.2941176 0.2941176 0.2941176 0.2941176 0.2941176 0.2941176 0.2941176 0.2941176 0.2941176 0.2941176 0.2941176 0.2941176 0.2941176 0.2941176 0.2941176 0.2941176 0.2941176 0.2941176 0.2941176 0.2941176 0.2941176 0.2941176 0.2941176 0.2941176 0.2941176 0.2941176 0.2941176 0.2941176 0.2941176 0.2941176 0.2941176 0.2941176 0.2941176 0.2941176 0.2941176 0.2941176 0.2941176 0.2941176 0.2941176 0.2941176 0.2941176 0.2941176 0.2941176 0.2941176 0.2941176 0.2941176 0.2941176 0.2941176 0.2941176 0.2941176 0.2941176 0.2941176 0.2941176 0.2941176 0.2941176 0.2941176 0.2941176 0.2941176 0.2941176 0.2941176 0.2941176 0.2941176 0.2941176 0.2941176 0.2941176 0.2941176 0.2941176 0.2941176 0.2941176 0.2941176 0.2941176 0.2941176 0.2941176 0.2941176 0.2941176 0.2941176 0.2941176 0.2941176 0.2941176 0.2941176 0.2941176 0.2941176 0.2941176 0.2941176 0.2941176 0.2941176 0.2941176 0.2941176 0.2941176 0.2941176 0.2941176 0.2941176 0.2941176 0.2941176 0.2941176 0.2941176 0.2941176 0.2941176 0.2941176 0.2941176 0.2941176 0.2941176 0.2941176 0.2941176 0.2941176 0.2941176 0.2941176 0.2941176 0.2941176 0.2941176 0.2941176 0.2941176 0.2941176 0.2941176 0.2941176 0.2941176 0.2941176 0.2941176 0.2941176 0.2941176 0.2941176 0.2941176 0.2941176 0.2941176 0.2941176 0.2941176 0.2941176 0.2941176 0.2941176 0.2941176 0.2941176 0.2941176 0.2941176 0.2941176 0.2941176 0.2941176 0.2941176 0.2941176 0.2941176 0.2941176 0.2941176 0.2941176 0.2941176 0.2941176 0.2941176 0.2941176 0.2941176 0.2941176 0.2941176 0.2941176 0.2941176 0.2941176 0.2941176 0.2941176 0.2941176 0.2941176 0.2941176 0.2941176 0.2941176 0.2941176 0.2941176 0.2941176 0.2941176 0.2941176 0.2941176 0.2941176 0.2941176 0.2941176 0.2941176 0.2941176 0.2941176 0.2941176 0.2941176 0.2941176 0.2941176 0.2941176 0.2941176 0.2941176 0.2941176 0.2941176 0.2941176 0.2941176 0.2941176 0.2941176 0.2941176 0.2941176 0.2941176 0.2941176 0.2941176 0.2941176 0.2941176 0.2941176 0.2941176 0.2941176 0.2941176 0.2941176 0.2941176 0.2941176 0.2941176 0.2941176 0.2941176 0.2941176 0.2941176 0.2941176 0.2941176 0.2941176 0.2941176 0.2941176 0.2941176 0.2941176 0.2941176 0.2941176 0.2941176 0.2941176 0.2941176 0.2941176 0.2941176 0.2941176 0.2941176 0.2941176 0.2941176 0.2941176 0.2941176 0.2941176 0.2941176 0.2941176 0.2941176 0.2941176 0.2941176 0.2941176 0.2941176 0.2941176 0.2941176 0.2941176 0.2941176 0.2941176 0.2941176 0.2941176 0.2941176 0.2941176 0.2941176 0.2941176 0.2941176 0.2941176 0.2941176 0.2941176 0.2941176 0.2941176 0.2941176 0.2941176 0.2941176 0.2941176 0.2941176 0.2941176 0.2941176 0.2941176 0.2941176 0.2941176</float_array>
          <technique_common>
            <accessor count="761" source="#colors-array-array" stride="3">
              <param type="float" name="R"/>
              <param type="float" name="G"/>
              <param type="float" name="B"/>
            </accessor>
          </technique_common>
        </source>
        <vertices id="verts-array-vertices">
          <input semantic="POSITION" source="#verts-array"/>
        </vertices>
        <triangles count="922" material="material4">
          <input offset="0" semantic="VERTEX" source="#verts-array-vertices"/>
          <input offset="1" semantic="NORMAL" source="#normals-array"/>
          <input offset="2" semantic="COLOR" source="#colors-array"/>
          <p>0 0 0 1 1 1 2 2 2 3 3 3 2 2 2 1 1 1 2 2 2 3 3 3 4 4 4 5 5 5 4 4 4 3 3 3 4 4 4 5 5 5 6 6 6 7 7 7 6 6 6 5 5 5 6 6 6 7 7 7 8 8 8 9 9 9 8 8 8 7 7 7 8 8 8 9 9 9 10 10 10 11 11 11 10 10 10 9 9 9 10 10 10 11 11 11 12 12 12 13 13 13 12 12 12 11 11 11 12 12 12 13 13 13 14 14 14 15 15 15 14 14 14 13 13 13 14 14 14 15 15 15 16 16 16 17 17 17 16 16 16 15 15 15 16 16 16 17 17 17 18 18 18 19 19 19 18 18 18 17 17 17 18 18 18 19 19 19 20 20 20 21 21 21 20 20 20 19 19 19 20 20 20 21 21 21 22 22 22 23 23 23 22 22 22 21 21 21 22 22 22 23 23 23 24 24 24 25 25 25 24 24 24 23 23 23 24 24 24 25 25 25 26 26 26 27 27 27 26 26 26 25 25 25 26 26 26 27 27 27 28 28 28 29 29 29 28 28 28 27 27 27 28 28 28 29 29 29 30 30 30 31 31 31 30 30 30 29 29 29 30 30 30 31 31 31 32 32 32 33 33 33 32 32 32 31 31 31 32 32 32 33 33 33 34 34 34 35 35 35 34 34 34 33 33 33 34 34 34 35 35 35 36 36 36 37 37 37 36 36 36 35 35 35 36 36 36 37 37 37 38 38 38 39 39 39 38 38 38 37 37 37 38 38 38 39 39 39 40 40 40 41 41 41 40 40 40 39 39 39 40 40 40 41 41 41 42 42 42 43 43 43 42 42 42 41 41 41 42 42 42 43 43 43 44 44 44 45 45 45 44 44 44 43 43 43 44 44 44 45 45 45 46 46 46 47 47 47 46 46 46 45 45 45 46 46 46 47 47 47 48 48 48 49 49 49 48 48 48 47 47 47 48 48 48 49 49 49 50 50 50 51 51 51 50 50 50 49 49 49 50 50 50 51 51 51 52 52 52 53 53 53 52 52 52 51 51 51 52 52 52 53 53 53 54 54 54 55 55 55 54 54 54 53 53 53 54 54 54 55 55 55 56 56 56 57 57 57 56 56 56 55 55 55 56 56 56 57 57 57 58 58 58 59 59 59 58 58 58 57 57 57 58 58 58 59 59 59 60 60 60 61 61 61 60 60 60 59 59 59 60 60 60 61 61 61 62 62 62 63 63 63 62 62 62 61 61 61 62 62 62 63 63 63 64 64 64 65 65 65 64 64 64 63 63 63 64 64 64 65 65 65 66 66 66 67 67 67 66 66 66 65 65 65 66 66 66 67 67 67 68 68 68 69 69 69 68 68 68 67 67 67 68 68 68 69 69 69 0 0 0 1 1 1 0 0 0 69 69 69 70 70 70 71 71 71 72 72 72 73 73 73 72 72 72 71 71 71 72 72 72 73 73 73 74 74 74 75 75 75 74 74 74 73 73 73 74 74 74 75 75 75 76 76 76 77 77 77 76 76 76 75 75 75 76 76 76 77 77 77 78 78 78 79 79 79 78 78 78 77 77 77 78 78 78 79 79 79 80 80 80 81 81 81 80 80 80 79 79 79 80 80 80 81 81 81 82 82 82 83 83 83 82 82 82 81 81 81 82 82 82 83 83 83 84 84 84 85 85 85 84 84 84 83 83 83 84 84 84 85 85 85 86 86 86 87 87 87 86 86 86 85 85 85 86 86 86 87 87 87 88 88 88 89 89 89 88 88 88 87 87 87 88 88 88 89 89 89 90 90 90 91 91 91 90 90 90 89 89 89 90 90 90 91 91 91 92 92 92 93 93 93 92 92 92 91 91 91 92 92 92 93 93 93 94 94 94 95 95 95 94 94 94 93 93 93 94 94 94 95 95 95 96 96 96 97 97 97 96 96 96 95 95 95 96 96 96 97 97 97 98 98 98 99 99 99 98 98 98 97 97 97 98 98 98 99 99 99 100 100 100 101 101 101 100 100 100 99 99 99 100 100 100 101 101 101 102 102 102 103 103 103 102 102 102 101 101 101 102 102 102 103 103 103 104 104 104 105 105 105 104 104 104 103 103 103 104 104 104 105 105 105 106 106 106 107 107 107 106 106 106 105 105 105 106 106 106 107 107 107 108 108 108 109 109 109 108 108 108 107 107 107 108 108 108 109 109 109 110 110 110 111 111 111 110 110 110 109 109 109 110 110 110 111 111 111 112 112 112 113 113 113 112 112 112 111 111 111 112 112 112 113 113 113 114 114 114 115 115 115 114 114 114 113 113 113 114 114 114 115 115 115 116 116 116 117 117 117 116 116 116 115 115 115 116 116 116 117 117 117 118 118 118 119 119 119 118 118 118 117 117 117 118 118 118 119 119 119 120 120 120 121 121 121 120 120 120 119 119 119 120 120 120 121 121 121 122 122 122 123 123 123 122 122 122 121 121 121 122 122 122 123 123 123 124 124 124 125 125 125 124 124 124 123 123 123 124 124 124 125 125 125 126 126 126 127 127 127 126 126 126 125 125 125 126 126 126 127 127 127 128 128 128 129 129 129 128 128 128 127 127 127 128 128 128 129 129 129 130 130 130 131 131 131 130 130 130 129 129 129 130 130 130 131 131 131 132 132 132 133 133 133 132 132 132 131 131 131 132 132 132 133 133 133 134 134 134 135 135 135 134 134 134 133 133 133 134 134 134 135 135 135 136 136 136 137 137 137 136 136 136 135 135 135 136 136 136 137 137 137 138 138 138 139 139 139 138 138 138 137 137 137 138 138 138 139 139 139 140 140 140 141 141 141 140 140 140 139 139 139 140 140 140 141 141 141 142 142 142 143 143 143 142 142 142 141 141 141 142 142 142 143 143 143 144 144 144 145 145 145 144 144 144 143 143 143 144 144 144 145 145 145 146 146 146 147 147 147 146 146 146 145 145 145 146 146 146 147 147 147 148 148 148 149 149 149 148 148 148 147 147 147 148 148 148 149 149 149 70 70 70 71 71 71 70 70 70 149 149 149 150 150 150 151 151 151 18 18 18 152 152 152 18 18 18 151 151 151 18 18 18 152 152 152 153 153 153 154 154 154 153 153 153 152 152 152 153 153 153 154 154 154 155 155 155 156 156 156 155 155 155 154 154 154 155 155 155 156 156 156 157 157 157 158 158 158 159 159 159 60 60 60 160 160 160 60 60 60 159 159 159 60 60 60 160 160 160 161 161 161 162 162 162 161 161 161 160 160 160 161 161 161 162 162 162 163 163 163 164 164 164 163 163 163 162 162 162 163 163 163 164 164 164 165 165 165 166 166 166 157 157 157 156 156 156 157 157 157 166 166 166 4 4 4 167 167 167 4 4 4 166 166 166 4 4 4 167 167 167 168 168 168 169 169 169 168 168 168 167 167 167 168 168 168 169 169 169 170 170 170 171 171 171 170 170 170 169 169 169 170 170 170 171 171 171 158 158 158 158 158 158 171 171 171 159 159 159 172 172 172 173 173 173 32 32 32 174 174 174 32 32 32 173 173 173 32 32 32 174 174 174 175 175 175 176 176 176 175 175 175 174 174 174 175 175 175 176 176 176 177 177 177 178 178 178 177 177 177 176 176 176 177 177 177 178 178 178 150 150 150 150 150 150 178 178 178 151 151 151 179 179 179 165 165 165 164 164 164 165 165 165 179 179 179 46 46 46 180 180 180 46 46 46 179 179 179 46 46 46 180 180 180 181 181 181 182 182 182 181 181 181 180 180 180 181 181 181 182 182 182 183 183 183 184 184 184 183 183 183 182 182 182 183 183 183 184 184 184 172 172 172 172 172 172 184 184 184 173 173 173 185 185 185 186 186 186 187 187 187 188 188 188 189 189 189 190 190 190 191 191 191 192 192 192 193 193 193 191 191 191 193 193 193 194 194 194 194 194 194 193 193 193 195 195 195 196 196 196 197 197 197 198 198 198 198 198 198 197 197 197 192 192 192 199 199 199 200 200 200 201 201 201 202 202 202 201 201 201 200 200 200 203 203 203 201 201 201 202 202 202 193 193 193 204 204 204 195 195 195 195 195 195 204 204 204 203 203 203 205 205 205 203 203 203 204 204 204 203 203 203 205 205 205 201 201 201 199 199 199 206 206 206 207 207 207 208 208 208 207 207 207 206 206 206 207 207 207 200 200 200 199 199 199 200 200 200 207 207 207 209 209 209 210 210 210 209 209 209 207 207 207 211 211 211 212 212 212 213 213 213 214 214 214 215 215 215 216 216 216 217 217 217 216 216 216 215 215 215 216 216 216 217 217 217 218 218 218 219 219 219 220 220 220 221 221 221 222 222 222 221 221 221 220 220 220 221 221 221 222 222 222 223 223 223 220 220 220 219 219 219 224 224 224 223 223 223 222 222 222 216 216 216 214 214 214 216 216 216 222 222 222 225 225 225 218 218 218 217 217 217 225 225 225 226 226 226 227 227 227 227 227 227 226 226 226 228 228 228 229 229 229 228 228 228 226 226 226 228 228 228 229 229 229 230 230 230 230 230 230 229 229 229 219 219 219 224 224 224 219 219 219 229 229 229 213 213 213 218 218 218 227 227 227 225 225 225 227 227 227 218 218 218 231 231 231 216 216 216 232 232 232 216 216 216 231 231 231 223 223 223 232 232 232 233 233 233 234 234 234 234 234 234 233 233 233 235 235 235 236 236 236 237 237 237 238 238 238 239 239 239 235 235 235 233 233 233 235 235 235 239 239 239 240 240 240 240 240 240 239 239 239 241 241 241 237 237 237 241 241 241 239 239 239 241 241 241 237 237 237 236 236 236 242 242 242 243 243 243 187 187 187 244 244 244 187 187 187 243 243 243 245 245 245 236 236 236 246 246 246 247 247 247 248 248 248 249 249 249 250 250 250 251 251 251 238 238 238 246 246 246 252 252 252 245 245 245 245 245 245 252 252 252 248 248 248 253 253 253 248 248 248 252 252 252 248 248 248 253 253 253 249 249 249 247 247 247 242 242 242 254 254 254 242 242 242 247 247 247 249 249 249 244 244 244 255 255 255 187 187 187 187 187 187 255 255 255 238 238 238 250 250 250 238 238 238 255 255 255 246 246 246 238 238 238 251 251 251 238 238 238 246 246 246 236 236 236 254 254 254 187 187 187 256 256 256 187 187 187 254 254 254 242 242 242 254 254 254 256 256 256 257 257 257 258 258 258 257 257 257 256 256 256 257 257 257 258 258 258 259 259 259 259 259 259 258 258 258 260 260 260 258 258 258 261 261 261 260 260 260 260 260 260 261 261 261 262 262 262 263 263 263 262 262 262 261 261 261 264 264 264 265 265 265 266 266 266 267 267 267 262 262 262 263 263 263 262 262 262 267 267 267 268 268 268 268 268 268 267 267 267 269 269 269 265 265 265 269 269 269 267 267 267 269 269 269 265 265 265 264 264 264 270 270 270 271 271 271 272 272 272 273 273 273 271 271 271 270 270 270 271 271 271 273 273 273 274 274 274 275 275 275 276 276 276 277 277 277 272 272 272 277 277 277 276 276 276 271 271 271 277 277 277 272 272 272 278 278 278 276 276 276 275 275 275 279 279 279 264 264 264 280 280 280 266 266 266 280 280 280 264 264 264 281 281 281 280 280 280 266 266 266 282 282 282 283 283 283 273 273 273 274 274 274 273 273 273 283 283 283 278 278 278 284 284 284 276 276 276 276 276 276 284 284 284 266 266 266 281 281 281 266 266 266 284 284 284 285 285 285 264 264 264 279 279 279 264 264 264 285 285 285 286 286 286 286 286 286 285 285 285 282 282 282 283 283 283 282 282 282 285 285 285 287 287 287 188 188 188 288 288 288 289 289 289 188 188 188 287 287 287 188 188 188 289 289 289 290 290 290 272 272 272 290 290 290 289 289 289 190 190 190 288 288 288 188 188 188 288 288 288 190 190 190 291 291 291 190 190 190 198 198 198 191 191 191 192 192 192 191 191 191 198 198 198 292 292 292 293 293 293 238 238 238 238 238 238 293 293 293 187 187 187 185 185 185 187 187 187 293 293 293 238 238 238 294 294 294 292 292 292 292 292 292 294 294 294 295 295 295 296 296 296 295 295 295 294 294 294 295 295 295 296 296 296 297 297 297 297 297 297 296 296 296 298 298 298 299 299 299 298 298 298 296 296 296 300 300 300 301 301 301 218 218 218 302 302 302 218 218 218 301 301 301 303 303 303 218 218 218 302 302 302 218 218 218 303 303 303 298 298 298 298 298 298 303 303 303 297 297 297 304 304 304 305 305 305 306 306 306 218 218 218 307 307 307 300 300 300 304 304 304 300 300 300 307 307 307 300 300 300 304 304 304 308 308 308 308 308 308 304 304 304 309 309 309 310 310 310 311 311 311 306 306 306 306 306 306 309 309 309 304 304 304 312 312 312 309 309 309 306 306 306 276 276 276 313 313 313 272 272 272 272 272 272 313 313 313 290 290 290 314 314 314 315 315 315 316 316 316 315 315 315 314 314 314 317 317 317 310 310 310 317 317 317 314 314 314 306 306 306 317 317 317 310 310 310 317 317 317 306 306 306 318 318 318 266 266 266 319 319 319 320 320 320 276 276 276 316 316 316 315 315 315 321 321 321 316 316 316 276 276 276 320 320 320 322 322 322 266 266 266 266 266 266 322 322 322 276 276 276 321 321 321 276 276 276 322 322 322 266 266 266 323 323 323 319 319 319 324 324 324 319 319 319 323 323 323 319 319 319 324 324 324 186 186 186 186 186 186 324 324 324 187 187 187 216 216 216 325 325 325 232 232 232 233 233 233 232 232 232 325 325 325 213 213 213 326 326 326 218 218 218 326 326 326 213 213 213 327 327 327 207 207 207 306 306 306 305 305 305 328 328 328 327 327 327 210 210 210 210 210 210 327 327 327 213 213 213 210 210 210 213 213 213 212 212 212 210 210 210 207 207 207 328 328 328 318 318 318 306 306 306 198 198 198 190 190 190 189 189 189 198 198 198 299 299 299 216 216 216 298 298 298 298 298 298 216 216 216 218 218 218 311 311 311 312 312 312 306 306 306 207 207 207 198 198 198 306 306 306 198 198 198 207 207 207 196 196 196 208 208 208 196 196 196 207 207 207 329 329 329 330 330 330 331 331 331 330 330 330 329 329 329 332 332 332 333 333 333 332 332 332 329 329 329 334 334 334 332 332 332 333 333 333 332 332 332 334 334 334 335 335 335 336 336 336 335 335 335 334 334 334 337 337 337 335 335 335 336 336 336 335 335 335 337 337 337 338 338 338 339 339 339 338 338 338 337 337 337 338 338 338 339 339 339 340 340 340 341 341 341 340 340 340 339 339 339 340 340 340 341 341 341 342 342 342 251 251 251 342 342 342 341 341 341 343 343 343 342 342 342 251 251 251 342 342 342 343 343 343 344 344 344 345 345 345 344 344 344 343 343 343 344 344 344 345 345 345 346 346 346 347 347 347 346 346 346 345 345 345 346 346 346 347 347 347 348 348 348 349 349 349 348 348 348 347 347 347 348 348 348 349 349 349 350 350 350 331 331 331 350 350 350 349 349 349 350 350 350 331 331 331 330 330 330 351 351 351 352 352 352 353 353 353 352 352 352 351 351 351 354 354 354 355 355 355 354 354 354 351 351 351 354 354 354 355 355 355 356 356 356 357 357 357 356 356 356 355 355 355 356 356 356 357 357 357 358 358 358 359 359 359 358 358 358 357 357 357 358 358 358 359 359 359 360 360 360 361 361 361 360 360 360 359 359 359 360 360 360 361 361 361 362 362 362 187 187 187 362 362 362 361 361 361 362 362 362 187 187 187 363 363 363 364 364 364 363 363 363 187 187 187 363 363 363 364 364 364 365 365 365 366 366 366 365 365 365 364 364 364 367 367 367 365 365 365 366 366 366 365 365 365 367 367 367 368 368 368 368 368 368 367 367 367 369 369 369 370 370 370 369 369 369 367 367 367 369 369 369 370 370 370 371 371 371 372 372 372 371 371 371 370 370 370 371 371 371 372 372 372 373 373 373 353 353 353 373 373 373 372 372 372 373 373 373 353 353 353 352 352 352 283 283 283 374 374 374 274 274 274 374 374 374 283 283 283 375 375 375 285 285 285 375 375 375 283 283 283 375 375 375 285 285 285 376 376 376 279 279 279 376 376 376 285 285 285 376 376 376 279 279 279 377 377 377 378 378 378 377 377 377 279 279 279 377 377 377 378 378 378 379 379 379 380 380 380 379 379 379 378 378 378 379 379 379 380 380 380 381 381 381 382 382 382 381 381 381 380 380 380 381 381 381 382 382 382 383 383 383 384 384 384 383 383 383 382 382 382 383 383 383 384 384 384 385 385 385 386 386 386 385 385 385 384 384 384 387 387 387 385 385 385 386 386 386 385 385 385 387 387 387 388 388 388 277 277 277 388 388 388 387 387 387 388 388 388 277 277 277 389 389 389 389 389 389 277 277 277 390 390 390 391 391 391 390 390 390 277 277 277 390 390 390 391 391 391 392 392 392 274 274 274 392 392 392 391 391 391 392 392 392 274 274 274 374 374 374 393 393 393 394 394 394 395 395 395 396 396 396 395 395 395 394 394 394 395 395 395 396 396 396 397 397 397 398 398 398 397 397 397 396 396 396 399 399 399 397 397 397 398 398 398 397 397 397 399 399 399 400 400 400 401 401 401 400 400 400 399 399 399 400 400 400 401 401 401 402 402 402 317 317 317 402 402 402 401 401 401 402 402 402 317 317 317 403 403 403 404 404 404 403 403 403 317 317 317 403 403 403 404 404 404 405 405 405 406 406 406 405 405 405 404 404 404 405 405 405 406 406 406 407 407 407 408 408 408 407 407 407 406 406 406 407 407 407 408 408 408 409 409 409 410 410 410 409 409 409 408 408 408 409 409 409 410 410 410 411 411 411 394 394 394 411 411 411 410 410 410 411 411 411 394 394 394 393 393 393 412 412 412 197 197 197 413 413 413 413 413 413 197 197 197 414 414 414 196 196 196 414 414 414 197 197 197 414 414 414 196 196 196 415 415 415 416 416 416 415 415 415 196 196 196 415 415 415 416 416 416 417 417 417 418 418 418 417 417 417 416 416 416 417 417 417 418 418 418 419 419 419 420 420 420 419 419 419 418 418 418 421 421 421 419 419 419 420 420 420 419 419 419 421 421 421 422 422 422 199 199 199 422 422 422 421 421 421 422 422 422 199 199 199 423 423 423 423 423 423 199 199 199 424 424 424 201 201 201 424 424 424 199 199 199 424 424 424 201 201 201 425 425 425 205 205 205 425 425 425 201 201 201 425 425 425 205 205 205 426 426 426 427 427 427 426 426 426 205 205 205 426 426 426 427 427 427 428 428 428 429 429 429 428 428 428 427 427 427 428 428 428 429 429 429 412 412 412 430 430 430 412 412 412 429 429 429 197 197 197 412 412 412 430 430 430 304 304 304 431 431 431 305 305 305 431 431 431 304 304 304 432 432 432 433 433 433 432 432 432 304 304 304 432 432 432 433 433 433 434 434 434 435 435 435 434 434 434 433 433 433 434 434 434 435 435 435 436 436 436 437 437 437 436 436 436 435 435 435 436 436 436 437 437 437 438 438 438 326 326 326 438 438 438 437 437 437 438 438 438 326 326 326 439 439 439 440 440 440 439 439 439 326 326 326 439 439 439 440 440 440 441 441 441 442 442 442 441 441 441 440 440 440 441 441 441 442 442 442 443 443 443 444 444 444 443 443 443 442 442 442 443 443 443 444 444 444 445 445 445 446 446 446 445 445 445 444 444 444 447 447 447 445 445 445 446 446 446 445 445 445 447 447 447 448 448 448 448 448 448 447 447 447 449 449 449 450 450 450 449 449 449 447 447 447 449 449 449 450 450 450 451 451 451 305 305 305 451 451 451 450 450 450 451 451 451 305 305 305 431 431 431 452 452 452 453 453 453 454 454 454 455 455 455 454 454 454 453 453 453 454 454 454 455 455 455 456 456 456 457 457 457 456 456 456 455 455 455 456 456 456 457 457 457 458 458 458 459 459 459 458 458 458 457 457 457 458 458 458 459 459 459 460 460 460 461 461 461 460 460 460 459 459 459 220 220 220 460 460 460 461 461 461 460 460 460 220 220 220 462 462 462 224 224 224 462 462 462 220 220 220 462 462 462 224 224 224 463 463 463 464 464 464 463 463 463 224 224 224 463 463 463 464 464 464 465 465 465 466 466 466 465 465 465 464 464 464 465 465 465 466 466 466 467 467 467 468 468 468 467 467 467 466 466 466 467 467 467 468 468 468 469 469 469 470 470 470 469 469 469 468 468 468 469 469 469 470 470 470 452 452 452 453 453 453 452 452 452 470 470 470 471 471 471 472 472 472 294 294 294 472 472 472 471 471 471 473 473 473 474 474 474 473 473 473 471 471 471 473 473 473 474 474 474 475 475 475 476 476 476 475 475 475 474 474 474 475 475 475 476 476 476 477 477 477 478 478 478 477 477 477 476 476 476 477 477 477 478 478 478 479 479 479 480 480 480 479 479 479 478 478 478 479 479 479 480 480 480 481 481 481 482 482 482 481 481 481 480 480 480 481 481 481 482 482 482 483 483 483 484 484 484 483 483 483 482 482 482 483 483 483 484 484 484 485 485 485 486 486 486 485 485 485 484 484 484 485 485 485 486 486 486 487 487 487 299 299 299 487 487 487 486 486 486 487 487 487 299 299 299 488 488 488 489 489 489 488 488 488 299 299 299 488 488 488 489 489 489 490 490 490 491 491 491 490 490 490 489 489 489 490 490 490 491 491 491 492 492 492 294 294 294 492 492 492 491 491 491 492 492 492 294 294 294 472 472 472 493 493 493 494 494 494 495 495 495 496 496 496 495 495 495 494 494 494 495 495 495 496 496 496 497 497 497 498 498 498 497 497 497 496 496 496 497 497 497 498 498 498 499 499 499 500 500 500 499 499 499 498 498 498 499 499 499 500 500 500 501 501 501 502 502 502 501 501 501 500 500 500 501 501 501 502 502 502 503 503 503 504 504 504 503 503 503 502 502 502 503 503 503 504 504 504 505 505 505 506 506 506 505 505 505 504 504 504 505 505 505 506 506 506 507 507 507 508 508 508 507 507 507 506 506 506 507 507 507 508 508 508 509 509 509 510 510 510 509 509 509 508 508 508 509 509 509 510 510 510 511 511 511 512 512 512 511 511 511 510 510 510 511 511 511 512 512 512 513 513 513 514 514 514 513 513 513 512 512 512 513 513 513 514 514 514 515 515 515 516 516 516 515 515 515 514 514 514 515 515 515 516 516 516 517 517 517 301 301 301 517 517 517 516 516 516 517 517 517 301 301 301 518 518 518 519 519 519 518 518 518 301 301 301 518 518 518 519 519 519 520 520 520 521 521 521 520 520 520 519 519 519 520 520 520 521 521 521 522 522 522 308 308 308 522 522 522 521 521 521 522 522 522 308 308 308 523 523 523 524 524 524 523 523 523 308 308 308 523 523 523 524 524 524 525 525 525 526 526 526 525 525 525 524 524 524 525 525 525 526 526 526 527 527 527 528 528 528 527 527 527 526 526 526 527 527 527 528 528 528 529 529 529 530 530 530 529 529 529 528 528 528 529 529 529 530 530 530 531 531 531 532 532 532 531 531 531 530 530 530 531 531 531 532 532 532 533 533 533 534 534 534 533 533 533 532 532 532 533 533 533 534 534 534 535 535 535 536 536 536 535 535 535 534 534 534 535 535 535 536 536 536 537 537 537 538 538 538 537 537 537 536 536 536 537 537 537 538 538 538 539 539 539 314 314 314 539 539 539 538 538 538 539 539 539 314 314 314 540 540 540 541 541 541 540 540 540 314 314 314 540 540 540 541 541 541 542 542 542 543 543 543 542 542 542 541 541 541 542 542 542 543 543 543 544 544 544 545 545 545 544 544 544 543 543 543 544 544 544 545 545 545 546 546 546 547 547 547 546 546 546 545 545 545 546 546 546 547 547 547 548 548 548 549 549 549 548 548 548 547 547 547 548 548 548 549 549 549 550 550 550 551 551 551 550 550 550 549 549 549 550 550 550 551 551 551 552 552 552 320 320 320 552 552 552 551 551 551 552 552 552 320 320 320 553 553 553 554 554 554 553 553 553 320 320 320 553 553 553 554 554 554 555 555 555 556 556 556 555 555 555 554 554 554 555 555 555 556 556 556 557 557 557 558 558 558 557 557 557 556 556 556 557 557 557 558 558 558 559 559 559 560 560 560 559 559 559 558 558 558 559 559 559 560 560 560 561 561 561 562 562 562 561 561 561 560 560 560 561 561 561 562 562 562 563 563 563 564 564 564 563 563 563 562 562 562 563 563 563 564 564 564 493 493 493 494 494 494 493 493 493 564 564 564 565 565 565 566 566 566 567 567 567 568 568 568 567 567 567 566 566 566 567 567 567 568 568 568 569 569 569 570 570 570 569 569 569 568 568 568 569 569 569 570 570 570 210 210 210 571 571 571 210 210 210 570 570 570 210 210 210 571 571 571 209 209 209 572 572 572 209 209 209 571 571 571 209 209 209 572 572 572 200 200 200 573 573 573 200 200 200 572 572 572 200 200 200 573 573 573 202 202 202 574 574 574 202 202 202 573 573 573 202 202 202 574 574 574 575 575 575 576 576 576 575 575 575 574 574 574 575 575 575 576 576 576 577 577 577 578 578 578 577 577 577 576 576 576 577 577 577 578 578 578 195 195 195 579 579 579 195 195 195 578 578 578 195 195 195 579 579 579 194 194 194 580 580 580 194 194 194 579 579 579 194 194 194 580 580 580 191 191 191 581 581 581 191 191 191 580 580 580 191 191 191 581 581 581 190 190 190 582 582 582 190 190 190 581 581 581 190 190 190 582 582 582 583 583 583 584 584 584 583 583 583 582 582 582 583 583 583 584 584 584 585 585 585 586 586 586 585 585 585 584 584 584 585 585 585 586 586 586 288 288 288 587 587 587 288 288 288 586 586 586 288 288 288 587 587 587 287 287 287 588 588 588 287 287 287 587 587 587 287 287 287 588 588 588 289 289 289 589 589 589 289 289 289 588 588 588 289 289 289 589 589 589 272 272 272 590 590 590 272 272 272 589 589 589 272 272 272 590 590 590 270 270 270 591 591 591 270 270 270 590 590 590 270 270 270 591 591 591 592 592 592 593 593 593 592 592 592 591 591 591 592 592 592 593 593 593 594 594 594 595 595 595 594 594 594 593 593 593 594 594 594 595 595 595 282 282 282 596 596 596 282 282 282 595 595 595 282 282 282 596 596 596 286 286 286 597 597 597 286 286 286 596 596 596 286 286 286 597 597 597 264 264 264 598 598 598 264 264 264 597 597 597 264 264 264 598 598 598 269 269 269 599 599 599 269 269 269 598 598 598 269 269 269 599 599 599 268 268 268 600 600 600 268 268 268 599 599 599 268 268 268 600 600 600 601 601 601 602 602 602 601 601 601 600 600 600 601 601 601 602 602 602 603 603 603 604 604 604 603 603 603 602 602 602 603 603 603 604 604 604 260 260 260 605 605 605 260 260 260 604 604 604 260 260 260 605 605 605 259 259 259 606 606 606 259 259 259 605 605 605 259 259 259 606 606 606 257 257 257 607 607 607 257 257 257 606 606 606 257 257 257 607 607 607 254 254 254 608 608 608 254 254 254 607 607 607 254 254 254 608 608 608 247 247 247 609 609 609 247 247 247 608 608 608 247 247 247 609 609 609 610 610 610 611 611 611 610 610 610 609 609 609 610 610 610 611 611 611 612 612 612 613 613 613 612 612 612 611 611 611 612 612 612 613 613 613 245 245 245 614 614 614 245 245 245 613 613 613 245 245 245 614 614 614 236 236 236 615 615 615 236 236 236 614 614 614 236 236 236 615 615 615 241 241 241 616 616 616 241 241 241 615 615 615 241 241 241 616 616 616 240 240 240 617 617 617 240 240 240 616 616 616 240 240 240 617 617 617 235 235 235 618 618 618 235 235 235 617 617 617 235 235 235 618 618 618 619 619 619 620 620 620 619 619 619 618 618 618 619 619 619 620 620 620 621 621 621 622 622 622 621 621 621 620 620 620 621 621 621 622 622 622 232 232 232 623 623 623 232 232 232 622 622 622 232 232 232 623 623 623 231 231 231 624 624 624 231 231 231 623 623 623 231 231 231 624 624 624 223 223 223 625 625 625 223 223 223 624 624 624 223 223 223 625 625 625 221 221 221 626 626 626 221 221 221 625 625 625 221 221 221 626 626 626 627 627 627 628 628 628 627 627 627 626 626 626 627 627 627 628 628 628 629 629 629 630 630 630 629 629 629 628 628 628 629 629 629 630 630 630 230 230 230 631 631 631 230 230 230 630 630 630 230 230 230 631 631 631 228 228 228 632 632 632 228 228 228 631 631 631 228 228 228 632 632 632 227 227 227 633 633 633 227 227 227 632 632 632 227 227 227 633 633 633 213 213 213 565 565 565 213 213 213 633 633 633 213 213 213 565 565 565 211 211 211 211 211 211 565 565 565 567 567 567 634 634 634 635 635 635 636 636 636 637 637 637 638 638 638 604 604 604 581 581 581 580 580 580 639 639 639 640 640 640 422 422 422 572 572 572 422 422 422 641 641 641 572 572 572 572 572 572 641 641 641 573 573 573 573 573 573 641 641 641 574 574 574 639 639 639 642 642 642 643 643 643 580 580 580 412 412 412 639 639 639 642 642 642 639 639 639 412 412 412 639 639 639 643 643 643 644 644 644 644 644 644 645 645 645 640 640 640 640 640 640 645 645 645 422 422 422 641 641 641 425 425 425 574 574 574 574 574 574 425 425 425 646 646 646 426 426 426 646 646 646 425 425 425 428 428 428 646 646 646 426 426 426 646 646 646 428 428 428 579 579 579 579 579 579 428 428 428 580 580 580 412 412 412 580 580 580 428 428 428 647 647 647 588 588 588 587 587 587 648 648 648 589 589 589 588 588 588 377 377 377 649 649 649 650 650 650 651 651 651 652 652 652 648 648 648 648 648 648 652 652 652 589 589 589 652 652 652 653 653 653 589 589 589 589 589 589 653 653 653 590 590 590 654 654 654 590 590 590 653 653 653 590 590 590 654 654 654 591 591 591 591 591 591 654 654 654 655 655 655 650 650 650 651 651 651 648 648 648 651 651 651 650 650 650 649 649 649 597 597 597 656 656 656 650 650 650 377 377 377 650 650 650 656 656 656 654 654 654 657 657 657 655 655 655 657 657 657 658 658 658 655 655 655 655 655 655 658 658 658 596 596 596 656 656 656 596 596 596 658 658 658 596 596 596 656 656 656 597 597 597 637 637 637 599 599 599 650 650 650 598 598 598 650 650 650 599 599 599 650 650 650 598 598 598 597 597 597 607 607 607 659 659 659 660 660 660 606 606 606 659 659 659 607 607 607 659 659 659 606 606 606 661 661 661 605 605 605 661 661 661 606 606 606 604 604 604 661 661 661 605 605 605 661 661 661 604 604 604 638 638 638 662 662 662 663 663 663 335 335 335 663 663 663 662 662 662 613 613 613 664 664 664 665 665 665 666 666 666 666 666 666 665 665 665 344 344 344 350 350 350 660 660 660 348 348 348 614 614 614 667 667 667 666 666 666 664 664 664 666 666 666 667 667 667 667 667 667 613 613 613 662 662 662 613 613 613 667 667 667 614 614 614 608 608 608 607 607 607 668 668 668 346 346 346 666 666 666 344 344 344 666 666 666 346 346 346 660 660 660 660 660 660 346 346 346 348 348 348 668 668 668 669 669 669 608 608 608 608 608 608 669 669 669 663 663 663 335 335 335 663 663 663 669 669 669 668 668 668 660 660 660 350 350 350 660 660 660 668 668 668 607 607 607 670 670 670 617 617 617 671 671 671 616 616 616 671 671 671 617 617 617 615 615 615 671 671 671 616 616 616 671 671 671 615 615 615 672 672 672 614 614 614 672 672 672 615 615 615 666 666 666 672 672 672 614 614 614 673 673 673 617 617 617 670 670 670 617 617 617 673 673 673 674 674 674 624 624 624 675 675 675 676 676 676 623 623 623 675 675 675 624 624 624 675 675 675 623 623 623 677 677 677 622 622 622 677 677 677 623 623 623 674 674 674 677 677 677 622 622 622 677 677 677 674 674 674 673 673 673 678 678 678 679 679 679 676 676 676 680 680 680 626 626 626 681 681 681 469 469 469 452 452 452 682 682 682 682 682 682 452 452 452 676 676 676 678 678 678 676 676 676 452 452 452 683 683 683 676 676 676 679 679 679 676 676 676 683 683 683 624 624 624 683 683 683 684 684 684 624 624 624 624 624 624 684 684 684 625 625 625 625 625 625 684 684 684 626 626 626 681 681 681 626 626 626 684 684 684 681 681 681 685 685 685 680 680 680 686 686 686 680 680 680 685 685 685 680 680 680 686 686 686 631 631 631 631 631 631 686 686 686 632 632 632 632 632 632 686 686 686 687 687 687 687 687 687 467 467 467 682 682 682 682 682 682 467 467 467 469 469 469 632 632 632 682 682 682 688 688 688 682 682 682 632 632 632 687 687 687 632 632 632 688 688 688 633 633 633 441 441 441 633 633 633 688 688 688 633 633 633 441 441 441 689 689 689 676 676 676 690 690 690 691 691 691 692 692 692 676 676 676 691 691 691 676 676 676 692 692 692 682 682 682 682 682 682 692 692 692 693 693 693 676 676 676 694 694 694 690 690 690 695 695 695 696 696 696 697 697 697 697 697 697 696 696 696 666 666 666 694 694 694 698 698 698 690 690 690 690 690 690 698 698 698 695 695 695 699 699 699 695 695 695 698 698 698 695 695 695 699 699 699 696 696 696 660 660 660 700 700 700 701 701 701 702 702 702 660 660 660 701 701 701 660 660 660 702 702 702 666 666 666 666 666 666 702 702 702 697 697 697 700 700 700 703 703 703 99 99 99 704 704 704 99 99 99 703 703 703 99 99 99 704 704 704 635 635 635 368 368 368 635 635 635 704 704 704 635 635 635 368 368 368 636 636 636 660 660 660 705 705 705 700 700 700 703 703 703 700 700 700 705 705 705 706 706 706 707 707 707 113 113 113 113 113 113 708 708 708 706 706 706 706 706 706 708 708 708 636 636 636 634 634 634 636 636 636 708 708 708 706 706 706 709 709 709 707 707 707 709 709 709 400 400 400 707 707 707 707 707 707 400 400 400 119 119 119 710 710 710 119 119 119 400 400 400 119 119 119 710 710 710 711 711 711 711 711 711 712 712 712 713 713 713 712 712 712 711 711 711 710 710 710 714 714 714 715 715 715 713 713 713 713 713 713 715 715 715 711 711 711 716 716 716 133 133 133 640 640 640 714 714 714 640 640 640 133 133 133 640 640 640 717 717 717 716 716 716 717 717 717 718 718 718 716 716 716 716 716 716 718 718 718 719 719 719 720 720 720 719 719 719 718 718 718 721 721 721 719 719 719 720 720 720 719 719 719 721 721 721 693 693 693 693 693 693 721 721 721 682 682 682 441 441 441 722 722 722 689 689 689 689 689 689 722 722 722 723 723 723 722 722 722 724 724 724 723 723 723 640 640 640 723 723 723 724 724 724 723 723 723 640 640 640 571 571 571 572 572 572 571 571 571 640 640 640 725 725 725 648 648 648 588 588 588 581 581 581 639 639 639 582 582 582 725 725 725 647 647 647 582 582 582 647 647 647 725 725 725 588 588 588 725 725 725 582 582 582 639 639 639 638 638 638 637 637 637 650 650 650 636 636 636 650 650 650 706 706 706 648 648 648 706 706 706 650 650 650 713 713 713 640 640 640 714 714 714 639 639 639 640 640 640 713 713 713 640 640 640 639 639 639 644 644 644 726 726 726 727 727 727 728 728 728 729 729 729 728 728 728 727 727 727 728 728 728 729 729 729 730 730 730 731 731 731 730 730 730 729 729 729 730 730 730 731 731 731 732 732 732 733 733 733 732 732 732 731 731 731 732 732 732 733 733 733 734 734 734 735 735 735 734 734 734 733 733 733 734 734 734 735 735 735 736 736 736 525 525 525 736 736 736 735 735 735 737 737 737 736 736 736 525 525 525 736 736 736 737 737 737 738 738 738 739 739 739 740 740 740 741 741 741 742 742 742 741 741 741 740 740 740 741 741 741 742 742 742 743 743 743 744 744 744 743 743 743 742 742 742 743 743 743 744 744 744 745 745 745 746 746 746 745 745 745 744 744 744 745 745 745 746 746 746 747 747 747 748 748 748 747 747 747 746 746 746 747 747 747 748 748 748 749 749 749 501 501 501 749 749 749 748 748 748 750 750 750 749 749 749 501 501 501 749 749 749 750 750 750 726 726 726 726 726 726 750 750 750 727 727 727 751 751 751 738 738 738 737 737 737 738 738 738 751 751 751 41 41 41 752 752 752 41 41 41 751 751 751 41 41 41 752 752 752 753 753 753 754 754 754 753 753 753 752 752 752 753 753 753 754 754 754 755 755 755 756 756 756 755 755 755 754 754 754 755 755 755 756 756 756 757 757 757 758 758 758 757 757 757 756 756 756 757 757 757 758 758 758 759 759 759 760 760 760 759 759 759 758 758 758 759 759 759 760 760 760 739 739 739 739 739 739 760 760 760 740 740 740 277 277 277 271 271 271 274 274 274 274 274 274 391 391 391 277 277 277</p>
        </triangles>
      </mesh>
    </geometry>
  </library_geometries>
  <library_materials>
    <material id="3be0776f5dec46f8bcb0707e9790f4b4" name="defaultmaterial">
      <instance_effect url="#e24d0cebdc5443fcb1c5edad3a1454ee"/>
    </material>
    <material id="8641ab26d53e442bad481178338eb7f5" name="defaultmaterial">
      <instance_effect url="#dfb7d45298fd4c12b6c21c6d02f1b770"/>
    </material>
    <material id="3069f148079146cfbce8014c5a50e5ac" name="defaultmaterial">
      <instance_effect url="#db3e6369eb3f41cba63d0b091c3f25a2"/>
    </material>
    <material id="6131640e924745859c21d8f03016d234" name="defaultmaterial">
      <instance_effect url="#a3d77efbe4a54f2997c2eb8ac46922e3"/>
    </material>
    <material id="42e25d59916e4182bc025a3862eb3df3" name="defaultmaterial">
      <instance_effect url="#54c52f33c1dc485e8fea2e4b19c27124"/>
    </material>
  </library_materials>
  <library_visual_scenes>
    <visual_scene id="scene">
      <node id="node0" name="node0">
        <instance_geometry url="#9e620ed340804da68a3d24079fb8a005">
          <bind_material>
            <technique_common>
              <instance_material symbol="material0" target="#3be0776f5dec46f8bcb0707e9790f4b4"/>
            </technique_common>
          </bind_material>
        </instance_geometry>
      </node>
      <node id="node1" name="node1">
        <instance_geometry url="#6b073f39244d40fb8d61d7ed66c6cc50">
          <bind_material>
            <technique_common>
              <instance_material symbol="material1" target="#8641ab26d53e442bad481178338eb7f5"/>
            </technique_common>
          </bind_material>
        </instance_geometry>
      </node>
      <node id="node2" name="node2">
        <instance_geometry url="#86f0c90af8924fb7949a55619d5699c3">
          <bind_material>
            <technique_common>
              <instance_material symbol="material2" target="#3069f148079146cfbce8014c5a50e5ac"/>
            </technique_common>
          </bind_material>
        </instance_geometry>
      </node>
      <node id="node3" name="node3">
        <instance_geometry url="#d9d5ad09d5ee43939e36d72564872058">
          <bind_material>
            <technique_common>
              <instance_material symbol="material3" target="#6131640e924745859c21d8f03016d234"/>
            </technique_common>
          </bind_material>
        </instance_geometry>
      </node>
      <node id="node4" name="node4">
        <instance_geometry url="#42675d8a89af42108b1c9687d0ab0718">
          <bind_material>
            <technique_common>
              <instance_material symbol="material4" target="#42e25d59916e4182bc025a3862eb3df3"/>
            </technique_common>
          </bind_material>
        </instance_geometry>
      </node>
    </visual_scene>
  </library_visual_scenes>
  <scene>
    <instance_visual_scene url="#scene"/>
  </scene>
</COLLADA>
