<COLLADA xmlns="http://www.collada.org/2005/11/COLLADASchema" version="1.4.1">
  <asset>
    <created>2025-07-31T10:38:20.262186</created>
    <modified>2025-07-31T10:38:20.262196</modified>
    <up_axis>Y_UP</up_axis>
  </asset>
  <library_effects>
    <effect id="393b07c67cd14fc6a29b1e5b21e85d34" name="393b07c67cd14fc6a29b1e5b21e85d34">
      <profile_COMMON>
        <technique sid="common">
          <phong>
            <emission>
              <color>0.0 0.0 0.0 1.0</color>
            </emission>
            <ambient>
              <color>0.0 0.0 0.0 1.0</color>
            </ambient>
            <diffuse>
              <color>0.29411764705882354 0.29411764705882354 0.29411764705882354 1.0</color>
            </diffuse>
            <specular>
              <color>0.0 0.0 0.0 1.0</color>
            </specular>
            <shininess>
              <float>0.0</float>
            </shininess>
            <reflective>
              <color>0.0 0.0 0.0 1.0</color>
            </reflective>
            <reflectivity>
              <float>0.0</float>
            </reflectivity>
            <transparent>
              <color>0.0 0.0 0.0 1.0</color>
            </transparent>
            <transparency>
              <float>1.0</float>
            </transparency>
          </phong>
        </technique>
        <extra>
          <technique profile="GOOGLEEARTH">
            <double_sided>0</double_sided>
          </technique>
        </extra>
      </profile_COMMON>
    </effect>
    <effect id="14f11446567e43308ee288e0d74c1e86" name="14f11446567e43308ee288e0d74c1e86">
      <profile_COMMON>
        <technique sid="common">
          <phong>
            <emission>
              <color>0.0 0.0 0.0 1.0</color>
            </emission>
            <ambient>
              <color>0.0 0.0 0.0 1.0</color>
            </ambient>
            <diffuse>
              <color>0.29411764705882354 0.29411764705882354 0.29411764705882354 1.0</color>
            </diffuse>
            <specular>
              <color>0.0 0.0 0.0 1.0</color>
            </specular>
            <shininess>
              <float>0.0</float>
            </shininess>
            <reflective>
              <color>0.0 0.0 0.0 1.0</color>
            </reflective>
            <reflectivity>
              <float>0.0</float>
            </reflectivity>
            <transparent>
              <color>0.0 0.0 0.0 1.0</color>
            </transparent>
            <transparency>
              <float>1.0</float>
            </transparency>
          </phong>
        </technique>
        <extra>
          <technique profile="GOOGLEEARTH">
            <double_sided>0</double_sided>
          </technique>
        </extra>
      </profile_COMMON>
    </effect>
    <effect id="542ca8550c804e0c90294fc070cf278e" name="542ca8550c804e0c90294fc070cf278e">
      <profile_COMMON>
        <technique sid="common">
          <phong>
            <emission>
              <color>0.0 0.0 0.0 1.0</color>
            </emission>
            <ambient>
              <color>0.0 0.0 0.0 1.0</color>
            </ambient>
            <diffuse>
              <color>0.29411764705882354 0.29411764705882354 0.29411764705882354 1.0</color>
            </diffuse>
            <specular>
              <color>0.0 0.0 0.0 1.0</color>
            </specular>
            <shininess>
              <float>0.0</float>
            </shininess>
            <reflective>
              <color>0.0 0.0 0.0 1.0</color>
            </reflective>
            <reflectivity>
              <float>0.0</float>
            </reflectivity>
            <transparent>
              <color>0.0 0.0 0.0 1.0</color>
            </transparent>
            <transparency>
              <float>1.0</float>
            </transparency>
          </phong>
        </technique>
        <extra>
          <technique profile="GOOGLEEARTH">
            <double_sided>0</double_sided>
          </technique>
        </extra>
      </profile_COMMON>
    </effect>
    <effect id="d435c88bdc42493c921da9ed4db4f05d" name="d435c88bdc42493c921da9ed4db4f05d">
      <profile_COMMON>
        <technique sid="common">
          <phong>
            <emission>
              <color>0.0 0.0 0.0 1.0</color>
            </emission>
            <ambient>
              <color>0.0 0.0 0.0 1.0</color>
            </ambient>
            <diffuse>
              <color>0.29411764705882354 0.29411764705882354 0.29411764705882354 1.0</color>
            </diffuse>
            <specular>
              <color>0.0 0.0 0.0 1.0</color>
            </specular>
            <shininess>
              <float>0.0</float>
            </shininess>
            <reflective>
              <color>0.0 0.0 0.0 1.0</color>
            </reflective>
            <reflectivity>
              <float>0.0</float>
            </reflectivity>
            <transparent>
              <color>0.0 0.0 0.0 1.0</color>
            </transparent>
            <transparency>
              <float>1.0</float>
            </transparency>
          </phong>
        </technique>
        <extra>
          <technique profile="GOOGLEEARTH">
            <double_sided>0</double_sided>
          </technique>
        </extra>
      </profile_COMMON>
    </effect>
    <effect id="90f6e470c02e41e68c3ec918acf26796" name="90f6e470c02e41e68c3ec918acf26796">
      <profile_COMMON>
        <technique sid="common">
          <phong>
            <emission>
              <color>0.0 0.0 0.0 1.0</color>
            </emission>
            <ambient>
              <color>0.0 0.0 0.0 1.0</color>
            </ambient>
            <diffuse>
              <color>0.29411764705882354 0.29411764705882354 0.29411764705882354 1.0</color>
            </diffuse>
            <specular>
              <color>0.0 0.0 0.0 1.0</color>
            </specular>
            <shininess>
              <float>0.0</float>
            </shininess>
            <reflective>
              <color>0.0 0.0 0.0 1.0</color>
            </reflective>
            <reflectivity>
              <float>0.0</float>
            </reflectivity>
            <transparent>
              <color>0.0 0.0 0.0 1.0</color>
            </transparent>
            <transparency>
              <float>1.0</float>
            </transparency>
          </phong>
        </technique>
        <extra>
          <technique profile="GOOGLEEARTH">
            <double_sided>0</double_sided>
          </technique>
        </extra>
      </profile_COMMON>
    </effect>
  </library_effects>
  <library_geometries>
    <geometry id="7d8d5e443a3f4e919a0d8ad5a8ddb864" name="d86e0ca6922843968669be73c26ee716">
      <mesh>
        <source id="verts-array">
          <float_array count="2091" id="verts-array-array">0.01 0.07180297 -0.02098723 0.01 0.07130297 -0.02098723 0.01 0.07130297 -0.01873723 0.01 0.07330297 -0.02248723 0.01 0.07380297 -0.02248723 0.01 0.07380297 -0.02473723 0.01 0.07380297 -0.01873723 0.01 0.07380297 -0.02098723 0.01 0.07330297 -0.02098723 0.01 0.07130297 -0.02473723 0.01 0.07130297 -0.02248723 0.01 0.07180297 -0.02248723 0.0135 0.05890297 -0.02248723 0.0135 0.05890297 -0.02473723 0.0135 0.05630297 -0.02473723 0.0135 0.05630297 -0.01873723 0.0135 0.05890297 -0.01873723 0.0135 0.05890297 -0.02098723 0.0135 0.05940297 -0.02098723 0.0135 0.05940297 -0.02248723 0.0135 0.06980297 -0.02248723 0.0135 0.06980297 -0.02473723 0.0135 0.06944872 -0.02473723 0.0135 0.06330297 -0.02248723 0.0135 0.06330297 -0.02098723 0.0135 0.06380297 -0.02248723 0.0135 0.06380297 -0.02098723 0.0135 0.06380297 -0.01873723 0.0135 0.06415722 -0.01873723 0.0135 0.06588373 -0.02265647 0.0135 0.06380297 -0.02473723 0.0135 0.07030297 -0.02098723 0.0135 0.07030297 -0.02248723 0.0135 0.06980297 -0.02098723 0.0135 0.06745297 -0.02286306 0.0135 0.06865655 -0.02528184 0.0135 0.06697121 -0.02301508 0.0135 0.06775732 -0.02562171 0.0135 0.06680297 -0.02573723 0.0135 0.06630974 -0.02292799 0.0135 0.06584862 -0.02562171 0.0135 0.06494939 -0.02528184 0.0135 0.06415722 -0.02473723 0.0135 0.06799373 -0.02223046 0.0135 0.06808082 -0.02156899 0.0135 0.06944872 -0.01873723 0.0135 0.06980297 -0.01873723 0.0135 0.06578044 -0.02095261 0.0135 0.06552512 -0.02156899 0.0135 0.0678255 -0.02095261 0.0135 0.06865655 -0.01819262 0.0135 0.0672962 -0.02054647 0.0135 0.06775732 -0.01785275 0.0135 0.06680297 -0.01773723 0.0135 0.06663474 -0.02045938 0.0135 0.06584862 -0.01785275 0.0135 0.06494939 -0.01819262 0.0135 0.06615297 -0.0206114 0.0135 0.07730297 -0.02473723 0.0135 0.07470297 -0.02473723 0.0135 0.07730297 -0.01873723 0.0135 0.07470297 -0.02248723 0.0135 0.07470297 -0.01873723 0.0135 0.07470297 -0.02098723 0.0135 0.07420297 -0.02098723 0.0135 0.07420297 -0.02248723 0.01 0.06180297 -0.02248723 0.01 0.06230297 -0.02248723 0.01 0.06230297 -0.02473723 0.01 0.06230297 -0.01873723 0.01 0.06230297 -0.02098723 0.01 0.05980297 -0.01873723 0.01 0.06180297 -0.02098723 0.01 0.05980297 -0.02473723 0.01 0.05980297 -0.02248723 0.01 0.06030297 -0.02248723 0.01 0.05980297 -0.02098723 0.01 0.06030297 -0.02098723 0.0155 0.03480297 -0.01973723 0.0155 0.03480297 -0.02473723 0.0155 0.03328897 -0.01959266 0.0155 0.03281917 -0.02458498 0.0155 0.03182967 -0.01916417 0.0155 0.03088187 -0.0241318 0.0155 0.02903647 -0.02338829 0.0155 0.03047787 -0.01846726 0.0155 0.02369487 -0.01471365 0.0155 0.02928237 -0.0175271 0.0155 0.02828637 -0.01637769 0.0155 0.05107187 -0.01685833 0.0155 0.05240237 -0.01766521 0.0155 0.05630297 -0.02473723 0.0155 0.02579077 -0.02110638 0.0155 0.02732607 -0.02237188 0.0155 0.02681207 -0.01211789 0.0155 0.02702847 -0.0136233 0.0155 0.02752587 -0.01506055 0.0155 0.04988267 -0.01585482 0.0155 0.03912807 -0.01846726 0.0155 0.04886357 -0.01467898 0.0155 0.04032357 -0.0175271 0.0155 0.04789677 -0.01315369 0.0155 0.02446667 -0.01962142 0.0155 0.02338457 -0.01795179 0.0155 0.02254347 -0.01602174 0.0155 0.04625917 -0.01273952 0.0155 0.04131957 -0.01637769 0.0155 0.04208007 -0.01506055 0.0155 0.05384187 -0.01825592 0.0155 0.05630297 -0.01873723 0.0155 0.02985767 -0.005448828 0.0155 0.02866257 -0.002013828 0.0155 0.03113717 -0.004626528 0.0155 0.03027597 -0.001165728 0.0155 0.03254907 -0.004061328 0.0155 0.03200317 -0.000583228 0.0155 0.03404257 -0.003773428 0.0155 0.03380067 -0.000281028 0.0155 0.03556337 -0.003773428 0.0155 0.03562337 -0.000266528 0.0155 0.03705687 -0.004061328 0.0155 0.04736182 -0.01285168 0.0155 0.03777627 -0.01916417 0.0155 0.03631697 -0.01959266 0.0155 0.04257747 -0.0136233 0.0155 0.04279387 -0.01211789 0.0155 0.04627367 -0.01091683 0.0155 0.04272157 -0.01059873 0.0155 0.04599997 -0.009114728 0.0155 0.04236297 -0.009120728 0.0155 0.02336407 -0.01292116 0.0155 0.02332067 -0.01109893 0.0155 0.02688437 -0.01059873 0.0155 0.02356577 -0.009292728 0.0155 0.02724297 -0.009120728 0.0155 0.02409317 -0.007547928 0.0155 0.02787477 -0.007737228 0.0155 0.02488957 -0.005908428 0.0155 0.02875697 -0.006498328 0.0155 0.02593507 -0.004415328 0.0155 0.02720337 -0.003106128 0.0155 0.02283214 -0.01512883 0.0155 0.03742547 -0.000540228 0.0155 0.03916167 -0.001095228 0.0155 0.03846877 -0.004626528 0.0155 0.04078837 -0.001917628 0.0155 0.03974827 -0.005448828 0.0155 0.04226467 -0.002986628 0.0155 0.04084897 -0.006498328 0.0155 0.04355357 -0.004275528 0.0155 0.04173117 -0.007737228 0.0155 0.04462257 -0.005751828 0.0155 0.04544497 -0.007378528 0.0195 0.0664018 -0.01869004 0.0195 0.06760531 -0.01874286 0.0195 0.06865655 -0.01819262 0.0195 0.06835297 -0.01905255 0.0195 0.06944872 -0.01873723 0.0195 0.068995 -0.0195452 0.0195 0.07430297 -0.01873723 0.0195 0.06525297 -0.01905255 0.0195 0.06415722 -0.01873723 0.0195 0.06461094 -0.0195452 0.0195 0.06948765 -0.02018723 0.0195 0.06979734 -0.02093489 0.0195 0.07430297 -0.02473723 0.0195 0.06990297 -0.02173723 0.0195 0.05690694 -0.01873723 0.0195 0.05535567 -0.01861617 0.0195 0.03480297 -0.02473723 0.0195 0.06411829 -0.02328723 0.0195 0.06461094 -0.02392926 0.0195 0.06415722 -0.02473723 0.0195 0.06525297 -0.02442191 0.0195 0.06494939 -0.02528184 0.0195 0.06600063 -0.0247316 0.0195 0.06584862 -0.02562171 0.0195 0.06680297 -0.02483723 0.0195 0.06680297 -0.02573723 0.0195 0.06760531 -0.0247316 0.0195 0.06775732 -0.02562171 0.0195 0.06835297 -0.02442191 0.0195 0.06865655 -0.02528184 0.0195 0.068995 -0.02392926 0.0195 0.06944872 -0.02473723 0.0195 0.06948765 -0.02328723 0.0195 0.06979734 -0.02253957 0.0195 0.0638086 -0.02253957 0.0195 0.06370297 -0.02173723 0.0195 0.0638086 -0.02093489 0.0195 0.06411829 -0.02018723 0.0195 0.03281917 -0.02458498 0.0195 0.02579077 -0.02110638 0.0195 0.03088187 -0.0241318 0.0195 0.02338457 -0.01795179 0.0195 0.02446667 -0.01962142 0.0195 0.02903647 -0.02338829 0.0195 0.02732607 -0.02237188 0.0195 0.02256997 -0.01613659 0.0195 0.02254772 -0.01555677 0.0195 0.02369487 -0.01471365 0.0195 0.02303327 -0.0149197 0.0195 0.03099899 -0.01569708 0.0195 0.02276327 -0.01514474 0.0195 0.03080297 -0.01173723 0.0195 0.02938907 -0.01305037 0.0195 0.02986322 -0.01324676 0.0195 0.03017562 -0.01365392 0.0195 0.03004622 -0.01463688 0.0195 0.03024262 -0.01416274 0.0195 0.02847312 -0.01463688 0.0195 0.02827672 -0.01416274 0.0195 0.02336407 -0.01292116 0.0195 0.02829377 -0.01377451 0.0195 0.02332067 -0.01109893 0.0195 0.02847312 -0.01342977 0.0195 0.02875967 -0.0131673 0.0195 0.02951847 -0.01499926 0.0195 0.02875967 -0.01489936 0.0195 0.02875967 -0.008575128 0.0195 0.02957437 -0.008516653 0.0195 0.03084312 -0.007465628 0.0195 0.03004622 -0.008837578 0.0195 0.02847312 -0.008837578 0.0195 0.02409317 -0.007547928 0.0195 0.03017562 -0.009820528 0.0195 0.02986322 -0.01022768 0.0195 0.03024262 -0.009311728 0.0195 0.02938907 -0.01042408 0.0195 0.02888027 -0.01035708 0.0195 0.02847312 -0.01004468 0.0195 0.02829377 -0.009699928 0.0195 0.02356577 -0.009292728 0.0195 0.02827672 -0.009311728 0.0195 0.02488957 -0.005908428 0.0195 0.02593507 -0.004415328 0.0195 0.02720337 -0.003106128 0.0195 0.03027597 -0.001165728 0.0195 0.02866257 -0.002013828 0.0195 0.03200317 -0.000583228 0.0195 0.03380067 -0.000281028 0.0195 0.03742547 -0.000540228 0.0195 0.03562337 -0.000266528 0.0195 0.03916167 -0.001095228 0.0195 0.04462257 -0.005751828 0.0195 0.03907457 -0.007465628 0.0195 0.04544497 -0.007378528 0.0195 0.04355357 -0.004275528 0.0195 0.04226467 -0.002986628 0.0195 0.04078837 -0.001917628 0.0195 0.03955972 -0.008837578 0.0195 0.03996687 -0.008525178 0.0195 0.04047567 -0.008458178 0.0195 0.04094982 -0.008654578 0.0195 0.04021687 -0.01042408 0.0195 0.03974272 -0.01022768 0.0195 0.03880297 -0.01173723 0.0195 0.03943032 -0.009820528 0.0195 0.04126222 -0.009061728 0.0195 0.04599997 -0.009114728 0.0195 0.04132922 -0.009570528 0.0195 0.04627367 -0.01091683 0.0195 0.04113282 -0.01004468 0.0195 0.04084627 -0.01030713 0.0195 0.03936332 -0.009311728 0.0195 0.03936332 -0.01416274 0.0195 0.03943032 -0.01365392 0.0195 0.04132922 -0.01390392 0.0195 0.04126222 -0.01441274 0.0195 0.04625917 -0.01273952 0.0195 0.04105337 -0.01474044 0.0195 0.03955972 -0.01463688 0.0195 0.03907457 -0.01538528 0.0195 0.04015657 -0.01499132 0.0195 0.03974272 -0.01324676 0.0195 0.04021687 -0.01305037 0.0195 0.04072567 -0.01311735 0.0195 0.04113282 -0.01342977 0.0195 0.04060507 -0.01499926 0.0195 0.04736182 -0.01285168 0.0195 0.04988267 -0.01585482 0.0195 0.04886357 -0.01467898 0.0195 0.04789677 -0.01315369 0.0195 0.05384187 -0.01825592 0.0195 0.05240237 -0.01766521 0.0195 0.04579957 -0.01845887 0.0195 0.05107187 -0.01685833 0.0195 0.06775732 -0.01785275 0.0195 0.06680297 -0.01773723 0.0195 0.03583827 -0.01560093 0.0195 0.03866667 -0.01277251 0.0195 0.03826707 -0.01373723 0.0195 0.03763137 -0.01456566 0.0195 0.03680297 -0.01520133 0.0195 0.03480297 -0.007737228 0.0195 0.03583827 -0.007873528 0.0195 0.03680297 -0.008273128 0.0195 0.03763137 -0.008908828 0.0195 0.03826707 -0.009737228 0.0195 0.03866667 -0.01070193 0.0195 0.03093927 -0.01070193 0.0195 0.03133887 -0.009737228 0.0195 0.03197457 -0.008908828 0.0195 0.03280297 -0.008273128 0.0195 0.03376767 -0.007873528 0.0195 0.03093927 -0.01277251 0.0195 0.03197457 -0.01456566 0.0195 0.03280297 -0.01520133 0.0195 0.03133887 -0.01373723 0.0195 0.03376767 -0.01560093 0.0195 0.03480297 -0.01573723 0.0195 0.03622285 -0.01684932 0.0195 0.03671967 -0.01636453 0.0195 0.03722847 -0.01629754 0.0195 0.03770262 -0.01649394 0.0195 0.03801502 -0.0169011 0.0195 0.03802355 -0.01759522 0.0195 0.03770262 -0.01806707 0.0195 0.03611612 -0.01740992 0.0195 0.03722847 -0.01826347 0.0195 0.03671967 -0.01819648 0.0195 0.03631252 -0.01788406 0.0195 0.03770262 -0.005407378 0.0195 0.03722847 -0.005210978 0.0195 0.03671967 -0.007109878 0.0195 0.03631252 -0.006797478 0.0195 0.03611612 -0.006323328 0.0195 0.03628755 -0.005650678 0.0195 0.03671967 -0.005277978 0.0195 0.03770262 -0.006980478 0.0195 0.03802355 -0.006508628 0.0195 0.03722847 -0.007176878 0.0195 0.03796507 -0.005693928 0.0195 0.03190332 -0.01649394 0.0195 0.03237747 -0.01629754 0.0195 0.03305012 -0.01646896 0.0195 0.03342282 -0.0169011 0.0195 0.03348982 -0.01740992 0.0195 0.03159092 -0.0169011 0.0195 0.03329342 -0.01788406 0.0195 0.03288627 -0.01819648 0.0195 0.03158239 -0.01759522 0.0195 0.03214039 -0.01816527 0.0195 0.03212747 -0.005277978 0.0195 0.03263627 -0.005210978 0.0195 0.03311042 -0.005407378 0.0195 0.03342282 -0.005814528 0.0195 0.03348982 -0.006323328 0.0195 0.03329342 -0.006797478 0.0195 0.03288627 -0.007109878 0.0195 0.03172032 -0.005590378 0.0195 0.03159092 -0.006573328 0.0195 0.03190332 -0.006980478 0.0195 0.03154097 -0.005935128 0.0195 0.03237747 -0.007176878 0.0155 0.05690694 -0.01873723 0.0155 0.04723957 -0.01282529 0.0195 0.04723957 -0.01282529 0.0155 0.02314272 -0.01487598 0.0165 0.07730297 -0.02473723 0.0165 0.07730297 -0.01873723 0.0155 0.05535567 -0.01861617 0.0195 0.02251802 -0.015789 0.0155 0.02254772 -0.01555677 0.0195 0.02257637 -0.01544242 0.0155 0.02276327 -0.01514474 0.0195 0.04759592 -0.01293398 0.0155 0.04759592 -0.01293398 0.0195 0.06584862 -0.01785275 0.0195 0.06494939 -0.01819262 0.0175 0.06680297 -0.01863723 0.0195 0.06680297 -0.01863723 0.0175 0.06600063 -0.01874286 0.0195 0.06600063 -0.01874286 0.0175 0.06525297 -0.01905255 0.0175 0.06461094 -0.0195452 0.0175 0.06411829 -0.02018723 0.0175 0.0638086 -0.02093489 0.0175 0.06370297 -0.02173723 0.0175 0.0638086 -0.02253957 0.0175 0.06411829 -0.02328723 0.0175 0.06461094 -0.02392926 0.0175 0.06525297 -0.02442191 0.0175 0.06600063 -0.0247316 0.0175 0.06680297 -0.02483723 0.0175 0.06760531 -0.0247316 0.0175 0.06835297 -0.02442191 0.0175 0.068995 -0.02392926 0.0175 0.06948765 -0.02328723 0.0175 0.06979734 -0.02253957 0.0175 0.06990297 -0.02173723 0.0175 0.06979734 -0.02093489 0.0175 0.06948765 -0.02018723 0.0175 0.068995 -0.0195452 0.0175 0.06835297 -0.01905255 0.0175 0.06760531 -0.01874286 0.0175 0.06561221 -0.021244 0.0175 0.06550297 -0.02173723 0.0175 0.06561221 -0.02223046 0.0175 0.06588373 -0.02265647 0.0175 0.06630974 -0.02292799 0.0175 0.06680297 -0.02303723 0.0175 0.0672962 -0.02292799 0.0175 0.06772221 -0.02265647 0.0175 0.06799373 -0.02223046 0.0175 0.06810297 -0.02173723 0.0175 0.06799373 -0.021244 0.0175 0.06772221 -0.02081799 0.0175 0.0672962 -0.02054647 0.0175 0.06680297 -0.02043723 0.0175 0.06630974 -0.02054647 0.0175 0.06588373 -0.02081799 0.0135 0.06680297 -0.02043723 0.0175 0.06663474 -0.02045938 0.0135 0.06630974 -0.02054647 0.0175 0.06601835 -0.02071469 0.0135 0.06588373 -0.02081799 0.0135 0.06561221 -0.021244 0.0135 0.06550297 -0.02173723 0.0135 0.06561221 -0.02223046 0.0135 0.06601835 -0.02275977 0.0135 0.06663474 -0.02301508 0.0135 0.0672962 -0.02292799 0.0135 0.06772221 -0.02265647 0.0135 0.06810297 -0.02173723 0.0135 0.06799373 -0.021244 0.0135 0.06772221 -0.02081799 0.0175 0.03280297 -0.01520133 0.0175 0.03197457 -0.01456566 0.0175 0.03133887 -0.01373723 0.0175 0.03093927 -0.01277251 0.0175 0.03080297 -0.01173723 0.0175 0.03093927 -0.01070193 0.0175 0.03133887 -0.009737228 0.0175 0.03197457 -0.008908828 0.0175 0.03280297 -0.008273128 0.0175 0.03376767 -0.007873528 0.0175 0.03480297 -0.007737228 0.0175 0.03583827 -0.007873528 0.0175 0.03680297 -0.008273128 0.0175 0.03763137 -0.008908828 0.0175 0.03826707 -0.009737228 0.0175 0.03866667 -0.01070193 0.0175 0.03880297 -0.01173723 0.0175 0.03866667 -0.01277251 0.0175 0.03826707 -0.01373723 0.0175 0.03763137 -0.01456566 0.0175 0.03680297 -0.01520133 0.0175 0.03583827 -0.01560093 0.0175 0.03376767 -0.01560093 0.0175 0.03480297 -0.01573723 0.0175 0.03631697 -0.01959266 0.0175 0.03328897 -0.01959266 0.0175 0.03777627 -0.01916417 0.0175 0.03480297 -0.01973723 0.0175 0.03618312 -0.01765992 0.0175 0.03655582 -0.01809205 0.0175 0.03671967 -0.01636453 0.0175 0.03631252 -0.01667695 0.0175 0.03611612 -0.0171511 0.0175 0.03722847 -0.01826347 0.0175 0.03783385 -0.01792379 0.0175 0.03912807 -0.01846726 0.0175 0.03808202 -0.01740992 0.0175 0.03907457 -0.01600887 0.0175 0.03801502 -0.0169011 0.0175 0.03770262 -0.01649394 0.0175 0.03722847 -0.01629754 0.0175 0.04032357 -0.0175271 0.0175 0.04131957 -0.01637769 0.0175 0.04132922 -0.01390392 0.0175 0.04113282 -0.01342977 0.0175 0.04279387 -0.01211789 0.0175 0.03936332 -0.01416274 0.0175 0.03955972 -0.01463688 0.0175 0.04047567 -0.0150163 0.0175 0.04094982 -0.0148199 0.0175 0.04208007 -0.01506055 0.0175 0.04126222 -0.01441274 0.0175 0.03974272 -0.01324676 0.0175 0.04021687 -0.01305037 0.0175 0.03996687 -0.01494931 0.0175 0.03943032 -0.01365392 0.0175 0.04072567 -0.01311735 0.0175 0.04257747 -0.0136233 0.0175 0.04272157 -0.01059873 0.0175 0.04236297 -0.009120728 0.0175 0.04021687 -0.01042408 0.0175 0.04072567 -0.01035708 0.0175 0.04115779 -0.009984379 0.0175 0.04132922 -0.009311728 0.0175 0.03907457 -0.007777378 0.0175 0.04003157 -0.008516653 0.0175 0.03955972 -0.008837578 0.0175 0.03974272 -0.01022768 0.0175 0.03936332 -0.009311728 0.0175 0.03943032 -0.009820528 0.0175 0.04113282 -0.008837578 0.0175 0.04173117 -0.007737228 0.0175 0.04072567 -0.008525178 0.0175 0.03974827 -0.005448828 0.0175 0.04084897 -0.006498328 0.0175 0.03655582 -0.005382403 0.0175 0.03618312 -0.005814528 0.0175 0.03556337 -0.003773428 0.0175 0.03611612 -0.006323328 0.0175 0.03705687 -0.004061328 0.0175 0.03722847 -0.005210978 0.0175 0.03631252 -0.006797478 0.0175 0.03671967 -0.007109878 0.0175 0.03722847 -0.007176878 0.0175 0.03770262 -0.006980478 0.0175 0.03802355 -0.005879228 0.0175 0.03846877 -0.004626528 0.0175 0.03801502 -0.006573328 0.0175 0.03770262 -0.005407378 0.0175 0.03329342 -0.006797478 0.0175 0.03288627 -0.007109878 0.0175 0.03237747 -0.007176878 0.0175 0.03092106 -0.007621503 0.0175 0.03190332 -0.006980478 0.0175 0.03348982 -0.006323328 0.0175 0.03342282 -0.005814528 0.0175 0.03190332 -0.005407378 0.0175 0.03159092 -0.005814528 0.0175 0.03113717 -0.004626528 0.0175 0.03158239 -0.006508628 0.0175 0.03305012 -0.005382403 0.0175 0.03404257 -0.003773428 0.0175 0.03254907 -0.004061328 0.0175 0.03237747 -0.005210978 0.0175 0.02787477 -0.007737228 0.0175 0.02875697 -0.006498328 0.0175 0.02985767 -0.005448828 0.0175 0.02938907 -0.01042408 0.0175 0.02986322 -0.01022768 0.0175 0.03017562 -0.009820528 0.0175 0.03024262 -0.009311728 0.0175 0.02871642 -0.01025266 0.0175 0.02681207 -0.01211789 0.0175 0.03004622 -0.008837578 0.0175 0.02688437 -0.01059873 0.0175 0.02834372 -0.009820528 0.0175 0.02888027 -0.008525178 0.0175 0.02847312 -0.008837578 0.0175 0.02724297 -0.009120728 0.0175 0.02827672 -0.009311728 0.0175 0.02957437 -0.008516653 0.0175 0.02702847 -0.0136233 0.0175 0.02827672 -0.01390392 0.0175 0.02752587 -0.01506055 0.0175 0.03024262 -0.01416274 0.0175 0.03047787 -0.01846726 0.0175 0.03004622 -0.01463688 0.0175 0.02828637 -0.01637769 0.0175 0.02865612 -0.0148199 0.0175 0.02913027 -0.0150163 0.0175 0.02834372 -0.01441274 0.0175 0.02963907 -0.01494931 0.0175 0.02986322 -0.01324676 0.0175 0.03017562 -0.01365392 0.0175 0.02847312 -0.01342977 0.0175 0.02888027 -0.01311735 0.0175 0.02938907 -0.01305037 0.0175 0.02928237 -0.0175271 0.0175 0.03348982 -0.0171511 0.0175 0.03329342 -0.01667695 0.0175 0.03311042 -0.01806707 0.0175 0.03342282 -0.01765992 0.0175 0.03263627 -0.01826347 0.0175 0.03182967 -0.01916417 0.0175 0.03212747 -0.01819648 0.0175 0.03237747 -0.01629754 0.0175 0.03190332 -0.01649394 0.0175 0.03115487 -0.01600887 0.0175 0.03158239 -0.01696581 0.0175 0.03169535 -0.01782377 0.0175 0.03288627 -0.01636453 0.0195 0.03747847 -0.007109878 0.0175 0.03618312 -0.006573328 0.0195 0.03618312 -0.006573328 0.0195 0.03609907 -0.006193928 0.0175 0.03609907 -0.006193928 0.0195 0.03618312 -0.005814528 0.0175 0.03671967 -0.005277978 0.0195 0.03709907 -0.005193928 0.0175 0.03709907 -0.005193928 0.0195 0.03747847 -0.005277978 0.0175 0.03747847 -0.005277978 0.0175 0.03801502 -0.005814528 0.0195 0.03801502 -0.005814528 0.0195 0.03801502 -0.006573328 0.0175 0.03747847 -0.007109878 0.0195 0.04072567 -0.01035708 0.0175 0.03996687 -0.01035708 0.0195 0.03996687 -0.01035708 0.0195 0.03934627 -0.009441128 0.0195 0.03943032 -0.009061728 0.0175 0.03996687 -0.008525178 0.0175 0.04034627 -0.008441128 0.0195 0.04072567 -0.008525178 0.0175 0.04126222 -0.009061728 0.0195 0.04134627 -0.009441128 0.0175 0.04134627 -0.009441128 0.0195 0.04126222 -0.009820528 0.0175 0.04126222 -0.009820528 0.0195 0.04021687 -0.0150163 0.0195 0.03974272 -0.0148199 0.0175 0.03943032 -0.01441274 0.0195 0.03943032 -0.01441274 0.0195 0.03934627 -0.01403333 0.0175 0.03934627 -0.01403333 0.0195 0.04047567 -0.01305037 0.0195 0.04094982 -0.01324676 0.0175 0.04126222 -0.01365392 0.0195 0.04126222 -0.01365392 0.0195 0.04134627 -0.01403333 0.0175 0.04134627 -0.01403333 0.0195 0.04072567 -0.01494931 0.0175 0.03696967 -0.01826347 0.0175 0.03649552 -0.01806707 0.0195 0.03618312 -0.01765992 0.0195 0.03609907 -0.01728051 0.0175 0.03609907 -0.01728051 0.0195 0.03618312 -0.0169011 0.0175 0.03618312 -0.0169011 0.0175 0.03649552 -0.01649394 0.0175 0.03696967 -0.01629754 0.0175 0.03801502 -0.01765992 0.0195 0.03801502 -0.01765992 0.0175 0.03747847 -0.01819648 0.0195 0.03263627 -0.01826347 0.0175 0.03237747 -0.01826347 0.0195 0.03212747 -0.01819648 0.0175 0.03190332 -0.01806707 0.0195 0.03159092 -0.01765992 0.0175 0.03159092 -0.01765992 0.0195 0.03150687 -0.01728051 0.0175 0.03150687 -0.01728051 0.0175 0.03159092 -0.0169011 0.0195 0.03212747 -0.01636453 0.0195 0.03263627 -0.01629754 0.0195 0.03311042 -0.01649394 0.0175 0.03342282 -0.0169011 0.0195 0.03350687 -0.01728051 0.0175 0.03350687 -0.01728051 0.0195 0.03342282 -0.01765992 0.0195 0.03311042 -0.01806707 0.0175 0.03288627 -0.01819648 0.0175 0.02888027 -0.01494931 0.0195 0.02913027 -0.0150163 0.0175 0.02938907 -0.0150163 0.0195 0.02865612 -0.0148199 0.0195 0.02834372 -0.01441274 0.0195 0.02825967 -0.01403333 0.0175 0.02825967 -0.01403333 0.0195 0.02834372 -0.01365392 0.0175 0.02834372 -0.01365392 0.0175 0.02865612 -0.01324676 0.0195 0.02888027 -0.01311735 0.0175 0.02913027 -0.01305037 0.0175 0.02963907 -0.01311735 0.0195 0.03025967 -0.01403333 0.0175 0.03025967 -0.01403333 0.0195 0.03017562 -0.01441274 0.0175 0.03017562 -0.01441274 0.0175 0.02986322 -0.0148199 0.0195 0.02963907 -0.01494931 0.0195 0.02963907 -0.01035708 0.0175 0.02888027 -0.01035708 0.0195 0.02834372 -0.009820528 0.0175 0.02834372 -0.009061728 0.0195 0.02834372 -0.009061728 0.0195 0.02888027 -0.008525178 0.0195 0.02925967 -0.008441128 0.0175 0.02925967 -0.008441128 0.0195 0.02963907 -0.008525178 0.0175 0.02963907 -0.008525178 0.0175 0.03017562 -0.009061728 0.0195 0.03017562 -0.009061728 0.0195 0.03025967 -0.009441128 0.0175 0.03025967 -0.009441128 0.0175 0.02963907 -0.01035708 0.0175 0.03212747 -0.007109878 0.0195 0.03212747 -0.007109878 0.0175 0.03159092 -0.006573328 0.0195 0.03150687 -0.006193928 0.0175 0.03150687 -0.006193928 0.0195 0.03159092 -0.005814528 0.0175 0.03212747 -0.005277978 0.0175 0.03250687 -0.005193928 0.0195 0.03288627 -0.005277978 0.0175 0.03288627 -0.005277978 0.0195 0.03350687 -0.006193928 0.0175 0.03350687 -0.006193928 0.0195 0.03342282 -0.006573328 0.0175 0.03342282 -0.006573328</float_array>
          <technique_common>
            <accessor count="697" source="#verts-array-array" stride="3">
              <param type="float" name="X"/>
              <param type="float" name="Y"/>
              <param type="float" name="Z"/>
            </accessor>
          </technique_common>
        </source>
        <source id="normals-array">
          <float_array count="2091" id="normals-array-array">-1 0 0 -1 0 0 -0.6223357 0 0.7827505 -1 0 0 -1 0 0 -0.6528651 0 -0.7574742 -0.6528651 0 0.7574742 -1 0 0 -1 0 0 -0.6223357 0 -0.7827505 -1 0 0 -1 0 0 -1 0 0 -0.3321491 0 -0.9432269 -0.5773503 -0.5773503 -0.5773503 -0.5773503 -0.5773503 0.5773503 -0.3321491 0 0.9432269 -1 0 0 -1 0 0 -1 0 0 -1 0 0 -0.342597 0 -0.9394824 -0.7803483 0.1854837 -0.5972038 -1 0 0 -1 0 0 -1 0 0 -1 0 0 -0.342597 0 0.9394824 -0.7803479 -0.185483 0.5972045 -1 0 0 -0.342597 0 -0.9394824 -1 0 0 -1 0 0 -1 0 0 -1 0 0 -0.6810333 0.3393222 -0.6488868 -1 0 0 -0.6810348 0.1747059 -0.7111043 -0.6810335 -3.098911e-17 -0.7322523 -1 0 0 -0.6810348 -0.1747059 -0.7111043 -0.6810338 -0.3393206 -0.6488871 -0.7803477 -0.1854826 -0.5972049 -0.7686845 -0.5909394 0.2447749 -1 0 0 -0.7803485 0.1854841 0.5972034 -0.342597 0 0.9394824 -1 0 0 -1 0 0 -1 0 0 -0.681033 0.3393223 0.6488871 -0.7641614 -0.2468401 -0.5959256 -0.681035 0.1747052 0.7111043 -0.6810335 3.098911e-17 0.7322523 -1 0 0 -0.681035 -0.1747052 0.7111043 -0.6810334 -0.3393207 0.6488875 -1 0 0 -0.7071068 0 -0.7071068 -0.3321491 0 -0.9432269 -0.7071068 0 0.7071068 -1 0 0 -0.3321491 0 0.9432269 -1 0 0 -1 0 0 -1 0 0 -1 0 0 -1 0 0 -0.6223357 0 -0.7827505 -0.6223357 0 0.7827505 -1 0 0 -0.6528651 0 0.7574742 -1 0 0 -0.6528651 0 -0.7574742 -1 0 0 -1 0 0 -1 0 0 -1 0 0 -0.7291416 -7.940601e-19 0.6843629 -0.6985896 -0.02739638 -0.714998 -0.7291413 0.1295172 0.6719958 -0.6902819 -0.1104091 -0.7150669 -0.7291418 0.2543535 0.6353397 -0.6902805 -0.2182388 -0.689844 -0.6902836 -0.3209496 -0.6484597 -0.7291414 0.3699973 0.5757212 -0.8854811 -0.39586 0.2433475 -0.7291389 0.4722638 0.4953013 -0.7291399 0.5574585 0.3969825 -0.7250457 0.4018562 0.5593035 -0.7250432 0.3102303 0.6148736 -0.3015113 -0.3015113 -0.904534 -0.6902778 -0.5015939 -0.5214596 -0.6902834 -0.4161356 -0.5918952 -0.7291327 0.683597 0.03256855 -0.7291421 0.6650754 0.1613273 -0.7291473 0.6225121 0.2842937 -0.7250467 0.4837608 0.4901864 -0.7291413 -0.3699971 0.5757214 -0.7242701 0.5532547 0.4115119 -0.729139 -0.4722635 0.4953014 -0.6513737 0.5538893 0.518574 -0.6902866 -0.5752852 -0.4388068 -0.6898005 -0.637233 -0.3436704 -0.6210274 -0.7679479 -0.1567834 -0.8945611 0.330721 0.3006395 -0.7291399 -0.5574585 0.3969825 -0.7291473 -0.6225121 0.2842937 -0.7250464 0.2110889 0.6555526 -0.904534 -0.3015113 0.3015113 -0.7291394 0.4230468 -0.5379471 -0.6897023 -0.3866334 0.6122298 -0.7291452 0.313587 -0.6082849 -0.6896941 -0.2850551 0.6656317 -0.7291346 0.1928124 -0.6566476 -0.6896925 -0.1762808 0.7023171 -0.7291452 0.06506362 -0.6812591 -0.6897029 -0.06310417 0.7213375 -0.7291452 -0.06506362 -0.6812591 -0.6896952 0.05164654 0.7222556 -0.7291346 -0.1928123 -0.6566477 -1 0 0 -0.7291418 -0.2543535 0.6353397 -0.7291413 -0.1295172 0.6719958 -0.7291423 -0.6650753 0.1613269 -0.7291325 -0.6835971 0.03256814 -0.689695 0.7222558 0.05164608 -0.7291496 -0.6773895 -0.09738789 -0.6896963 0.7050203 0.1651223 -0.7291365 -0.6467274 -0.2238385 -0.6896954 -0.7202506 -0.07456097 -0.6896945 -0.7229843 0.04018935 -0.7291496 0.6773895 -0.09738789 -0.6896972 -0.7075489 0.1539231 -0.7291366 0.6467272 -0.2238388 -0.6896985 -0.6743426 0.2637766 -0.729142 0.5926791 -0.3421746 -0.6896948 -0.6241973 0.3670134 -0.7291432 0.5172059 -0.448161 -0.6896979 -0.5583636 0.4610281 -0.6896948 -0.4785062 0.5434638 -1 0 0 -0.6896964 0.165122 0.7050203 -0.6896942 0.2744526 0.6700728 -0.7291452 -0.3135868 -0.608285 -0.6897002 0.3768726 0.6182885 -0.7291394 -0.4230468 -0.5379471 -0.6896959 0.4698256 0.5509841 -0.7291432 -0.5172059 -0.448161 -0.689696 0.5509842 0.4698253 -0.7291421 -0.5926792 -0.3421742 -0.6897001 0.6182886 0.3768726 -0.6896944 0.6700727 0.2744527 1 0 0 0.7461227 -0.1723237 -0.6431217 0.681033 0.3393223 0.6488871 0.7377003 -0.3375647 -0.584678 0.7803485 0.1854841 0.5972034 0.7376993 -0.4773873 -0.4773899 0.5547002 0 0.8320503 0.7461236 0.3329049 -0.5766056 0.7803479 -0.185483 0.5972045 0.7376986 0.4773891 -0.4773891 0.737702 -0.5846769 -0.3375629 0.7376987 -0.6521259 -0.1747357 0.5547002 0 -0.8320503 0.7377015 -0.6751271 -1.014167e-07 0.7159753 0.02717887 0.6975963 0.7250438 0.106837 0.6803656 0.6985896 -0.02739638 -0.714998 0.7377009 0.5846765 0.3375659 0.7376986 0.4773891 0.4773891 0.7803477 -0.1854826 -0.5972049 0.7377014 0.3375647 0.5846766 0.6810338 -0.3393206 -0.6488871 0.7377001 0.1747348 0.6521245 0.6810348 -0.1747059 -0.7111043 0.7376999 -1.211852e-18 0.6751288 0.6810335 2.997898e-17 -0.7322523 0.7377005 -0.1747358 0.6521238 0.6810348 0.1747059 -0.7111043 0.7377003 -0.3375647 0.584678 0.6810333 0.3393222 -0.6488868 0.7376993 -0.4773873 0.4773899 0.7803483 0.1854837 -0.5972038 0.737702 -0.5846769 0.3375629 0.7376987 -0.6521258 0.1747356 0.7377008 0.6521236 0.1747348 0.7376993 0.6751295 -1.014101e-07 0.7377008 0.6521237 -0.1747349 0.7377009 0.5846765 -0.3375659 0.6902819 -0.1104091 -0.7150669 0.6902778 -0.5015939 -0.5214596 0.6902805 -0.2182388 -0.689844 0.6902798 -0.6355103 -0.3458909 0.6902866 -0.5752852 -0.4388068 0.6902836 -0.3209496 -0.6484597 0.6902834 -0.4161356 -0.5918952 0.6633347 -0.7179366 -0.2110786 1 0 0 0.890486 -0.3893473 0.2354641 0.6660157 -0.3570395 0.6549396 1 0 0 0.6629771 -0.563664 0.4926908 0.7377004 0.6751283 8.645401e-07 0.7701204 -0.08325949 -0.6324416 0.7688512 -0.3920565 -0.5051331 0.7669017 -0.5816628 -0.2711645 1 0 0 1 0 0 1 0 0 1 0 0 0.6896954 -0.7202506 -0.07456097 1 0 0 0.6896945 -0.7229843 0.04018935 1 0 0 1 0 0 1 0 0 1 0 0 1 0 0 1 0 0 1 0 0 1 0 0 1 0 0 0.6896985 -0.6743426 0.2637766 0.7721709 -0.5571089 0.3055842 1 0 0 1 0 0 1 0 0 0.7839535 0.2375779 0.5735623 1 0 0 1 0 0 0.6896972 -0.7075489 0.1539231 1 0 0 0.6896948 -0.6241973 0.3670134 0.6896979 -0.5583636 0.4610281 0.6896948 -0.4785062 0.5434638 0.6896941 -0.2850551 0.6656317 0.6897023 -0.3866334 0.6122298 0.6896925 -0.1762808 0.7023171 0.6897029 -0.06310417 0.7213375 0.6896964 0.165122 0.7050203 0.6896952 0.05164654 0.7222556 0.6896942 0.2744526 0.6700728 0.6897001 0.6182886 0.3768726 1 0 0 0.6896944 0.6700727 0.2744527 0.689696 0.5509842 0.4698253 0.6896959 0.4698256 0.5509841 0.6897002 0.3768726 0.6182885 1 0 0 0.7724493 0.2446812 -0.5860488 1 0 0 1 0 0 1 0 0 1 0 0 0.7377008 -0.6751278 8.645509e-07 0.7721707 0.5571092 0.3055844 0.7721709 -0.5571086 -0.3055847 0.6896963 0.7050203 0.1651223 1 0 0 0.689695 0.7222558 0.05164608 1 0 0 1 0 0 1 0 0 1 0 0 0.7669014 0.5816635 -0.2711638 1 0 0 0.7597128 -0.5733705 0.3067291 0.8945611 0.330721 0.3006395 1 0 0 1 0 0 1 0 0 1 0 0 0.7716285 0.3589133 -0.5251388 1 0 0 1 0 0 1 0 0 1 0 0 1 0 0 0.7250467 0.4837608 0.4901864 0.7242701 0.5532547 0.4115119 0.6513737 0.5538893 0.518574 0.7250464 0.2110889 0.6555526 0.7250432 0.3102303 0.6148736 1 0 0 0.7250457 0.4018562 0.5593035 0.681035 0.1747052 0.7111043 0.6810335 -2.997898e-17 0.7322523 0.737701 -0.1747381 0.6521226 0.7376999 -0.652124 0.1747376 0.7377022 -0.5846736 0.3375682 0.7376967 -0.4773897 0.4773915 0.737701 -0.3375694 0.5846744 0.7377002 -4.459431e-18 -0.6751285 0.7377012 -0.1747382 -0.6521224 0.7377035 -0.3375747 -0.5846682 0.737692 -0.4773944 -0.4773941 0.7377035 -0.5846684 -0.3375744 0.737701 -0.6521225 -0.1747385 0.7377012 0.6521224 -0.1747379 0.7377035 0.5846684 -0.3375744 0.737692 0.4773944 -0.4773941 0.7377035 0.3375747 -0.5846682 0.7377012 0.1747382 -0.6521224 0.7377001 0.6521239 0.1747369 0.7376967 0.4773897 0.4773915 0.737701 0.3375694 0.5846744 0.7377022 0.5846736 0.3375682 0.737701 0.1747381 0.6521226 0.7377003 3.781257e-19 0.6751283 1 0 0 0.7790488 0.2743274 -0.5637618 0.7688459 -0.08695584 -0.633494 0.7702665 -0.388231 -0.505931 0.7870957 -0.5840996 -0.1982624 1 0 0 0.768848 -0.3920609 0.5051347 1 0 0 0.7655634 -0.08397303 0.6378567 0.7689793 0.2797115 0.5748323 1 0 0 1 0 0 1 0 0 0.7839537 0.2375774 0.5735622 1 0 0 1 0 0 1 0 0 0.776972 0.3027569 -0.5519536 1 0 0 1 0 0 1 0 0 1 0 0 1 0 0 1 0 0 1 0 0 0.7717655 -0.5763542 -0.2686891 1 0 0 0.7775012 0.5545209 -0.2966453 1 0 0 1 0 0 1 0 0 1 0 0 0.7775055 0.248365 -0.5777543 1 0 0 1 0 0 0.7721709 -0.5571087 -0.3055847 1 0 0 1 0 0 0.7839537 -0.2375774 0.5735622 1 0 0 0.7766067 0.5523486 0.3029737 1 0 0 1 0 0 1 0 0 -0.01240142 0.01946041 0.9997337 0 0.1904844 0.9816902 0 0.1904844 0.9816902 -0.003302715 -0.4339764 0.9009182 0 0 -1 0 0 1 0.6900087 0.1122817 0.715039 0.001995904 -0.9999556 0.009214873 -0.00682725 -0.9699788 0.2430936 0.0008989839 -0.9343139 0.3564502 -0.006695732 -0.7529337 0.6580623 0 0.447001 0.8945335 0 0.447001 0.8945335 0.681035 -0.1747052 0.7111043 0.6810334 -0.3393207 0.6488875 0.6788747 -3.072397e-18 -0.7342542 0 -3.751595e-18 -1 0.6788746 0.1900375 -0.7092356 0 0.258817 -0.9659264 0.6788734 0.3671289 -0.635883 0.6788758 0.5191954 -0.5191953 0.6788738 0.6358821 -0.3671298 0.6788739 0.709236 -0.190038 0.6788752 0.7342536 -1.102911e-07 0.6788739 0.7092361 0.1900379 0.6788738 0.6358821 0.3671298 0.6788758 0.5191954 0.5191953 0.6788734 0.3671289 0.635883 0.6788746 0.1900375 0.7092356 0.6788747 -2.754624e-18 0.7342542 0.6788742 -0.1900389 0.7092355 0.6788744 -0.3671278 0.6358827 0.6788752 -0.5191943 0.5191972 0.6788729 -0.6358844 0.3671275 0.6788757 -0.7092344 0.1900377 0.6788734 -0.7342554 -1.102989e-07 0.6788757 -0.7092343 -0.1900378 0.6788729 -0.6358844 -0.3671275 0.6788752 -0.5191943 -0.5191972 0.6788744 -0.3671278 -0.6358827 0.6788742 -0.1900389 -0.7092355 0.7512552 0.5982048 -0.2788666 0.7591705 0.6508919 -2.594758e-07 0.7506004 0.6092977 0.2556471 0.7610135 0.461369 0.456067 0.7474138 0.2542386 0.6137877 0.7587467 -0.0007749452 0.6513854 0.7484108 -0.2538089 0.6127497 0.7591707 -0.4602496 0.4602501 0.7484111 -0.6127495 0.2538089 0.7591705 -0.6508919 -2.594758e-07 0.748411 -0.6127495 -0.2538092 0.7591707 -0.4602496 -0.4602501 0.7495154 -0.2286426 -0.6212481 1 0 0 1 0 0 1 0 0 0.001243048 -0.001189686 -0.9999985 -0.0107428 0.13052 -0.9913875 0.002954232 0.382681 -0.9238758 -0.0058183 0.6114873 -0.7912329 -0.005779253 0.7111696 -0.7029968 -0.006595184 0.9221012 -0.3868926 0 1 -3.986466e-07 0 0.9063549 0.4225172 0.0058183 0.6114873 0.7912329 0.0107428 0.13052 0.9913875 0.005171308 -0.3453837 0.9384473 0 -0.7071064 0.7071072 0 -1 -3.986466e-07 0 -0.9238795 -0.3826835 0 -0.7071064 -0.7071072 -0.737701 0.3375694 0.5846744 -0.7376967 0.4773897 0.4773915 -0.7377022 0.5846736 0.3375682 -0.7377001 0.6521239 0.1747369 -0.7377004 0.6751283 8.645401e-07 -0.7377012 0.6521224 -0.1747379 -0.7377035 0.5846684 -0.3375744 -0.737692 0.4773944 -0.4773941 -0.7377035 0.3375747 -0.5846682 -0.7377012 0.1747382 -0.6521224 -0.7377002 -2.518738e-18 -0.6751285 -0.7377012 -0.1747382 -0.6521224 -0.7377035 -0.3375747 -0.5846682 -0.737692 -0.4773944 -0.4773941 -0.7377035 -0.5846684 -0.3375744 -0.737701 -0.6521225 -0.1747385 -0.7377008 -0.6751278 8.645509e-07 -0.7376999 -0.652124 0.1747376 -0.7377022 -0.5846736 0.3375682 -0.7376967 -0.4773897 0.4773915 -0.737701 -0.3375694 0.5846744 -0.737701 -0.1747381 0.6521226 -0.737701 0.1747381 0.6521226 -0.7377003 -1.86675e-18 0.6751283 -0.6863246 -0.1376422 0.714152 -0.6863246 0.1376422 0.714152 -0.6863242 -0.2703102 0.6751974 -0.6863244 -3.666509e-19 0.7272956 -0.7717669 0.5763504 0.2686932 -1 0 0 -1 0 0 -1 0 0 -1 0 0 -1 0 0 -1 0 0 -0.6863246 -0.3932082 0.6118381 -1 0 0 -1 0 0 -0.776428 -0.596765 -0.2025614 -0.7716256 -0.358919 -0.5251391 -1 0 0 -0.6863267 -0.5018869 0.5263699 -0.6863259 -0.5924272 0.4218848 -1 0 0 -1 0 0 -0.6863324 -0.726464 0.03461042 -1 0 0 -1 0 0 -0.7655632 -0.08397257 0.637857 -0.7688497 -0.392062 0.5051312 -0.6863193 -0.6615749 0.3021332 -0.7669015 -0.5816633 0.2711639 -0.7702692 0.3882242 -0.5059321 -0.7688412 0.086956 -0.6334997 -0.7689803 0.2797128 0.5748304 -0.7669014 0.5816635 -0.2711638 -0.7689826 -0.2797056 -0.5748308 -0.6863237 -0.7067994 0.1714478 -0.6863173 -0.7199003 -0.1034996 -0.6863289 -0.6872896 -0.2378775 -1 0 0 -0.7886045 -0.2353128 0.568094 -1 0 0 -1 0 0 -1 0 0 -1 0 0 -0.7737039 0.5004879 -0.3884509 -1 0 0 -0.7651824 0.6383041 -0.08404667 -0.7739114 0.566481 0.2831261 -1 0 0 -0.6863239 -0.6298611 -0.3636406 -0.7819776 -0.2997612 -0.5464926 -0.6863263 -0.4495835 -0.5716912 -0.6863229 -0.5496546 -0.4762779 -1 0 0 -0.7769714 0.5519542 -0.3027574 -0.6863211 -0.06914599 -0.7240042 -1 0 0 -0.6863306 -0.2049042 -0.6978285 -1 0 0 -1 0 0 -0.7839537 0.2375774 0.5735622 -1 0 0 -1 0 0 -1 0 0 -0.6863211 -0.3332626 -0.6464514 -0.7934483 -0.5623079 0.2329154 -1 0 0 -1 0 0 -0.7839537 -0.2375774 0.5735622 -1 0 0 -1 0 0 -1 0 0 -1 0 0 -0.7769714 -0.5519542 -0.3027574 -1 0 0 -0.7819765 0.5464937 -0.2997621 -0.6863212 0.3332627 -0.6464512 -1 0 0 -1 0 0 -0.6863211 0.06914599 -0.7240042 -0.6863305 0.2049044 -0.6978285 -1 0 0 -0.686324 0.6298608 -0.3636409 -0.6863229 0.5496546 -0.4762779 -0.6863263 0.4495835 -0.5716912 -1 0 0 -1 0 0 -0.7721709 -0.5571089 0.3055842 -1 0 0 -1 0 0 -0.6863323 0.7264641 0.03461086 -1 0 0 -0.6863173 0.7199003 -0.1034996 -0.7886029 0.5680964 0.2353126 -0.7819774 0.2997617 -0.5464927 -1 0 0 -0.6863288 0.6872895 -0.2378779 -1 0 0 -1 0 0 -0.6863239 0.7067992 0.1714482 -1 0 0 -0.6863193 0.6615749 0.3021332 -1 0 0 -0.6863245 0.3932084 0.611838 -1 0 0 -0.6863259 0.5924272 0.4218848 -1 0 0 -1 0 0 -0.7674591 0.5652928 0.3024079 -1 0 0 -1 0 0 -0.7674596 -0.5652923 -0.3024076 -1 0 0 -1 0 0 -1 0 0 -0.6863268 0.5018871 0.5263696 -1 0 0 -1 0 0 -1 0 0 -0.7674609 -0.5652896 0.3024095 -1 0 0 -0.6863242 0.2703102 0.6751974 -1 0 0 -0.7655634 0.08397303 -0.6378567 -0.7737035 0.3884561 -0.5004845 -1 0 0 -1 0 0 -1 0 0 -0.7689794 -0.2797136 -0.5748313 0 -0.3826836 0.9238794 0 0.8767637 0.4809215 0 0.8767637 0.4809215 0 1 -8.760682e-18 0 1 2.590632e-18 0 0.8767637 -0.4809215 0 0.4809213 -0.8767638 0 -1.036728e-06 -1 0 -1.036728e-06 -1 0 -0.4809222 -0.8767633 0 -0.4809222 -0.8767633 0 -0.9238796 -0.3826832 0 -0.9238796 -0.3826832 0 -0.9238796 0.3826832 0 -0.3826836 0.9238794 0 -0.3826842 0.9238792 0 0.3826842 0.9238792 0 0.3826842 0.9238792 -0.001383509 0.9999973 0.001860819 -0.0172799 0.8808533 -0.4730738 0 0.4225362 -0.906346 -0.005128947 1.033776e-06 -0.9999868 -0.01990669 -0.3948562 -0.9185273 0 -0.8767636 -0.4809216 0 -1 -2.458936e-18 0 -1 -7.453829e-18 0 -0.876764 0.4809208 0 -0.876764 0.4809208 -0.01460261 0.1305078 0.9913397 -0.003908512 0.6131387 0.7899656 0.01462912 0.881663 0.4716527 0 0.9063496 0.4225285 0 1 -2.591694e-07 0 1 -2.591694e-07 -0.02289828 -0.07065531 -0.9972379 -0.00390963 -0.6131324 -0.7899705 0.01462916 -0.8816631 -0.4716525 0 -0.9063497 -0.4225283 0 -1 -2.591694e-07 0 -1 -2.591694e-07 -0.02290113 -0.4374339 0.8989589 0.01460289 0.1305099 0.9913395 0.003909133 0.6131339 0.7899693 -0.01462802 0.8816607 0.4716571 0 1 9.342259e-18 0 1 -1.336309e-17 -0.01462843 0.8816629 -0.471653 0 0.9063483 -0.4225314 0.003908972 0.6131383 -0.7899659 0.02289818 0.07066077 -0.9972375 0.01518145 -0.9277363 0.3729275 -0.6414093 -0.7264872 0.2465979 0.02290045 -0.4374308 0.8989605 -0.01460272 -0.1305086 0.9913396 0.01460272 0.1305086 0.9913396 -0.02290045 0.4374308 0.8989605 0.003908797 0.613135 0.7899685 -0.0146286 0.8816609 0.4716567 0 0.9063472 0.4225338 0 1 9.342259e-18 0 1 -1.336309e-17 0 0.9063495 -0.4225288 -0.02290101 0.4374343 -0.8989587 -0.01460272 -0.1305086 -0.9913396 -0.003908636 -0.6131394 -0.7899651 0.01462902 -0.8816631 -0.4716526 0 -1 -9.342259e-18 0 -1 1.336309e-17 0 -0.9063472 0.4225338 -0.003908797 -0.613135 0.7899685 0.02290045 -0.4374308 0.8989605 0.02290113 0.4374339 0.8989589 -0.01460261 0.1305078 0.9913397 0.0146027 -0.1305085 0.9913396 -0.003908512 0.6131387 0.7899656 0 0.9063496 0.4225285 0 1 -2.591694e-07 0 1 -2.591694e-07 -0.01462916 0.8816631 -0.4716525 0 0.9063497 -0.4225283 0.00390963 0.6131324 -0.7899705 -0.02289986 0.4374246 -0.8989634 0.01460268 0.130507 -0.9913398 0.02289954 -0.4374248 -0.8989634 0 -1 -2.591694e-07 0 -1 -2.591694e-07 -0.01462883 -0.881663 0.4716529 0 -0.906349 0.4225298 0.00390868 -0.6131381 0.7899661 -0.02290082 -0.4374341 0.8989588 0 -0.3826842 0.9238792 0 0.3826842 0.9238792 0 0.9238799 0.3826826 0 0.9238795 -0.3826834 0 0.9238795 -0.3826834 0 0.4809216 -0.8767636 0 2.458936e-18 -1 0 7.453829e-18 -1 0 -0.4809216 -0.8767636 0 -0.4809216 -0.8767636 0 -0.8767636 -0.4809216 0 -0.8767636 -0.4809216 0 -1 -2.458936e-18 0 -1 -7.453829e-18 0 -0.3826842 0.9238792 0 0.3826836 0.9238794 0 0.3826836 0.9238794 0 0.8767637 0.4809215 0 1 -8.760682e-18 0 1 2.590632e-18 0 0.8767637 -0.4809215 0 0.4809222 -0.8767633 -0.005128947 1.033776e-06 -0.9999868 -0.01990669 -0.3948564 -0.9185272 0 -0.4809213 -0.8767638 0 -1 8.760682e-18 0 -1 -2.590632e-18 0 -0.8767637 0.4809215 0 -0.8767637 0.4809215</float_array>
          <technique_common>
            <accessor count="697" source="#normals-array-array" stride="3">
              <param type="float" name="X"/>
              <param type="float" name="Y"/>
              <param type="float" name="Z"/>
            </accessor>
          </technique_common>
        </source>
        <source id="colors-array">
          <float_array count="2091" id="colors-array-array">0.2941176 0.2941176 0.2941176 0.2941176 0.2941176 0.2941176 0.2941176 0.2941176 0.2941176 0.2941176 0.2941176 0.2941176 0.2941176 0.2941176 0.2941176 0.2941176 0.2941176 0.2941176 0.2941176 0.2941176 0.2941176 0.2941176 0.2941176 0.2941176 0.2941176 0.2941176 0.2941176 0.2941176 0.2941176 0.2941176 0.2941176 0.2941176 0.2941176 0.2941176 0.2941176 0.2941176 0.2941176 0.2941176 0.2941176 0.2941176 0.2941176 0.2941176 0.2941176 0.2941176 0.2941176 0.2941176 0.2941176 0.2941176 0.2941176 0.2941176 0.2941176 0.2941176 0.2941176 0.2941176 0.2941176 0.2941176 0.2941176 0.2941176 0.2941176 0.2941176 0.2941176 0.2941176 0.2941176 0.2941176 0.2941176 0.2941176 0.2941176 0.2941176 0.2941176 0.2941176 0.2941176 0.2941176 0.2941176 0.2941176 0.2941176 0.2941176 0.2941176 0.2941176 0.2941176 0.2941176 0.2941176 0.2941176 0.2941176 0.2941176 0.2941176 0.2941176 0.2941176 0.2941176 0.2941176 0.2941176 0.2941176 0.2941176 0.2941176 0.2941176 0.2941176 0.2941176 0.2941176 0.2941176 0.2941176 0.2941176 0.2941176 0.2941176 0.2941176 0.2941176 0.2941176 0.2941176 0.2941176 0.2941176 0.2941176 0.2941176 0.2941176 0.2941176 0.2941176 0.2941176 0.2941176 0.2941176 0.2941176 0.2941176 0.2941176 0.2941176 0.2941176 0.2941176 0.2941176 0.2941176 0.2941176 0.2941176 0.2941176 0.2941176 0.2941176 0.2941176 0.2941176 0.2941176 0.2941176 0.2941176 0.2941176 0.2941176 0.2941176 0.2941176 0.2941176 0.2941176 0.2941176 0.2941176 0.2941176 0.2941176 0.2941176 0.2941176 0.2941176 0.2941176 0.2941176 0.2941176 0.2941176 0.2941176 0.2941176 0.2941176 0.2941176 0.2941176 0.2941176 0.2941176 0.2941176 0.2941176 0.2941176 0.2941176 0.2941176 0.2941176 0.2941176 0.2941176 0.2941176 0.2941176 0.2941176 0.2941176 0.2941176 0.2941176 0.2941176 0.2941176 0.2941176 0.2941176 0.2941176 0.2941176 0.2941176 0.2941176 0.2941176 0.2941176 0.2941176 0.2941176 0.2941176 0.2941176 0.2941176 0.2941176 0.2941176 0.2941176 0.2941176 0.2941176 0.2941176 0.2941176 0.2941176 0.2941176 0.2941176 0.2941176 0.2941176 0.2941176 0.2941176 0.2941176 0.2941176 0.2941176 0.2941176 0.2941176 0.2941176 0.2941176 0.2941176 0.2941176 0.2941176 0.2941176 0.2941176 0.2941176 0.2941176 0.2941176 0.2941176 0.2941176 0.2941176 0.2941176 0.2941176 0.2941176 0.2941176 0.2941176 0.2941176 0.2941176 0.2941176 0.2941176 0.2941176 0.2941176 0.2941176 0.2941176 0.2941176 0.2941176 0.2941176 0.2941176 0.2941176 0.2941176 0.2941176 0.2941176 0.2941176 0.2941176 0.2941176 0.2941176 0.2941176 0.2941176 0.2941176 0.2941176 0.2941176 0.2941176 0.2941176 0.2941176 0.2941176 0.2941176 0.2941176 0.2941176 0.2941176 0.2941176 0.2941176 0.2941176 0.2941176 0.2941176 0.2941176 0.2941176 0.2941176 0.2941176 0.2941176 0.2941176 0.2941176 0.2941176 0.2941176 0.2941176 0.2941176 0.2941176 0.2941176 0.2941176 0.2941176 0.2941176 0.2941176 0.2941176 0.2941176 0.2941176 0.2941176 0.2941176 0.2941176 0.2941176 0.2941176 0.2941176 0.2941176 0.2941176 0.2941176 0.2941176 0.2941176 0.2941176 0.2941176 0.2941176 0.2941176 0.2941176 0.2941176 0.2941176 0.2941176 0.2941176 0.2941176 0.2941176 0.2941176 0.2941176 0.2941176 0.2941176 0.2941176 0.2941176 0.2941176 0.2941176 0.2941176 0.2941176 0.2941176 0.2941176 0.2941176 0.2941176 0.2941176 0.2941176 0.2941176 0.2941176 0.2941176 0.2941176 0.2941176 0.2941176 0.2941176 0.2941176 0.2941176 0.2941176 0.2941176 0.2941176 0.2941176 0.2941176 0.2941176 0.2941176 0.2941176 0.2941176 0.2941176 0.2941176 0.2941176 0.2941176 0.2941176 0.2941176 0.2941176 0.2941176 0.2941176 0.2941176 0.2941176 0.2941176 0.2941176 0.2941176 0.2941176 0.2941176 0.2941176 0.2941176 0.2941176 0.2941176 0.2941176 0.2941176 0.2941176 0.2941176 0.2941176 0.2941176 0.2941176 0.2941176 0.2941176 0.2941176 0.2941176 0.2941176 0.2941176 0.2941176 0.2941176 0.2941176 0.2941176 0.2941176 0.2941176 0.2941176 0.2941176 0.2941176 0.2941176 0.2941176 0.2941176 0.2941176 0.2941176 0.2941176 0.2941176 0.2941176 0.2941176 0.2941176 0.2941176 0.2941176 0.2941176 0.2941176 0.2941176 0.2941176 0.2941176 0.2941176 0.2941176 0.2941176 0.2941176 0.2941176 0.2941176 0.2941176 0.2941176 0.2941176 0.2941176 0.2941176 0.2941176 0.2941176 0.2941176 0.2941176 0.2941176 0.2941176 0.2941176 0.2941176 0.2941176 0.2941176 0.2941176 0.2941176 0.2941176 0.2941176 0.2941176 0.2941176 0.2941176 0.2941176 0.2941176 0.2941176 0.2941176 0.2941176 0.2941176 0.2941176 0.2941176 0.2941176 0.2941176 0.2941176 0.2941176 0.2941176 0.2941176 0.2941176 0.2941176 0.2941176 0.2941176 0.2941176 0.2941176 0.2941176 0.2941176 0.2941176 0.2941176 0.2941176 0.2941176 0.2941176 0.2941176 0.2941176 0.2941176 0.2941176 0.2941176 0.2941176 0.2941176 0.2941176 0.2941176 0.2941176 0.2941176 0.2941176 0.2941176 0.2941176 0.2941176 0.2941176 0.2941176 0.2941176 0.2941176 0.2941176 0.2941176 0.2941176 0.2941176 0.2941176 0.2941176 0.2941176 0.2941176 0.2941176 0.2941176 0.2941176 0.2941176 0.2941176 0.2941176 0.2941176 0.2941176 0.2941176 0.2941176 0.2941176 0.2941176 0.2941176 0.2941176 0.2941176 0.2941176 0.2941176 0.2941176 0.2941176 0.2941176 0.2941176 0.2941176 0.2941176 0.2941176 0.2941176 0.2941176 0.2941176 0.2941176 0.2941176 0.2941176 0.2941176 0.2941176 0.2941176 0.2941176 0.2941176 0.2941176 0.2941176 0.2941176 0.2941176 0.2941176 0.2941176 0.2941176 0.2941176 0.2941176 0.2941176 0.2941176 0.2941176 0.2941176 0.2941176 0.2941176 0.2941176 0.2941176 0.2941176 0.2941176 0.2941176 0.2941176 0.2941176 0.2941176 0.2941176 0.2941176 0.2941176 0.2941176 0.2941176 0.2941176 0.2941176 0.2941176 0.2941176 0.2941176 0.2941176 0.2941176 0.2941176 0.2941176 0.2941176 0.2941176 0.2941176 0.2941176 0.2941176 0.2941176 0.2941176 0.2941176 0.2941176 0.2941176 0.2941176 0.2941176 0.2941176 0.2941176 0.2941176 0.2941176 0.2941176 0.2941176 0.2941176 0.2941176 0.2941176 0.2941176 0.2941176 0.2941176 0.2941176 0.2941176 0.2941176 0.2941176 0.2941176 0.2941176 0.2941176 0.2941176 0.2941176 0.2941176 0.2941176 0.2941176 0.2941176 0.2941176 0.2941176 0.2941176 0.2941176 0.2941176 0.2941176 0.2941176 0.2941176 0.2941176 0.2941176 0.2941176 0.2941176 0.2941176 0.2941176 0.2941176 0.2941176 0.2941176 0.2941176 0.2941176 0.2941176 0.2941176 0.2941176 0.2941176 0.2941176 0.2941176 0.2941176 0.2941176 0.2941176 0.2941176 0.2941176 0.2941176 0.2941176 0.2941176 0.2941176 0.2941176 0.2941176 0.2941176 0.2941176 0.2941176 0.2941176 0.2941176 0.2941176 0.2941176 0.2941176 0.2941176 0.2941176 0.2941176 0.2941176 0.2941176 0.2941176 0.2941176 0.2941176 0.2941176 0.2941176 0.2941176 0.2941176 0.2941176 0.2941176 0.2941176 0.2941176 0.2941176 0.2941176 0.2941176 0.2941176 0.2941176 0.2941176 0.2941176 0.2941176 0.2941176 0.2941176 0.2941176 0.2941176 0.2941176 0.2941176 0.2941176 0.2941176 0.2941176 0.2941176 0.2941176 0.2941176 0.2941176 0.2941176 0.2941176 0.2941176 0.2941176 0.2941176 0.2941176 0.2941176 0.2941176 0.2941176 0.2941176 0.2941176 0.2941176 0.2941176 0.2941176 0.2941176 0.2941176 0.2941176 0.2941176 0.2941176 0.2941176 0.2941176 0.2941176 0.2941176 0.2941176 0.2941176 0.2941176 0.2941176 0.2941176 0.2941176 0.2941176 0.2941176 0.2941176 0.2941176 0.2941176 0.2941176 0.2941176 0.2941176 0.2941176 0.2941176 0.2941176 0.2941176 0.2941176 0.2941176 0.2941176 0.2941176 0.2941176 0.2941176 0.2941176 0.2941176 0.2941176 0.2941176 0.2941176 0.2941176 0.2941176 0.2941176 0.2941176 0.2941176 0.2941176 0.2941176 0.2941176 0.2941176 0.2941176 0.2941176 0.2941176 0.2941176 0.2941176 0.2941176 0.2941176 0.2941176 0.2941176 0.2941176 0.2941176 0.2941176 0.2941176 0.2941176 0.2941176 0.2941176 0.2941176 0.2941176 0.2941176 0.2941176 0.2941176 0.2941176 0.2941176 0.2941176 0.2941176 0.2941176 0.2941176 0.2941176 0.2941176 0.2941176 0.2941176 0.2941176 0.2941176 0.2941176 0.2941176 0.2941176 0.2941176 0.2941176 0.2941176 0.2941176 0.2941176 0.2941176 0.2941176 0.2941176 0.2941176 0.2941176 0.2941176 0.2941176 0.2941176 0.2941176 0.2941176 0.2941176 0.2941176 0.2941176 0.2941176 0.2941176 0.2941176 0.2941176 0.2941176 0.2941176 0.2941176 0.2941176 0.2941176 0.2941176 0.2941176 0.2941176 0.2941176 0.2941176 0.2941176 0.2941176 0.2941176 0.2941176 0.2941176 0.2941176 0.2941176 0.2941176 0.2941176 0.2941176 0.2941176 0.2941176 0.2941176 0.2941176 0.2941176 0.2941176 0.2941176 0.2941176 0.2941176 0.2941176 0.2941176 0.2941176 0.2941176 0.2941176 0.2941176 0.2941176 0.2941176 0.2941176 0.2941176 0.2941176 0.2941176 0.2941176 0.2941176 0.2941176 0.2941176 0.2941176 0.2941176 0.2941176 0.2941176 0.2941176 0.2941176 0.2941176 0.2941176 0.2941176 0.2941176 0.2941176 0.2941176 0.2941176 0.2941176 0.2941176 0.2941176 0.2941176 0.2941176 0.2941176 0.2941176 0.2941176 0.2941176 0.2941176 0.2941176 0.2941176 0.2941176 0.2941176 0.2941176 0.2941176 0.2941176 0.2941176 0.2941176 0.2941176 0.2941176 0.2941176 0.2941176 0.2941176 0.2941176 0.2941176 0.2941176 0.2941176 0.2941176 0.2941176 0.2941176 0.2941176 0.2941176 0.2941176 0.2941176 0.2941176 0.2941176 0.2941176 0.2941176 0.2941176 0.2941176 0.2941176 0.2941176 0.2941176 0.2941176 0.2941176 0.2941176 0.2941176 0.2941176 0.2941176 0.2941176 0.2941176 0.2941176 0.2941176 0.2941176 0.2941176 0.2941176 0.2941176 0.2941176 0.2941176 0.2941176 0.2941176 0.2941176 0.2941176 0.2941176 0.2941176 0.2941176 0.2941176 0.2941176 0.2941176 0.2941176 0.2941176 0.2941176 0.2941176 0.2941176 0.2941176 0.2941176 0.2941176 0.2941176 0.2941176 0.2941176 0.2941176 0.2941176 0.2941176 0.2941176 0.2941176 0.2941176 0.2941176 0.2941176 0.2941176 0.2941176 0.2941176 0.2941176 0.2941176 0.2941176 0.2941176 0.2941176 0.2941176 0.2941176 0.2941176 0.2941176 0.2941176 0.2941176 0.2941176 0.2941176 0.2941176 0.2941176 0.2941176 0.2941176 0.2941176 0.2941176 0.2941176 0.2941176 0.2941176 0.2941176 0.2941176 0.2941176 0.2941176 0.2941176 0.2941176 0.2941176 0.2941176 0.2941176 0.2941176 0.2941176 0.2941176 0.2941176 0.2941176 0.2941176 0.2941176 0.2941176 0.2941176 0.2941176 0.2941176 0.2941176 0.2941176 0.2941176 0.2941176 0.2941176 0.2941176 0.2941176 0.2941176 0.2941176 0.2941176 0.2941176 0.2941176 0.2941176 0.2941176 0.2941176 0.2941176 0.2941176 0.2941176 0.2941176 0.2941176 0.2941176 0.2941176 0.2941176 0.2941176 0.2941176 0.2941176 0.2941176 0.2941176 0.2941176 0.2941176 0.2941176 0.2941176 0.2941176 0.2941176 0.2941176 0.2941176 0.2941176 0.2941176 0.2941176 0.2941176 0.2941176 0.2941176 0.2941176 0.2941176 0.2941176 0.2941176 0.2941176 0.2941176 0.2941176 0.2941176 0.2941176 0.2941176 0.2941176 0.2941176 0.2941176 0.2941176 0.2941176 0.2941176 0.2941176 0.2941176 0.2941176 0.2941176 0.2941176 0.2941176 0.2941176 0.2941176 0.2941176 0.2941176 0.2941176 0.2941176 0.2941176 0.2941176 0.2941176 0.2941176 0.2941176 0.2941176 0.2941176 0.2941176 0.2941176 0.2941176 0.2941176 0.2941176 0.2941176 0.2941176 0.2941176 0.2941176 0.2941176 0.2941176 0.2941176 0.2941176 0.2941176 0.2941176 0.2941176 0.2941176 0.2941176 0.2941176 0.2941176 0.2941176 0.2941176 0.2941176 0.2941176 0.2941176 0.2941176 0.2941176 0.2941176 0.2941176 0.2941176 0.2941176 0.2941176 0.2941176 0.2941176 0.2941176 0.2941176 0.2941176 0.2941176 0.2941176 0.2941176 0.2941176 0.2941176 0.2941176 0.2941176 0.2941176 0.2941176 0.2941176 0.2941176 0.2941176 0.2941176 0.2941176 0.2941176 0.2941176 0.2941176 0.2941176 0.2941176 0.2941176 0.2941176 0.2941176 0.2941176 0.2941176 0.2941176 0.2941176 0.2941176 0.2941176 0.2941176 0.2941176 0.2941176 0.2941176 0.2941176 0.2941176 0.2941176 0.2941176 0.2941176 0.2941176 0.2941176 0.2941176 0.2941176 0.2941176 0.2941176 0.2941176 0.2941176 0.2941176 0.2941176 0.2941176 0.2941176 0.2941176 0.2941176 0.2941176 0.2941176 0.2941176 0.2941176 0.2941176 0.2941176 0.2941176 0.2941176 0.2941176 0.2941176 0.2941176 0.2941176 0.2941176 0.2941176 0.2941176 0.2941176 0.2941176 0.2941176 0.2941176 0.2941176 0.2941176 0.2941176 0.2941176 0.2941176 0.2941176 0.2941176 0.2941176 0.2941176 0.2941176 0.2941176 0.2941176 0.2941176 0.2941176 0.2941176 0.2941176 0.2941176 0.2941176 0.2941176 0.2941176 0.2941176 0.2941176 0.2941176 0.2941176 0.2941176 0.2941176 0.2941176 0.2941176 0.2941176 0.2941176 0.2941176 0.2941176 0.2941176 0.2941176 0.2941176 0.2941176 0.2941176 0.2941176 0.2941176 0.2941176 0.2941176 0.2941176 0.2941176 0.2941176 0.2941176 0.2941176 0.2941176 0.2941176 0.2941176 0.2941176 0.2941176 0.2941176 0.2941176 0.2941176 0.2941176 0.2941176 0.2941176 0.2941176 0.2941176 0.2941176 0.2941176 0.2941176 0.2941176 0.2941176 0.2941176 0.2941176 0.2941176 0.2941176 0.2941176 0.2941176 0.2941176 0.2941176 0.2941176 0.2941176 0.2941176 0.2941176 0.2941176 0.2941176 0.2941176 0.2941176 0.2941176 0.2941176 0.2941176 0.2941176 0.2941176 0.2941176 0.2941176 0.2941176 0.2941176 0.2941176 0.2941176 0.2941176 0.2941176 0.2941176 0.2941176 0.2941176 0.2941176 0.2941176 0.2941176 0.2941176 0.2941176 0.2941176 0.2941176 0.2941176 0.2941176 0.2941176 0.2941176 0.2941176 0.2941176 0.2941176 0.2941176 0.2941176 0.2941176 0.2941176 0.2941176 0.2941176 0.2941176 0.2941176 0.2941176 0.2941176 0.2941176 0.2941176 0.2941176 0.2941176 0.2941176 0.2941176 0.2941176 0.2941176 0.2941176 0.2941176 0.2941176 0.2941176 0.2941176 0.2941176 0.2941176 0.2941176 0.2941176 0.2941176 0.2941176 0.2941176 0.2941176 0.2941176 0.2941176 0.2941176 0.2941176 0.2941176 0.2941176 0.2941176 0.2941176 0.2941176 0.2941176 0.2941176 0.2941176 0.2941176 0.2941176 0.2941176 0.2941176 0.2941176 0.2941176 0.2941176 0.2941176 0.2941176 0.2941176 0.2941176 0.2941176 0.2941176 0.2941176 0.2941176 0.2941176 0.2941176 0.2941176 0.2941176 0.2941176 0.2941176 0.2941176 0.2941176 0.2941176 0.2941176 0.2941176 0.2941176 0.2941176 0.2941176 0.2941176 0.2941176 0.2941176 0.2941176 0.2941176 0.2941176 0.2941176 0.2941176 0.2941176 0.2941176 0.2941176 0.2941176 0.2941176 0.2941176 0.2941176 0.2941176 0.2941176 0.2941176 0.2941176 0.2941176 0.2941176 0.2941176 0.2941176 0.2941176 0.2941176 0.2941176 0.2941176 0.2941176 0.2941176 0.2941176 0.2941176 0.2941176 0.2941176 0.2941176 0.2941176 0.2941176 0.2941176 0.2941176 0.2941176 0.2941176 0.2941176 0.2941176 0.2941176 0.2941176 0.2941176 0.2941176 0.2941176 0.2941176 0.2941176 0.2941176 0.2941176 0.2941176 0.2941176 0.2941176 0.2941176 0.2941176 0.2941176 0.2941176 0.2941176 0.2941176 0.2941176 0.2941176 0.2941176 0.2941176 0.2941176 0.2941176 0.2941176 0.2941176 0.2941176 0.2941176 0.2941176 0.2941176 0.2941176 0.2941176 0.2941176 0.2941176 0.2941176 0.2941176 0.2941176 0.2941176 0.2941176 0.2941176 0.2941176 0.2941176 0.2941176 0.2941176 0.2941176 0.2941176 0.2941176 0.2941176 0.2941176 0.2941176 0.2941176 0.2941176 0.2941176 0.2941176 0.2941176 0.2941176 0.2941176 0.2941176 0.2941176 0.2941176 0.2941176 0.2941176 0.2941176 0.2941176 0.2941176 0.2941176 0.2941176 0.2941176 0.2941176 0.2941176 0.2941176 0.2941176 0.2941176 0.2941176 0.2941176 0.2941176 0.2941176 0.2941176 0.2941176 0.2941176 0.2941176 0.2941176 0.2941176 0.2941176 0.2941176 0.2941176 0.2941176 0.2941176 0.2941176 0.2941176 0.2941176 0.2941176 0.2941176 0.2941176 0.2941176 0.2941176 0.2941176 0.2941176 0.2941176 0.2941176 0.2941176 0.2941176 0.2941176 0.2941176 0.2941176 0.2941176 0.2941176 0.2941176 0.2941176 0.2941176 0.2941176 0.2941176 0.2941176 0.2941176 0.2941176 0.2941176 0.2941176 0.2941176 0.2941176 0.2941176 0.2941176 0.2941176 0.2941176 0.2941176 0.2941176 0.2941176 0.2941176 0.2941176 0.2941176 0.2941176 0.2941176 0.2941176 0.2941176 0.2941176 0.2941176 0.2941176 0.2941176 0.2941176 0.2941176 0.2941176 0.2941176 0.2941176 0.2941176 0.2941176 0.2941176 0.2941176 0.2941176 0.2941176 0.2941176 0.2941176 0.2941176 0.2941176 0.2941176 0.2941176 0.2941176 0.2941176 0.2941176 0.2941176 0.2941176 0.2941176 0.2941176 0.2941176 0.2941176 0.2941176 0.2941176 0.2941176 0.2941176 0.2941176 0.2941176 0.2941176 0.2941176 0.2941176 0.2941176 0.2941176 0.2941176 0.2941176 0.2941176 0.2941176 0.2941176 0.2941176 0.2941176 0.2941176 0.2941176 0.2941176 0.2941176 0.2941176 0.2941176 0.2941176 0.2941176 0.2941176 0.2941176 0.2941176 0.2941176 0.2941176 0.2941176 0.2941176 0.2941176 0.2941176 0.2941176 0.2941176 0.2941176 0.2941176 0.2941176 0.2941176 0.2941176 0.2941176 0.2941176 0.2941176 0.2941176 0.2941176 0.2941176 0.2941176 0.2941176 0.2941176 0.2941176 0.2941176 0.2941176 0.2941176 0.2941176 0.2941176 0.2941176 0.2941176 0.2941176 0.2941176 0.2941176 0.2941176 0.2941176 0.2941176 0.2941176 0.2941176 0.2941176 0.2941176 0.2941176 0.2941176 0.2941176 0.2941176 0.2941176 0.2941176 0.2941176 0.2941176 0.2941176 0.2941176 0.2941176 0.2941176 0.2941176 0.2941176 0.2941176 0.2941176 0.2941176 0.2941176 0.2941176 0.2941176 0.2941176 0.2941176 0.2941176 0.2941176 0.2941176 0.2941176 0.2941176 0.2941176 0.2941176 0.2941176 0.2941176 0.2941176 0.2941176 0.2941176 0.2941176 0.2941176 0.2941176 0.2941176 0.2941176 0.2941176 0.2941176 0.2941176 0.2941176 0.2941176 0.2941176 0.2941176 0.2941176 0.2941176 0.2941176 0.2941176 0.2941176 0.2941176 0.2941176 0.2941176 0.2941176 0.2941176 0.2941176 0.2941176 0.2941176 0.2941176 0.2941176 0.2941176 0.2941176 0.2941176 0.2941176 0.2941176 0.2941176 0.2941176 0.2941176 0.2941176 0.2941176 0.2941176 0.2941176 0.2941176 0.2941176 0.2941176 0.2941176 0.2941176 0.2941176 0.2941176 0.2941176 0.2941176 0.2941176 0.2941176 0.2941176 0.2941176 0.2941176 0.2941176 0.2941176 0.2941176 0.2941176 0.2941176 0.2941176 0.2941176 0.2941176 0.2941176 0.2941176 0.2941176 0.2941176 0.2941176 0.2941176 0.2941176 0.2941176 0.2941176 0.2941176 0.2941176 0.2941176 0.2941176 0.2941176 0.2941176 0.2941176 0.2941176 0.2941176 0.2941176 0.2941176 0.2941176 0.2941176 0.2941176 0.2941176 0.2941176 0.2941176 0.2941176 0.2941176 0.2941176 0.2941176 0.2941176 0.2941176 0.2941176 0.2941176 0.2941176 0.2941176 0.2941176 0.2941176 0.2941176 0.2941176 0.2941176 0.2941176 0.2941176 0.2941176 0.2941176 0.2941176 0.2941176 0.2941176 0.2941176 0.2941176 0.2941176 0.2941176 0.2941176 0.2941176 0.2941176 0.2941176 0.2941176 0.2941176 0.2941176 0.2941176 0.2941176 0.2941176 0.2941176 0.2941176 0.2941176 0.2941176 0.2941176 0.2941176 0.2941176 0.2941176 0.2941176 0.2941176 0.2941176 0.2941176 0.2941176 0.2941176 0.2941176 0.2941176 0.2941176 0.2941176 0.2941176 0.2941176 0.2941176 0.2941176 0.2941176 0.2941176 0.2941176 0.2941176 0.2941176 0.2941176 0.2941176 0.2941176 0.2941176 0.2941176 0.2941176 0.2941176 0.2941176 0.2941176 0.2941176 0.2941176 0.2941176 0.2941176 0.2941176 0.2941176 0.2941176 0.2941176 0.2941176 0.2941176 0.2941176 0.2941176 0.2941176 0.2941176 0.2941176 0.2941176 0.2941176 0.2941176 0.2941176 0.2941176 0.2941176 0.2941176 0.2941176 0.2941176 0.2941176 0.2941176 0.2941176 0.2941176 0.2941176 0.2941176 0.2941176 0.2941176 0.2941176 0.2941176 0.2941176 0.2941176 0.2941176 0.2941176 0.2941176 0.2941176 0.2941176 0.2941176 0.2941176 0.2941176 0.2941176 0.2941176 0.2941176 0.2941176 0.2941176 0.2941176 0.2941176 0.2941176 0.2941176 0.2941176 0.2941176 0.2941176 0.2941176 0.2941176 0.2941176 0.2941176 0.2941176 0.2941176 0.2941176 0.2941176 0.2941176 0.2941176 0.2941176 0.2941176 0.2941176 0.2941176 0.2941176 0.2941176 0.2941176 0.2941176 0.2941176 0.2941176 0.2941176 0.2941176 0.2941176 0.2941176 0.2941176 0.2941176 0.2941176 0.2941176 0.2941176 0.2941176 0.2941176 0.2941176 0.2941176 0.2941176 0.2941176 0.2941176 0.2941176 0.2941176 0.2941176 0.2941176 0.2941176 0.2941176 0.2941176 0.2941176 0.2941176 0.2941176 0.2941176 0.2941176 0.2941176 0.2941176 0.2941176 0.2941176 0.2941176 0.2941176 0.2941176 0.2941176 0.2941176 0.2941176 0.2941176 0.2941176 0.2941176 0.2941176 0.2941176 0.2941176 0.2941176 0.2941176 0.2941176 0.2941176 0.2941176 0.2941176 0.2941176 0.2941176 0.2941176 0.2941176 0.2941176 0.2941176 0.2941176 0.2941176 0.2941176 0.2941176 0.2941176 0.2941176 0.2941176 0.2941176 0.2941176 0.2941176 0.2941176 0.2941176 0.2941176 0.2941176 0.2941176 0.2941176 0.2941176 0.2941176 0.2941176 0.2941176 0.2941176 0.2941176 0.2941176 0.2941176 0.2941176 0.2941176 0.2941176 0.2941176 0.2941176 0.2941176 0.2941176 0.2941176 0.2941176 0.2941176 0.2941176 0.2941176 0.2941176 0.2941176 0.2941176 0.2941176 0.2941176 0.2941176 0.2941176 0.2941176 0.2941176 0.2941176 0.2941176 0.2941176 0.2941176 0.2941176 0.2941176 0.2941176 0.2941176 0.2941176 0.2941176 0.2941176 0.2941176 0.2941176 0.2941176 0.2941176 0.2941176 0.2941176 0.2941176 0.2941176 0.2941176 0.2941176 0.2941176 0.2941176 0.2941176 0.2941176 0.2941176 0.2941176 0.2941176 0.2941176 0.2941176 0.2941176 0.2941176 0.2941176 0.2941176 0.2941176 0.2941176 0.2941176 0.2941176 0.2941176 0.2941176 0.2941176 0.2941176 0.2941176 0.2941176 0.2941176 0.2941176 0.2941176 0.2941176 0.2941176 0.2941176 0.2941176 0.2941176 0.2941176 0.2941176 0.2941176 0.2941176 0.2941176 0.2941176 0.2941176 0.2941176 0.2941176 0.2941176 0.2941176 0.2941176 0.2941176 0.2941176 0.2941176 0.2941176 0.2941176 0.2941176 0.2941176 0.2941176 0.2941176 0.2941176 0.2941176 0.2941176 0.2941176 0.2941176 0.2941176 0.2941176 0.2941176 0.2941176 0.2941176 0.2941176 0.2941176 0.2941176 0.2941176 0.2941176 0.2941176 0.2941176 0.2941176 0.2941176 0.2941176 0.2941176 0.2941176 0.2941176 0.2941176 0.2941176 0.2941176 0.2941176 0.2941176</float_array>
          <technique_common>
            <accessor count="697" source="#colors-array-array" stride="3">
              <param type="float" name="R"/>
              <param type="float" name="G"/>
              <param type="float" name="B"/>
            </accessor>
          </technique_common>
        </source>
        <vertices id="verts-array-vertices">
          <input semantic="POSITION" source="#verts-array"/>
        </vertices>
        <triangles count="1100" material="material0">
          <input offset="0" semantic="VERTEX" source="#verts-array-vertices"/>
          <input offset="1" semantic="NORMAL" source="#normals-array"/>
          <input offset="2" semantic="COLOR" source="#colors-array"/>
          <p>0 0 0 1 1 1 2 2 2 3 3 3 4 4 4 5 5 5 6 6 6 7 7 7 8 8 8 9 9 9 10 10 10 11 11 11 2 2 2 6 6 6 0 0 0 8 8 8 0 0 0 6 6 6 0 0 0 8 8 8 11 11 11 3 3 3 11 11 11 8 8 8 11 11 11 3 3 3 9 9 9 5 5 5 9 9 9 3 3 3 12 12 12 13 13 13 14 14 14 15 15 15 16 16 16 17 17 17 18 18 18 19 19 19 17 17 17 12 12 12 17 17 17 19 19 19 17 17 17 12 12 12 15 15 15 14 14 14 15 15 15 12 12 12 20 20 20 21 21 21 22 22 22 23 23 23 24 24 24 25 25 25 26 26 26 25 25 25 24 24 24 26 26 26 27 27 27 28 28 28 28 28 28 29 29 29 26 26 26 26 26 26 29 29 29 25 25 25 30 30 30 25 25 25 29 29 29 31 31 31 32 32 32 33 33 33 20 20 20 33 33 33 32 32 32 33 33 33 20 20 20 34 34 34 22 22 22 34 34 34 20 20 20 35 35 35 34 34 34 22 22 22 34 34 34 35 35 35 36 36 36 37 37 37 36 36 36 35 35 35 38 38 38 36 36 36 37 37 37 36 36 36 38 38 38 39 39 39 40 40 40 39 39 39 38 38 38 41 41 41 39 39 39 40 40 40 39 39 39 41 41 41 29 29 29 42 42 42 29 29 29 41 41 41 29 29 29 42 42 42 30 30 30 43 43 43 44 44 44 45 45 45 45 45 45 46 46 46 43 43 43 33 33 33 43 43 43 46 46 46 34 34 34 43 43 43 33 33 33 28 28 28 47 47 47 48 48 48 44 44 44 49 49 49 45 45 45 45 45 45 49 49 49 50 50 50 51 51 51 50 50 50 49 49 49 50 50 50 51 51 51 52 52 52 52 52 52 51 51 51 53 53 53 54 54 54 53 53 53 51 51 51 53 53 53 54 54 54 55 55 55 55 55 55 54 54 54 56 56 56 57 57 57 56 56 56 54 54 54 56 56 56 57 57 57 28 28 28 47 47 47 28 28 28 57 57 57 28 28 28 48 48 48 29 29 29 58 58 58 59 59 59 60 60 60 61 61 61 60 60 60 59 59 59 62 62 62 60 60 60 63 63 63 61 61 61 63 63 63 60 60 60 63 63 63 61 61 61 64 64 64 65 65 65 64 64 64 61 61 61 66 66 66 67 67 67 68 68 68 69 69 69 70 70 70 71 71 71 72 72 72 71 71 71 70 70 70 73 73 73 74 74 74 75 75 75 76 76 76 71 71 71 77 77 77 72 72 72 77 77 77 71 71 71 77 77 77 72 72 72 75 75 75 66 66 66 75 75 75 72 72 72 75 75 75 66 66 66 73 73 73 68 68 68 73 73 73 66 66 66 78 78 78 79 79 79 80 80 80 81 81 81 80 80 80 79 79 79 80 80 80 81 81 81 82 82 82 81 81 81 83 83 83 82 82 82 84 84 84 82 82 82 83 83 83 82 82 82 84 84 84 85 85 85 85 85 85 86 86 86 87 87 87 88 88 88 87 87 87 86 86 86 89 89 89 90 90 90 91 91 91 85 85 85 92 92 92 86 86 86 92 92 92 85 85 85 93 93 93 84 84 84 93 93 93 85 85 85 94 94 94 95 95 95 86 86 86 96 96 96 86 86 86 95 95 95 86 86 86 96 96 96 88 88 88 97 97 97 98 98 98 99 99 99 100 100 100 99 99 99 98 98 98 99 99 99 100 100 100 101 101 101 92 92 92 102 102 102 86 86 86 103 103 103 86 86 86 102 102 102 86 86 86 103 103 103 104 104 104 105 105 105 106 106 106 107 107 107 90 90 90 108 108 108 91 91 91 91 91 91 108 108 108 109 109 109 110 110 110 111 111 111 112 112 112 113 113 113 112 112 112 111 111 111 112 112 112 113 113 113 114 114 114 115 115 115 114 114 114 113 113 113 114 114 114 115 115 115 116 116 116 117 117 117 116 116 116 115 115 115 116 116 116 117 117 117 118 118 118 119 119 119 118 118 118 117 117 117 118 118 118 119 119 119 120 120 120 106 106 106 105 105 105 100 100 100 121 121 121 100 100 100 105 105 105 97 97 97 89 89 89 98 98 98 91 91 91 98 98 98 89 89 89 98 98 98 91 91 91 122 122 122 79 79 79 122 122 122 91 91 91 122 122 122 79 79 79 123 123 123 78 78 78 123 123 123 79 79 79 107 107 107 124 124 124 105 105 105 125 125 125 105 105 105 124 124 124 105 105 105 125 125 125 126 126 126 127 127 127 126 126 126 125 125 125 126 126 126 127 127 127 128 128 128 129 129 129 128 128 128 127 127 127 86 86 86 130 130 130 94 94 94 131 131 131 94 94 94 130 130 130 94 94 94 131 131 131 132 132 132 133 133 133 132 132 132 131 131 131 132 132 132 133 133 133 134 134 134 135 135 135 134 134 134 133 133 133 134 134 134 135 135 135 136 136 136 137 137 137 136 136 136 135 135 135 136 136 136 137 137 137 138 138 138 139 139 139 138 138 138 137 137 137 138 138 138 139 139 139 110 110 110 140 140 140 110 110 110 139 139 139 110 110 110 140 140 140 111 111 111 86 86 86 104 104 104 141 141 141 121 121 121 101 101 101 100 100 100 119 119 119 142 142 142 120 120 120 143 143 143 120 120 120 142 142 142 120 120 120 143 143 143 144 144 144 145 145 145 144 144 144 143 143 143 144 144 144 145 145 145 146 146 146 147 147 147 146 146 146 145 145 145 146 146 146 147 147 147 148 148 148 149 149 149 148 148 148 147 147 147 148 148 148 149 149 149 150 150 150 151 151 151 150 150 150 149 149 149 150 150 150 151 151 151 129 129 129 152 152 152 129 129 129 151 151 151 129 129 129 152 152 152 128 128 128 153 153 153 154 154 154 155 155 155 156 156 156 155 155 155 154 154 154 155 155 155 156 156 156 157 157 157 158 158 158 157 157 157 156 156 156 157 157 157 158 158 158 159 159 159 160 160 160 161 161 161 162 162 162 161 161 161 160 160 160 153 153 153 158 158 158 163 163 163 159 159 159 164 164 164 159 159 159 163 163 163 159 159 159 164 164 164 165 165 165 166 166 166 165 165 165 164 164 164 167 167 167 168 168 168 169 169 169 170 170 170 169 169 169 171 171 171 172 172 172 171 171 171 169 169 169 171 171 171 172 172 172 173 173 173 174 174 174 173 173 173 172 172 172 173 173 173 174 174 174 175 175 175 176 176 176 175 175 175 174 174 174 175 175 175 176 176 176 177 177 177 178 178 178 177 177 177 176 176 176 177 177 177 178 178 178 179 179 179 180 180 180 179 179 179 178 178 178 179 179 179 180 180 180 181 181 181 182 182 182 181 181 181 180 180 180 181 181 181 182 182 182 183 183 183 184 184 184 183 183 183 182 182 182 183 183 183 184 184 184 185 185 185 165 165 165 185 185 185 184 184 184 185 185 185 165 165 165 186 186 186 166 166 166 186 186 186 165 165 165 170 170 170 187 187 187 169 169 169 188 188 188 169 169 169 187 187 187 169 169 169 188 188 188 167 167 167 189 189 189 167 167 167 188 188 188 167 167 167 189 189 189 161 161 161 190 190 190 161 161 161 189 189 189 161 161 161 190 190 190 162 162 162 191 191 191 192 192 192 193 193 193 192 192 192 191 191 191 169 169 169 194 194 194 195 195 195 192 192 192 196 196 196 192 192 192 197 197 197 192 192 192 196 196 196 193 193 193 194 194 194 192 192 192 198 198 198 199 199 199 198 198 198 192 192 192 200 200 200 201 201 201 202 202 202 202 202 202 201 201 201 203 203 203 199 199 199 202 202 202 203 203 203 202 202 202 199 199 199 192 192 192 204 204 204 205 205 205 206 206 206 207 207 207 204 204 204 206 206 206 208 208 208 202 202 202 209 209 209 210 210 210 211 211 211 200 200 200 200 200 200 211 211 211 212 212 212 213 213 213 212 212 212 211 211 211 212 212 212 213 213 213 214 214 214 215 215 215 214 214 214 213 213 213 215 215 215 216 216 216 214 214 214 214 214 214 216 216 216 204 204 204 205 205 205 204 204 204 216 216 216 217 217 217 202 202 202 208 208 208 218 218 218 202 202 202 217 217 217 202 202 202 218 218 218 200 200 200 200 200 200 218 218 218 210 210 210 219 219 219 220 220 220 221 221 221 222 222 222 221 221 221 220 220 220 223 223 223 219 219 219 224 224 224 225 225 225 226 226 226 204 204 204 222 222 222 227 227 227 221 221 221 221 221 221 227 227 227 204 204 204 225 225 225 204 204 204 227 227 227 226 226 226 228 228 228 204 204 204 204 204 204 228 228 228 214 214 214 229 229 229 214 214 214 228 228 228 229 229 229 230 230 230 214 214 214 231 231 231 214 214 214 230 230 230 214 214 214 231 231 231 232 232 232 233 233 233 232 232 232 231 231 231 232 232 232 233 233 233 224 224 224 223 223 223 224 224 224 233 233 233 221 221 221 224 224 224 219 219 219 224 224 224 221 221 221 234 234 234 235 235 235 234 234 234 221 221 221 236 236 236 237 237 237 238 238 238 237 237 237 236 236 236 221 221 221 221 221 221 236 236 236 235 235 235 239 239 239 237 237 237 240 240 240 241 241 241 242 242 242 243 243 243 244 244 244 245 245 245 246 246 246 244 244 244 247 247 247 245 245 245 248 248 248 245 245 245 247 247 247 245 245 245 248 248 248 243 243 243 243 243 243 248 248 248 249 249 249 250 250 250 251 251 251 245 245 245 252 252 252 245 245 245 251 251 251 245 245 245 252 252 252 246 246 246 246 246 246 252 252 252 253 253 253 254 254 254 255 255 255 256 256 256 256 256 256 255 255 255 257 257 257 253 253 253 258 258 258 246 246 246 246 246 246 258 258 258 259 259 259 260 260 260 259 259 259 258 258 258 259 259 259 260 260 260 261 261 261 262 262 262 261 261 261 260 260 260 262 262 262 263 263 263 261 261 261 261 261 261 263 263 263 256 256 256 254 254 254 256 256 256 263 263 263 264 264 264 256 256 256 257 257 257 256 256 256 264 264 264 245 245 245 245 245 245 264 264 264 250 250 250 265 265 265 266 266 266 256 256 256 267 267 267 268 268 268 269 269 269 269 269 269 268 268 268 270 270 270 271 271 271 272 272 272 273 273 273 265 265 265 272 272 272 271 271 271 274 274 274 256 256 256 266 266 266 274 274 274 275 275 275 256 256 256 256 256 256 275 275 275 261 261 261 276 276 276 261 261 261 275 275 275 276 276 276 277 277 277 261 261 261 261 261 261 277 277 277 269 269 269 267 267 267 269 269 269 277 277 277 278 278 278 269 269 269 270 270 270 269 269 269 278 278 278 279 279 279 280 280 280 273 273 273 272 272 272 273 273 273 280 280 280 278 278 278 280 280 280 281 281 281 278 278 278 282 282 282 278 278 278 281 281 281 279 279 279 278 278 278 282 282 282 283 283 283 284 284 284 285 285 285 286 286 286 285 285 285 284 284 284 285 285 285 286 286 286 280 280 280 168 168 168 285 285 285 169 169 169 285 285 285 168 168 168 283 283 283 153 153 153 155 155 155 161 161 161 161 161 161 155 155 155 287 287 287 287 287 287 288 288 288 161 161 161 289 289 289 280 280 280 272 272 272 265 265 265 256 256 256 272 272 272 290 290 290 272 272 272 256 256 256 272 272 272 290 290 290 291 291 291 291 291 291 292 292 292 272 272 272 293 293 293 272 272 272 292 292 292 272 272 272 293 293 293 289 289 289 294 294 294 295 295 295 245 245 245 296 296 296 245 245 245 295 295 295 245 245 245 296 296 296 297 297 297 297 297 297 298 298 298 245 245 245 299 299 299 245 245 245 298 298 298 245 245 245 299 299 299 256 256 256 300 300 300 301 301 301 221 221 221 221 221 221 301 301 301 302 302 302 302 302 302 303 303 303 221 221 221 304 304 304 221 221 221 303 303 303 221 221 221 304 304 304 294 294 294 204 204 204 202 202 202 305 305 305 202 202 202 204 204 204 209 209 209 207 207 207 209 209 209 204 204 204 306 306 306 202 202 202 307 307 307 202 202 202 306 306 306 308 308 308 307 307 307 202 202 202 309 309 309 309 309 309 202 202 202 310 310 310 310 310 310 311 311 311 312 312 312 310 310 310 280 280 280 289 289 289 280 280 280 310 310 310 313 313 313 312 312 312 313 313 313 310 310 310 314 314 314 280 280 280 313 313 313 314 314 314 315 315 315 280 280 280 280 280 280 315 315 315 285 285 285 316 316 316 285 285 285 315 315 315 317 317 317 285 285 285 316 316 316 311 311 311 310 310 310 318 318 318 169 169 169 318 318 318 310 310 310 317 317 317 319 319 319 285 285 285 285 285 285 319 319 319 169 169 169 320 320 320 169 169 169 319 319 319 320 320 320 321 321 321 169 169 169 169 169 169 321 321 321 318 318 318 322 322 322 243 243 243 323 323 323 324 324 324 325 325 325 294 294 294 325 325 325 326 326 326 294 294 294 294 294 294 326 326 326 242 242 242 327 327 327 242 242 242 326 326 326 327 327 327 328 328 328 242 242 242 242 242 242 328 328 328 243 243 243 323 323 323 243 243 243 328 328 328 329 329 329 245 245 245 330 330 330 329 329 329 331 331 331 245 245 245 245 245 245 331 331 331 294 294 294 324 324 324 294 294 294 331 331 331 322 322 322 332 332 332 243 243 243 243 243 243 332 332 332 245 245 245 330 330 330 245 245 245 332 332 332 333 333 333 334 334 334 202 202 202 202 202 202 334 334 334 310 310 310 335 335 335 310 310 310 334 334 334 335 335 335 336 336 336 310 310 310 310 310 310 336 336 336 169 169 169 337 337 337 169 169 169 336 336 336 333 333 333 202 202 202 338 338 338 337 337 337 339 339 339 169 169 169 169 169 169 339 339 339 340 340 340 338 338 338 202 202 202 341 341 341 192 192 192 341 341 341 202 202 202 342 342 342 169 169 169 340 340 340 169 169 169 342 342 342 192 192 192 341 341 341 192 192 192 342 342 342 343 343 343 344 344 344 237 237 237 242 242 242 237 237 237 344 344 344 237 237 237 242 242 242 240 240 240 345 345 345 242 242 242 344 344 344 345 345 345 346 346 346 242 242 242 242 242 242 346 346 346 294 294 294 347 347 347 294 294 294 346 346 346 347 347 347 348 348 348 294 294 294 294 294 294 348 348 348 349 349 349 343 343 343 237 237 237 350 350 350 351 351 351 221 221 221 352 352 352 353 353 353 221 221 221 351 351 351 221 221 221 353 353 353 237 237 237 237 237 237 353 353 353 350 350 350 354 354 354 294 294 294 349 349 349 294 294 294 354 354 354 221 221 221 221 221 221 354 354 354 352 352 352 308 308 308 305 305 305 202 202 202 204 204 204 300 300 300 221 221 221 79 79 79 169 169 169 191 191 191 79 79 79 191 191 191 81 81 81 193 193 193 81 81 81 191 191 191 81 81 81 193 193 193 83 83 83 83 83 83 193 193 193 84 84 84 193 193 193 196 196 196 84 84 84 197 197 197 84 84 84 196 196 196 84 84 84 197 197 197 93 93 93 192 192 192 93 93 93 197 197 197 93 93 93 192 192 192 92 92 92 195 195 195 92 92 92 192 192 192 92 92 92 195 195 195 102 102 102 194 194 194 102 102 102 195 195 195 102 102 102 194 194 194 103 103 103 198 198 198 103 103 103 194 194 194 103 103 103 198 198 198 104 104 104 30 30 30 42 42 42 172 172 172 91 91 91 172 172 172 79 79 79 79 79 79 172 172 172 169 169 169 91 91 91 14 14 14 172 172 172 13 13 13 172 172 172 14 14 14 172 172 172 13 13 13 30 30 30 73 73 73 30 30 30 13 13 13 30 30 30 73 73 73 68 68 68 15 15 15 109 109 109 16 16 16 355 355 355 16 16 16 109 109 109 161 161 161 28 28 28 167 167 167 27 27 27 167 167 167 28 28 28 355 355 355 167 167 167 16 16 16 27 27 27 16 16 16 167 167 167 16 16 16 27 27 27 71 71 71 69 69 69 71 71 71 27 27 27 356 356 356 105 105 105 357 357 357 269 269 269 357 357 357 105 105 105 86 86 86 200 200 200 212 212 212 86 86 86 212 212 212 130 130 130 214 214 214 130 130 130 212 212 212 130 130 130 214 214 214 131 131 131 232 232 232 131 131 131 214 214 214 131 131 131 232 232 232 133 133 133 224 224 224 133 133 133 232 232 232 133 133 133 224 224 224 135 135 135 135 135 135 224 224 224 137 137 137 224 224 224 234 234 234 137 137 137 235 235 235 137 137 137 234 234 234 137 137 137 235 235 235 139 139 139 236 236 236 139 139 139 235 235 235 139 139 139 236 236 236 140 140 140 140 140 140 236 236 236 111 111 111 236 236 236 238 238 238 111 111 111 237 237 237 111 111 111 238 238 238 111 111 111 237 237 237 113 113 113 239 239 239 113 113 113 237 237 237 113 113 113 239 239 239 115 115 115 240 240 240 115 115 115 239 239 239 115 115 115 240 240 240 117 117 117 242 242 242 117 117 117 240 240 240 117 117 117 242 242 242 119 119 119 241 241 241 119 119 119 242 242 242 119 119 119 241 241 241 142 142 142 243 243 243 142 142 142 241 241 241 142 142 142 243 243 243 143 143 143 249 249 249 143 143 143 243 243 243 143 143 143 249 249 249 145 145 145 248 248 248 145 145 145 249 249 249 145 145 145 248 248 248 147 147 147 247 247 247 147 147 147 248 248 248 147 147 147 247 247 247 149 149 149 244 244 244 149 149 149 247 247 247 149 149 149 244 244 244 151 151 151 246 246 246 151 151 151 244 244 244 151 151 151 246 246 246 152 152 152 152 152 152 246 246 246 128 128 128 269 269 269 105 105 105 261 261 261 126 126 126 261 261 261 105 105 105 128 128 128 261 261 261 126 126 126 261 261 261 128 128 128 259 259 259 246 246 246 259 259 259 128 128 128 201 201 201 200 200 200 358 358 358 86 86 86 358 358 358 200 200 200 184 184 184 22 22 22 21 21 21 58 58 58 359 359 359 59 59 59 165 165 165 59 59 59 359 359 359 9 9 9 5 5 5 21 21 21 59 59 59 21 21 21 5 5 5 21 21 21 59 59 59 184 184 184 165 165 165 184 184 184 59 59 59 46 46 46 45 45 45 157 157 157 360 360 360 60 60 60 159 159 159 62 62 62 159 159 159 60 60 60 159 159 159 62 62 62 157 157 157 157 157 157 62 62 62 46 46 46 6 6 6 46 46 46 62 62 62 46 46 46 6 6 6 2 2 2 99 99 99 101 101 101 282 282 282 282 282 282 281 281 281 99 99 99 99 99 99 281 281 281 97 97 97 281 281 281 280 280 280 97 97 97 97 97 97 280 280 280 89 89 89 286 286 286 89 89 89 280 280 280 89 89 89 286 286 286 90 90 90 286 286 286 284 284 284 90 90 90 90 90 90 284 284 284 108 108 108 284 284 284 283 283 283 108 108 108 168 168 168 108 108 108 283 283 283 108 108 108 168 168 168 361 361 361 361 361 361 168 168 168 355 355 355 167 167 167 355 355 355 168 168 168 198 198 198 362 362 362 104 104 104 104 104 104 362 362 362 363 363 363 364 364 364 363 363 363 362 362 362 363 363 363 364 364 364 365 365 365 364 364 364 203 203 203 365 365 365 201 201 201 365 365 365 203 203 203 365 365 365 201 201 201 358 358 358 356 356 356 357 357 357 366 366 366 356 356 356 366 366 366 367 367 367 282 282 282 367 367 367 366 366 366 367 367 367 282 282 282 101 101 101 157 157 157 45 45 45 155 155 155 50 50 50 155 155 155 45 45 45 52 52 52 155 155 155 50 50 50 155 155 155 52 52 52 287 287 287 53 53 53 287 287 287 52 52 52 287 287 287 53 53 53 288 288 288 55 55 55 288 288 288 53 53 53 288 288 288 55 55 55 368 368 368 56 56 56 368 368 368 55 55 55 368 368 368 56 56 56 369 369 369 28 28 28 369 369 369 56 56 56 369 369 369 28 28 28 161 161 161 172 172 172 42 42 42 41 41 41 172 172 172 41 41 41 174 174 174 40 40 40 174 174 174 41 41 41 174 174 174 40 40 40 176 176 176 38 38 38 176 176 176 40 40 40 176 176 176 38 38 38 178 178 178 37 37 37 178 178 178 38 38 38 178 178 178 37 37 37 180 180 180 35 35 35 180 180 180 37 37 37 180 180 180 35 35 35 182 182 182 22 22 22 182 182 182 35 35 35 182 182 182 22 22 22 184 184 184 370 370 370 371 371 371 372 372 372 373 373 373 372 372 372 371 371 371 372 372 372 373 373 373 374 374 374 160 160 160 374 374 374 373 373 373 374 374 374 160 160 160 375 375 375 162 162 162 375 375 375 160 160 160 375 375 375 162 162 162 376 376 376 190 190 190 376 376 376 162 162 162 376 376 376 190 190 190 377 377 377 189 189 189 377 377 377 190 190 190 377 377 377 189 189 189 378 378 378 188 188 188 378 378 378 189 189 189 378 378 378 188 188 188 379 379 379 187 187 187 379 379 379 188 188 188 379 379 379 187 187 187 380 380 380 170 170 170 380 380 380 187 187 187 380 380 380 170 170 170 381 381 381 171 171 171 381 381 381 170 170 170 381 381 381 171 171 171 382 382 382 173 173 173 382 382 382 171 171 171 382 382 382 173 173 173 383 383 383 175 175 175 383 383 383 173 173 173 383 383 383 175 175 175 384 384 384 177 177 177 384 384 384 175 175 175 384 384 384 177 177 177 385 385 385 179 179 179 385 385 385 177 177 177 385 385 385 179 179 179 386 386 386 181 181 181 386 386 386 179 179 179 386 386 386 181 181 181 387 387 387 183 183 183 387 387 387 181 181 181 387 387 387 183 183 183 388 388 388 185 185 185 388 388 388 183 183 183 388 388 388 185 185 185 389 389 389 186 186 186 389 389 389 185 185 185 389 389 389 186 186 186 390 390 390 166 166 166 390 390 390 186 186 186 390 390 390 166 166 166 391 391 391 164 164 164 391 391 391 166 166 166 391 391 391 164 164 164 392 392 392 163 163 163 392 392 392 164 164 164 392 392 392 163 163 163 393 393 393 158 158 158 393 393 393 163 163 163 393 393 393 158 158 158 394 394 394 156 156 156 394 394 394 158 158 158 394 394 394 156 156 156 395 395 395 154 154 154 395 395 395 156 156 156 395 395 395 154 154 154 370 370 370 371 371 371 370 370 370 154 154 154 377 377 377 396 396 396 376 376 376 396 396 396 377 377 377 397 397 397 378 378 378 397 397 397 377 377 377 397 397 397 378 378 378 398 398 398 379 379 379 398 398 398 378 378 378 380 380 380 398 398 398 379 379 379 398 398 398 380 380 380 399 399 399 381 381 381 399 399 399 380 380 380 399 399 399 381 381 381 400 400 400 382 382 382 400 400 400 381 381 381 383 383 383 400 400 400 382 382 382 400 400 400 383 383 383 401 401 401 384 384 384 401 401 401 383 383 383 401 401 401 384 384 384 402 402 402 385 385 385 402 402 402 384 384 384 386 386 386 402 402 402 385 385 385 402 402 402 386 386 386 403 403 403 387 387 387 403 403 403 386 386 386 403 403 403 387 387 387 404 404 404 388 388 388 404 404 404 387 387 387 389 389 389 404 404 404 388 388 388 404 404 404 389 389 389 405 405 405 390 390 390 405 405 405 389 389 389 405 405 405 390 390 390 406 406 406 391 391 391 406 406 406 390 390 390 392 392 392 406 406 406 391 391 391 406 406 406 392 392 392 407 407 407 393 393 393 407 407 407 392 392 392 407 407 407 393 393 393 408 408 408 394 394 394 408 408 408 393 393 393 395 395 395 408 408 408 394 394 394 408 408 408 395 395 395 409 409 409 370 370 370 409 409 409 395 395 395 409 409 409 370 370 370 410 410 410 372 372 372 410 410 410 370 370 370 374 374 374 410 410 410 372 372 372 410 410 410 374 374 374 411 411 411 375 375 375 411 411 411 374 374 374 411 411 411 375 375 375 396 396 396 376 376 376 396 396 396 375 375 375 412 412 412 413 413 413 414 414 414 415 415 415 414 414 414 413 413 413 414 414 414 415 415 415 416 416 416 416 416 416 415 415 415 417 417 417 396 396 396 417 417 417 415 415 415 417 417 417 396 396 396 418 418 418 397 397 397 418 418 418 396 396 396 418 418 418 397 397 397 419 419 419 398 398 398 419 419 419 397 397 397 419 419 419 398 398 398 420 420 420 399 399 399 420 420 420 398 398 398 400 400 400 420 420 420 399 399 399 420 420 420 400 400 400 421 421 421 401 401 401 421 421 421 400 400 400 421 421 421 401 401 401 422 422 422 402 402 402 422 422 422 401 401 401 422 422 422 402 402 402 423 423 423 403 403 403 423 423 423 402 402 402 423 423 423 403 403 403 43 43 43 404 404 404 43 43 43 403 403 403 43 43 43 404 404 404 424 424 424 405 405 405 424 424 424 404 404 404 424 424 424 405 405 405 425 425 425 406 406 406 425 425 425 405 405 405 425 425 425 406 406 406 426 426 426 407 407 407 426 426 426 406 406 406 426 426 426 407 407 407 51 51 51 408 408 408 51 51 51 407 407 407 51 51 51 408 408 408 412 412 412 413 413 413 412 412 412 408 408 408 427 427 427 428 428 428 306 306 306 306 306 306 428 428 428 308 308 308 429 429 429 308 308 308 428 428 428 430 430 430 308 308 308 429 429 429 308 308 308 430 430 430 305 305 305 305 305 305 430 430 430 204 204 204 431 431 431 204 204 204 430 430 430 204 204 204 431 431 431 300 300 300 432 432 432 300 300 300 431 431 431 433 433 433 300 300 300 432 432 432 300 300 300 433 433 433 301 301 301 301 301 301 433 433 433 302 302 302 434 434 434 302 302 302 433 433 433 302 302 302 434 434 434 303 303 303 434 434 434 435 435 435 303 303 303 303 303 303 435 435 435 304 304 304 436 436 436 304 304 304 435 435 435 304 304 304 436 436 436 294 294 294 437 437 437 294 294 294 436 436 436 294 294 294 437 437 437 295 295 295 437 437 437 438 438 438 295 295 295 439 439 439 295 295 295 438 438 438 295 295 295 439 439 439 296 296 296 296 296 296 439 439 439 297 297 297 440 440 440 297 297 297 439 439 439 297 297 297 440 440 440 298 298 298 441 441 441 298 298 298 440 440 440 298 298 298 441 441 441 299 299 299 442 442 442 299 299 299 441 441 441 299 299 299 442 442 442 256 256 256 443 443 443 256 256 256 442 442 442 256 256 256 443 443 443 290 290 290 444 444 444 290 290 290 443 443 443 290 290 290 444 444 444 291 291 291 445 445 445 291 291 291 444 444 444 291 291 291 445 445 445 292 292 292 446 446 446 292 292 292 445 445 445 292 292 292 446 446 446 293 293 293 447 447 447 293 293 293 446 446 446 448 448 448 293 293 293 447 447 447 306 306 306 307 307 307 427 427 427 427 427 427 307 307 307 449 449 449 309 309 309 449 449 449 307 307 307 449 449 449 309 309 309 450 450 450 310 310 310 450 450 450 309 309 309 450 450 450 310 310 310 448 448 448 289 289 289 448 448 448 310 310 310 448 448 448 289 289 289 293 293 293 451 451 451 452 452 452 453 453 453 452 452 452 451 451 451 454 454 454 452 452 452 455 455 455 456 456 456 450 450 450 457 457 457 458 458 458 450 450 450 459 459 459 452 452 452 455 455 455 452 452 452 459 459 459 460 460 460 453 453 453 456 456 456 452 452 452 456 456 456 453 453 453 461 461 461 453 453 453 460 460 460 453 453 453 461 461 461 462 462 462 461 461 461 463 463 463 462 462 462 462 462 462 463 463 463 464 464 464 465 465 465 464 464 464 463 463 463 459 459 459 450 450 450 458 458 458 466 466 466 464 464 464 465 465 465 466 466 466 467 467 467 464 464 464 464 464 464 467 467 467 450 450 450 457 457 457 450 450 450 467 467 467 468 468 468 464 464 464 469 469 469 464 464 464 468 468 468 462 462 462 470 470 470 471 471 471 472 472 472 473 473 473 464 464 464 443 443 443 474 474 474 464 464 464 473 473 473 475 475 475 476 476 476 469 469 469 469 469 469 476 476 476 477 477 477 478 478 478 477 477 477 476 476 476 479 479 479 443 443 443 480 480 480 474 474 474 481 481 481 464 464 464 464 464 464 481 481 481 469 469 469 475 475 475 469 469 469 481 481 481 479 479 479 482 482 482 443 443 443 443 443 443 482 482 482 473 473 473 483 483 483 472 472 472 471 471 471 478 478 478 470 470 470 477 477 477 472 472 472 477 477 477 470 470 470 484 484 484 477 477 477 472 472 472 485 485 485 472 472 472 486 486 486 487 487 487 472 472 472 443 443 443 483 483 483 443 443 443 472 472 472 443 443 443 483 483 483 480 480 480 487 487 487 488 488 488 472 472 472 472 472 472 488 488 488 489 489 489 472 472 472 489 489 489 486 486 486 490 490 490 486 486 486 489 489 489 491 491 491 492 492 492 493 493 493 487 487 487 443 443 443 494 494 494 495 495 495 491 491 491 493 493 493 495 495 495 496 496 496 443 443 443 443 443 443 496 496 496 494 494 494 497 497 497 486 486 486 490 490 490 486 486 486 497 497 497 498 498 498 498 498 498 497 497 497 499 499 499 492 492 492 498 498 498 499 499 499 498 498 498 492 492 492 491 491 491 500 500 500 501 501 501 491 491 491 498 498 498 491 491 491 501 501 501 502 502 502 503 503 503 504 504 504 504 504 504 503 503 503 437 437 437 505 505 505 437 437 437 503 503 503 506 506 506 502 502 502 504 504 504 502 502 502 506 506 506 507 507 507 505 505 505 508 508 508 437 437 437 437 437 437 508 508 508 509 509 509 510 510 510 437 437 437 509 509 509 437 437 437 510 510 510 491 491 491 511 511 511 491 491 491 510 510 510 500 500 500 512 512 512 513 513 513 511 511 511 514 514 514 491 491 491 491 491 491 514 514 514 500 500 500 512 512 512 500 500 500 514 514 514 512 512 512 515 515 515 513 513 513 513 513 513 515 515 515 506 506 506 507 507 507 506 506 506 515 515 515 516 516 516 437 437 437 517 517 517 518 518 518 519 519 519 520 520 520 516 516 516 521 521 521 437 437 437 437 437 437 521 521 521 504 504 504 522 522 522 504 504 504 521 521 521 523 523 523 524 524 524 525 525 525 519 519 519 526 526 526 520 520 520 527 527 527 504 504 504 522 522 522 504 504 504 527 527 527 528 528 528 528 528 528 527 527 527 529 529 529 527 527 527 530 530 530 529 529 529 529 529 529 530 530 530 525 525 525 523 523 523 525 525 525 530 530 530 524 524 524 526 526 526 525 525 525 519 519 519 525 525 525 526 526 526 531 531 531 532 532 532 519 519 519 533 533 533 519 519 519 532 532 532 534 534 534 535 535 535 431 431 431 431 431 431 535 535 535 536 536 536 537 537 537 431 431 431 536 536 536 431 431 431 537 537 537 519 519 519 534 534 534 431 431 431 538 538 538 539 539 539 538 538 538 431 431 431 540 540 540 519 519 519 537 537 537 541 541 541 542 542 542 539 539 539 538 538 538 539 539 539 542 542 542 543 543 543 544 544 544 531 531 531 531 531 531 544 544 544 545 545 545 544 544 544 546 546 546 545 545 545 545 545 545 546 546 546 541 541 541 542 542 542 541 541 541 546 546 546 540 540 540 547 547 547 519 519 519 547 547 547 531 531 531 519 519 519 531 531 531 547 547 547 543 543 543 548 548 548 549 549 549 550 550 550 551 551 551 552 552 552 553 553 553 554 554 554 555 555 555 556 556 556 549 549 549 557 557 557 550 550 550 550 550 550 557 557 557 554 554 554 555 555 555 554 554 554 557 557 557 556 556 556 558 558 558 552 552 552 552 552 552 558 558 558 553 553 553 559 559 559 431 431 431 560 560 560 549 549 549 548 548 548 561 561 561 539 539 539 561 561 561 548 548 548 561 561 561 539 539 539 562 562 562 559 559 559 563 563 563 431 431 431 431 431 431 563 563 563 539 539 539 562 562 562 539 539 539 563 563 563 552 552 552 554 554 554 556 556 556 564 564 564 554 554 554 552 552 552 565 565 565 566 566 566 450 450 450 567 567 567 568 568 568 452 452 452 452 452 452 568 568 568 450 450 450 565 565 565 450 450 450 568 568 568 569 569 569 570 570 570 571 571 571 570 570 570 569 569 569 452 452 452 452 452 452 569 569 569 567 567 567 572 572 572 573 573 573 574 574 574 574 574 574 573 573 573 575 575 575 571 571 571 570 570 570 576 576 576 552 552 552 576 576 576 570 570 570 577 577 577 450 450 450 566 566 566 574 574 574 575 575 575 552 552 552 576 576 576 552 552 552 575 575 575 428 428 428 574 574 574 429 429 429 574 574 574 428 428 428 427 427 427 427 427 427 449 449 449 574 574 574 450 450 450 574 574 574 449 449 449 574 574 574 450 450 450 572 572 572 577 577 577 572 572 572 450 450 450 429 429 429 574 574 574 430 430 430 552 552 552 430 430 430 574 574 574 430 430 430 552 552 552 431 431 431 551 551 551 431 431 431 552 552 552 431 431 431 551 551 551 560 560 560 519 519 519 432 432 432 431 431 431 434 434 434 519 519 519 435 435 435 519 519 519 434 434 434 433 433 433 435 435 435 519 519 519 436 436 436 436 436 436 519 519 519 437 437 437 518 518 518 437 437 437 519 519 519 437 437 437 518 518 518 517 517 517 491 491 491 438 438 438 437 437 437 495 495 495 443 443 443 491 491 491 442 442 442 491 491 491 443 443 443 491 491 491 442 442 442 441 441 441 441 441 441 440 440 440 491 491 491 439 439 439 491 491 491 440 440 440 491 491 491 439 439 439 438 438 438 446 446 446 445 445 445 464 464 464 444 444 444 464 464 464 445 445 445 464 464 464 444 444 444 443 443 443 450 450 450 448 448 448 464 464 464 447 447 447 464 464 464 448 448 448 464 464 464 447 447 447 446 446 446 433 433 433 432 432 432 519 519 519 533 533 533 525 525 525 519 519 519 570 570 570 85 85 85 552 552 552 85 85 85 570 570 570 82 82 82 552 552 552 85 85 85 564 564 564 87 87 87 564 564 564 85 85 85 564 564 564 87 87 87 554 554 554 88 88 88 554 554 554 87 87 87 96 96 96 554 554 554 88 88 88 554 554 554 96 96 96 550 550 550 550 550 550 96 96 96 548 548 548 95 95 95 548 548 548 96 96 96 548 548 548 95 95 95 539 539 539 94 94 94 539 539 539 95 95 95 132 132 132 539 539 539 94 94 94 539 539 539 132 132 132 541 541 541 541 541 541 132 132 132 545 545 545 134 134 134 545 545 545 132 132 132 545 545 545 134 134 134 531 531 531 136 136 136 531 531 531 134 134 134 138 138 138 531 531 531 136 136 136 531 531 531 138 138 138 532 532 532 532 532 532 138 138 138 533 533 533 110 110 110 533 533 533 138 138 138 533 533 533 110 110 110 525 525 525 112 112 112 525 525 525 110 110 110 114 114 114 525 525 525 112 112 112 525 525 525 114 114 114 529 529 529 529 529 529 114 114 114 528 528 528 116 116 116 528 528 528 114 114 114 118 118 118 528 528 528 116 116 116 528 528 528 118 118 118 504 504 504 504 504 504 118 118 118 506 506 506 120 120 120 506 506 506 118 118 118 506 506 506 120 120 120 513 513 513 144 144 144 513 513 513 120 120 120 146 146 146 513 513 513 144 144 144 513 513 513 146 146 146 500 500 500 500 500 500 146 146 146 501 501 501 148 148 148 501 501 501 146 146 146 501 501 501 148 148 148 498 498 498 150 150 150 498 498 498 148 148 148 129 129 129 486 486 486 150 150 150 498 498 498 150 150 150 486 486 486 125 125 125 472 472 472 127 127 127 485 485 485 127 127 127 472 472 472 127 127 127 485 485 485 129 129 129 486 486 486 129 129 129 485 485 485 107 107 107 477 477 477 124 124 124 484 484 484 124 124 124 477 477 477 124 124 124 484 484 484 125 125 125 472 472 472 125 125 125 484 484 484 106 106 106 469 469 469 107 107 107 477 477 477 107 107 107 469 469 469 98 98 98 462 462 462 100 100 100 468 468 468 100 100 100 462 462 462 100 100 100 468 468 468 106 106 106 469 469 469 106 106 106 468 468 468 122 122 122 453 453 453 98 98 98 462 462 462 98 98 98 453 453 453 82 82 82 570 570 570 80 80 80 452 452 452 80 80 80 570 570 570 80 80 80 452 452 452 78 78 78 454 454 454 78 78 78 452 452 452 78 78 78 454 454 454 123 123 123 451 451 451 123 123 123 454 454 454 123 123 123 451 451 451 122 122 122 453 453 453 122 122 122 451 451 451 578 578 578 509 509 509 324 324 324 579 579 579 324 324 324 509 509 509 324 324 324 579 579 579 580 580 580 580 580 580 579 579 579 581 581 581 582 582 582 581 581 581 579 579 579 581 581 581 582 582 582 583 583 583 503 503 503 583 583 583 582 582 582 584 584 584 583 583 583 503 503 503 583 583 583 584 584 584 328 328 328 328 328 328 584 584 584 585 585 585 586 586 586 585 585 585 584 584 584 585 585 585 586 586 586 587 587 587 588 588 588 587 587 587 586 586 586 589 589 589 587 587 587 588 588 588 587 587 587 589 589 589 590 590 590 514 514 514 590 590 590 589 589 589 590 590 590 514 514 514 591 591 591 592 592 592 591 591 591 514 514 514 591 591 591 592 592 592 578 578 578 509 509 509 578 578 578 592 592 592 593 593 593 594 594 594 595 595 595 496 496 496 595 595 595 594 594 594 595 595 595 496 496 496 257 257 257 257 257 257 496 496 496 596 596 596 495 495 495 596 596 596 496 496 496 596 596 596 495 495 495 597 597 597 493 493 493 597 597 597 495 495 495 597 597 597 493 493 493 251 251 251 598 598 598 251 251 251 493 493 493 599 599 599 251 251 251 598 598 598 251 251 251 599 599 599 600 600 600 499 499 499 600 600 600 599 599 599 601 601 601 600 600 600 499 499 499 600 600 600 601 601 601 258 258 258 258 258 258 601 601 601 602 602 602 603 603 603 602 602 602 601 601 601 602 602 602 603 603 603 604 604 604 605 605 605 604 604 604 603 603 603 488 488 488 604 604 604 605 605 605 604 604 604 488 488 488 593 593 593 594 594 594 593 593 593 488 488 488 481 481 481 606 606 606 475 475 475 606 606 606 481 481 481 607 607 607 608 608 608 607 607 607 481 481 481 607 607 607 608 608 608 609 609 609 609 609 609 608 608 608 610 610 610 611 611 611 610 610 610 608 608 608 610 610 610 611 611 611 266 266 266 482 482 482 266 266 266 611 611 611 266 266 266 482 482 482 274 274 274 479 479 479 274 274 274 482 482 482 480 480 480 274 274 274 479 479 479 274 274 274 480 480 480 612 612 612 483 483 483 612 612 612 480 480 480 612 612 612 483 483 483 613 613 613 614 614 614 613 613 613 483 483 483 613 613 613 614 614 614 615 615 615 615 615 615 614 614 614 616 616 616 617 617 617 616 616 616 614 614 614 616 616 616 617 617 617 268 268 268 478 478 478 268 268 268 617 617 617 476 476 476 268 268 268 478 478 478 268 268 268 476 476 476 618 618 618 475 475 475 618 618 618 476 476 476 618 618 618 475 475 475 606 606 606 319 319 319 619 619 619 320 320 320 620 620 620 320 320 320 619 619 619 320 320 320 620 620 620 621 621 621 455 455 455 621 621 621 620 620 620 621 621 621 455 455 455 622 622 622 623 623 623 622 622 622 455 455 455 622 622 622 623 623 623 624 624 624 625 625 625 624 624 624 623 623 623 626 626 626 624 624 624 625 625 625 624 624 624 626 626 626 312 312 312 627 627 627 312 312 312 626 626 626 312 312 312 627 627 627 313 313 313 466 466 466 313 313 313 627 627 627 313 313 313 466 466 466 314 314 314 314 314 314 466 466 466 315 315 315 465 465 465 315 315 315 466 466 466 628 628 628 315 315 315 465 465 465 315 315 315 628 628 628 629 629 629 629 629 629 628 628 628 317 317 317 630 630 630 317 317 317 628 628 628 317 317 317 630 630 630 319 319 319 619 619 619 319 319 319 630 630 630 631 631 631 632 632 632 633 633 633 634 634 634 633 633 633 632 632 632 633 633 633 634 634 634 635 635 635 636 636 636 635 635 635 634 634 634 635 635 635 636 636 636 637 637 637 638 638 638 637 637 637 636 636 636 637 637 637 638 638 638 338 338 338 639 639 639 338 338 338 638 638 638 573 573 573 338 338 338 639 639 639 338 338 338 573 573 573 640 640 640 572 572 572 640 640 640 573 573 573 640 640 640 572 572 572 641 641 641 577 577 577 641 641 641 572 572 572 641 641 641 577 577 577 642 642 642 643 643 643 642 642 642 577 577 577 642 642 642 643 643 643 336 336 336 336 336 336 643 643 643 644 644 644 645 645 645 644 644 644 643 643 643 644 644 644 645 645 645 646 646 646 568 568 568 646 646 646 645 645 645 646 646 646 568 568 568 647 647 647 648 648 648 647 647 647 568 568 568 647 647 647 648 648 648 631 631 631 632 632 632 631 631 631 648 648 648 649 649 649 650 650 650 651 651 651 650 650 650 649 649 649 652 652 652 557 557 557 652 652 652 649 649 649 652 652 652 557 557 557 653 653 653 653 653 653 557 557 557 654 654 654 655 655 655 654 654 654 557 557 557 654 654 654 655 655 655 656 656 656 657 657 657 656 656 656 655 655 655 658 658 658 656 656 656 657 657 657 656 656 656 658 658 658 659 659 659 660 660 660 659 659 659 658 658 658 659 659 659 660 660 660 205 205 205 661 661 661 205 205 205 660 660 660 205 205 205 661 661 661 206 206 206 560 560 560 206 206 206 661 661 661 206 206 206 560 560 560 207 207 207 207 207 207 560 560 560 662 662 662 663 663 663 662 662 662 560 560 560 662 662 662 663 663 663 664 664 664 665 665 665 664 664 664 663 663 663 666 666 666 664 664 664 665 665 665 664 664 664 666 666 666 667 667 667 651 651 651 667 667 667 666 666 666 667 667 667 651 651 651 650 650 650 668 668 668 669 669 669 229 229 229 542 542 542 229 229 229 669 669 669 229 229 229 542 542 542 670 670 670 671 671 671 670 670 670 542 542 542 670 670 670 671 671 671 672 672 672 543 543 543 672 672 672 671 671 671 672 672 672 543 543 543 673 673 673 673 673 673 543 543 543 674 674 674 675 675 675 674 674 674 543 543 543 674 674 674 675 675 675 676 676 676 677 677 677 676 676 676 675 675 675 678 678 678 676 676 676 677 677 677 676 676 676 678 678 678 679 679 679 679 679 679 678 678 678 680 680 680 681 681 681 680 680 680 678 678 678 680 680 680 681 681 681 225 225 225 536 536 536 225 225 225 681 681 681 682 682 682 225 225 225 536 536 536 225 225 225 682 682 682 668 668 668 669 669 669 668 668 668 682 682 682 349 349 349 683 683 683 684 684 684 685 685 685 684 684 684 683 683 683 684 684 684 685 685 685 351 351 351 351 351 351 685 685 685 686 686 686 687 687 687 686 686 686 685 685 685 686 686 686 687 687 687 688 688 688 524 524 524 688 688 688 687 687 687 689 689 689 688 688 688 524 524 524 688 688 688 689 689 689 343 343 343 690 690 690 343 343 343 689 689 689 343 343 343 690 690 690 691 691 691 692 692 692 691 691 691 690 690 690 522 522 522 691 691 691 692 692 692 691 691 691 522 522 522 346 346 346 346 346 346 522 522 522 693 693 693 694 694 694 693 693 693 522 522 522 693 693 693 694 694 694 695 695 695 696 696 696 695 695 695 694 694 694 517 517 517 695 695 695 696 696 696 695 695 695 517 517 517 349 349 349 683 683 683 349 349 349 517 517 517 317 317 317 316 316 316 315 315 315 315 315 315 629 629 629 317 317 317 161 161 161 288 288 288 368 368 368 368 368 368 369 369 369 161 161 161 355 355 355 109 109 109 108 108 108 108 108 108 361 361 361 355 355 355 15 15 15 14 14 14 91 91 91 91 91 91 109 109 109 15 15 15</p>
        </triangles>
      </mesh>
    </geometry>
    <geometry id="1bdfd3637cc647cfaa48e3ebef78f9d8" name="f48c14363c294ca2a954001940026364">
      <mesh>
        <source id="verts-array">
          <float_array count="2124" id="verts-array-array">-0.01 0.07180297 -0.02248723 -0.01 0.07130297 -0.02248723 -0.01 0.07130297 -0.02473723 -0.01 0.07330297 -0.02098723 -0.01 0.07380297 -0.02098723 -0.01 0.07380297 -0.01873723 -0.01 0.07380297 -0.02473723 -0.01 0.07380297 -0.02248723 -0.01 0.07330297 -0.02248723 -0.01 0.07130297 -0.01873723 -0.01 0.07130297 -0.02098723 -0.01 0.07180297 -0.02098723 -0.0135 0.07730297 -0.01873723 -0.0135 0.07470297 -0.01873723 -0.0135 0.07730297 -0.02473723 -0.0135 0.07470297 -0.02098723 -0.0135 0.07470297 -0.02473723 -0.0135 0.07470297 -0.02248723 -0.0135 0.07420297 -0.02248723 -0.0135 0.07420297 -0.02098723 -0.0135 0.07030297 -0.02248723 -0.0135 0.07030297 -0.02098723 -0.0135 0.06980297 -0.02248723 -0.0135 0.06980297 -0.02098723 -0.0135 0.06980297 -0.02473723 -0.0135 0.06944872 -0.02473723 -0.0135 0.06865655 -0.02528184 -0.0135 0.06380297 -0.02248723 -0.0135 0.06380297 -0.02473723 -0.0135 0.06415722 -0.02473723 -0.0135 0.06494939 -0.02528184 -0.0135 0.06584862 -0.02562171 -0.0135 0.06680297 -0.02573723 -0.0135 0.06775732 -0.02562171 -0.0135 0.06561221 -0.02223046 -0.0135 0.06552512 -0.02156899 -0.0135 0.06415722 -0.01873723 -0.0135 0.06380297 -0.01873723 -0.0135 0.06380297 -0.02098723 -0.0135 0.06615297 -0.02286306 -0.0135 0.06980297 -0.01873723 -0.0135 0.06944872 -0.01873723 -0.0135 0.06772221 -0.02265647 -0.0135 0.06713944 -0.02299293 -0.0135 0.06663474 -0.02301508 -0.0135 0.0678255 -0.02095261 -0.0135 0.06808082 -0.02156899 -0.0135 0.06330297 -0.02098723 -0.0135 0.06330297 -0.02248723 -0.0135 0.06578044 -0.02095261 -0.0135 0.06494939 -0.01819262 -0.0135 0.06630974 -0.02054647 -0.0135 0.06584862 -0.01785275 -0.0135 0.06680297 -0.01773723 -0.0135 0.06697121 -0.02045938 -0.0135 0.06775732 -0.01785275 -0.0135 0.06865655 -0.01819262 -0.0135 0.06745297 -0.0206114 -0.0135 0.05630297 -0.02473723 -0.0135 0.05890297 -0.02473723 -0.0135 0.05630297 -0.01873723 -0.0135 0.05890297 -0.02248723 -0.0135 0.05890297 -0.01873723 -0.0135 0.05890297 -0.02098723 -0.0135 0.05940297 -0.02098723 -0.0135 0.05940297 -0.02248723 -0.0195 0.06944872 -0.02473723 -0.0195 0.06865655 -0.02528184 -0.0195 0.06775732 -0.02562171 -0.0195 0.06680297 -0.02573723 -0.0195 0.06584862 -0.02562171 -0.0195 0.06494939 -0.02528184 -0.0195 0.06415722 -0.02473723 -0.0195 0.04759592 -0.01293398 -0.0155 0.04789677 -0.01315369 -0.0195 0.04789677 -0.01315369 -0.0155 0.04759592 -0.01293398 -0.0195 0.04723957 -0.01282529 -0.0155 0.04723957 -0.01282529 -0.0155 0.02928237 -0.0175271 -0.0155 0.02828637 -0.01637769 -0.0155 0.02369487 -0.01471365 -0.0155 0.04736182 -0.01285168 -0.0155 0.04625917 -0.01273952 -0.0155 0.03281917 -0.02458498 -0.0155 0.03480297 -0.02473723 -0.0155 0.05240237 -0.01766521 -0.0155 0.05107187 -0.01685833 -0.0155 0.04988267 -0.01585482 -0.0155 0.04886357 -0.01467898 -0.0155 0.03777627 -0.01916417 -0.0155 0.03631697 -0.01959266 -0.0155 0.05384187 -0.01825592 -0.0155 0.05630297 -0.02473723 -0.0155 0.05630297 -0.01873723 -0.0155 0.04272157 -0.01059873 -0.0155 0.04279387 -0.01211789 -0.0155 0.04257747 -0.0136233 -0.0155 0.04208007 -0.01506055 -0.0155 0.03480297 -0.01973723 -0.0155 0.03328897 -0.01959266 -0.0155 0.03088187 -0.0241318 -0.0155 0.03182967 -0.01916417 -0.0155 0.02903647 -0.02338829 -0.0155 0.03047787 -0.01846726 -0.0155 0.02732607 -0.02237188 -0.0155 0.02579077 -0.02110638 -0.0155 0.03113717 -0.004626528 -0.0155 0.02866257 -0.002013828 -0.0155 0.02985767 -0.005448828 -0.0155 0.02720337 -0.003106128 -0.0155 0.02875697 -0.006498328 -0.0155 0.02593507 -0.004415328 -0.0155 0.02787477 -0.007737228 -0.0155 0.02488957 -0.005908428 -0.0155 0.02724297 -0.009120728 -0.0155 0.02409317 -0.007547928 -0.0155 0.02688437 -0.01059873 -0.0155 0.04770777 -0.01298988 -0.0155 0.04131957 -0.01637769 -0.0155 0.04032357 -0.0175271 -0.0155 0.03912807 -0.01846726 -0.0155 0.02752587 -0.01506055 -0.0155 0.02702847 -0.0136233 -0.0155 0.02336407 -0.01292116 -0.0155 0.02681207 -0.01211789 -0.0155 0.02332067 -0.01109893 -0.0155 0.02356577 -0.009292728 -0.0155 0.03846877 -0.004626528 -0.0155 0.03916167 -0.001095228 -0.0155 0.03705687 -0.004061328 -0.0155 0.03742547 -0.000540228 -0.0155 0.03556337 -0.003773428 -0.0155 0.03562337 -0.000266528 -0.0155 0.03404257 -0.003773428 -0.0155 0.03380067 -0.000281028 -0.0155 0.03254907 -0.004061328 -0.0155 0.03200317 -0.000583228 -0.0155 0.03027597 -0.001165728 -0.0155 0.02256997 -0.01613659 -0.0155 0.02338457 -0.01795179 -0.0155 0.02446667 -0.01962142 -0.0155 0.04627367 -0.01091683 -0.0155 0.04599997 -0.009114728 -0.0155 0.04236297 -0.009120728 -0.0155 0.04544497 -0.007378528 -0.0155 0.04173117 -0.007737228 -0.0155 0.04462257 -0.005751828 -0.0155 0.04084897 -0.006498328 -0.0155 0.04355357 -0.004275528 -0.0155 0.03974827 -0.005448828 -0.0155 0.04226467 -0.002986628 -0.0155 0.04078837 -0.001917628 -0.0155 0.02303327 -0.0149197 -0.0195 0.03280297 -0.01520133 -0.0195 0.03376767 -0.01560093 -0.0195 0.03053137 -0.01569708 -0.0195 0.02446667 -0.01962142 -0.0195 0.02338457 -0.01795179 -0.0195 0.02732607 -0.02237188 -0.0195 0.03380067 -0.000281028 -0.0195 0.03562337 -0.000266528 -0.0195 0.03742547 -0.000540228 -0.0195 0.04886357 -0.01467898 -0.0195 0.04988267 -0.01585482 -0.0195 0.04060507 -0.01499926 -0.0195 0.06979734 -0.02093489 -0.0195 0.06944872 -0.01873723 -0.0195 0.07430297 -0.01873723 -0.0195 0.06948765 -0.02328723 -0.0195 0.06979734 -0.02253957 -0.0195 0.07430297 -0.02473723 -0.0195 0.06990297 -0.02173723 -0.0195 0.068995 -0.02392926 -0.0195 0.06835297 -0.02442191 -0.0195 0.06760531 -0.0247316 -0.0195 0.06680297 -0.02483723 -0.0195 0.06600063 -0.0247316 -0.0195 0.06525297 -0.02442191 -0.0195 0.06461094 -0.02392926 -0.0195 0.06411829 -0.02328723 -0.0195 0.0638086 -0.02253957 -0.0195 0.0456437 -0.02473723 -0.0195 0.06370297 -0.02173723 -0.0195 0.06525297 -0.01905255 -0.0195 0.06494939 -0.01819262 -0.0195 0.0664018 -0.01869004 -0.0195 0.06415722 -0.01873723 -0.0195 0.06461094 -0.0195452 -0.0195 0.05690694 -0.01873723 -0.0195 0.06411829 -0.02018723 -0.0195 0.0638086 -0.02093489 -0.0195 0.05384187 -0.01825592 -0.0195 0.06948765 -0.02018723 -0.0195 0.068995 -0.0195452 -0.0195 0.06797914 -0.0188977 -0.0195 0.06584862 -0.01785275 -0.0195 0.06680297 -0.01773723 -0.0195 0.05240237 -0.01766521 -0.0195 0.05107187 -0.01685833 -0.0195 0.04015657 -0.01499132 -0.0195 0.03884076 -0.01577502 -0.0195 0.04625917 -0.01273952 -0.0195 0.04105337 -0.01474044 -0.0195 0.04126222 -0.01441274 -0.0195 0.03955972 -0.01463688 -0.0195 0.03936332 -0.01416274 -0.0195 0.04113282 -0.01342977 -0.0195 0.04084627 -0.0131673 -0.0195 0.04627367 -0.01091683 -0.0195 0.04736182 -0.01285168 -0.0195 0.04132922 -0.01390392 -0.0195 0.03943032 -0.01365392 -0.0195 0.03880297 -0.01173723 -0.0195 0.03974272 -0.01324676 -0.0195 0.04021687 -0.01305037 -0.0195 0.04021687 -0.01042408 -0.0195 0.04072567 -0.01035708 -0.0195 0.03974272 -0.01022768 -0.0195 0.03943032 -0.009820528 -0.0195 0.03936332 -0.009311728 -0.0195 0.03876282 -0.007465628 -0.0195 0.04113282 -0.01004468 -0.0195 0.04131217 -0.009699928 -0.0195 0.04599997 -0.009114728 -0.0195 0.04132922 -0.009311728 -0.0195 0.04544497 -0.007378528 -0.0195 0.04113282 -0.008837578 -0.0195 0.04003157 -0.008516653 -0.0195 0.03955972 -0.008837578 -0.0195 0.04084627 -0.008575128 -0.0195 0.04078837 -0.001917628 -0.0195 0.04226467 -0.002986628 -0.0195 0.04355357 -0.004275528 -0.0195 0.04462257 -0.005751828 -0.0195 0.03916167 -0.001095228 -0.0195 0.03200317 -0.000583228 -0.0195 0.03027597 -0.001165728 -0.0195 0.03053137 -0.007465628 -0.0195 0.02720337 -0.003106128 -0.0195 0.02866257 -0.002013828 -0.0195 0.02593507 -0.004415328 -0.0195 0.02409317 -0.007547928 -0.0195 0.02488957 -0.005908428 -0.0195 0.02332067 -0.01109893 -0.0195 0.02356577 -0.009292728 -0.0195 0.02369487 -0.01471365 -0.0195 0.02254772 -0.01555677 -0.0195 0.02289827 -0.01503222 -0.0195 0.02336407 -0.01292116 -0.0195 0.02256997 -0.01613659 -0.0195 0.03088187 -0.0241318 -0.0195 0.02903647 -0.02338829 -0.0195 0.02579077 -0.02110638 -0.0195 0.03281917 -0.02458498 -0.0195 0.03480297 -0.02473723 -0.0195 0.03197457 -0.01456566 -0.0195 0.03080297 -0.01173723 -0.0195 0.03093927 -0.01277251 -0.0195 0.03133887 -0.01373723 -0.0195 0.03197457 -0.008908828 -0.0195 0.03133887 -0.009737228 -0.0195 0.03480297 -0.007737228 -0.0195 0.03376767 -0.007873528 -0.0195 0.03280297 -0.008273128 -0.0195 0.03866667 -0.01070193 -0.0195 0.03826707 -0.009737228 -0.0195 0.03763137 -0.008908828 -0.0195 0.03680297 -0.008273128 -0.0195 0.03583827 -0.007873528 -0.0195 0.03866667 -0.01277251 -0.0195 0.03763137 -0.01456566 -0.0195 0.03680297 -0.01520133 -0.0195 0.03826707 -0.01373723 -0.0195 0.03480297 -0.01573723 -0.0195 0.02827672 -0.01416274 -0.0195 0.0285249 -0.01467661 -0.0195 0.02963907 -0.01494931 -0.0195 0.03004622 -0.01463688 -0.0195 0.02900087 -0.01499926 -0.0195 0.03017562 -0.01365392 -0.0195 0.03024262 -0.01416274 -0.0195 0.02888027 -0.01311735 -0.0195 0.02855257 -0.01332622 -0.0195 0.02834372 -0.01365392 -0.0195 0.02986322 -0.01324676 -0.0195 0.02938907 -0.01305037 -0.0195 0.02938907 -0.01042408 -0.0195 0.02986322 -0.01022768 -0.0195 0.02834372 -0.009061728 -0.0195 0.02827672 -0.009570528 -0.0195 0.03017562 -0.009820528 -0.0195 0.02847312 -0.01004468 -0.0195 0.02888027 -0.01035708 -0.0195 0.03093927 -0.01070193 -0.0195 0.03024262 -0.009311728 -0.0195 0.03004622 -0.008837578 -0.0195 0.02963907 -0.008525178 -0.0195 0.02865612 -0.008654578 -0.0195 0.02913027 -0.008458178 -0.0195 0.03338309 -0.01684932 -0.0195 0.03288627 -0.01636453 -0.0195 0.03190332 -0.01806707 -0.0195 0.03158239 -0.01759522 -0.0195 0.03288627 -0.01819648 -0.0195 0.03237747 -0.01826347 -0.0195 0.03159092 -0.0169011 -0.0195 0.03190332 -0.01649394 -0.0195 0.03329342 -0.01788406 -0.0195 0.03237747 -0.01629754 -0.0195 0.03348982 -0.01740992 -0.0195 0.03190332 -0.006980478 -0.0195 0.03158239 -0.006508628 -0.0195 0.03288627 -0.007109878 -0.0195 0.03237747 -0.007176878 -0.0195 0.03329342 -0.006797478 -0.0195 0.03348982 -0.006323328 -0.0195 0.03331839 -0.005650678 -0.0195 0.03237747 -0.005210978 -0.0195 0.03190332 -0.005407378 -0.0195 0.03288627 -0.005277978 -0.0195 0.03164087 -0.005693928 -0.0195 0.03802355 -0.01759522 -0.0195 0.03746555 -0.01816527 -0.0195 0.03611612 -0.01740992 -0.0195 0.03631252 -0.01788406 -0.0195 0.03671967 -0.01819648 -0.0195 0.03801502 -0.0169011 -0.0195 0.03770262 -0.01649394 -0.0195 0.03655582 -0.01646896 -0.0195 0.03618312 -0.0169011 -0.0195 0.03722847 -0.01629754 -0.0195 0.03583827 -0.01560093 -0.0195 0.03722847 -0.007176878 -0.0195 0.03770262 -0.006980478 -0.0195 0.03801502 -0.006573328 -0.0195 0.03788562 -0.005590378 -0.0195 0.03747847 -0.005277978 -0.0195 0.03806497 -0.005935128 -0.0195 0.03611612 -0.006323328 -0.0195 0.03631252 -0.006797478 -0.0195 0.03671967 -0.007109878 -0.0195 0.03696967 -0.005210978 -0.0195 0.03649552 -0.005407378 -0.0195 0.03618312 -0.005814528 -0.0195 0.02254347 -0.01602174 -0.01 0.06230297 -0.02473723 -0.01 0.05980297 -0.02473723 -0.0155 0.05690694 -0.01873723 -0.01 0.05980297 -0.01873723 -0.01 0.06230297 -0.01873723 -0.0195 0.02314272 -0.01487598 -0.0155 0.05535567 -0.01861617 -0.0195 0.05535567 -0.01861617 -0.0195 0.02276327 -0.01514474 -0.0155 0.02276327 -0.01514474 -0.0155 0.02257637 -0.01544242 -0.0155 0.02251802 -0.015789 -0.0195 0.06775732 -0.01785275 -0.0195 0.06865655 -0.01819262 -0.0135 0.06663474 -0.02045938 -0.0175 0.06680297 -0.02043723 -0.0135 0.0672962 -0.02054647 -0.0175 0.0672962 -0.02054647 -0.0135 0.06772221 -0.02081799 -0.0175 0.06772221 -0.02081799 -0.0135 0.06799373 -0.021244 -0.0175 0.06799373 -0.021244 -0.0135 0.06810297 -0.02173723 -0.0175 0.06810297 -0.02173723 -0.0135 0.06799373 -0.02223046 -0.0175 0.06799373 -0.02223046 -0.0175 0.06772221 -0.02265647 -0.0135 0.0672962 -0.02292799 -0.0175 0.0672962 -0.02292799 -0.0135 0.06680297 -0.02303723 -0.0175 0.06663474 -0.02301508 -0.0135 0.06630974 -0.02292799 -0.0175 0.06601835 -0.02275977 -0.0135 0.06588373 -0.02265647 -0.0175 0.06561221 -0.02223046 -0.0135 0.06550297 -0.02173723 -0.0175 0.06550297 -0.02173723 -0.0135 0.06561221 -0.021244 -0.0175 0.06561221 -0.021244 -0.0135 0.06601835 -0.02071469 -0.0175 0.06588373 -0.02081799 -0.0175 0.06630974 -0.02054647 -0.0175 0.06525297 -0.02442191 -0.0175 0.06630974 -0.02292799 -0.0175 0.06600063 -0.0247316 -0.0175 0.06588373 -0.02265647 -0.0175 0.06461094 -0.02392926 -0.0175 0.06411829 -0.02328723 -0.0175 0.0638086 -0.02253957 -0.0175 0.06370297 -0.02173723 -0.0175 0.0638086 -0.02093489 -0.0175 0.06411829 -0.02018723 -0.0175 0.06461094 -0.0195452 -0.0175 0.06525297 -0.01905255 -0.0175 0.06600063 -0.01874286 -0.0175 0.06680297 -0.01863723 -0.0175 0.06760531 -0.01874286 -0.0175 0.06835297 -0.01905255 -0.0175 0.068995 -0.0195452 -0.0175 0.06948765 -0.02018723 -0.0175 0.06979734 -0.02093489 -0.0175 0.06990297 -0.02173723 -0.0175 0.06979734 -0.02253957 -0.0175 0.06948765 -0.02328723 -0.0175 0.068995 -0.02392926 -0.0175 0.06835297 -0.02442191 -0.0175 0.06760531 -0.0247316 -0.0175 0.06680297 -0.02303723 -0.0175 0.06680297 -0.02483723 -0.0195 0.06680297 -0.01863723 -0.0195 0.06760531 -0.01874286 -0.0195 0.06835297 -0.01905255 -0.0195 0.06600063 -0.01874286 -0.0175 0.03680297 -0.01520133 -0.0175 0.03763137 -0.01456566 -0.0175 0.03826707 -0.01373723 -0.0175 0.03866667 -0.01277251 -0.0175 0.03880297 -0.01173723 -0.0175 0.03866667 -0.01070193 -0.0175 0.03826707 -0.009737228 -0.0175 0.03763137 -0.008908828 -0.0175 0.03680297 -0.008273128 -0.0175 0.03583827 -0.007873528 -0.0175 0.03480297 -0.007737228 -0.0175 0.03376767 -0.007873528 -0.0175 0.03280297 -0.008273128 -0.0175 0.03197457 -0.008908828 -0.0175 0.03133887 -0.009737228 -0.0175 0.03093927 -0.01070193 -0.0175 0.03080297 -0.01173723 -0.0175 0.03093927 -0.01277251 -0.0175 0.03133887 -0.01373723 -0.0175 0.03197457 -0.01456566 -0.0175 0.03280297 -0.01520133 -0.0175 0.03376767 -0.01560093 -0.0175 0.03583827 -0.01560093 -0.0175 0.03480297 -0.01573723 -0.0175 0.03328897 -0.01959266 -0.0175 0.03480297 -0.01973723 -0.0175 0.03182967 -0.01916417 -0.0175 0.03237747 -0.01826347 -0.0175 0.03177209 -0.01792379 -0.0175 0.03047787 -0.01846726 -0.0175 0.03152392 -0.01740992 -0.0175 0.03288627 -0.01636453 -0.0175 0.03237747 -0.01629754 -0.0175 0.03053137 -0.01600887 -0.0175 0.03190332 -0.01649394 -0.0175 0.03329342 -0.01667695 -0.0175 0.03159092 -0.0169011 -0.0175 0.03348982 -0.0171511 -0.0175 0.03342282 -0.01765992 -0.0175 0.03305012 -0.01809205 -0.0175 0.02928237 -0.0175271 -0.0175 0.02828637 -0.01637769 -0.0175 0.02938907 -0.01305037 -0.0175 0.02986322 -0.01324676 -0.0175 0.03017562 -0.01365392 -0.0175 0.03024262 -0.01416274 -0.0175 0.02847312 -0.01342977 -0.0175 0.02681207 -0.01211789 -0.0175 0.02827672 -0.01390392 -0.0175 0.03004622 -0.01463688 -0.0175 0.02888027 -0.01311735 -0.0175 0.02913027 -0.0150163 -0.0175 0.02865612 -0.0148199 -0.0175 0.02752587 -0.01506055 -0.0175 0.02834372 -0.01441274 -0.0175 0.02963907 -0.01494931 -0.0175 0.02702847 -0.0136233 -0.0175 0.02688437 -0.01059873 -0.0175 0.02724297 -0.009120728 -0.0175 0.02957437 -0.008516653 -0.0175 0.03004622 -0.008837578 -0.0175 0.03053137 -0.007777378 -0.0175 0.03024262 -0.009311728 -0.0175 0.02888027 -0.01035708 -0.0175 0.02844814 -0.009984379 -0.0175 0.02827672 -0.009311728 -0.0175 0.02847312 -0.008837578 -0.0175 0.02787477 -0.007737228 -0.0175 0.02888027 -0.008525178 -0.0175 0.03017562 -0.009820528 -0.0175 0.02986322 -0.01022768 -0.0175 0.02938907 -0.01042408 -0.0175 0.02875697 -0.006498328 -0.0175 0.02985767 -0.005448828 -0.0175 0.03113717 -0.004626528 -0.0175 0.03190332 -0.005407378 -0.0175 0.03254907 -0.004061328 -0.0175 0.03237747 -0.005210978 -0.0175 0.03158239 -0.005879228 -0.0175 0.03305012 -0.005382403 -0.0175 0.03404257 -0.003773428 -0.0175 0.03348982 -0.006323328 -0.0175 0.03329342 -0.006797478 -0.0175 0.03288627 -0.007109878 -0.0175 0.03190332 -0.006980478 -0.0175 0.03159092 -0.006573328 -0.0175 0.03342282 -0.005814528 -0.0175 0.03237747 -0.007176878 -0.0175 0.03770262 -0.005407378 -0.0175 0.03846877 -0.004626528 -0.0175 0.03722847 -0.005210978 -0.0175 0.03705687 -0.004061328 -0.0175 0.03801502 -0.005814528 -0.0175 0.03618312 -0.005814528 -0.0175 0.03655582 -0.005382403 -0.0175 0.03631252 -0.006797478 -0.0175 0.03671967 -0.007109878 -0.0175 0.03860695 -0.007777378 -0.0175 0.03802355 -0.006508628 -0.0175 0.03770262 -0.006980478 -0.0175 0.03722847 -0.007176878 -0.0175 0.03556337 -0.003773428 -0.0175 0.03611612 -0.006323328 -0.0175 0.04173117 -0.007737228 -0.0175 0.04084897 -0.006498328 -0.0175 0.03936332 -0.009311728 -0.0175 0.03943032 -0.009820528 -0.0175 0.03955972 -0.008837578 -0.0175 0.04003157 -0.008516653 -0.0175 0.04021687 -0.01042408 -0.0175 0.03974272 -0.01022768 -0.0175 0.04072567 -0.008525178 -0.0175 0.04113282 -0.008837578 -0.0175 0.04236297 -0.009120728 -0.0175 0.04088952 -0.01025266 -0.0175 0.04279387 -0.01211789 -0.0175 0.04126222 -0.009820528 -0.0175 0.04272157 -0.01059873 -0.0175 0.04132922 -0.009311728 -0.0175 0.04072567 -0.01311735 -0.0175 0.04113282 -0.01342977 -0.0175 0.04257747 -0.0136233 -0.0175 0.04131957 -0.01637769 -0.0175 0.04208007 -0.01506055 -0.0175 0.04126222 -0.01441274 -0.0175 0.04047567 -0.0150163 -0.0175 0.03996687 -0.01494931 -0.0175 0.03912807 -0.01846726 -0.0175 0.03955972 -0.01463688 -0.0175 0.03936332 -0.01416274 -0.0175 0.04132922 -0.01390392 -0.0175 0.04094982 -0.0148199 -0.0175 0.03974272 -0.01324676 -0.0175 0.03943032 -0.01365392 -0.0175 0.04021687 -0.01305037 -0.0175 0.04032357 -0.0175271 -0.0175 0.03770262 -0.01649394 -0.0175 0.03845107 -0.01600887 -0.0175 0.03722847 -0.01629754 -0.0175 0.03611612 -0.0171511 -0.0175 0.03631252 -0.01667695 -0.0175 0.03802355 -0.01696581 -0.0175 0.03671967 -0.01636453 -0.0175 0.03649552 -0.01806707 -0.0175 0.03618312 -0.01765992 -0.0175 0.03791059 -0.01782377 -0.0175 0.03747847 -0.01819648 -0.0175 0.03777627 -0.01916417 -0.0175 0.03696967 -0.01826347 -0.0175 0.03631697 -0.01959266 -0.0175 0.03974827 -0.005448828 -0.0195 0.03709907 -0.007193928 -0.0175 0.03709907 -0.007193928 -0.0195 0.03747847 -0.007109878 -0.0175 0.03747847 -0.007109878 -0.0175 0.03801502 -0.006573328 -0.0195 0.03801502 -0.005814528 -0.0175 0.03747847 -0.005277978 -0.0195 0.03709907 -0.005193928 -0.0175 0.03709907 -0.005193928 -0.0195 0.03671967 -0.005277978 -0.0175 0.03671967 -0.005277978 -0.0195 0.03609907 -0.006193928 -0.0175 0.03609907 -0.006193928 -0.0195 0.03618312 -0.006573328 -0.0175 0.03618312 -0.006573328 -0.0195 0.04034627 -0.01044113 -0.0175 0.04034627 -0.01044113 -0.0175 0.04072567 -0.01035708 -0.0195 0.04126222 -0.009820528 -0.0195 0.04134627 -0.009441128 -0.0175 0.04134627 -0.009441128 -0.0195 0.04126222 -0.009061728 -0.0175 0.04126222 -0.009061728 -0.0195 0.04072567 -0.008525178 -0.0195 0.04034627 -0.008441128 -0.0175 0.04034627 -0.008441128 -0.0195 0.03996687 -0.008525178 -0.0175 0.03996687 -0.008525178 -0.0175 0.03943032 -0.009061728 -0.0175 0.03934627 -0.009441128 -0.0175 0.03996687 -0.01035708 -0.0195 0.03996687 -0.01035708 -0.0175 0.04072567 -0.01494931 -0.0195 0.04047567 -0.0150163 -0.0175 0.04021687 -0.0150163 -0.0195 0.04094982 -0.0148199 -0.0195 0.04134627 -0.01403333 -0.0175 0.04134627 -0.01403333 -0.0195 0.04126222 -0.01365392 -0.0175 0.04126222 -0.01365392 -0.0175 0.04094982 -0.01324676 -0.0195 0.04072567 -0.01311735 -0.0175 0.04047567 -0.01305037 -0.0195 0.03934627 -0.01403333 -0.0175 0.03934627 -0.01403333 -0.0195 0.03943032 -0.01441274 -0.0175 0.03943032 -0.01441274 -0.0175 0.03974272 -0.0148199 -0.0195 0.03996687 -0.01494931 -0.0195 0.03696967 -0.01826347 -0.0175 0.03722847 -0.01826347 -0.0195 0.03747847 -0.01819648 -0.0175 0.03770262 -0.01806707 -0.0195 0.03801502 -0.01765992 -0.0175 0.03801502 -0.01765992 -0.0175 0.03801502 -0.0169011 -0.0195 0.03696967 -0.01629754 -0.0195 0.03649552 -0.01649394 -0.0175 0.03618312 -0.0169011 -0.0195 0.03609907 -0.01728051 -0.0175 0.03609907 -0.01728051 -0.0195 0.03618312 -0.01765992 -0.0195 0.03649552 -0.01806707 -0.0175 0.03671967 -0.01819648 -0.0175 0.03263627 -0.01826347 -0.0175 0.03311042 -0.01806707 -0.0195 0.03342282 -0.01765992 -0.0195 0.03350687 -0.01728051 -0.0175 0.03350687 -0.01728051 -0.0195 0.03342282 -0.0169011 -0.0175 0.03342282 -0.0169011 -0.0175 0.03311042 -0.01649394 -0.0175 0.03263627 -0.01629754 -0.0175 0.03212747 -0.01636453 -0.0195 0.03150687 -0.01728051 -0.0175 0.03150687 -0.01728051 -0.0195 0.03159092 -0.01765992 -0.0175 0.03159092 -0.01765992 -0.0175 0.03212747 -0.01819648 -0.0195 0.02938907 -0.0150163 -0.0195 0.02986322 -0.0148199 -0.0175 0.03017562 -0.01441274 -0.0195 0.03017562 -0.01441274 -0.0195 0.03025967 -0.01403333 -0.0175 0.03025967 -0.01403333 -0.0195 0.02963907 -0.01311735 -0.0195 0.02913027 -0.01305037 -0.0195 0.02865612 -0.01324676 -0.0175 0.02834372 -0.01365392 -0.0195 0.02825967 -0.01403333 -0.0175 0.02825967 -0.01403333 -0.0195 0.02834372 -0.01441274 -0.0195 0.02888027 -0.01494931 -0.0195 0.02925967 -0.01044113 -0.0175 0.02925967 -0.01044113 -0.0195 0.02963907 -0.01035708 -0.0175 0.02963907 -0.01035708 -0.0195 0.03025967 -0.009441128 -0.0175 0.03025967 -0.009441128 -0.0195 0.03017562 -0.009061728 -0.0175 0.03017562 -0.009061728 -0.0175 0.02963907 -0.008525178 -0.0195 0.02925967 -0.008441128 -0.0175 0.02925967 -0.008441128 -0.0195 0.02888027 -0.008525178 -0.0175 0.02834372 -0.009061728 -0.0195 0.02825967 -0.009441128 -0.0175 0.02834372 -0.009820528 -0.0195 0.02834372 -0.009820528 -0.0195 0.03250687 -0.007193928 -0.0175 0.03250687 -0.007193928 -0.0175 0.03342282 -0.006573328 -0.0195 0.03342282 -0.006573328 -0.0195 0.03350687 -0.006193928 -0.0175 0.03350687 -0.006193928 -0.0195 0.03342282 -0.005814528 -0.0175 0.03288627 -0.005277978 -0.0195 0.03250687 -0.005193928 -0.0175 0.03250687 -0.005193928 -0.0195 0.03212747 -0.005277978 -0.0175 0.03212747 -0.005277978 -0.0175 0.03159092 -0.005814528 -0.0195 0.03159092 -0.005814528 -0.0195 0.03150687 -0.006193928 -0.0175 0.03150687 -0.006193928 -0.0195 0.03159092 -0.006573328 -0.0175 0.03212747 -0.007109878 -0.0195 0.03212747 -0.007109878 -0.0165 0.07730297 -0.02473723 -0.0165 0.07730297 -0.01873723 -0.01 0.05980297 -0.02098723 -0.01 0.06030297 -0.02098723 -0.01 0.06230297 -0.02248723 -0.01 0.06180297 -0.02248723 -0.01 0.05980297 -0.02248723 -0.01 0.06030297 -0.02248723 -0.01 0.06180297 -0.02098723 -0.01 0.06230297 -0.02098723</float_array>
          <technique_common>
            <accessor count="708" source="#verts-array-array" stride="3">
              <param type="float" name="X"/>
              <param type="float" name="Y"/>
              <param type="float" name="Z"/>
            </accessor>
          </technique_common>
        </source>
        <source id="normals-array">
          <float_array count="2124" id="normals-array-array">1 0 0 1 0 0 0.6223357 0 -0.7827505 1 0 0 1 0 0 0.6528651 0 0.7574742 0.6528651 0 -0.7574742 1 0 0 1 0 0 0.6223357 0 0.7827505 1 0 0 1 0 0 0.7071068 0 0.7071068 0.3321491 0 0.9432269 0.7071068 0 -0.7071068 1 0 0 0.3321491 0 -0.9432269 1 0 0 1 0 0 1 0 0 1 0 0 1 0 0 1 0 0 1 0 0 0.342597 0 -0.9394824 0.7803483 0.1854837 -0.5972038 0.6810333 0.3393222 -0.6488868 1 0 0 0.342597 0 -0.9394824 0.7803477 -0.1854826 -0.5972049 0.6810338 -0.3393206 -0.6488871 0.6810348 -0.1747059 -0.7111043 0.6810335 3.098911e-17 -0.7322523 0.6810348 0.1747059 -0.7111043 0.7706638 0.5876144 0.2465493 1 0 0 0.7803479 -0.185483 0.5972045 0.342597 0 0.9394824 1 0 0 1 0 0 0.342597 0 0.9394824 0.7803485 0.1854841 0.5972034 0.7837198 -0.439194 0.4391945 1 0 0 1 0 0 1 0 0 1 0 0 1 0 0 1 0 0 1 0 0 0.6810334 -0.3393207 0.6488875 1 0 0 0.681035 -0.1747052 0.7111043 0.6810335 -3.098911e-17 0.7322523 1 0 0 0.681035 0.1747052 0.7111043 0.681033 0.3393223 0.6488871 1 0 0 0.5773503 -0.5773503 -0.5773503 0.3321491 0 -0.9432269 0.5773503 -0.5773503 0.5773503 1 0 0 0.3321491 0 0.9432269 1 0 0 1 0 0 1 0 0 -0.7803483 0.1854837 -0.5972038 -0.6810333 0.3393222 -0.6488868 -0.6810348 0.1747059 -0.7111043 -0.6810335 -2.997898e-17 -0.7322523 -0.6810348 -0.1747059 -0.7111043 -0.6810338 -0.3393206 -0.6488871 -0.7803477 -0.1854826 -0.5972049 0 0.447001 0.8945335 0.6783799 0.536336 0.5021399 -0.6513737 0.5538893 0.518574 0 0.447001 0.8945335 0 0.1904844 0.9816902 0 0.1904844 0.9816902 0.7291389 0.4722638 0.4953013 0.7291399 0.5574585 0.3969825 0.890486 -0.3893473 0.2354641 1 0 0 0.8945611 0.330721 0.3006395 0.6902819 -0.1104091 -0.7150669 0.6985896 -0.02739638 -0.714998 0.7250432 0.3102303 0.6148736 0.7250457 0.4018562 0.5593035 0.7250467 0.4837608 0.4901864 0.7242701 0.5532547 0.4115119 0.7291418 -0.2543535 0.6353397 0.7291413 -0.1295172 0.6719958 0.7250464 0.2110889 0.6555526 0.3015113 -0.3015113 -0.904534 0.904534 -0.3015113 0.3015113 0.7291496 -0.6773895 -0.09738789 0.7291325 -0.6835971 0.03256814 0.7291423 -0.6650753 0.1613269 0.7291473 -0.6225121 0.2842937 0.7291416 7.940601e-19 0.6843629 0.7291413 0.1295172 0.6719958 0.6902805 -0.2182388 -0.689844 0.7291418 0.2543535 0.6353397 0.6902836 -0.3209496 -0.6484597 0.7291414 0.3699973 0.5757212 0.6902834 -0.4161356 -0.5918952 0.6902778 -0.5015939 -0.5214596 0.7291452 0.313587 -0.6082849 0.6897023 -0.3866334 0.6122298 0.7291394 0.4230468 -0.5379471 0.6896948 -0.4785062 0.5434638 0.7291432 0.5172059 -0.448161 0.6896979 -0.5583636 0.4610281 0.729142 0.5926791 -0.3421746 0.6896948 -0.6241973 0.3670134 0.7291366 0.6467272 -0.2238388 0.6896985 -0.6743426 0.2637766 0.7291496 0.6773895 -0.09738789 1 0 0 0.7291399 -0.5574585 0.3969825 0.729139 -0.4722635 0.4953014 0.7291413 -0.3699971 0.5757214 0.7291473 0.6225121 0.2842937 0.7291421 0.6650754 0.1613273 0.6896954 -0.7202506 -0.07456097 0.7291327 0.683597 0.03256855 0.6896945 -0.7229843 0.04018935 0.6896972 -0.7075489 0.1539231 0.7291452 -0.3135868 -0.608285 0.6896942 0.2744526 0.6700728 0.7291346 -0.1928123 -0.6566477 0.6896964 0.165122 0.7050203 0.7291452 -0.06506362 -0.6812591 0.6896952 0.05164654 0.7222556 0.7291452 0.06506362 -0.6812591 0.6897029 -0.06310417 0.7213375 0.7291346 0.1928124 -0.6566476 0.6896925 -0.1762808 0.7023171 0.6896941 -0.2850551 0.6656317 0.6036823 -0.764853 -0.2248724 0.6902798 -0.6355103 -0.3458909 0.6902866 -0.5752852 -0.4388068 0.689695 0.7222558 0.05164608 0.6896963 0.7050203 0.1651223 0.7291365 -0.6467274 -0.2238385 0.6896944 0.6700727 0.2744527 0.7291421 -0.5926792 -0.3421742 0.6897001 0.6182886 0.3768726 0.7291432 -0.5172059 -0.448161 0.689696 0.5509842 0.4698253 0.7291394 -0.4230468 -0.5379471 0.6896959 0.4698256 0.5509841 0.6897002 0.3768726 0.6182885 0.5878413 -0.3872125 0.710288 -0.737701 0.3375694 0.5846744 -0.737701 0.1747381 0.6521226 -1 0 0 -0.6902866 -0.5752852 -0.4388068 -0.6898005 -0.637233 -0.3436704 -0.6902834 -0.4161356 -0.5918952 -0.6897029 -0.06310417 0.7213375 -0.6896952 0.05164654 0.7222556 -0.6896964 0.165122 0.7050203 -0.7242701 0.5532547 0.4115119 -0.7250467 0.4837608 0.4901864 -1 0 0 -0.7376987 -0.6521259 -0.1747357 -0.7803485 0.1854841 0.5972034 -0.5547002 0 0.8320503 -0.737702 -0.5846769 0.3375629 -0.7376987 -0.6521258 0.1747356 -0.5547002 0 -0.8320503 -0.7377015 -0.6751271 -1.014167e-07 -0.7376993 -0.4773873 0.4773899 -0.7377003 -0.3375647 0.584678 -0.7377005 -0.1747358 0.6521238 -0.7376999 1.211852e-18 0.6751288 -0.7377001 0.1747348 0.6521245 -0.7377014 0.3375647 0.5846766 -0.7376986 0.4773891 0.4773891 -0.7377009 0.5846765 0.3375659 -0.7377008 0.6521236 0.1747348 -1 0 0 -0.7376993 0.6751295 -1.014101e-07 -0.7461236 0.3329049 -0.5766056 -0.6810334 -0.3393207 0.6488875 -1 0 0 -0.7803479 -0.185483 0.5972045 -0.7376986 0.4773891 -0.4773891 -0.7159753 0.02717887 0.6975963 -0.7377009 0.5846765 -0.3375659 -0.7377008 0.6521237 -0.1747349 -0.7250464 0.2110889 0.6555526 -0.737702 -0.5846769 -0.3375629 -0.7461215 -0.4707974 -0.4707999 -1 0 0 -0.681035 -0.1747052 0.7111043 -0.6810335 2.997898e-17 0.7322523 -0.7250432 0.3102303 0.6148736 -0.7250457 0.4018562 0.5593035 -1 0 0 -1 0 0 -0.8945611 0.330721 0.3006395 -1 0 0 -0.7592403 -0.5898618 0.274986 -1 0 0 -1 0 0 -1 0 0 -1 0 0 -0.689695 0.7222558 0.05164608 -1 0 0 -1 0 0 -0.7669014 0.5816635 -0.2711638 -0.7377008 -0.6751278 8.645509e-07 -0.7702692 0.3882242 -0.5059321 -0.7733267 0.08621731 -0.6281182 -1 0 0 -0.7721712 -0.3055847 0.5571082 -1 0 0 -0.7739114 0.566481 0.2831261 -0.7651824 0.6383041 -0.08404667 -1 0 0 -1 0 0 -1 0 0 -0.6896963 0.7050203 0.1651223 -1 0 0 -0.6896944 0.6700727 0.2744527 -1 0 0 -1 0 0 -0.7737039 0.5004879 -0.3884509 -1 0 0 -0.6897002 0.3768726 0.6182885 -0.6896959 0.4698256 0.5509841 -0.689696 0.5509842 0.4698253 -0.6897001 0.6182886 0.3768726 -0.6896942 0.2744526 0.6700728 -0.6896925 -0.1762808 0.7023171 -0.6896941 -0.2850551 0.6656317 -1 0 0 -0.6896948 -0.4785062 0.5434638 -0.6897023 -0.3866334 0.6122298 -0.6896979 -0.5583636 0.4610281 -0.6896985 -0.6743426 0.2637766 -0.6896948 -0.6241973 0.3670134 -0.6896945 -0.7229843 0.04018935 -0.6896972 -0.7075489 0.1539231 -0.8883574 -0.3911552 0.2404553 -0.6440386 -0.7416359 0.1875914 -1 0 0 -0.6896954 -0.7202506 -0.07456097 8.01495e-30 0 0 -0.6902805 -0.2182388 -0.689844 -0.6902836 -0.3209496 -0.6484597 -0.6902778 -0.5015939 -0.5214596 -0.6902819 -0.1104091 -0.7150669 -0.6985896 -0.02739638 -0.714998 -0.7376967 0.4773897 0.4773915 -0.7377004 0.6751283 8.645401e-07 -0.7377001 0.6521239 0.1747369 -0.7377022 0.5846736 0.3375682 -0.737692 0.4773944 -0.4773941 -0.7377035 0.5846684 -0.3375744 -0.7377002 4.459431e-18 -0.6751285 -0.7377012 0.1747382 -0.6521224 -0.7377035 0.3375747 -0.5846682 -0.737701 -0.6521225 -0.1747385 -0.7377035 -0.5846684 -0.3375744 -0.737692 -0.4773944 -0.4773941 -0.7377035 -0.3375747 -0.5846682 -0.7377012 -0.1747382 -0.6521224 -0.7376999 -0.652124 0.1747376 -0.7376967 -0.4773897 0.4773915 -0.737701 -0.3375694 0.5846744 -0.7377022 -0.5846736 0.3375682 -0.7377003 -3.781257e-19 0.6751283 -1 0 0 -1 0 0 -1 0 0 -1 0 0 -1 0 0 -0.7674596 -0.5652923 -0.3024076 -1 0 0 -1 0 0 -1 0 0 -0.7592395 0.5898627 -0.2749862 -1 0 0 -1 0 0 -1 0 0 -1 0 0 -0.7721706 0.557109 -0.3055849 -1 0 0 -0.7721709 -0.5571089 0.3055842 -1 0 0 -0.772171 0.3055852 0.5571083 -0.7377012 0.6521224 -0.1747379 -1 0 0 -1 0 0 -0.7721709 -0.3055847 -0.5571087 -1 0 0 -1 0 0 -1 0 0 -0.7790487 -0.2743273 -0.5637621 -0.7737013 0.388455 0.5004888 -1 0 0 -0.7689791 -0.2797114 0.5748327 -0.7655634 0.08397303 0.6378567 -0.7768393 0.5707273 -0.2660659 -0.7688494 0.3920626 -0.5051311 -1 0 0 -0.7655634 0.08397303 -0.6378567 -1 0 0 -1 0 0 -1 0 0 -0.7721712 -0.3055844 0.5571084 -1 0 0 -1 0 0 -1 0 0 -1 0 0 -1 0 0 -1 0 0 -0.776972 -0.3027569 -0.5519536 -1 0 0 -1 0 0 -1 0 0 -1 0 0 -1 0 0 -1 0 0 -0.7861233 -0.5852727 -0.1986606 -0.7716256 -0.358919 -0.5251391 -1 0 0 -0.7717657 0.5763532 -0.2686907 -1 0 0 -0.737701 -0.1747381 0.6521226 -1 0 0 -1 0 0 -0.7882502 -0.5685138 0.235486 -1 0 0 -0.7721708 -0.3055852 -0.5571086 -1 0 0 -1 0 0 -1 0 0 -0.7721712 0.3055844 0.5571084 -1 0 0 -1 0 0 -0.7721714 0.5571082 -0.3055844 -0.6652658 -0.7315171 -0.1493458 0.6223357 0 -0.7827505 0.6528651 0 -0.7574742 0.01240142 0.01946041 0.9997337 0.6528651 0 0.7574742 0.6223357 0 0.7827505 -0.003302715 -0.4339764 0.9009182 -0.6900087 0.1122817 0.715039 0.6900087 0.1122817 0.715039 -0.003347371 -0.7543883 0.6564199 -0.004287162 -0.7548116 0.6559276 -0.003583015 -0.9332708 0.3591557 0.001995904 -0.9999556 0.009214873 -0.681035 0.1747052 0.7111043 -0.681033 0.3393223 0.6488871 -0.0107428 0.13052 -0.9913875 -0.7587467 -0.0007749452 -0.6513854 -0.005171308 -0.3453837 -0.9384473 -0.7484108 -0.2538089 -0.6127497 0 -0.7071064 -0.7071072 -0.7591707 -0.4602496 -0.4602501 0 -0.9238795 -0.3826835 -0.748411 -0.6127495 -0.2538092 0 -1 -3.986466e-07 -0.7591705 -0.6508919 -2.594758e-07 0 -0.9238796 0.3826832 -0.7484111 -0.6127495 0.2538089 -0.7591707 -0.4602496 0.4602501 0 -0.382683 0.9238797 -0.7495154 -0.2286426 0.6212481 -0.001243048 -0.001189686 0.9999985 0.0107428 0.13052 0.9913875 -0.002954232 0.382681 0.9238758 0.0058183 0.6114873 0.7912329 0.005779253 0.7111696 0.7029968 -0.7512553 0.5982048 0.2788663 0 1 -3.986466e-07 -0.7591705 0.6508919 -2.594758e-07 0 0.9063547 -0.4225176 -0.7506003 0.6092977 -0.2556473 -0.0058183 0.6114873 -0.7912329 -0.7610135 0.461369 -0.456067 -0.7474138 0.2542386 -0.6137877 -0.6788734 0.3671289 0.635883 -1 0 0 -0.6788746 0.1900375 0.7092356 -1 0 0 -0.6788758 0.5191954 0.5191953 -0.6788738 0.6358821 0.3671298 -0.6788739 0.7092361 0.1900379 -0.6788752 0.7342536 -1.102911e-07 -0.6788739 0.709236 -0.190038 -0.6788738 0.6358821 -0.3671298 -0.6788758 0.5191954 -0.5191953 -0.6788734 0.3671289 -0.635883 -0.6788746 0.1900375 -0.7092356 -0.6788747 3.072397e-18 -0.7342542 -0.6788742 -0.1900389 -0.7092355 -0.6788744 -0.3671278 -0.6358827 -0.6788752 -0.5191943 -0.5191972 -0.6788729 -0.6358844 -0.3671275 -0.6788757 -0.7092343 -0.1900378 -0.6788734 -0.7342554 -1.102989e-07 -0.6788757 -0.7092344 0.1900377 -0.6788729 -0.6358844 0.3671275 -0.6788752 -0.5191943 0.5191972 -0.6788744 -0.3671278 0.6358827 -0.6788742 -0.1900389 0.7092355 -1 0 0 -0.6788747 2.754624e-18 0.7342542 0 3.751595e-18 -1 0 -0.2588188 -0.9659259 0 -0.5000008 -0.866025 0 0.258817 -0.9659264 0.737701 -0.3375694 0.5846744 0.7376967 -0.4773897 0.4773915 0.7377022 -0.5846736 0.3375682 0.7376999 -0.652124 0.1747376 0.7377008 -0.6751278 8.645509e-07 0.737701 -0.6521225 -0.1747385 0.7377035 -0.5846684 -0.3375744 0.737692 -0.4773944 -0.4773941 0.7377035 -0.3375747 -0.5846682 0.7377012 -0.1747382 -0.6521224 0.7377002 2.518738e-18 -0.6751285 0.7377012 0.1747382 -0.6521224 0.7377035 0.3375747 -0.5846682 0.737692 0.4773944 -0.4773941 0.7377035 0.5846684 -0.3375744 0.7377012 0.6521224 -0.1747379 0.7377004 0.6751283 8.645401e-07 0.7377001 0.6521239 0.1747369 0.7377022 0.5846736 0.3375682 0.7376967 0.4773897 0.4773915 0.737701 0.3375694 0.5846744 0.737701 0.1747381 0.6521226 0.737701 -0.1747381 0.6521226 0.7377003 1.86675e-18 0.6751283 0.6863246 0.1376422 0.714152 0.6863244 3.666509e-19 0.7272956 0.6863242 0.2703102 0.6751974 1 0 0 1 0 0 0.6863245 0.3932084 0.611838 1 0 0 1 0 0 1 0 0 1 0 0 1 0 0 1 0 0 0.7674594 0.5652925 -0.3024077 1 0 0 0.7717667 -0.5763514 0.2686916 1 0 0 0.6863268 0.5018871 0.5263696 0.6863259 0.5924272 0.4218848 0.7655585 -0.08397315 -0.6378627 0.7688512 -0.3920565 -0.5051331 0.7669017 -0.5816628 -0.2711645 1 0 0 1 0 0 0.6863323 0.7264641 0.03461086 1 0 0 1 0 0 0.7689825 0.2797057 -0.574831 0.7655632 0.08397257 0.637857 0.7688497 0.392062 0.5051312 0.6863193 0.6615749 0.3021332 0.7669012 0.5816636 0.2711641 0.7689806 -0.2797128 0.5748301 0.6863239 0.7067992 0.1714482 0.6863173 0.7199003 -0.1034996 0.6863288 0.6872895 -0.2378779 1 0 0 1 0 0 1 0 0 1 0 0 0.776971 0.3027581 0.5519544 1 0 0 1 0 0 1 0 0 0.686324 0.6298608 -0.3636409 0.7819774 0.2997617 -0.5464927 0.7721709 -0.5571089 0.3055842 1 0 0 1 0 0 0.6863229 0.5496546 -0.4762779 0.6863263 0.4495835 -0.5716912 0.6863212 0.3332627 -0.6464512 1 0 0 0.6863305 0.2049044 -0.6978285 1 0 0 1 0 0 1 0 0 0.6863211 0.06914599 -0.7240042 1 0 0 1 0 0 0.7721712 -0.3055844 0.5571084 1 0 0 0.7819765 0.5464937 0.2997621 0.7769714 -0.5519542 -0.3027574 1 0 0 1 0 0 0.6863211 -0.3332626 -0.6464514 1 0 0 0.6863306 -0.2049042 -0.6978285 0.7934483 -0.5623079 -0.2329154 0.7769714 0.5519542 -0.3027574 1 0 0 1 0 0 0.7721712 0.3055844 0.5571084 1 0 0 1 0 0 1 0 0 1 0 0 0.6863211 -0.06914599 -0.7240042 1 0 0 0.6863239 -0.6298611 -0.3636406 0.6863229 -0.5496546 -0.4762779 1 0 0 0.7721707 0.5571092 0.3055844 1 0 0 1 0 0 1 0 0 1 0 0 0.7819776 -0.2997612 -0.5464926 1 0 0 0.6863289 -0.6872896 -0.2378775 1 0 0 0.6863324 -0.726464 0.03461042 0.7769707 -0.5519552 0.3027573 0.6863173 -0.7199003 -0.1034996 1 0 0 1 0 0 1 0 0 0.6863237 -0.7067994 0.1714478 0.6863259 -0.5924272 0.4218848 0.6863193 -0.6615749 0.3021332 0.7674594 -0.5652925 0.3024077 1 0 0 1 0 0 0.6863246 -0.3932082 0.6118381 1 0 0 1 0 0 1 0 0 1 0 0 0.7716285 0.3589133 -0.5251388 0.7669014 0.5816635 -0.2711638 1 0 0 0.6863267 -0.5018869 0.5263699 0.7750879 -0.3846583 -0.5012752 1 0 0 0.7688459 -0.08695584 -0.633494 1 0 0 1 0 0 1 0 0 0.7689796 0.2797137 -0.5748309 1 0 0 0.7674615 0.5652887 0.3024094 1 0 0 1 0 0 0.6863242 -0.2703102 0.6751974 1 0 0 0.6863246 -0.1376422 0.714152 0.6863263 -0.4495835 -0.5716912 0 -1.036728e-06 1 0 -1.036728e-06 1 0 -0.4809222 0.8767633 0 -0.4809222 0.8767633 0 -0.9238796 0.3826832 0 -0.9238796 -0.3826832 0 -0.4809222 -0.8767633 0 -1.036728e-06 -1 0 -1.036728e-06 -1 0 0.4809213 -0.8767638 0 0.4809213 -0.8767638 0 1 8.760682e-18 0 1 -2.590632e-18 0 0.8767637 0.4809215 0 0.8767637 0.4809215 0 1.036728e-06 1 0 1.036728e-06 1 0 -0.4809219 0.8767635 0 -0.876764 0.4809208 0 -1 2.458936e-18 0 -1 7.453829e-18 0 -0.8767636 -0.4809216 0 -0.8767636 -0.4809216 0 -0.4809211 -0.8767639 0 1.036728e-06 -1 0 1.036728e-06 -1 0 0.4225362 -0.906346 -0.0146299 0.4716632 -0.8816574 -0.0172799 0.8808533 -0.4730738 -0.001383509 0.9999973 0.001860819 0 0.4809228 0.876763 0 0.4809228 0.876763 -0.02290113 -0.4374339 0.8989589 0.01460261 -0.1305078 0.9913397 -0.01460261 0.1305078 0.9913397 0.003908512 -0.6131387 0.7899656 0 -1 -2.591694e-07 0 -1 -2.591694e-07 0.01462916 -0.8816631 -0.4716525 0 -0.9063497 -0.4225283 -0.00390963 -0.6131324 -0.7899705 0.02289986 -0.4374246 -0.8989634 -0.02289828 -0.07065531 -0.9972379 0 1 -2.591694e-07 0 1 -2.591694e-07 0.01462912 0.881663 0.4716527 0 0.9063496 0.4225285 -0.003908512 0.6131387 0.7899656 0.02290113 0.4374339 0.8989589 0.01460289 0.1305099 0.9913395 -0.01460272 -0.1305086 0.9913396 0.02290045 -0.4374308 0.8989605 -0.003908797 -0.613135 0.7899685 0.01518145 -0.9277363 0.3729275 0 -0.9469346 0.3214262 0 -0.9469364 -0.321421 0.02289818 0.07066077 -0.9972375 0.003908972 0.6131383 -0.7899659 -0.01462843 0.8816629 -0.471653 0 1 -9.342259e-18 0 1 1.336309e-17 0 0.906346 0.4225364 0.003909133 0.6131339 0.7899693 -0.02289981 0.4374311 0.8989603 -0.01460272 -0.1305086 0.9913396 -0.003908797 -0.613135 0.7899685 0.0146286 -0.8816609 0.4716567 0 -1 9.342259e-18 0 -1 -1.336309e-17 0.01462902 -0.8816631 -0.4716526 0 -0.9063495 -0.4225288 -0.003908636 -0.6131394 -0.7899651 -0.01460272 -0.1305086 -0.9913396 -0.02290101 0.4374343 -0.8989587 0 1 -9.342259e-18 0 1 1.336309e-17 0 0.9063472 0.4225338 -0.0146286 0.8816609 0.4716567 -0.02290045 0.4374308 0.8989605 0.0146027 -0.1305085 0.9913396 0.00390868 -0.6131381 0.7899661 -0.01462883 -0.881663 0.4716529 0 -0.906349 0.4225298 0 -1 -2.591694e-07 0 -1 -2.591694e-07 0.02289954 -0.4374248 -0.8989634 0.01460268 0.130507 -0.9913398 0.00390963 0.6131324 -0.7899705 -0.01462916 0.8816631 -0.4716525 0 1 -2.591694e-07 0 1 -2.591694e-07 0.01462912 0.881663 0.4716527 0.02290113 0.4374339 0.8989589 0 -7.663582e-18 1 0 -2.458936e-18 1 0 -0.4809223 0.8767632 0 -0.4809223 0.8767632 0 -1 2.458936e-18 0 -1 7.453829e-18 0 -0.8767636 -0.4809216 0 -0.8767636 -0.4809216 0 -0.4809216 -0.8767636 0 -2.458936e-18 -1 0 -7.453829e-18 -1 0 0.4809216 -0.8767636 -0.0199067 0.9185273 -0.3948562 -0.005128947 0.9999868 8.205026e-18 -0.0199067 0.9185276 0.3948554 0 0.876764 0.4809208 0 1.036728e-06 1 0 1.036728e-06 1 0 -0.8767637 0.4809215 0 -0.8767637 0.4809215 0 -1 -8.760682e-18 0 -1 2.590632e-18 0 -0.8767637 -0.4809215 0 -0.4809213 -0.8767638 0 1.036728e-06 -1 0 1.036728e-06 -1 0 0.4809222 -0.8767633 0 0.4809222 -0.8767633 0 0.8767637 -0.4809215 0 0.8767637 -0.4809215 0 1 8.760682e-18 0 1 -2.590632e-18 0 0.8767637 0.4809215 0 0.4809222 0.8767633 0 0.4809222 0.8767633 0 0 -1 0 0 1 1 0 0 1 0 0 1 0 0 1 0 0 1 0 0 1 0 0 1 0 0 1 0 0</float_array>
          <technique_common>
            <accessor count="708" source="#normals-array-array" stride="3">
              <param type="float" name="X"/>
              <param type="float" name="Y"/>
              <param type="float" name="Z"/>
            </accessor>
          </technique_common>
        </source>
        <source id="colors-array">
          <float_array count="2124" id="colors-array-array">0.2941176 0.2941176 0.2941176 0.2941176 0.2941176 0.2941176 0.2941176 0.2941176 0.2941176 0.2941176 0.2941176 0.2941176 0.2941176 0.2941176 0.2941176 0.2941176 0.2941176 0.2941176 0.2941176 0.2941176 0.2941176 0.2941176 0.2941176 0.2941176 0.2941176 0.2941176 0.2941176 0.2941176 0.2941176 0.2941176 0.2941176 0.2941176 0.2941176 0.2941176 0.2941176 0.2941176 0.2941176 0.2941176 0.2941176 0.2941176 0.2941176 0.2941176 0.2941176 0.2941176 0.2941176 0.2941176 0.2941176 0.2941176 0.2941176 0.2941176 0.2941176 0.2941176 0.2941176 0.2941176 0.2941176 0.2941176 0.2941176 0.2941176 0.2941176 0.2941176 0.2941176 0.2941176 0.2941176 0.2941176 0.2941176 0.2941176 0.2941176 0.2941176 0.2941176 0.2941176 0.2941176 0.2941176 0.2941176 0.2941176 0.2941176 0.2941176 0.2941176 0.2941176 0.2941176 0.2941176 0.2941176 0.2941176 0.2941176 0.2941176 0.2941176 0.2941176 0.2941176 0.2941176 0.2941176 0.2941176 0.2941176 0.2941176 0.2941176 0.2941176 0.2941176 0.2941176 0.2941176 0.2941176 0.2941176 0.2941176 0.2941176 0.2941176 0.2941176 0.2941176 0.2941176 0.2941176 0.2941176 0.2941176 0.2941176 0.2941176 0.2941176 0.2941176 0.2941176 0.2941176 0.2941176 0.2941176 0.2941176 0.2941176 0.2941176 0.2941176 0.2941176 0.2941176 0.2941176 0.2941176 0.2941176 0.2941176 0.2941176 0.2941176 0.2941176 0.2941176 0.2941176 0.2941176 0.2941176 0.2941176 0.2941176 0.2941176 0.2941176 0.2941176 0.2941176 0.2941176 0.2941176 0.2941176 0.2941176 0.2941176 0.2941176 0.2941176 0.2941176 0.2941176 0.2941176 0.2941176 0.2941176 0.2941176 0.2941176 0.2941176 0.2941176 0.2941176 0.2941176 0.2941176 0.2941176 0.2941176 0.2941176 0.2941176 0.2941176 0.2941176 0.2941176 0.2941176 0.2941176 0.2941176 0.2941176 0.2941176 0.2941176 0.2941176 0.2941176 0.2941176 0.2941176 0.2941176 0.2941176 0.2941176 0.2941176 0.2941176 0.2941176 0.2941176 0.2941176 0.2941176 0.2941176 0.2941176 0.2941176 0.2941176 0.2941176 0.2941176 0.2941176 0.2941176 0.2941176 0.2941176 0.2941176 0.2941176 0.2941176 0.2941176 0.2941176 0.2941176 0.2941176 0.2941176 0.2941176 0.2941176 0.2941176 0.2941176 0.2941176 0.2941176 0.2941176 0.2941176 0.2941176 0.2941176 0.2941176 0.2941176 0.2941176 0.2941176 0.2941176 0.2941176 0.2941176 0.2941176 0.2941176 0.2941176 0.2941176 0.2941176 0.2941176 0.2941176 0.2941176 0.2941176 0.2941176 0.2941176 0.2941176 0.2941176 0.2941176 0.2941176 0.2941176 0.2941176 0.2941176 0.2941176 0.2941176 0.2941176 0.2941176 0.2941176 0.2941176 0.2941176 0.2941176 0.2941176 0.2941176 0.2941176 0.2941176 0.2941176 0.2941176 0.2941176 0.2941176 0.2941176 0.2941176 0.2941176 0.2941176 0.2941176 0.2941176 0.2941176 0.2941176 0.2941176 0.2941176 0.2941176 0.2941176 0.2941176 0.2941176 0.2941176 0.2941176 0.2941176 0.2941176 0.2941176 0.2941176 0.2941176 0.2941176 0.2941176 0.2941176 0.2941176 0.2941176 0.2941176 0.2941176 0.2941176 0.2941176 0.2941176 0.2941176 0.2941176 0.2941176 0.2941176 0.2941176 0.2941176 0.2941176 0.2941176 0.2941176 0.2941176 0.2941176 0.2941176 0.2941176 0.2941176 0.2941176 0.2941176 0.2941176 0.2941176 0.2941176 0.2941176 0.2941176 0.2941176 0.2941176 0.2941176 0.2941176 0.2941176 0.2941176 0.2941176 0.2941176 0.2941176 0.2941176 0.2941176 0.2941176 0.2941176 0.2941176 0.2941176 0.2941176 0.2941176 0.2941176 0.2941176 0.2941176 0.2941176 0.2941176 0.2941176 0.2941176 0.2941176 0.2941176 0.2941176 0.2941176 0.2941176 0.2941176 0.2941176 0.2941176 0.2941176 0.2941176 0.2941176 0.2941176 0.2941176 0.2941176 0.2941176 0.2941176 0.2941176 0.2941176 0.2941176 0.2941176 0.2941176 0.2941176 0.2941176 0.2941176 0.2941176 0.2941176 0.2941176 0.2941176 0.2941176 0.2941176 0.2941176 0.2941176 0.2941176 0.2941176 0.2941176 0.2941176 0.2941176 0.2941176 0.2941176 0.2941176 0.2941176 0.2941176 0.2941176 0.2941176 0.2941176 0.2941176 0.2941176 0.2941176 0.2941176 0.2941176 0.2941176 0.2941176 0.2941176 0.2941176 0.2941176 0.2941176 0.2941176 0.2941176 0.2941176 0.2941176 0.2941176 0.2941176 0.2941176 0.2941176 0.2941176 0.2941176 0.2941176 0.2941176 0.2941176 0.2941176 0.2941176 0.2941176 0.2941176 0.2941176 0.2941176 0.2941176 0.2941176 0.2941176 0.2941176 0.2941176 0.2941176 0.2941176 0.2941176 0.2941176 0.2941176 0.2941176 0.2941176 0.2941176 0.2941176 0.2941176 0.2941176 0.2941176 0.2941176 0.2941176 0.2941176 0.2941176 0.2941176 0.2941176 0.2941176 0.2941176 0.2941176 0.2941176 0.2941176 0.2941176 0.2941176 0.2941176 0.2941176 0.2941176 0.2941176 0.2941176 0.2941176 0.2941176 0.2941176 0.2941176 0.2941176 0.2941176 0.2941176 0.2941176 0.2941176 0.2941176 0.2941176 0.2941176 0.2941176 0.2941176 0.2941176 0.2941176 0.2941176 0.2941176 0.2941176 0.2941176 0.2941176 0.2941176 0.2941176 0.2941176 0.2941176 0.2941176 0.2941176 0.2941176 0.2941176 0.2941176 0.2941176 0.2941176 0.2941176 0.2941176 0.2941176 0.2941176 0.2941176 0.2941176 0.2941176 0.2941176 0.2941176 0.2941176 0.2941176 0.2941176 0.2941176 0.2941176 0.2941176 0.2941176 0.2941176 0.2941176 0.2941176 0.2941176 0.2941176 0.2941176 0.2941176 0.2941176 0.2941176 0.2941176 0.2941176 0.2941176 0.2941176 0.2941176 0.2941176 0.2941176 0.2941176 0.2941176 0.2941176 0.2941176 0.2941176 0.2941176 0.2941176 0.2941176 0.2941176 0.2941176 0.2941176 0.2941176 0.2941176 0.2941176 0.2941176 0.2941176 0.2941176 0.2941176 0.2941176 0.2941176 0.2941176 0.2941176 0.2941176 0.2941176 0.2941176 0.2941176 0.2941176 0.2941176 0.2941176 0.2941176 0.2941176 0.2941176 0.2941176 0.2941176 0.2941176 0.2941176 0.2941176 0.2941176 0.2941176 0.2941176 0.2941176 0.2941176 0.2941176 0.2941176 0.2941176 0.2941176 0.2941176 0.2941176 0.2941176 0.2941176 0.2941176 0.2941176 0.2941176 0.2941176 0.2941176 0.2941176 0.2941176 0.2941176 0.2941176 0.2941176 0.2941176 0.2941176 0.2941176 0.2941176 0.2941176 0.2941176 0.2941176 0.2941176 0.2941176 0.2941176 0.2941176 0.2941176 0.2941176 0.2941176 0.2941176 0.2941176 0.2941176 0.2941176 0.2941176 0.2941176 0.2941176 0.2941176 0.2941176 0.2941176 0.2941176 0.2941176 0.2941176 0.2941176 0.2941176 0.2941176 0.2941176 0.2941176 0.2941176 0.2941176 0.2941176 0.2941176 0.2941176 0.2941176 0.2941176 0.2941176 0.2941176 0.2941176 0.2941176 0.2941176 0.2941176 0.2941176 0.2941176 0.2941176 0.2941176 0.2941176 0.2941176 0.2941176 0.2941176 0.2941176 0.2941176 0.2941176 0.2941176 0.2941176 0.2941176 0.2941176 0.2941176 0.2941176 0.2941176 0.2941176 0.2941176 0.2941176 0.2941176 0.2941176 0.2941176 0.2941176 0.2941176 0.2941176 0.2941176 0.2941176 0.2941176 0.2941176 0.2941176 0.2941176 0.2941176 0.2941176 0.2941176 0.2941176 0.2941176 0.2941176 0.2941176 0.2941176 0.2941176 0.2941176 0.2941176 0.2941176 0.2941176 0.2941176 0.2941176 0.2941176 0.2941176 0.2941176 0.2941176 0.2941176 0.2941176 0.2941176 0.2941176 0.2941176 0.2941176 0.2941176 0.2941176 0.2941176 0.2941176 0.2941176 0.2941176 0.2941176 0.2941176 0.2941176 0.2941176 0.2941176 0.2941176 0.2941176 0.2941176 0.2941176 0.2941176 0.2941176 0.2941176 0.2941176 0.2941176 0.2941176 0.2941176 0.2941176 0.2941176 0.2941176 0.2941176 0.2941176 0.2941176 0.2941176 0.2941176 0.2941176 0.2941176 0.2941176 0.2941176 0.2941176 0.2941176 0.2941176 0.2941176 0.2941176 0.2941176 0.2941176 0.2941176 0.2941176 0.2941176 0.2941176 0.2941176 0.2941176 0.2941176 0.2941176 0.2941176 0.2941176 0.2941176 0.2941176 0.2941176 0.2941176 0.2941176 0.2941176 0.2941176 0.2941176 0.2941176 0.2941176 0.2941176 0.2941176 0.2941176 0.2941176 0.2941176 0.2941176 0.2941176 0.2941176 0.2941176 0.2941176 0.2941176 0.2941176 0.2941176 0.2941176 0.2941176 0.2941176 0.2941176 0.2941176 0.2941176 0.2941176 0.2941176 0.2941176 0.2941176 0.2941176 0.2941176 0.2941176 0.2941176 0.2941176 0.2941176 0.2941176 0.2941176 0.2941176 0.2941176 0.2941176 0.2941176 0.2941176 0.2941176 0.2941176 0.2941176 0.2941176 0.2941176 0.2941176 0.2941176 0.2941176 0.2941176 0.2941176 0.2941176 0.2941176 0.2941176 0.2941176 0.2941176 0.2941176 0.2941176 0.2941176 0.2941176 0.2941176 0.2941176 0.2941176 0.2941176 0.2941176 0.2941176 0.2941176 0.2941176 0.2941176 0.2941176 0.2941176 0.2941176 0.2941176 0.2941176 0.2941176 0.2941176 0.2941176 0.2941176 0.2941176 0.2941176 0.2941176 0.2941176 0.2941176 0.2941176 0.2941176 0.2941176 0.2941176 0.2941176 0.2941176 0.2941176 0.2941176 0.2941176 0.2941176 0.2941176 0.2941176 0.2941176 0.2941176 0.2941176 0.2941176 0.2941176 0.2941176 0.2941176 0.2941176 0.2941176 0.2941176 0.2941176 0.2941176 0.2941176 0.2941176 0.2941176 0.2941176 0.2941176 0.2941176 0.2941176 0.2941176 0.2941176 0.2941176 0.2941176 0.2941176 0.2941176 0.2941176 0.2941176 0.2941176 0.2941176 0.2941176 0.2941176 0.2941176 0.2941176 0.2941176 0.2941176 0.2941176 0.2941176 0.2941176 0.2941176 0.2941176 0.2941176 0.2941176 0.2941176 0.2941176 0.2941176 0.2941176 0.2941176 0.2941176 0.2941176 0.2941176 0.2941176 0.2941176 0.2941176 0.2941176 0.2941176 0.2941176 0.2941176 0.2941176 0.2941176 0.2941176 0.2941176 0.2941176 0.2941176 0.2941176 0.2941176 0.2941176 0.2941176 0.2941176 0.2941176 0.2941176 0.2941176 0.2941176 0.2941176 0.2941176 0.2941176 0.2941176 0.2941176 0.2941176 0.2941176 0.2941176 0.2941176 0.2941176 0.2941176 0.2941176 0.2941176 0.2941176 0.2941176 0.2941176 0.2941176 0.2941176 0.2941176 0.2941176 0.2941176 0.2941176 0.2941176 0.2941176 0.2941176 0.2941176 0.2941176 0.2941176 0.2941176 0.2941176 0.2941176 0.2941176 0.2941176 0.2941176 0.2941176 0.2941176 0.2941176 0.2941176 0.2941176 0.2941176 0.2941176 0.2941176 0.2941176 0.2941176 0.2941176 0.2941176 0.2941176 0.2941176 0.2941176 0.2941176 0.2941176 0.2941176 0.2941176 0.2941176 0.2941176 0.2941176 0.2941176 0.2941176 0.2941176 0.2941176 0.2941176 0.2941176 0.2941176 0.2941176 0.2941176 0.2941176 0.2941176 0.2941176 0.2941176 0.2941176 0.2941176 0.2941176 0.2941176 0.2941176 0.2941176 0.2941176 0.2941176 0.2941176 0.2941176 0.2941176 0.2941176 0.2941176 0.2941176 0.2941176 0.2941176 0.2941176 0.2941176 0.2941176 0.2941176 0.2941176 0.2941176 0.2941176 0.2941176 0.2941176 0.2941176 0.2941176 0.2941176 0.2941176 0.2941176 0.2941176 0.2941176 0.2941176 0.2941176 0.2941176 0.2941176 0.2941176 0.2941176 0.2941176 0.2941176 0.2941176 0.2941176 0.2941176 0.2941176 0.2941176 0.2941176 0.2941176 0.2941176 0.2941176 0.2941176 0.2941176 0.2941176 0.2941176 0.2941176 0.2941176 0.2941176 0.2941176 0.2941176 0.2941176 0.2941176 0.2941176 0.2941176 0.2941176 0.2941176 0.2941176 0.2941176 0.2941176 0.2941176 0.2941176 0.2941176 0.2941176 0.2941176 0.2941176 0.2941176 0.2941176 0.2941176 0.2941176 0.2941176 0.2941176 0.2941176 0.2941176 0.2941176 0.2941176 0.2941176 0.2941176 0.2941176 0.2941176 0.2941176 0.2941176 0.2941176 0.2941176 0.2941176 0.2941176 0.2941176 0.2941176 0.2941176 0.2941176 0.2941176 0.2941176 0.2941176 0.2941176 0.2941176 0.2941176 0.2941176 0.2941176 0.2941176 0.2941176 0.2941176 0.2941176 0.2941176 0.2941176 0.2941176 0.2941176 0.2941176 0.2941176 0.2941176 0.2941176 0.2941176 0.2941176 0.2941176 0.2941176 0.2941176 0.2941176 0.2941176 0.2941176 0.2941176 0.2941176 0.2941176 0.2941176 0.2941176 0.2941176 0.2941176 0.2941176 0.2941176 0.2941176 0.2941176 0.2941176 0.2941176 0.2941176 0.2941176 0.2941176 0.2941176 0.2941176 0.2941176 0.2941176 0.2941176 0.2941176 0.2941176 0.2941176 0.2941176 0.2941176 0.2941176 0.2941176 0.2941176 0.2941176 0.2941176 0.2941176 0.2941176 0.2941176 0.2941176 0.2941176 0.2941176 0.2941176 0.2941176 0.2941176 0.2941176 0.2941176 0.2941176 0.2941176 0.2941176 0.2941176 0.2941176 0.2941176 0.2941176 0.2941176 0.2941176 0.2941176 0.2941176 0.2941176 0.2941176 0.2941176 0.2941176 0.2941176 0.2941176 0.2941176 0.2941176 0.2941176 0.2941176 0.2941176 0.2941176 0.2941176 0.2941176 0.2941176 0.2941176 0.2941176 0.2941176 0.2941176 0.2941176 0.2941176 0.2941176 0.2941176 0.2941176 0.2941176 0.2941176 0.2941176 0.2941176 0.2941176 0.2941176 0.2941176 0.2941176 0.2941176 0.2941176 0.2941176 0.2941176 0.2941176 0.2941176 0.2941176 0.2941176 0.2941176 0.2941176 0.2941176 0.2941176 0.2941176 0.2941176 0.2941176 0.2941176 0.2941176 0.2941176 0.2941176 0.2941176 0.2941176 0.2941176 0.2941176 0.2941176 0.2941176 0.2941176 0.2941176 0.2941176 0.2941176 0.2941176 0.2941176 0.2941176 0.2941176 0.2941176 0.2941176 0.2941176 0.2941176 0.2941176 0.2941176 0.2941176 0.2941176 0.2941176 0.2941176 0.2941176 0.2941176 0.2941176 0.2941176 0.2941176 0.2941176 0.2941176 0.2941176 0.2941176 0.2941176 0.2941176 0.2941176 0.2941176 0.2941176 0.2941176 0.2941176 0.2941176 0.2941176 0.2941176 0.2941176 0.2941176 0.2941176 0.2941176 0.2941176 0.2941176 0.2941176 0.2941176 0.2941176 0.2941176 0.2941176 0.2941176 0.2941176 0.2941176 0.2941176 0.2941176 0.2941176 0.2941176 0.2941176 0.2941176 0.2941176 0.2941176 0.2941176 0.2941176 0.2941176 0.2941176 0.2941176 0.2941176 0.2941176 0.2941176 0.2941176 0.2941176 0.2941176 0.2941176 0.2941176 0.2941176 0.2941176 0.2941176 0.2941176 0.2941176 0.2941176 0.2941176 0.2941176 0.2941176 0.2941176 0.2941176 0.2941176 0.2941176 0.2941176 0.2941176 0.2941176 0.2941176 0.2941176 0.2941176 0.2941176 0.2941176 0.2941176 0.2941176 0.2941176 0.2941176 0.2941176 0.2941176 0.2941176 0.2941176 0.2941176 0.2941176 0.2941176 0.2941176 0.2941176 0.2941176 0.2941176 0.2941176 0.2941176 0.2941176 0.2941176 0.2941176 0.2941176 0.2941176 0.2941176 0.2941176 0.2941176 0.2941176 0.2941176 0.2941176 0.2941176 0.2941176 0.2941176 0.2941176 0.2941176 0.2941176 0.2941176 0.2941176 0.2941176 0.2941176 0.2941176 0.2941176 0.2941176 0.2941176 0.2941176 0.2941176 0.2941176 0.2941176 0.2941176 0.2941176 0.2941176 0.2941176 0.2941176 0.2941176 0.2941176 0.2941176 0.2941176 0.2941176 0.2941176 0.2941176 0.2941176 0.2941176 0.2941176 0.2941176 0.2941176 0.2941176 0.2941176 0.2941176 0.2941176 0.2941176 0.2941176 0.2941176 0.2941176 0.2941176 0.2941176 0.2941176 0.2941176 0.2941176 0.2941176 0.2941176 0.2941176 0.2941176 0.2941176 0.2941176 0.2941176 0.2941176 0.2941176 0.2941176 0.2941176 0.2941176 0.2941176 0.2941176 0.2941176 0.2941176 0.2941176 0.2941176 0.2941176 0.2941176 0.2941176 0.2941176 0.2941176 0.2941176 0.2941176 0.2941176 0.2941176 0.2941176 0.2941176 0.2941176 0.2941176 0.2941176 0.2941176 0.2941176 0.2941176 0.2941176 0.2941176 0.2941176 0.2941176 0.2941176 0.2941176 0.2941176 0.2941176 0.2941176 0.2941176 0.2941176 0.2941176 0.2941176 0.2941176 0.2941176 0.2941176 0.2941176 0.2941176 0.2941176 0.2941176 0.2941176 0.2941176 0.2941176 0.2941176 0.2941176 0.2941176 0.2941176 0.2941176 0.2941176 0.2941176 0.2941176 0.2941176 0.2941176 0.2941176 0.2941176 0.2941176 0.2941176 0.2941176 0.2941176 0.2941176 0.2941176 0.2941176 0.2941176 0.2941176 0.2941176 0.2941176 0.2941176 0.2941176 0.2941176 0.2941176 0.2941176 0.2941176 0.2941176 0.2941176 0.2941176 0.2941176 0.2941176 0.2941176 0.2941176 0.2941176 0.2941176 0.2941176 0.2941176 0.2941176 0.2941176 0.2941176 0.2941176 0.2941176 0.2941176 0.2941176 0.2941176 0.2941176 0.2941176 0.2941176 0.2941176 0.2941176 0.2941176 0.2941176 0.2941176 0.2941176 0.2941176 0.2941176 0.2941176 0.2941176 0.2941176 0.2941176 0.2941176 0.2941176 0.2941176 0.2941176 0.2941176 0.2941176 0.2941176 0.2941176 0.2941176 0.2941176 0.2941176 0.2941176 0.2941176 0.2941176 0.2941176 0.2941176 0.2941176 0.2941176 0.2941176 0.2941176 0.2941176 0.2941176 0.2941176 0.2941176 0.2941176 0.2941176 0.2941176 0.2941176 0.2941176 0.2941176 0.2941176 0.2941176 0.2941176 0.2941176 0.2941176 0.2941176 0.2941176 0.2941176 0.2941176 0.2941176 0.2941176 0.2941176 0.2941176 0.2941176 0.2941176 0.2941176 0.2941176 0.2941176 0.2941176 0.2941176 0.2941176 0.2941176 0.2941176 0.2941176 0.2941176 0.2941176 0.2941176 0.2941176 0.2941176 0.2941176 0.2941176 0.2941176 0.2941176 0.2941176 0.2941176 0.2941176 0.2941176 0.2941176 0.2941176 0.2941176 0.2941176 0.2941176 0.2941176 0.2941176 0.2941176 0.2941176 0.2941176 0.2941176 0.2941176 0.2941176 0.2941176 0.2941176 0.2941176 0.2941176 0.2941176 0.2941176 0.2941176 0.2941176 0.2941176 0.2941176 0.2941176 0.2941176 0.2941176 0.2941176 0.2941176 0.2941176 0.2941176 0.2941176 0.2941176 0.2941176 0.2941176 0.2941176 0.2941176 0.2941176 0.2941176 0.2941176 0.2941176 0.2941176 0.2941176 0.2941176 0.2941176 0.2941176 0.2941176 0.2941176 0.2941176 0.2941176 0.2941176 0.2941176 0.2941176 0.2941176 0.2941176 0.2941176 0.2941176 0.2941176 0.2941176 0.2941176 0.2941176 0.2941176 0.2941176 0.2941176 0.2941176 0.2941176 0.2941176 0.2941176 0.2941176 0.2941176 0.2941176 0.2941176 0.2941176 0.2941176 0.2941176 0.2941176 0.2941176 0.2941176 0.2941176 0.2941176 0.2941176 0.2941176 0.2941176 0.2941176 0.2941176 0.2941176 0.2941176 0.2941176 0.2941176 0.2941176 0.2941176 0.2941176 0.2941176 0.2941176 0.2941176 0.2941176 0.2941176 0.2941176 0.2941176 0.2941176 0.2941176 0.2941176 0.2941176 0.2941176 0.2941176 0.2941176 0.2941176 0.2941176 0.2941176 0.2941176 0.2941176 0.2941176 0.2941176 0.2941176 0.2941176 0.2941176 0.2941176 0.2941176 0.2941176 0.2941176 0.2941176 0.2941176 0.2941176 0.2941176 0.2941176 0.2941176 0.2941176 0.2941176 0.2941176 0.2941176 0.2941176 0.2941176 0.2941176 0.2941176 0.2941176 0.2941176 0.2941176 0.2941176 0.2941176 0.2941176 0.2941176 0.2941176 0.2941176 0.2941176 0.2941176 0.2941176 0.2941176 0.2941176 0.2941176 0.2941176 0.2941176 0.2941176 0.2941176 0.2941176 0.2941176 0.2941176 0.2941176 0.2941176 0.2941176 0.2941176 0.2941176 0.2941176 0.2941176 0.2941176 0.2941176 0.2941176 0.2941176 0.2941176 0.2941176 0.2941176 0.2941176 0.2941176 0.2941176 0.2941176 0.2941176 0.2941176 0.2941176 0.2941176 0.2941176 0.2941176 0.2941176 0.2941176 0.2941176 0.2941176 0.2941176 0.2941176 0.2941176 0.2941176 0.2941176 0.2941176 0.2941176 0.2941176 0.2941176 0.2941176 0.2941176 0.2941176 0.2941176 0.2941176 0.2941176 0.2941176 0.2941176 0.2941176 0.2941176 0.2941176 0.2941176 0.2941176 0.2941176 0.2941176 0.2941176 0.2941176 0.2941176 0.2941176 0.2941176 0.2941176 0.2941176 0.2941176 0.2941176 0.2941176 0.2941176 0.2941176 0.2941176 0.2941176 0.2941176 0.2941176 0.2941176 0.2941176 0.2941176 0.2941176 0.2941176 0.2941176 0.2941176 0.2941176 0.2941176 0.2941176 0.2941176 0.2941176 0.2941176 0.2941176 0.2941176 0.2941176 0.2941176 0.2941176 0.2941176 0.2941176 0.2941176 0.2941176 0.2941176 0.2941176 0.2941176 0.2941176 0.2941176 0.2941176 0.2941176 0.2941176 0.2941176 0.2941176 0.2941176 0.2941176 0.2941176 0.2941176 0.2941176 0.2941176 0.2941176 0.2941176 0.2941176 0.2941176 0.2941176 0.2941176 0.2941176 0.2941176 0.2941176 0.2941176 0.2941176 0.2941176 0.2941176 0.2941176 0.2941176 0.2941176 0.2941176 0.2941176 0.2941176 0.2941176 0.2941176 0.2941176 0.2941176 0.2941176 0.2941176 0.2941176 0.2941176 0.2941176 0.2941176 0.2941176 0.2941176 0.2941176 0.2941176 0.2941176 0.2941176 0.2941176 0.2941176 0.2941176 0.2941176 0.2941176 0.2941176 0.2941176 0.2941176 0.2941176 0.2941176 0.2941176 0.2941176 0.2941176 0.2941176 0.2941176 0.2941176 0.2941176 0.2941176 0.2941176 0.2941176 0.2941176 0.2941176 0.2941176 0.2941176 0.2941176 0.2941176 0.2941176 0.2941176 0.2941176 0.2941176 0.2941176 0.2941176 0.2941176 0.2941176 0.2941176 0.2941176 0.2941176 0.2941176 0.2941176 0.2941176 0.2941176 0.2941176 0.2941176 0.2941176 0.2941176 0.2941176 0.2941176 0.2941176 0.2941176 0.2941176 0.2941176 0.2941176 0.2941176 0.2941176 0.2941176 0.2941176 0.2941176 0.2941176 0.2941176 0.2941176 0.2941176 0.2941176 0.2941176 0.2941176 0.2941176 0.2941176 0.2941176 0.2941176 0.2941176 0.2941176 0.2941176 0.2941176 0.2941176 0.2941176 0.2941176 0.2941176 0.2941176 0.2941176 0.2941176 0.2941176 0.2941176 0.2941176 0.2941176 0.2941176 0.2941176 0.2941176 0.2941176 0.2941176 0.2941176 0.2941176 0.2941176 0.2941176 0.2941176 0.2941176 0.2941176 0.2941176 0.2941176 0.2941176 0.2941176 0.2941176 0.2941176 0.2941176 0.2941176 0.2941176 0.2941176 0.2941176 0.2941176 0.2941176 0.2941176 0.2941176 0.2941176 0.2941176 0.2941176 0.2941176 0.2941176 0.2941176 0.2941176 0.2941176 0.2941176 0.2941176 0.2941176 0.2941176 0.2941176 0.2941176 0.2941176 0.2941176 0.2941176 0.2941176 0.2941176 0.2941176 0.2941176 0.2941176 0.2941176 0.2941176 0.2941176 0.2941176 0.2941176 0.2941176 0.2941176 0.2941176 0.2941176 0.2941176 0.2941176 0.2941176 0.2941176 0.2941176 0.2941176 0.2941176 0.2941176 0.2941176 0.2941176 0.2941176 0.2941176 0.2941176 0.2941176 0.2941176 0.2941176 0.2941176 0.2941176 0.2941176 0.2941176 0.2941176 0.2941176 0.2941176 0.2941176 0.2941176 0.2941176 0.2941176 0.2941176 0.2941176 0.2941176 0.2941176 0.2941176 0.2941176 0.2941176 0.2941176 0.2941176 0.2941176 0.2941176 0.2941176 0.2941176 0.2941176 0.2941176 0.2941176 0.2941176 0.2941176 0.2941176 0.2941176 0.2941176 0.2941176 0.2941176 0.2941176 0.2941176 0.2941176 0.2941176 0.2941176 0.2941176 0.2941176 0.2941176 0.2941176 0.2941176 0.2941176 0.2941176 0.2941176 0.2941176 0.2941176 0.2941176 0.2941176 0.2941176 0.2941176 0.2941176 0.2941176 0.2941176 0.2941176 0.2941176 0.2941176 0.2941176 0.2941176 0.2941176 0.2941176 0.2941176 0.2941176 0.2941176 0.2941176 0.2941176 0.2941176 0.2941176 0.2941176 0.2941176 0.2941176 0.2941176 0.2941176 0.2941176 0.2941176 0.2941176 0.2941176 0.2941176 0.2941176 0.2941176 0.2941176 0.2941176 0.2941176 0.2941176 0.2941176 0.2941176 0.2941176 0.2941176 0.2941176 0.2941176 0.2941176 0.2941176 0.2941176 0.2941176 0.2941176 0.2941176 0.2941176 0.2941176 0.2941176 0.2941176 0.2941176 0.2941176 0.2941176 0.2941176 0.2941176 0.2941176 0.2941176 0.2941176 0.2941176 0.2941176 0.2941176 0.2941176 0.2941176 0.2941176 0.2941176 0.2941176 0.2941176 0.2941176 0.2941176</float_array>
          <technique_common>
            <accessor count="708" source="#colors-array-array" stride="3">
              <param type="float" name="R"/>
              <param type="float" name="G"/>
              <param type="float" name="B"/>
            </accessor>
          </technique_common>
        </source>
        <vertices id="verts-array-vertices">
          <input semantic="POSITION" source="#verts-array"/>
        </vertices>
        <triangles count="1109" material="material1">
          <input offset="0" semantic="VERTEX" source="#verts-array-vertices"/>
          <input offset="1" semantic="NORMAL" source="#normals-array"/>
          <input offset="2" semantic="COLOR" source="#colors-array"/>
          <p>0 0 0 1 1 1 2 2 2 3 3 3 4 4 4 5 5 5 6 6 6 7 7 7 8 8 8 9 9 9 10 10 10 11 11 11 2 2 2 6 6 6 0 0 0 8 8 8 0 0 0 6 6 6 0 0 0 8 8 8 11 11 11 3 3 3 11 11 11 8 8 8 11 11 11 3 3 3 9 9 9 5 5 5 9 9 9 3 3 3 12 12 12 13 13 13 14 14 14 15 15 15 14 14 14 13 13 13 16 16 16 14 14 14 17 17 17 15 15 15 17 17 17 14 14 14 17 17 17 15 15 15 18 18 18 19 19 19 18 18 18 15 15 15 20 20 20 21 21 21 22 22 22 23 23 23 22 22 22 21 21 21 24 24 24 22 22 22 25 25 25 23 23 23 25 25 25 22 22 22 25 25 25 23 23 23 26 26 26 27 27 27 28 28 28 29 29 29 23 23 23 30 30 30 31 31 31 31 31 31 32 32 32 23 23 23 33 33 33 23 23 23 32 32 32 23 23 23 33 33 33 26 26 26 34 34 34 35 35 35 36 36 36 36 36 36 37 37 37 34 34 34 38 38 38 34 34 34 37 37 37 39 39 39 34 34 34 38 38 38 23 23 23 40 40 40 41 41 41 41 41 41 42 42 42 23 23 23 23 23 23 42 42 42 30 30 30 43 43 43 30 30 30 42 42 42 30 30 30 43 43 43 29 29 29 29 29 29 43 43 43 44 44 44 45 45 45 46 46 46 41 41 41 47 47 47 48 48 48 38 38 38 27 27 27 38 38 38 48 48 48 38 38 38 27 27 27 39 39 39 29 29 29 39 39 39 27 27 27 44 44 44 39 39 39 29 29 29 35 35 35 49 49 49 36 36 36 36 36 36 49 49 49 50 50 50 51 51 51 50 50 50 49 49 49 50 50 50 51 51 51 52 52 52 52 52 52 51 51 51 53 53 53 54 54 54 53 53 53 51 51 51 53 53 53 54 54 54 55 55 55 55 55 55 54 54 54 56 56 56 57 57 57 56 56 56 54 54 54 56 56 56 57 57 57 41 41 41 45 45 45 41 41 41 57 57 57 41 41 41 46 46 46 42 42 42 58 58 58 59 59 59 60 60 60 61 61 61 60 60 60 59 59 59 62 62 62 60 60 60 63 63 63 61 61 61 63 63 63 60 60 60 63 63 63 61 61 61 64 64 64 65 65 65 64 64 64 61 61 61 66 66 66 25 25 25 26 26 26 66 66 66 26 26 26 67 67 67 33 33 33 67 67 67 26 26 26 67 67 67 33 33 33 68 68 68 32 32 32 68 68 68 33 33 33 68 68 68 32 32 32 69 69 69 31 31 31 69 69 69 32 32 32 69 69 69 31 31 31 70 70 70 30 30 30 70 70 70 31 31 31 70 70 70 30 30 30 71 71 71 29 29 29 71 71 71 30 30 30 71 71 71 29 29 29 72 72 72 73 73 73 74 74 74 75 75 75 74 74 74 73 73 73 76 76 76 77 77 77 76 76 76 73 73 73 76 76 76 77 77 77 78 78 78 79 79 79 80 80 80 81 81 81 82 82 82 83 83 83 84 84 84 85 85 85 86 86 86 87 87 87 87 87 87 88 88 88 85 85 85 89 89 89 85 85 85 88 88 88 85 85 85 89 89 89 84 84 84 74 74 74 84 84 84 89 89 89 90 90 90 91 91 91 84 84 84 86 86 86 85 85 85 92 92 92 93 93 93 92 92 92 85 85 85 94 94 94 92 92 92 93 93 93 95 95 95 96 96 96 83 83 83 97 97 97 83 83 83 96 96 96 83 83 83 97 97 97 98 98 98 91 91 91 99 99 99 84 84 84 100 100 100 84 84 84 99 99 99 84 84 84 100 100 100 101 101 101 102 102 102 101 101 101 100 100 100 101 101 101 102 102 102 103 103 103 104 104 104 103 103 103 102 102 102 103 103 103 104 104 104 105 105 105 106 106 106 105 105 105 104 104 104 107 107 107 108 108 108 109 109 109 110 110 110 109 109 109 108 108 108 109 109 109 110 110 110 111 111 111 112 112 112 111 111 111 110 110 110 111 111 111 112 112 112 113 113 113 114 114 114 113 113 113 112 112 112 113 113 113 114 114 114 115 115 115 116 116 116 115 115 115 114 114 114 115 115 115 116 116 116 117 117 117 74 74 74 118 118 118 84 84 84 82 82 82 84 84 84 118 118 118 98 98 98 119 119 119 83 83 83 120 120 120 83 83 83 119 119 119 83 83 83 120 120 120 84 84 84 121 121 121 84 84 84 120 120 120 84 84 84 121 121 121 90 90 90 80 80 80 122 122 122 81 81 81 123 123 123 81 81 81 122 122 122 81 81 81 123 123 123 124 124 124 125 125 125 124 124 124 123 123 123 124 124 124 125 125 125 126 126 126 117 117 117 126 126 126 125 125 125 126 126 126 117 117 117 127 127 127 116 116 116 127 127 127 117 117 117 128 128 128 129 129 129 130 130 130 131 131 131 130 130 130 129 129 129 130 130 130 131 131 131 132 132 132 133 133 133 132 132 132 131 131 131 132 132 132 133 133 133 134 134 134 135 135 135 134 134 134 133 133 133 134 134 134 135 135 135 136 136 136 137 137 137 136 136 136 135 135 135 136 136 136 137 137 137 107 107 107 138 138 138 107 107 107 137 137 137 107 107 107 138 138 138 108 108 108 79 79 79 81 81 81 104 104 104 104 104 104 81 81 81 106 106 106 139 139 139 140 140 140 81 81 81 141 141 141 81 81 81 140 140 140 81 81 81 141 141 141 106 106 106 83 83 83 142 142 142 95 95 95 143 143 143 95 95 95 142 142 142 95 95 95 143 143 143 144 144 144 145 145 145 144 144 144 143 143 143 144 144 144 145 145 145 146 146 146 147 147 147 146 146 146 145 145 145 146 146 146 147 147 147 148 148 148 149 149 149 148 148 148 147 147 147 148 148 148 149 149 149 150 150 150 151 151 151 150 150 150 149 149 149 150 150 150 151 151 151 128 128 128 152 152 152 128 128 128 151 151 151 128 128 128 152 152 152 129 129 129 153 153 153 139 139 139 81 81 81 154 154 154 155 155 155 156 156 156 157 157 157 158 158 158 159 159 159 160 160 160 161 161 161 162 162 162 163 163 163 164 164 164 165 165 165 166 166 166 167 167 167 168 168 168 169 169 169 170 170 170 171 171 171 171 171 171 170 170 170 168 168 168 172 172 172 168 168 168 170 170 170 168 168 168 172 172 172 166 166 166 169 169 169 171 171 171 173 173 173 66 66 66 173 173 173 171 171 171 173 173 173 66 66 66 174 174 174 67 67 67 174 174 174 66 66 66 174 174 174 67 67 67 175 175 175 68 68 68 175 175 175 67 67 67 175 175 175 68 68 68 176 176 176 69 69 69 176 176 176 68 68 68 176 176 176 69 69 69 177 177 177 70 70 70 177 177 177 69 69 69 177 177 177 70 70 70 178 178 178 71 71 71 178 178 178 70 70 70 178 178 178 71 71 71 179 179 179 72 72 72 179 179 179 71 71 71 179 179 179 72 72 72 180 180 180 180 180 180 72 72 72 181 181 181 182 182 182 181 181 181 72 72 72 181 181 181 182 182 182 183 183 183 184 184 184 185 185 185 186 186 186 185 185 185 184 184 184 187 187 187 188 188 188 187 187 187 184 184 184 187 187 187 188 188 188 189 189 189 190 190 190 189 189 189 188 188 188 191 191 191 189 189 189 190 190 190 189 189 189 191 191 191 192 192 192 166 166 166 193 193 193 167 167 167 194 194 194 167 167 167 193 193 193 194 194 194 195 195 195 167 167 167 167 167 167 195 195 195 186 186 186 186 186 186 185 185 185 167 167 167 167 167 167 185 185 185 196 196 196 196 196 196 197 197 197 167 167 167 192 192 192 182 182 182 198 198 198 198 198 198 182 182 182 199 199 199 164 164 164 199 199 199 182 182 182 165 165 165 164 164 164 200 200 200 164 164 164 201 201 201 200 200 200 202 202 202 165 165 165 203 203 203 204 204 204 202 202 202 203 203 203 205 205 205 201 201 201 206 206 206 205 205 205 200 200 200 201 201 201 207 207 207 208 208 208 209 209 209 202 202 202 210 210 210 165 165 165 165 165 165 210 210 210 75 75 75 165 165 165 75 75 75 163 163 163 204 204 204 211 211 211 202 202 202 202 202 202 211 211 211 209 209 209 207 207 207 209 209 209 211 211 211 212 212 212 213 213 213 214 214 214 208 208 208 215 215 215 213 213 213 213 213 213 215 215 215 214 214 214 208 208 208 213 213 213 209 209 209 216 216 216 209 209 209 213 213 213 209 209 209 216 216 216 217 217 217 218 218 218 213 213 213 219 219 219 219 219 219 213 213 213 220 220 220 221 221 221 220 220 220 213 213 213 216 216 216 213 213 213 218 218 218 217 217 217 222 222 222 209 209 209 223 223 223 209 209 209 222 222 222 209 209 209 223 223 223 224 224 224 225 225 225 224 224 224 223 223 223 224 224 224 225 225 225 226 226 226 226 226 226 225 225 225 227 227 227 228 228 228 229 229 229 221 221 221 221 221 221 229 229 229 220 220 220 227 227 227 230 230 230 226 226 226 226 226 226 230 230 230 221 221 221 228 228 228 221 221 221 230 230 230 231 231 231 232 232 232 221 221 221 232 232 232 233 233 233 221 221 221 234 234 234 221 221 221 233 233 233 221 221 221 234 234 234 226 226 226 235 235 235 231 231 231 162 162 162 236 236 236 162 162 162 237 237 237 162 162 162 236 236 236 160 160 160 238 238 238 239 239 239 237 237 237 237 237 237 239 239 239 240 240 240 241 241 241 242 242 242 243 243 243 242 242 242 241 241 241 238 238 238 238 238 238 241 241 241 239 239 239 244 244 244 245 245 245 242 242 242 246 246 246 247 247 247 248 248 248 249 249 249 244 244 244 246 246 246 158 158 158 250 250 250 247 247 247 159 159 159 251 251 251 252 252 252 159 159 159 253 253 253 157 157 157 254 254 254 251 251 251 159 159 159 182 182 182 255 255 255 254 254 254 191 191 191 183 183 183 192 192 192 182 182 182 192 192 192 183 183 183 154 154 154 156 156 156 256 256 256 257 257 257 258 258 258 156 156 156 259 259 259 156 156 156 258 258 258 156 156 156 259 259 259 256 256 256 238 238 238 260 260 260 261 261 261 262 262 262 263 263 263 238 238 238 264 264 264 238 238 238 263 263 263 238 238 238 264 264 264 260 260 260 265 265 265 266 266 266 221 221 221 266 266 266 267 267 267 221 221 221 268 268 268 221 221 221 267 267 267 221 221 221 268 268 268 269 269 269 213 213 213 201 201 201 270 270 270 201 201 201 213 213 213 206 206 206 212 212 212 206 206 206 213 213 213 271 271 271 201 201 201 272 272 272 201 201 201 271 271 271 273 273 273 156 156 156 155 155 155 274 274 274 156 156 156 247 247 247 246 246 246 275 275 275 276 276 276 246 246 246 277 277 277 278 278 278 156 156 156 276 276 276 279 279 279 246 246 246 246 246 246 279 279 279 156 156 156 277 277 277 156 156 156 279 279 279 280 280 280 257 257 257 281 281 281 156 156 156 281 281 281 257 257 257 278 278 278 281 281 281 156 156 156 244 244 244 282 282 282 283 283 283 283 283 283 284 284 284 244 244 244 244 244 244 284 284 284 246 246 246 275 275 275 246 246 246 284 284 284 285 285 285 257 257 257 280 280 280 285 285 285 286 286 286 257 257 257 257 257 257 286 286 286 244 244 244 282 282 282 244 244 244 286 286 286 287 287 287 288 288 288 257 257 257 289 289 289 290 290 290 242 242 242 291 291 291 257 257 257 288 288 288 292 292 292 293 293 293 244 244 244 244 244 244 293 293 293 257 257 257 287 287 287 257 257 257 293 293 293 261 261 261 294 294 294 238 238 238 257 257 257 238 238 238 294 294 294 238 238 238 257 257 257 295 295 295 291 291 291 295 295 295 257 257 257 295 295 295 296 296 296 238 238 238 238 238 238 296 296 296 297 297 297 242 242 242 290 290 290 244 244 244 244 244 244 290 290 290 292 292 292 289 289 289 242 242 242 298 298 298 299 299 299 238 238 238 297 297 297 238 238 238 299 299 299 242 242 242 242 242 242 299 299 299 298 298 298 300 300 300 301 301 301 274 274 274 302 302 302 159 159 159 303 303 303 304 304 304 254 254 254 305 305 305 159 159 159 305 305 305 254 254 254 302 302 302 305 305 305 159 159 159 306 306 306 156 156 156 307 307 307 308 308 308 254 254 254 304 304 304 158 158 158 247 247 247 159 159 159 156 156 156 159 159 159 247 247 247 306 306 306 159 159 159 156 156 156 159 159 159 306 306 306 303 303 303 309 309 309 274 274 274 301 301 301 274 274 274 309 309 309 156 156 156 156 156 156 309 309 309 307 307 307 308 308 308 310 310 310 254 254 254 254 254 254 310 310 310 274 274 274 300 300 300 274 274 274 310 310 310 311 311 311 238 238 238 312 312 312 313 313 313 262 262 262 314 314 314 238 238 238 314 314 314 262 262 262 311 311 311 314 314 314 238 238 238 315 315 315 262 262 262 313 313 313 315 315 315 316 316 316 262 262 262 262 262 262 316 316 316 162 162 162 317 317 317 162 162 162 316 316 316 318 318 318 319 319 319 237 237 237 317 317 317 320 320 320 162 162 162 162 162 162 320 320 320 237 237 237 318 318 318 237 237 237 320 320 320 319 319 319 321 321 321 237 237 237 237 237 237 321 321 321 238 238 238 312 312 312 238 238 238 321 321 321 322 322 322 182 182 182 323 323 323 324 324 324 325 325 325 254 254 254 254 254 254 325 325 325 326 326 326 323 323 323 254 254 254 326 326 326 254 254 254 323 323 323 182 182 182 327 327 327 328 328 328 201 201 201 182 182 182 322 322 322 201 201 201 327 327 327 201 201 201 322 322 322 329 329 329 330 330 330 274 274 274 274 274 274 330 330 330 254 254 254 324 324 324 254 254 254 330 330 330 331 331 331 201 201 201 328 328 328 272 272 272 201 201 201 332 332 332 332 332 332 201 201 201 274 274 274 331 331 331 274 274 274 201 201 201 274 274 274 331 331 331 329 329 329 269 269 269 262 262 262 221 221 221 333 333 333 221 221 221 262 262 262 333 333 333 334 334 334 221 221 221 221 221 221 334 334 334 335 335 335 336 336 336 337 337 337 231 231 231 338 338 338 221 221 221 335 335 335 221 221 221 338 338 338 231 231 231 231 231 231 338 338 338 336 336 336 339 339 339 340 340 340 262 262 262 340 340 340 341 341 341 262 262 262 262 262 262 341 341 341 333 333 333 342 342 342 231 231 231 337 337 337 231 231 231 342 342 342 162 162 162 162 162 162 342 342 342 343 343 343 343 343 343 344 344 344 162 162 162 162 162 162 344 344 344 262 262 262 339 339 339 262 262 262 344 344 344 273 273 273 270 270 270 201 201 201 164 164 164 182 182 182 201 201 201 213 213 213 265 265 265 221 221 221 139 139 139 345 345 345 158 158 158 139 139 139 158 158 158 140 140 140 140 140 140 158 158 158 141 141 141 158 158 158 157 157 157 141 141 141 253 253 253 141 141 141 157 157 157 141 141 141 253 253 253 106 106 106 159 159 159 106 106 106 253 253 253 106 106 106 159 159 159 105 105 105 252 252 252 105 105 105 159 159 159 105 105 105 252 252 252 103 103 103 251 251 251 103 103 103 252 252 252 103 103 103 251 251 251 101 101 101 254 254 254 101 101 101 251 251 251 101 101 101 254 254 254 84 84 84 255 255 255 84 84 84 254 254 254 84 84 84 255 255 255 85 85 85 59 59 59 58 58 58 93 93 93 72 72 72 29 29 29 28 28 28 85 85 85 255 255 255 93 93 93 346 346 346 347 347 347 28 28 28 59 59 59 28 28 28 347 347 347 28 28 28 59 59 59 72 72 72 93 93 93 72 72 72 59 59 59 72 72 72 93 93 93 255 255 255 94 94 94 60 60 60 348 348 348 62 62 62 348 348 348 60 60 60 36 36 36 187 187 187 37 37 37 189 189 189 37 37 37 187 187 187 349 349 349 350 350 350 62 62 62 37 37 37 62 62 62 350 350 350 62 62 62 37 37 37 348 348 348 189 189 189 348 348 348 37 37 37 83 83 83 78 78 78 202 202 202 77 77 77 202 202 202 78 78 78 202 202 202 209 209 209 83 83 83 142 142 142 83 83 83 209 209 209 224 224 224 142 142 142 209 209 209 142 142 142 224 224 224 143 143 143 226 226 226 143 143 143 224 224 224 143 143 143 226 226 226 145 145 145 234 234 234 145 145 145 226 226 226 145 145 145 234 234 234 147 147 147 233 233 233 147 147 147 234 234 234 147 147 147 233 233 233 149 149 149 232 232 232 149 149 149 233 233 233 149 149 149 232 232 232 151 151 151 151 151 151 232 232 232 152 152 152 232 232 232 231 231 231 152 152 152 235 235 235 152 152 152 231 231 231 152 152 152 235 235 235 129 129 129 129 129 129 235 235 235 131 131 131 235 235 235 162 162 162 131 131 131 161 161 161 131 131 131 162 162 162 131 131 131 161 161 161 133 133 133 133 133 133 161 161 161 135 135 135 161 161 161 160 160 160 135 135 135 236 236 236 135 135 135 160 160 160 135 135 135 236 236 236 137 137 137 237 237 237 137 137 137 236 236 236 137 137 137 237 237 237 138 138 138 240 240 240 138 138 138 237 237 237 138 138 138 240 240 240 108 108 108 239 239 239 108 108 108 240 240 240 108 108 108 239 239 239 110 110 110 241 241 241 110 110 110 239 239 239 110 110 110 241 241 241 112 112 112 243 243 243 112 112 112 241 241 241 112 112 112 243 243 243 114 114 114 242 242 242 114 114 114 243 243 243 114 114 114 242 242 242 116 116 116 245 245 245 116 116 116 242 242 242 116 116 116 245 245 245 127 127 127 244 244 244 127 127 127 245 245 245 127 127 127 244 244 244 126 126 126 126 126 126 244 244 244 124 124 124 244 244 244 249 249 249 124 124 124 246 246 246 124 124 124 249 249 249 124 124 124 246 246 246 81 81 81 246 246 246 351 351 351 81 81 81 153 153 153 81 81 81 351 351 351 352 352 352 348 348 348 189 189 189 189 189 189 353 353 353 352 352 352 352 352 352 353 353 353 92 92 92 353 353 353 192 192 192 92 92 92 198 198 198 92 92 92 192 192 192 92 92 92 198 198 198 86 86 86 86 86 86 198 198 198 87 87 87 198 198 198 199 199 199 87 87 87 164 164 164 87 87 87 199 199 199 87 87 87 164 164 164 88 88 88 163 163 163 88 88 88 164 164 164 88 88 88 163 163 163 89 89 89 89 89 89 163 163 163 74 74 74 75 75 75 74 74 74 163 163 163 354 354 354 153 153 153 351 351 351 153 153 153 354 354 354 355 355 355 247 247 247 355 355 355 354 354 354 355 355 355 247 247 247 356 356 356 357 357 357 345 345 345 139 139 139 345 345 345 357 357 357 247 247 247 356 356 356 247 247 247 357 357 357 50 50 50 187 187 187 36 36 36 187 187 187 50 50 50 185 185 185 52 52 52 185 185 185 50 50 50 185 185 185 52 52 52 196 196 196 53 53 53 196 196 196 52 52 52 196 196 196 53 53 53 197 197 197 55 55 55 197 197 197 53 53 53 197 197 197 55 55 55 358 358 358 56 56 56 358 358 358 55 55 55 358 358 358 56 56 56 359 359 359 359 359 359 56 56 56 167 167 167 41 41 41 167 167 167 56 56 56 360 360 360 361 361 361 362 362 362 363 363 363 362 362 362 361 361 361 362 362 362 363 363 363 364 364 364 365 365 365 364 364 364 363 363 363 364 364 364 365 365 365 366 366 366 367 367 367 366 366 366 365 365 365 366 366 366 367 367 367 368 368 368 369 369 369 368 368 368 367 367 367 368 368 368 369 369 369 370 370 370 371 371 371 370 370 370 369 369 369 370 370 370 371 371 371 42 42 42 372 372 372 42 42 42 371 371 371 42 42 42 372 372 372 373 373 373 374 374 374 373 373 373 372 372 372 373 373 373 374 374 374 375 375 375 376 376 376 375 375 375 374 374 374 375 375 375 376 376 376 377 377 377 378 378 378 377 377 377 376 376 376 377 377 377 378 378 378 379 379 379 379 379 379 378 378 378 34 34 34 380 380 380 34 34 34 378 378 378 34 34 34 380 380 380 381 381 381 382 382 382 381 381 381 380 380 380 381 381 381 382 382 382 383 383 383 384 384 384 383 383 383 382 382 382 383 383 383 384 384 384 385 385 385 386 386 386 385 385 385 384 384 384 387 387 387 385 385 385 386 386 386 385 385 385 387 387 387 360 360 360 361 361 361 360 360 360 387 387 387 388 388 388 389 389 389 390 390 390 389 389 389 388 388 388 391 391 391 392 392 392 391 391 391 388 388 388 391 391 391 392 392 392 380 380 380 393 393 393 380 380 380 392 392 392 394 394 394 380 380 380 393 393 393 380 380 380 394 394 394 382 382 382 395 395 395 382 382 382 394 394 394 382 382 382 395 395 395 384 384 384 396 396 396 384 384 384 395 395 395 397 397 397 384 384 384 396 396 396 384 384 384 397 397 397 386 386 386 398 398 398 386 386 386 397 397 397 386 386 386 398 398 398 387 387 387 399 399 399 387 387 387 398 398 398 400 400 400 387 387 387 399 399 399 387 387 387 400 400 400 361 361 361 401 401 401 361 361 361 400 400 400 361 361 361 401 401 401 363 363 363 402 402 402 363 363 363 401 401 401 403 403 403 363 363 363 402 402 402 363 363 363 403 403 403 365 365 365 404 404 404 365 365 365 403 403 403 365 365 365 404 404 404 367 367 367 405 405 405 367 367 367 404 404 404 406 406 406 367 367 367 405 405 405 367 367 367 406 406 406 369 369 369 407 407 407 369 369 369 406 406 406 369 369 369 407 407 407 371 371 371 408 408 408 371 371 371 407 407 407 409 409 409 371 371 371 408 408 408 371 371 371 409 409 409 372 372 372 410 410 410 372 372 372 409 409 409 372 372 372 410 410 410 374 374 374 411 411 411 374 374 374 410 410 410 412 412 412 374 374 374 411 411 411 374 374 374 412 412 412 413 413 413 414 414 414 413 413 413 412 412 412 413 413 413 414 414 414 389 389 389 390 390 390 389 389 389 414 414 414 401 401 401 415 415 415 402 402 402 416 416 416 402 402 402 415 415 415 402 402 402 416 416 416 403 403 403 417 417 417 403 403 403 416 416 416 403 403 403 417 417 417 404 404 404 194 194 194 404 404 404 417 417 417 404 404 404 194 194 194 405 405 405 193 193 193 405 405 405 194 194 194 405 405 405 193 193 193 406 406 406 166 166 166 406 406 406 193 193 193 406 406 406 166 166 166 407 407 407 172 172 172 407 407 407 166 166 166 407 407 407 172 172 172 408 408 408 170 170 170 408 408 408 172 172 172 408 408 408 170 170 170 409 409 409 169 169 169 409 409 409 170 170 170 409 409 409 169 169 169 410 410 410 173 173 173 410 410 410 169 169 169 410 410 410 173 173 173 411 411 411 174 174 174 411 411 411 173 173 173 411 411 411 174 174 174 412 412 412 175 175 175 412 412 412 174 174 174 412 412 412 175 175 175 414 414 414 176 176 176 414 414 414 175 175 175 414 414 414 176 176 176 390 390 390 177 177 177 390 390 390 176 176 176 390 390 390 177 177 177 388 388 388 178 178 178 388 388 388 177 177 177 388 388 388 178 178 178 392 392 392 179 179 179 392 392 392 178 178 178 392 392 392 179 179 179 393 393 393 180 180 180 393 393 393 179 179 179 393 393 393 180 180 180 394 394 394 181 181 181 394 394 394 180 180 180 394 394 394 181 181 181 395 395 395 183 183 183 395 395 395 181 181 181 395 395 395 183 183 183 396 396 396 191 191 191 396 396 396 183 183 183 396 396 396 191 191 191 397 397 397 190 190 190 397 397 397 191 191 191 397 397 397 190 190 190 398 398 398 188 188 188 398 398 398 190 190 190 398 398 398 188 188 188 399 399 399 184 184 184 399 399 399 188 188 188 399 399 399 184 184 184 400 400 400 418 418 418 400 400 400 184 184 184 400 400 400 418 418 418 401 401 401 415 415 415 401 401 401 418 418 418 419 419 419 420 420 420 271 271 271 271 271 271 420 420 420 273 273 273 421 421 421 273 273 273 420 420 420 422 422 422 273 273 273 421 421 421 273 273 273 422 422 422 270 270 270 270 270 270 422 422 422 213 213 213 423 423 423 213 213 213 422 422 422 213 213 213 423 423 423 265 265 265 424 424 424 265 265 265 423 423 423 425 425 425 265 265 265 424 424 424 265 265 265 425 425 425 266 266 266 266 266 266 425 425 425 267 267 267 426 426 426 267 267 267 425 425 425 267 267 267 426 426 426 268 268 268 426 426 426 427 427 427 268 268 268 268 268 268 427 427 427 269 269 269 428 428 428 269 269 269 427 427 427 269 269 269 428 428 428 262 262 262 429 429 429 262 262 262 428 428 428 262 262 262 429 429 429 263 263 263 429 429 429 430 430 430 263 263 263 431 431 431 263 263 263 430 430 430 263 263 263 431 431 431 264 264 264 264 264 264 431 431 431 260 260 260 432 432 432 260 260 260 431 431 431 260 260 260 432 432 432 261 261 261 433 433 433 261 261 261 432 432 432 261 261 261 433 433 433 294 294 294 434 434 434 294 294 294 433 433 433 294 294 294 434 434 434 257 257 257 435 435 435 257 257 257 434 434 434 257 257 257 435 435 435 258 258 258 436 436 436 258 258 258 435 435 435 258 258 258 436 436 436 259 259 259 437 437 437 259 259 259 436 436 436 259 259 259 437 437 437 256 256 256 438 438 438 256 256 256 437 437 437 256 256 256 438 438 438 154 154 154 439 439 439 154 154 154 438 438 438 440 440 440 154 154 154 439 439 439 271 271 271 272 272 272 419 419 419 419 419 419 272 272 272 441 441 441 332 332 332 441 441 441 272 272 272 441 441 441 332 332 332 442 442 442 274 274 274 442 442 442 332 332 332 442 442 442 274 274 274 440 440 440 155 155 155 440 440 440 274 274 274 440 440 440 155 155 155 154 154 154 443 443 443 444 444 444 445 445 445 446 446 446 447 447 447 445 445 445 448 448 448 447 447 447 449 449 449 450 450 450 442 442 442 451 451 451 452 452 452 451 451 451 442 442 442 453 453 453 451 451 451 452 452 452 454 454 454 442 442 442 450 450 450 449 449 449 455 455 455 452 452 452 452 452 452 455 455 455 453 453 453 454 454 454 456 456 456 442 442 442 442 442 442 456 456 456 444 444 444 445 445 445 447 447 447 448 448 448 456 456 456 457 457 457 444 444 444 444 444 444 457 457 457 458 458 458 444 444 444 458 458 458 445 445 445 446 446 446 445 445 445 458 458 458 459 459 459 452 452 452 460 460 460 452 452 452 448 448 448 449 449 449 459 459 459 448 448 448 452 452 452 461 461 461 462 462 462 435 435 435 435 435 435 462 462 462 463 463 463 464 464 464 435 435 435 463 463 463 435 435 435 464 464 464 452 452 452 465 465 465 466 466 466 467 467 467 468 468 468 452 452 452 464 464 464 465 465 465 469 469 469 466 466 466 466 466 466 469 469 469 435 435 435 461 461 461 435 435 435 469 469 469 470 470 470 471 471 471 460 460 460 460 460 460 471 471 471 472 472 472 473 473 473 472 472 472 471 471 471 468 468 468 474 474 474 452 452 452 452 452 452 474 474 474 460 460 460 470 470 470 460 460 460 474 474 474 473 473 473 467 467 467 472 472 472 466 466 466 472 472 472 467 467 467 475 475 475 472 472 472 466 466 466 476 476 476 466 466 466 477 477 477 478 478 478 479 479 479 480 480 480 480 480 480 479 479 479 481 481 481 466 466 466 482 482 482 483 483 483 484 484 484 477 477 477 483 483 483 466 466 466 483 483 483 477 477 477 485 485 485 477 477 477 484 484 484 477 477 477 485 485 485 486 486 486 486 486 486 485 485 485 487 487 487 481 481 481 488 488 488 435 435 435 435 435 435 488 488 488 489 489 489 489 489 489 490 490 490 435 435 435 435 435 435 490 490 490 466 466 466 482 482 482 466 466 466 490 490 490 487 487 487 478 478 478 486 486 486 480 480 480 486 486 486 478 478 478 491 491 491 480 480 480 492 492 492 480 480 480 491 491 491 486 486 486 493 493 493 494 494 494 495 495 495 496 496 496 495 495 495 494 494 494 492 492 492 497 497 497 493 493 493 494 494 494 493 493 493 497 497 497 498 498 498 495 495 495 496 496 496 495 495 495 498 498 498 499 499 499 500 500 500 501 501 501 429 429 429 429 429 429 501 501 501 502 502 502 503 503 503 504 504 504 480 480 480 480 480 480 504 504 504 492 492 492 497 497 497 492 492 492 504 504 504 498 498 498 505 505 505 499 499 499 499 499 499 505 505 505 429 429 429 500 500 500 429 429 429 505 505 505 506 506 506 429 429 429 502 502 502 429 429 429 506 506 506 480 480 480 480 480 480 506 506 506 503 503 503 507 507 507 508 508 508 509 509 509 510 510 510 509 509 509 508 508 508 511 511 511 508 508 508 507 507 507 512 512 512 513 513 513 499 499 499 514 514 514 429 429 429 515 515 515 516 516 516 517 517 517 518 518 518 519 519 519 516 516 516 518 518 518 499 499 499 513 513 513 520 520 520 520 520 520 513 513 513 510 510 510 510 510 510 513 513 513 509 509 509 514 514 514 521 521 521 429 429 429 429 429 429 521 521 521 499 499 499 512 512 512 499 499 499 521 521 521 511 511 511 517 517 517 508 508 508 516 516 516 508 508 508 517 517 517 516 516 516 522 522 522 523 523 523 524 524 524 423 423 423 525 525 525 423 423 423 524 524 524 516 516 516 524 524 524 526 526 526 516 516 516 516 516 516 526 526 526 527 527 527 528 528 528 529 529 529 423 423 423 423 423 423 529 529 529 525 525 525 516 516 516 527 527 527 522 522 522 530 530 530 522 522 522 527 527 527 530 530 530 531 531 531 522 522 522 522 522 522 531 531 531 532 532 532 533 533 533 534 534 534 535 535 535 536 536 536 535 535 535 534 534 534 534 534 534 533 533 533 423 423 423 528 528 528 423 423 423 533 533 533 531 531 531 537 537 537 532 532 532 532 532 532 537 537 537 536 536 536 535 535 535 536 536 536 537 537 537 534 534 534 538 538 538 539 539 539 534 534 534 539 539 539 540 540 540 541 541 541 542 542 542 543 543 543 544 544 544 545 545 545 546 546 546 547 547 547 548 548 548 546 546 546 539 539 539 549 549 549 540 540 540 540 540 540 549 549 549 542 542 542 543 543 543 542 542 542 549 549 549 543 543 543 550 550 550 541 541 541 541 541 541 550 550 550 544 544 544 547 547 547 546 546 546 545 545 545 551 551 551 423 423 423 552 552 552 551 551 551 553 553 553 423 423 423 423 423 423 553 553 553 534 534 534 538 538 538 534 534 534 553 553 553 546 546 546 541 541 541 544 544 544 554 554 554 541 541 541 546 546 546 555 555 555 556 556 556 557 557 557 558 558 558 559 559 559 442 442 442 555 555 555 560 560 560 556 556 556 561 561 561 442 442 442 559 559 559 562 562 562 563 563 563 444 444 444 444 444 444 563 563 563 442 442 442 558 558 558 442 442 442 563 563 563 560 560 560 546 546 546 556 556 556 546 546 546 560 560 560 564 564 564 565 565 565 566 566 566 564 564 564 546 546 546 564 564 564 566 566 566 567 567 567 566 566 566 565 565 565 566 566 566 567 567 567 444 444 444 444 444 444 567 567 567 562 562 562 566 566 566 444 444 444 568 568 568 420 420 420 556 556 556 421 421 421 556 556 556 420 420 420 419 419 419 419 419 419 441 441 441 556 556 556 442 442 442 556 556 556 441 441 441 556 556 556 442 442 442 557 557 557 561 561 561 557 557 557 442 442 442 421 421 421 556 556 556 422 422 422 546 546 546 422 422 422 556 556 556 422 422 422 546 546 546 423 423 423 548 548 548 423 423 423 546 546 546 423 423 423 548 548 548 552 552 552 516 516 516 424 424 424 423 423 423 426 426 426 516 516 516 427 427 427 516 516 516 426 426 426 425 425 425 427 427 427 516 516 516 428 428 428 428 428 428 516 516 516 429 429 429 519 519 519 429 429 429 516 516 516 429 429 429 519 519 519 515 515 515 433 433 433 432 432 432 480 480 480 432 432 432 431 431 431 480 480 480 430 430 430 480 480 480 431 431 431 480 480 480 430 430 430 429 429 429 481 481 481 435 435 435 480 480 480 434 434 434 480 480 480 435 435 435 480 480 480 434 434 434 433 433 433 438 438 438 437 437 437 452 452 452 436 436 436 452 452 452 437 437 437 452 452 452 436 436 436 435 435 435 442 442 442 440 440 440 452 452 452 439 439 439 452 452 452 440 440 440 452 452 452 439 439 439 438 438 438 425 425 425 424 424 424 516 516 516 516 516 516 523 523 523 508 508 508 569 569 569 508 508 508 523 523 523 121 121 121 546 546 546 90 90 90 546 546 546 121 121 121 554 554 554 120 120 120 554 554 554 121 121 121 554 554 554 120 120 120 541 541 541 119 119 119 541 541 541 120 120 120 98 98 98 541 541 541 119 119 119 541 541 541 98 98 98 542 542 542 542 542 542 98 98 98 540 540 540 97 97 97 540 540 540 98 98 98 540 540 540 97 97 97 534 534 534 96 96 96 534 534 534 97 97 97 95 95 95 534 534 534 96 96 96 534 534 534 95 95 95 536 536 536 536 536 536 95 95 95 532 532 532 144 144 144 532 532 532 95 95 95 532 532 532 144 144 144 522 522 522 146 146 146 522 522 522 144 144 144 148 148 148 522 522 522 146 146 146 522 522 522 148 148 148 523 523 523 523 523 523 148 148 148 569 569 569 150 150 150 569 569 569 148 148 148 569 569 569 150 150 150 508 508 508 128 128 128 508 508 508 150 150 150 130 130 130 508 508 508 128 128 128 508 508 508 130 130 130 510 510 510 510 510 510 130 130 130 520 520 520 132 132 132 520 520 520 130 130 130 520 520 520 132 132 132 499 499 499 134 134 134 499 499 499 132 132 132 499 499 499 134 134 134 495 495 495 136 136 136 495 495 495 134 134 134 495 495 495 136 136 136 493 493 493 107 107 107 493 493 493 136 136 136 109 109 109 493 493 493 107 107 107 493 493 493 109 109 109 492 492 492 492 492 492 109 109 109 491 491 491 111 111 111 491 491 491 109 109 109 491 491 491 111 111 111 486 486 486 113 113 113 486 486 486 111 111 111 115 115 115 486 486 486 113 113 113 125 125 125 466 466 466 117 117 117 476 476 476 117 117 117 466 466 466 117 117 117 476 476 476 115 115 115 477 477 477 115 115 115 476 476 476 115 115 115 477 477 477 486 486 486 122 122 122 472 472 472 123 123 123 475 475 475 123 123 123 472 472 472 123 123 123 475 475 475 125 125 125 466 466 466 125 125 125 475 475 475 80 80 80 460 460 460 122 122 122 472 472 472 122 122 122 460 460 460 104 104 104 448 448 448 79 79 79 459 459 459 79 79 79 448 448 448 79 79 79 459 459 459 80 80 80 460 460 460 80 80 80 459 459 459 102 102 102 445 445 445 104 104 104 448 448 448 104 104 104 445 445 445 546 546 546 566 566 566 90 90 90 90 90 90 566 566 566 91 91 91 568 568 568 91 91 91 566 566 566 91 91 91 568 568 568 99 99 99 444 444 444 99 99 99 568 568 568 99 99 99 444 444 444 100 100 100 443 443 443 100 100 100 444 444 444 100 100 100 443 443 443 102 102 102 445 445 445 102 102 102 443 443 443 570 570 570 571 571 571 572 572 572 573 573 573 572 572 572 571 571 571 574 574 574 572 572 572 573 573 573 572 572 572 574 574 574 335 335 335 511 511 511 335 335 335 574 574 574 335 335 335 511 511 511 575 575 575 576 576 576 575 575 575 511 511 511 575 575 575 576 576 576 337 337 337 337 337 337 576 576 576 577 577 577 578 578 578 577 577 577 576 576 576 577 577 577 578 578 578 579 579 579 580 580 580 579 579 579 578 578 578 512 512 512 579 579 579 580 580 580 579 579 579 512 512 512 344 344 344 344 344 344 512 512 512 581 581 581 582 582 582 581 581 581 512 512 512 581 581 581 582 582 582 583 583 583 584 584 584 583 583 583 582 582 582 515 515 515 583 583 583 584 584 584 583 583 583 515 515 515 341 341 341 341 341 341 515 515 515 570 570 570 571 571 571 570 570 570 515 515 515 585 585 585 586 586 586 217 217 217 587 587 587 217 217 217 586 586 586 535 535 535 217 217 217 587 587 587 217 217 217 535 535 535 588 588 588 588 588 588 535 535 535 589 589 589 590 590 590 589 589 589 535 535 535 589 589 589 590 590 590 591 591 591 592 592 592 591 591 591 590 590 590 530 530 530 591 591 591 592 592 592 591 591 591 530 530 530 593 593 593 593 593 593 530 530 530 594 594 594 595 595 595 594 594 594 530 530 530 594 594 594 595 595 595 596 596 596 597 597 597 596 596 596 595 595 595 596 596 596 597 597 597 229 229 229 598 598 598 229 229 229 597 597 597 229 229 229 598 598 598 220 220 220 599 599 599 220 220 220 598 598 598 220 220 220 599 599 599 219 219 219 525 525 525 219 219 219 599 599 599 600 600 600 219 219 219 525 525 525 219 219 219 600 600 600 601 601 601 601 601 601 600 600 600 585 585 585 586 586 586 585 585 585 600 600 600 602 602 602 603 603 603 604 604 604 603 603 603 602 602 602 605 605 605 543 543 543 605 605 605 602 602 602 605 605 605 543 543 543 204 204 204 204 204 204 543 543 543 606 606 606 607 607 607 606 606 606 543 543 543 606 606 606 607 607 607 608 608 608 609 609 609 608 608 608 607 607 607 610 610 610 608 608 608 609 609 609 608 608 608 610 610 610 611 611 611 612 612 612 611 611 611 610 610 610 611 611 611 612 612 612 215 215 215 551 551 551 215 215 215 612 612 612 215 215 215 551 551 551 214 214 214 214 214 214 551 551 551 212 212 212 552 552 552 212 212 212 551 551 551 212 212 212 552 552 552 613 613 613 614 614 614 613 613 613 552 552 552 613 613 613 614 614 614 615 615 615 616 616 616 615 615 615 614 614 614 617 617 617 615 615 615 616 616 616 615 615 615 617 617 617 618 618 618 604 604 604 618 618 618 617 617 617 618 618 618 604 604 604 603 603 603 619 619 619 620 620 620 621 621 621 622 622 622 621 621 621 620 620 620 621 621 621 622 622 622 623 623 623 624 624 624 623 623 623 622 622 622 625 625 625 623 623 623 624 624 624 623 623 623 625 625 625 327 327 327 327 327 327 625 625 625 328 328 328 555 555 555 328 328 328 625 625 625 557 557 557 328 328 328 555 555 555 328 328 328 557 557 557 626 626 626 561 561 561 626 626 626 557 557 557 626 626 626 561 561 561 627 627 627 628 628 628 627 627 627 561 561 561 627 627 627 628 628 628 330 330 330 330 330 330 628 628 628 629 629 629 630 630 630 629 629 629 628 628 628 629 629 629 630 630 630 631 631 631 563 563 563 631 631 631 630 630 630 631 631 631 563 563 563 632 632 632 633 633 633 632 632 632 563 563 563 632 632 632 633 633 633 619 619 619 620 620 620 619 619 619 633 633 633 305 305 305 634 634 634 304 304 304 635 635 635 304 304 304 634 634 634 304 304 304 635 635 635 636 636 636 457 457 457 636 636 636 635 635 635 636 636 636 457 457 457 637 637 637 638 638 638 637 637 637 457 457 457 637 637 637 638 638 638 639 639 639 640 640 640 639 639 639 638 638 638 641 641 641 639 639 639 640 640 640 639 639 639 641 641 641 301 301 301 642 642 642 301 301 301 641 641 641 301 301 301 642 642 642 309 309 309 643 643 643 309 309 309 642 642 642 309 309 309 643 643 643 307 307 307 455 455 455 307 307 307 643 643 643 307 307 307 455 455 455 306 306 306 306 306 306 455 455 455 644 644 644 645 645 645 644 644 644 455 455 455 644 644 644 645 645 645 646 646 646 647 647 647 646 646 646 645 645 645 646 646 646 647 647 647 302 302 302 648 648 648 302 302 302 647 647 647 302 302 302 648 648 648 305 305 305 634 634 634 305 305 305 648 648 648 474 474 474 649 649 649 470 470 470 649 649 649 474 474 474 650 650 650 651 651 651 650 650 650 474 474 474 650 650 650 651 651 651 652 652 652 652 652 652 651 651 651 653 653 653 654 654 654 653 653 653 651 651 651 653 653 653 654 654 654 280 280 280 463 463 463 280 280 280 654 654 654 462 462 462 280 280 280 463 463 463 280 280 280 462 462 462 655 655 655 461 461 461 655 655 655 462 462 462 655 655 655 461 461 461 656 656 656 469 469 469 656 656 656 461 461 461 656 656 656 469 469 469 657 657 657 658 658 658 657 657 657 469 469 469 657 657 657 658 658 658 284 284 284 284 284 284 658 658 658 659 659 659 660 660 660 659 659 659 658 658 658 659 659 659 660 660 660 661 661 661 473 473 473 661 661 661 660 660 660 471 471 471 661 661 661 473 473 473 661 661 661 471 471 471 662 662 662 470 470 470 662 662 662 471 471 471 662 662 662 470 470 470 649 649 649 663 663 663 664 664 664 665 665 665 666 666 666 665 665 665 664 664 664 488 488 488 665 665 665 666 666 666 665 665 665 488 488 488 291 291 291 291 291 291 488 488 488 667 667 667 668 668 668 667 667 667 488 488 488 667 667 667 668 668 668 669 669 669 670 670 670 669 669 669 668 668 668 671 671 671 669 669 669 670 670 670 669 669 669 671 671 671 297 297 297 297 297 297 671 671 671 672 672 672 673 673 673 672 672 672 671 671 671 672 672 672 673 673 673 674 674 674 487 487 487 674 674 674 673 673 673 675 675 675 674 674 674 487 487 487 674 674 674 675 675 675 289 289 289 289 289 289 675 675 675 676 676 676 677 677 677 676 676 676 675 675 675 676 676 676 677 677 677 678 678 678 482 482 482 678 678 678 677 677 677 678 678 678 482 482 482 293 293 293 293 293 293 482 482 482 663 663 663 664 664 664 663 663 663 482 482 482 679 679 679 680 680 680 313 313 313 502 502 502 313 313 313 680 680 680 681 681 681 313 313 313 502 502 502 313 313 313 681 681 681 682 682 682 682 682 682 681 681 681 683 683 683 684 684 684 683 683 683 681 681 681 683 683 683 684 684 684 685 685 685 505 505 505 685 685 685 684 684 684 686 686 686 685 685 685 505 505 505 685 685 685 686 686 686 320 320 320 320 320 320 686 686 686 687 687 687 688 688 688 687 687 687 686 686 686 687 687 687 688 688 688 689 689 689 690 690 690 689 689 689 688 688 688 691 691 691 689 689 689 690 690 690 689 689 689 691 691 691 692 692 692 692 692 692 691 691 691 693 693 693 694 694 694 693 693 693 691 691 691 693 693 693 694 694 694 695 695 695 504 504 504 695 695 695 694 694 694 696 696 696 695 695 695 504 504 504 695 695 695 696 696 696 697 697 697 697 697 697 696 696 696 679 679 679 680 680 680 679 679 679 696 696 696 24 24 24 25 25 25 66 66 66 698 698 698 14 14 14 171 171 171 16 16 16 171 171 171 14 14 14 171 171 171 16 16 16 66 66 66 66 66 66 16 16 16 24 24 24 6 6 6 24 24 24 16 16 16 24 24 24 6 6 6 2 2 2 167 167 167 41 41 41 40 40 40 12 12 12 699 699 699 13 13 13 168 168 168 13 13 13 699 699 699 9 9 9 5 5 5 40 40 40 13 13 13 40 40 40 5 5 5 40 40 40 13 13 13 167 167 167 168 168 168 167 167 167 13 13 13 349 349 349 700 700 700 350 350 350 701 701 701 350 350 350 700 700 700 346 346 346 702 702 702 347 347 347 703 703 703 347 347 347 702 702 702 704 704 704 347 347 347 705 705 705 703 703 703 705 705 705 347 347 347 705 705 705 703 703 703 701 701 701 706 706 706 701 701 701 703 703 703 701 701 701 706 706 706 350 350 350 707 707 707 350 350 350 706 706 706 167 167 167 197 197 197 358 358 358 358 358 358 359 359 359 167 167 167 250 250 250 158 158 158 345 345 345 345 345 345 247 247 247 250 250 250 189 189 189 192 192 192 353 353 353 92 92 92 94 94 94 348 348 348 348 348 348 352 352 352 92 92 92 93 93 93 58 58 58 60 60 60 60 60 60 94 94 94 93 93 93</p>
        </triangles>
      </mesh>
    </geometry>
    <geometry id="85a0ce16299b4d4893a83195dad259a4" name="4abd5d3434b54d9ba4a284d82596c69d">
      <mesh>
        <source id="verts-array">
          <float_array count="5094" id="verts-array-array">0.00589605 0.06421373 -0.02473723 0.0056 0.06429306 -0.02473723 0.0056 0.06545297 -0.02473723 0.00735 0.06545297 -0.02473723 0.00735 0.06430297 -0.02473723 0.00632166 0.06262532 -0.02473723 0.009847955 0.05872684 -0.02473723 0.008 0.06057074 -0.02473723 0.01 0.05980297 -0.02473723 0.007987398 0.06215988 -0.02473723 0.01 0.06230297 -0.02473723 0.0105 0.06430297 -0.02473723 0.007881065 0.06233894 -0.02473723 0.0077 0.06240297 -0.02473723 0.00661144 0.06240297 -0.02473723 0.0135 0.05530297 -0.02473723 0.0129259 0.05565297 -0.02473723 0.0135 0.05890297 -0.02473723 0.0122759 0.05807885 -0.02473723 0.00258924 0.07269902 -0.02473723 0.00250991 0.07240297 -0.02473723 0.00135 0.07240297 -0.02473723 0.0134319 0.05478537 -0.02473723 0.0132321 0.05430297 -0.02473723 0.0129142 0.05388877 -0.02473723 0.007 0.07680297 -0.02473723 0.0025 0.07415297 -0.02473723 0.0045 0.07680297 -0.02473723 0.0025 0.07730297 -0.02473723 0.00793597 0.07132191 -0.02473723 0.01 0.07130297 -0.02473723 0.0105 0.06930297 -0.02473723 0.0135 0.06980297 -0.02473723 0.0135 0.06380297 -0.02473723 0.008 0.07150297 -0.02473723 0.01 0.07380297 -0.02473723 0.008 0.0730352 -0.02473723 -0.00589605 0.06939221 -0.02473723 -0.0056 0.06931288 -0.02473723 -0.0056 0.06815297 -0.02473723 0.006554527 0.07119037 -0.02473723 0.007756912 0.07121557 -0.02473723 0.00735 0.06930297 -0.02473723 -0.01 0.07380297 -0.02473723 -0.00735 0.06930297 -0.02473723 -0.01 0.07130297 -0.02473723 -0.0105 0.06930297 -0.02473723 0.0115 0.08030297 -0.02473723 0.0120176 0.08023487 -0.02473723 0.01115 0.07972887 -0.02473723 0.0125 0.08003507 -0.02473723 0.0129142 0.07971717 -0.02473723 0.009847955 0.0748791 -0.02473723 0.0135 0.07470297 -0.02473723 0.0122759 0.07552709 -0.02473723 0.0135 0.07830297 -0.02473723 0.0129259 0.07795297 -0.02473723 0.0134319 0.07882057 -0.02473723 0.0132321 0.07930297 -0.02473723 -0.004518935 0.07473894 -0.02473723 -0.0045 0.07680297 -0.02473723 -0.0025 0.07730297 -0.02473723 -0.003 0.08030297 -0.02473723 0.003 0.08030297 -0.02473723 0.00135 0.07415297 -0.02473723 0.00417765 0.07312463 -0.02473723 -0.004387398 0.0733575 -0.02473723 -0.004412602 0.07455988 -0.02473723 -0.0025 0.07415297 -0.02473723 -0.0056 0.06545297 -0.02473723 -0.0056 0.06429306 -0.02473723 -0.00735 0.06545297 -0.02473723 -0.00589605 0.06421373 -0.02473723 -0.00735 0.06430297 -0.02473723 0.0056 0.06815297 -0.02473723 0.0056 0.06931288 -0.02473723 0.00735 0.06815297 -0.02473723 0.00589605 0.06939221 -0.02473723 0.006348565 0.07103233 -0.02473723 -0.00258924 0.06090692 -0.02473723 -0.00250991 0.06120297 -0.02473723 -0.00135 0.06120297 -0.02473723 -0.0129259 0.07795297 -0.02473723 -0.0120176 0.08023487 -0.02473723 -0.01115 0.07972887 -0.02473723 -0.0115 0.08030297 -0.02473723 -0.00872412 0.07907887 -0.02473723 -0.0079 0.08030297 -0.02473723 -0.00807613 0.07665092 -0.02473723 -0.007 0.07680297 -0.02473723 -0.0047 0.07480297 -0.02473723 -0.00623223 0.07480297 -0.02473723 -0.007 0.05680297 -0.02473723 -0.0025 0.05945297 -0.02473723 -0.0045 0.05680297 -0.02473723 -0.0025 0.05630297 -0.02473723 0.0047 0.07480297 -0.02473723 0.0080741 0.07665295 -0.02473723 0.00623223 0.07480297 -0.02473723 -0.0132321 0.07930297 -0.02473723 -0.0134319 0.07882057 -0.02473723 -0.0135 0.07830297 -0.02473723 -0.00135 0.07240297 -0.02473723 -0.00250991 0.07240297 -0.02473723 -0.00135 0.07415297 -0.02473723 -0.00258924 0.07269902 -0.02473723 -0.004229358 0.07315154 -0.02473723 0.0079 0.08030297 -0.02473723 0.00872412 0.07907887 -0.02473723 0.00443457 0.07461291 -0.02473723 -0.0129142 0.07971717 -0.02473723 -0.0125 0.08003507 -0.02473723 -0.008 0.07150297 -0.02473723 -0.00984998 0.07487707 -0.02473723 -0.008 0.0730352 -0.02473723 -0.0135 0.07470297 -0.02473723 -0.0122759 0.07552709 -0.02473723 -0.007809945 0.07123754 -0.02473723 -0.00735 0.06815297 -0.02473723 -0.00632166 0.07098062 -0.02473723 -0.00661144 0.07120297 -0.02473723 -0.0129259 0.05565297 -0.02473723 -0.0135 0.05530297 -0.02473723 -0.0122759 0.05807885 -0.02473723 -0.0135 0.05890297 -0.02473723 -0.009847955 0.05872684 -0.02473723 -0.01 0.05980297 -0.02473723 -0.00793597 0.06228403 -0.02473723 -0.01 0.06230297 -0.02473723 -0.0105 0.06430297 -0.02473723 -0.0135 0.06380297 -0.02473723 -0.0135 0.06980297 -0.02473723 -0.008 0.06210297 -0.02473723 -0.008 0.06057074 -0.02473723 -0.006554527 0.06241557 -0.02473723 -0.007756912 0.06239037 -0.02473723 0.004518935 0.058867 -0.02473723 0.0045 0.05680297 -0.02473723 0.0025 0.05630297 -0.02473723 0.003 0.05330297 -0.02473723 -0.003 0.05330297 -0.02473723 -0.01115 0.05387707 -0.02473723 -0.0115 0.05330297 -0.02473723 -0.0120176 0.05337107 -0.02473723 0.0125 0.05357087 -0.02473723 0.0120176 0.05337107 -0.02473723 0.01115 0.05387707 -0.02473723 0.0115 0.05330297 -0.02473723 0.00872412 0.05452707 -0.02473723 0.0079 0.05330297 -0.02473723 0.00807613 0.05695502 -0.02473723 0.007 0.05680297 -0.02473723 -0.0129142 0.05388877 -0.02473723 -0.0132321 0.05430297 -0.02473723 -0.0134319 0.05478537 -0.02473723 0.004387398 0.06024844 -0.02473723 0.004412602 0.05904606 -0.02473723 0.0025 0.05945297 -0.02473723 0.00439489 0.07337558 -0.02473723 -0.0125 0.05357087 -0.02473723 -0.00135 0.05945297 -0.02473723 -0.00417765 0.06048131 -0.02473723 0.0047 0.05880297 -0.02473723 0.00623223 0.05880297 -0.02473723 -0.006348565 0.06257361 -0.02473723 -0.0047 0.05880297 -0.02473723 -0.0080741 0.05695299 -0.02473723 -0.00623223 0.05880297 -0.02473723 0.00135 0.06120297 -0.02473723 0.00250991 0.06120297 -0.02473723 0.00135 0.05945297 -0.02473723 0.00258924 0.06090692 -0.02473723 0.004229358 0.0604544 -0.02473723 -0.0079 0.05330297 -0.02473723 -0.00872412 0.05452707 -0.02473723 -0.00443457 0.05899302 -0.02473723 -0.00439489 0.06023036 -0.02473723 -0.0079 0.08030297 -0.02248723 -0.0074 0.08030297 -0.02098723 -0.0074 0.08030297 -0.02248723 -0.0079 0.08030297 -0.02098723 -0.0115 0.08030297 -0.01873723 -0.0079 0.08030297 -0.01873723 0.0135 0.07830297 -0.01873723 0.0135 0.07470297 -0.02098723 0.0135 0.07470297 -0.01873723 0.0135 0.07470297 -0.02248723 0.0135 0.07420297 -0.02248723 0.0135 0.07420297 -0.02098723 0.0115 0.05330297 -0.01873723 0.0079 0.05330297 -0.01873723 0.0079 0.05330297 -0.02098723 0.0079 0.05330297 -0.02248723 0.0074 0.05330297 -0.02248723 0.0074 0.05330297 -0.02098723 -0.0135 0.05890297 -0.02248723 -0.0135 0.05890297 -0.02098723 -0.0135 0.05940297 -0.02248723 -0.0135 0.05940297 -0.02098723 -0.0135 0.05890297 -0.01873723 -0.0135 0.05530297 -0.01873723 0.003 0.08030297 -0.02098723 0.000814797 0.08030297 -0.02279909 0.001236565 0.08030297 -0.02224943 0.003 0.08030297 -0.02248723 0.000174703 0.08030297 -0.02306423 -0.003 0.08030297 -0.02248723 -0.0035 0.08030297 -0.02248723 -0.0035 0.08030297 -0.02098723 0.0035 0.08030297 -0.02098723 0.0035 0.08030297 -0.02248723 -0.003 0.08030297 -0.02098723 -0.00135 0.08030297 -0.01873723 -0.00135 0.08030297 -0.02173723 -0.003 0.08030297 -0.01873723 0.00135 0.08030297 -0.01873723 0.003 0.08030297 -0.01873723 0.00135 0.08030297 -0.02173723 -0.00116913 0.08030297 -0.02241223 -0.000954594 0.08030297 -0.02269182 -0.001304 0.08030297 -0.02208663 -0.000675 0.08030297 -0.02290636 -0.000349406 0.08030297 -0.02304123 -0.00127721 0.06301236 -0.01873723 -0.00206222 0.06337554 -0.01873723 -0.00085 0.05945297 -0.01873723 0.0113652 0.07663906 -0.01873723 0.01091735 0.07629539 -0.01873723 0.00919908 0.0742458 -0.01873723 0.00983609 0.05543777 -0.01873723 0.009492425 0.05588562 -0.01873723 0.007 0.05680297 -0.01873723 0.01105 0.06275297 -0.01873723 0.0105 0.06595297 -0.01873723 0.00735 0.06595297 -0.01873723 0.0105 0.06765297 -0.01873723 0.0115 0.06815297 -0.01873723 0.00735 0.06765297 -0.01873723 -0.00135 0.07830297 -0.01873723 0.00135 0.07830297 -0.01873723 0.00085 0.07730297 -0.01873723 -0.00085 0.07730297 -0.01873723 -0.00085 0.07415297 -0.01873723 -0.0115 0.06545297 -0.01873723 -0.00735 0.06595297 -0.01873723 -0.0105 0.06595297 -0.01873723 -0.01 0.07130297 -0.01873723 -0.0135 0.06980297 -0.01873723 -0.0115 0.06815297 -0.01873723 -0.0135 0.06815297 -0.01873723 0.00085 0.05630297 -0.01873723 -0.00085 0.05630297 -0.01873723 -0.00135 0.05530297 -0.01873723 -0.0045 0.05680297 -0.01873723 0.01008265 0.05731054 -0.01873723 0.0077602 0.05958316 -0.01873723 0.009634775 0.05696688 -0.01873723 0.00941874 0.05644532 -0.01873723 0.01064235 0.05738423 -0.01873723 0.01035765 0.05522172 -0.01873723 0.01091735 0.05529542 -0.01873723 0.0132321 0.05430297 -0.01873723 0.0134319 0.05478537 -0.01873723 0.0113652 0.05563907 -0.01873723 0.0135 0.05530297 -0.01873723 0.01158125 0.05616062 -0.01873723 0.0120176 0.05337107 -0.01873723 0.0125 0.05357087 -0.01873723 0.0129142 0.05388877 -0.01873723 0.0111639 0.0571682 -0.01873723 0.0135 0.05890297 -0.01873723 0.01150755 0.05672032 -0.01873723 0.00995 0.07635034 -0.01873723 0.009634775 0.07663906 -0.01873723 0.01035765 0.07622171 -0.01873723 0.00941874 0.07716062 -0.01873723 0.009492425 0.07772032 -0.01873723 0.0079 0.08030297 -0.01873723 0.00972218 0.07808077 -0.01873723 0.01008265 0.07831052 -0.01873723 0.01064235 0.07838422 -0.01873723 0.0134319 0.07882057 -0.01873723 0.0113652 0.07796687 -0.01873723 0.0132321 0.07930297 -0.01873723 0.0129142 0.07971717 -0.01873723 0.0125 0.08003507 -0.01873723 0.01158125 0.07744532 -0.01873723 0.0115625 0.07701827 -0.01873723 0.01105 0.07825557 -0.01873723 0.0115 0.08030297 -0.01873723 0.0120176 0.08023487 -0.01873723 -0.01105 0.0572556 -0.01873723 -0.0135 0.05709047 -0.01873723 -0.0113652 0.05696688 -0.01873723 -0.01158125 0.05644532 -0.01873723 -0.01150755 0.05588562 -0.01873723 -0.01035765 0.05738423 -0.01873723 -0.00651066 0.05996823 -0.01873723 -0.00983609 0.0571682 -0.01873723 -0.009492425 0.05672032 -0.01873723 -0.00941874 0.05616062 -0.01873723 -0.0079 0.05330297 -0.01873723 -0.009634775 0.05563907 -0.01873723 -0.01008265 0.05529542 -0.01873723 -0.0115 0.05330297 -0.01873723 -0.0111639 0.05543777 -0.01873723 -0.0134319 0.05478537 -0.01873723 -0.01064235 0.05522172 -0.01873723 -0.0120176 0.05337107 -0.01873723 -0.0125 0.05357087 -0.01873723 -0.0132321 0.05430297 -0.01873723 -0.0129142 0.05388877 -0.01873723 -0.00424264 0.06361033 -0.01873723 -0.00464102 0.06352211 -0.01873723 -0.00384426 0.06159855 -0.01873723 -0.00437852 0.06152822 -0.01873723 -0.003280865 0.06216195 -0.01873723 -0.00350018 0.06181787 -0.01873723 -0.00331076 0.06455822 -0.01873723 -0.00384426 0.06352211 -0.01873723 -0.0027508 0.06389899 -0.01873723 -0.003416745 0.06319406 -0.01873723 -0.00321053 0.06269621 -0.01873723 -0.00487637 0.06173443 -0.01873723 -0.00515197 0.06203533 -0.01873723 -0.00525686 0.06228857 -0.01873723 -0.00529264 0.06256033 -0.01873723 -0.00525686 0.06283209 -0.01873723 -0.00515197 0.06308533 -0.01873723 0.00515197 0.07157061 -0.01873723 0.00527475 0.07118149 -0.01873723 0.005204415 0.07064723 -0.01873723 0.0049851 0.07030315 -0.01873723 0.00464102 0.07008383 -0.01873723 0.00304865 0.06939252 -0.01873723 0.00360891 0.07021971 -0.01873723 0.0024207 0.06998734 -0.01873723 0.003280865 0.07064723 -0.01873723 0.00167956 0.07043327 -0.01873723 0.00085 0.07415297 -0.01873723 0.00321053 0.07118149 -0.01873723 0.00410676 0.0700135 -0.01873723 0.00353405 0.0686766 -0.01873723 0.00384426 0.07200739 -0.01873723 0.00437852 0.07207772 -0.01873723 0.00085 0.07517797 -0.01873723 0.00350018 0.07178807 -0.01873723 0.00476764 0.07195494 -0.01873723 -0.00321053 0.07090973 -0.01873723 -0.003280865 0.07144399 -0.01873723 -0.003416745 0.07041188 -0.01873723 -0.0024207 0.06998734 -0.01873723 -0.00304865 0.06939252 -0.01873723 -0.00384426 0.07008383 -0.01873723 -0.00353405 0.0686766 -0.01873723 -0.00735 0.06765297 -0.01873723 -0.00437852 0.0700135 -0.01873723 -0.00397088 0.07205983 -0.01873723 -0.00424264 0.07209561 -0.01873723 -0.0045 0.07680297 -0.01873723 -0.0045144 0.07205983 -0.01873723 -0.00371764 0.07195494 -0.01873723 -0.00515197 0.07157061 -0.01873723 -0.008375 0.07517797 -0.01873723 -0.00527475 0.07118149 -0.01873723 -0.0049851 0.07178807 -0.01873723 -0.00515197 0.07052061 -0.01873723 -0.00525686 0.07077385 -0.01873723 -0.00487637 0.07021971 -0.01873723 -0.00167956 0.07043327 -0.01873723 -0.000859882 0.07070945 -0.01873723 0 0.07080297 -0.01873723 0.000859882 0.07070945 -0.01873723 -0.00371591 0.06532242 -0.01873723 -0.00394731 0.06615584 -0.01873723 -0.00399413 0.06701953 -0.01873723 -0.0038542 0.06787308 -0.01873723 0.00206222 0.06337554 -0.01873723 0.00127721 0.06301236 -0.01873723 0.00085 0.05945297 -0.01873723 0.000432476 0.06282642 -0.01873723 -0.000432476 0.06282642 -0.01873723 0.00384426 0.06159855 -0.01873723 0.00350018 0.06181787 -0.01873723 0.003280865 0.06216195 -0.01873723 0.00410676 0.06359244 -0.01873723 0.00371591 0.06532242 -0.01873723 0.00464102 0.06352211 -0.01873723 0.00527475 0.06242445 -0.01873723 0.005204415 0.06295871 -0.01873723 0.0049851 0.06330279 -0.01873723 0.005068535 0.0619266 -0.01873723 0.00476764 0.061651 -0.01873723 0.00437852 0.06152822 -0.01873723 0.00319264 0.06256033 -0.01873723 0.003280865 0.06295871 -0.01873723 0.0027508 0.06389899 -0.01873723 0.00360891 0.06338623 -0.01873723 0.00331076 0.06455822 -0.01873723 0.0038542 0.06787308 -0.01873723 0.00399413 0.06701953 -0.01873723 0.00394731 0.06615584 -0.01873723 0.01 0.06230297 -0.01873723 0.01 0.05980297 -0.01873723 0.0045 0.05680297 -0.01873723 0.00135 0.05530297 -0.01873723 0.003 0.05330297 -0.01873723 0.00135 0.05330297 -0.01873723 -0.003 0.05330297 -0.01873723 -0.00135 0.05330297 -0.01873723 -0.007 0.05680297 -0.01873723 -0.01 0.05980297 -0.01873723 -0.0105 0.06765297 -0.01873723 -0.0135 0.06545297 -0.01873723 -0.0135 0.06380297 -0.01873723 -0.01 0.06230297 -0.01873723 -0.01 0.07380297 -0.01873723 -0.0135 0.07470297 -0.01873723 -0.0120176 0.08023487 -0.01873723 -0.0111639 0.07816817 -0.01873723 -0.0125 0.08003507 -0.01873723 -0.01008265 0.07831052 -0.01873723 -0.00972218 0.07808077 -0.01873723 -0.01064235 0.07838422 -0.01873723 -0.00954737 0.07785297 -0.01873723 -0.00941874 0.07716062 -0.01873723 -0.009634775 0.07663906 -0.01873723 -0.00995 0.07635034 -0.01873723 -0.01091735 0.07629539 -0.01873723 -0.0112778 0.07652515 -0.01873723 -0.01035765 0.07622171 -0.01873723 -0.01150755 0.07688562 -0.01873723 -0.0135 0.07830297 -0.01873723 -0.0129142 0.07971717 -0.01873723 -0.0132321 0.07930297 -0.01873723 -0.0114526 0.07785297 -0.01873723 -0.0134319 0.07882057 -0.01873723 -0.01158125 0.07744532 -0.01873723 -0.007 0.07680297 -0.01873723 0.007 0.07680297 -0.01873723 0.0045 0.07680297 -0.01873723 0.01 0.07380297 -0.01873723 0.01 0.07130297 -0.01873723 0.0135 0.06980297 -0.01873723 0.0135 0.06815297 -0.01873723 0.0115 0.06545297 -0.01873723 0.0135 0.06545297 -0.01873723 0.0135 0.06380297 -0.01873723 -0.0074 0.05330297 -0.02248723 -0.0074 0.05330297 -0.02098723 -0.0079 0.05330297 -0.02248723 -0.0079 0.05330297 -0.02098723 -0.003 0.05330297 -0.02098723 -0.000814797 0.05330297 -0.02279909 -0.001236565 0.05330297 -0.02224943 -0.003 0.05330297 -0.02248723 -0.000174703 0.05330297 -0.02306423 0.003 0.05330297 -0.02248723 0.0035 0.05330297 -0.02248723 0.0035 0.05330297 -0.02098723 -0.0035 0.05330297 -0.02098723 -0.0035 0.05330297 -0.02248723 0.003 0.05330297 -0.02098723 0.00135 0.05330297 -0.02173723 -0.00135 0.05330297 -0.02173723 0.00116913 0.05330297 -0.02241223 0.000954594 0.05330297 -0.02269182 0.001304 0.05330297 -0.02208663 0.000675 0.05330297 -0.02290636 0.000349406 0.05330297 -0.02304123 0.0135 0.05940297 -0.02248723 0.0135 0.05940297 -0.02098723 0.0135 0.05890297 -0.02248723 0.0135 0.05890297 -0.02098723 0.0135 0.06980297 -0.02248723 0.0135 0.07030297 -0.02248723 0.0135 0.07030297 -0.02098723 0.0135 0.06747797 -0.02290636 0.0135 0.06980297 -0.02098723 0.0135 0.06803954 -0.02224943 0.0135 0.06380297 -0.02098723 0.0135 0.06612797 -0.02290636 0.0135 0.06556641 -0.02224943 0.0135 0.06815297 -0.02173723 0.0135 0.06545297 -0.02173723 0.0135 0.06645357 -0.02304123 0.0135 0.06680297 -0.02308723 0.0135 0.06715238 -0.02304123 0.0135 0.06380297 -0.02248723 0.0135 0.06330297 -0.02248723 0.0135 0.06330297 -0.02098723 -0.0135 0.06545297 -0.02173723 -0.0135 0.06980297 -0.02098723 -0.0135 0.06747797 -0.02290636 -0.0135 0.06803954 -0.02224943 -0.0135 0.06330297 -0.02248723 -0.0135 0.06330297 -0.02098723 -0.0135 0.06380297 -0.02248723 -0.0135 0.06380297 -0.02098723 -0.0135 0.06556641 -0.02224943 -0.0135 0.06612797 -0.02290636 -0.0135 0.06815297 -0.02173723 -0.0135 0.06715238 -0.02304123 -0.0135 0.06980297 -0.02248723 -0.0135 0.07030297 -0.02248723 -0.0135 0.07030297 -0.02098723 -0.0135 0.06645357 -0.02304123 -0.0135 0.06680297 -0.02308723 -0.0135 0.07470297 -0.02248723 -0.0135 0.07420297 -0.02248723 -0.0135 0.07420297 -0.02098723 -0.0135 0.07470297 -0.02098723 0.0074 0.08030297 -0.02248723 0.0074 0.08030297 -0.02098723 0.0079 0.08030297 -0.02248723 0.0079 0.08030297 -0.02098723 -0.00793597 0.07468404 -0.02373723 -0.008 0.07450297 -0.02373723 -0.00984593 0.07488113 -0.02373723 -0.008 0.0730352 -0.02373723 -0.00807816 0.0766489 -0.02373723 -0.00623223 0.07480297 -0.02373723 -0.0077 0.07480297 -0.02373723 0.01035765 0.05522172 -0.02063723 0.01091735 0.05529542 -0.02063723 0.01115 0.05387707 -0.02063723 0.0129259 0.05565297 -0.02063723 0.0113652 0.05563907 -0.02063723 0.0122759 0.05807885 -0.02063723 0.01150755 0.05672032 -0.02063723 0.0111639 0.0571682 -0.02063723 0.00972218 0.05708079 -0.02063723 0.00984998 0.05872887 -0.02063723 0.01008265 0.05731054 -0.02063723 0.0080741 0.05695299 -0.02063723 0.009492425 0.05672032 -0.02063723 0.01064235 0.05738423 -0.02063723 0.00954737 0.05575297 -0.02063723 0.00872412 0.05452707 -0.02063723 0.00941874 0.05616062 -0.02063723 0.01158125 0.05616062 -0.02063723 0.00983609 0.05543777 -0.02063723 0.00984593 0.05872481 -0.02373723 0.00984998 0.05872887 -0.02473723 0.00807816 0.05695704 -0.02373723 0.0080741 0.05695299 -0.02473723 -0.01008265 0.05529542 -0.02063723 -0.01115 0.05387707 -0.02063723 -0.01064235 0.05522172 -0.02063723 -0.00872412 0.05452707 -0.02063723 -0.009634775 0.05563907 -0.02063723 -0.01008265 0.05731054 -0.02063723 -0.01064235 0.05738423 -0.02063723 -0.00984998 0.05872887 -0.02063723 -0.0122759 0.05807885 -0.02063723 -0.0111639 0.0571682 -0.02063723 -0.00941874 0.05616062 -0.02063723 -0.0080741 0.05695299 -0.02063723 -0.009492425 0.05672032 -0.02063723 -0.00972218 0.05708079 -0.02063723 -0.01150755 0.05672032 -0.02063723 -0.0129259 0.05565297 -0.02063723 -0.0116 0.05630297 -0.02063723 -0.01150755 0.05588562 -0.02063723 -0.0111639 0.05543777 -0.02063723 -0.00807816 0.05695704 -0.02373723 -0.00984593 0.05872481 -0.02373723 -0.00984998 0.05872887 -0.02473723 -0.0122759 0.07552709 -0.02063723 -0.01150755 0.07688562 -0.02063723 -0.0111639 0.07643775 -0.02063723 -0.009634775 0.07663906 -0.02063723 -0.00984998 0.07487707 -0.02063723 -0.01008265 0.07629539 -0.02063723 -0.0080741 0.07665295 -0.02063723 -0.00943748 0.07701827 -0.02063723 -0.00954737 0.07785297 -0.02063723 -0.00872412 0.07907887 -0.02063723 -0.00941874 0.07744532 -0.02063723 -0.01035765 0.07838422 -0.02063723 -0.01091735 0.07831052 -0.02063723 -0.01115 0.07972887 -0.02063723 -0.0129259 0.07795297 -0.02063723 -0.0113652 0.07796687 -0.02063723 -0.01064235 0.07622171 -0.02063723 -0.00983609 0.07816817 -0.02063723 -0.01158125 0.07744532 -0.02063723 -0.0080741 0.07665295 -0.02473723 0.00793597 0.0589219 -0.02373723 0.008 0.05910297 -0.02373723 0.008 0.06057074 -0.02373723 0.00623223 0.05880297 -0.02373723 0.0077 0.05880297 -0.02373723 -0.007881065 0.058867 -0.02373723 -0.0077 0.05880297 -0.02373723 -0.00623223 0.05880297 -0.02373723 -0.008 0.06057074 -0.02373723 -0.008 0.05910297 -0.02373723 0.007881065 0.07473894 -0.02373723 0.0077 0.07480297 -0.02373723 0.00807816 0.0766489 -0.02373723 0.00623223 0.07480297 -0.02373723 0.00984593 0.07488113 -0.02373723 0.008 0.0730352 -0.02373723 0.008 0.07450297 -0.02373723 -0.0045144 0.06357455 -0.02093723 -0.00476764 0.06346966 -0.01873723 -0.00487637 0.06338623 -0.02093723 -0.0049851 0.06330279 -0.01873723 -0.00515197 0.06308533 -0.02093723 -0.00525686 0.06283209 -0.02093723 -0.00529264 0.06256033 -0.02093723 -0.00525686 0.06228857 -0.02093723 -0.00515197 0.06203533 -0.02093723 -0.0049851 0.06181787 -0.02093723 -0.0049851 0.06181787 -0.01873723 -0.00476764 0.061651 -0.02093723 -0.00476764 0.061651 -0.01873723 -0.00437852 0.06152822 -0.02093723 -0.00424264 0.06151033 -0.01873723 -0.00397088 0.06154611 -0.02093723 -0.00397088 0.06154611 -0.01873723 -0.00371764 0.061651 -0.02093723 -0.00371764 0.061651 -0.01873723 -0.00350018 0.06181787 -0.02093723 -0.00333331 0.06203533 -0.02093723 -0.00333331 0.06203533 -0.01873723 -0.00322842 0.06228857 -0.02093723 -0.00322842 0.06228857 -0.01873723 -0.00319264 0.06256033 -0.02093723 -0.00319264 0.06256033 -0.01873723 -0.00322842 0.06283209 -0.02093723 -0.00322842 0.06283209 -0.01873723 -0.00333331 0.06308533 -0.02093723 -0.00333331 0.06308533 -0.01873723 -0.00350018 0.06330279 -0.02093723 -0.00350018 0.06330279 -0.01873723 -0.00371764 0.06346966 -0.02093723 -0.00371764 0.06346966 -0.01873723 -0.00397088 0.06357455 -0.02093723 -0.00397088 0.06357455 -0.01873723 -0.00424264 0.06361033 -0.02093723 -0.00437852 0.06359244 -0.01873723 0.00333331 0.07157061 -0.02093723 0.00322842 0.07131737 -0.01873723 0.00321053 0.07118149 -0.02093723 0.00319264 0.07104561 -0.01873723 0.00322842 0.07077385 -0.02093723 0.00322842 0.07077385 -0.01873723 0.00333331 0.07052061 -0.02093723 0.00333331 0.07052061 -0.01873723 0.00350018 0.07030315 -0.02093723 0.00350018 0.07030315 -0.01873723 0.00371764 0.07013628 -0.02093723 0.00371764 0.07013628 -0.01873723 0.00397088 0.07003139 -0.02093723 0.00397088 0.07003139 -0.01873723 0.00424264 0.06999561 -0.02093723 0.00424264 0.06999561 -0.01873723 0.0045144 0.07003139 -0.02093723 0.0045144 0.07003139 -0.01873723 0.00476764 0.07013628 -0.02093723 0.00476764 0.07013628 -0.01873723 0.0049851 0.07030315 -0.02093723 0.00515197 0.07052061 -0.02093723 0.00515197 0.07052061 -0.01873723 0.00525686 0.07077385 -0.02093723 0.00525686 0.07077385 -0.01873723 0.00529264 0.07104561 -0.02093723 0.00529264 0.07104561 -0.01873723 0.00525686 0.07131737 -0.02093723 0.00525686 0.07131737 -0.01873723 0.005068535 0.07167934 -0.02093723 0.0049851 0.07178807 -0.01873723 0.00476764 0.07195494 -0.02093723 0.0045144 0.07205983 -0.02093723 0.0045144 0.07205983 -0.01873723 0.00424264 0.07209561 -0.02093723 0.00424264 0.07209561 -0.01873723 0.00397088 0.07205983 -0.02093723 0.00397088 0.07205983 -0.01873723 0.00371764 0.07195494 -0.02093723 0.00371764 0.07195494 -0.01873723 0.00350018 0.07178807 -0.02093723 0.003416745 0.07167934 -0.01873723 0.00424264 0.06361033 -0.02093723 0.00424264 0.06361033 -0.01873723 0.00397088 0.06357455 -0.02093723 0.00397088 0.06357455 -0.01873723 0.00371764 0.06346966 -0.02093723 0.00371764 0.06346966 -0.01873723 0.00350018 0.06330279 -0.02093723 0.00350018 0.06330279 -0.01873723 0.00333331 0.06308533 -0.02093723 0.00333331 0.06308533 -0.01873723 0.00322842 0.06283209 -0.02093723 0.00322842 0.06283209 -0.01873723 0.00319264 0.06256033 -0.02093723 0.00322842 0.06228857 -0.02093723 0.00322842 0.06228857 -0.01873723 0.00333331 0.06203533 -0.02093723 0.00333331 0.06203533 -0.01873723 0.00350018 0.06181787 -0.02093723 0.00371764 0.061651 -0.02093723 0.00371764 0.061651 -0.01873723 0.00397088 0.06154611 -0.02093723 0.00397088 0.06154611 -0.01873723 0.00424264 0.06151033 -0.02093723 0.00424264 0.06151033 -0.01873723 0.0045144 0.06154611 -0.02093723 0.0045144 0.06154611 -0.01873723 0.00476764 0.061651 -0.02093723 0.0049851 0.06181787 -0.02093723 0.0049851 0.06181787 -0.01873723 0.00515197 0.06203533 -0.02093723 0.00515197 0.06203533 -0.01873723 0.00525686 0.06228857 -0.02093723 0.00525686 0.06228857 -0.01873723 0.00529264 0.06256033 -0.02093723 0.00529264 0.06256033 -0.01873723 0.00525686 0.06283209 -0.02093723 0.00525686 0.06283209 -0.01873723 0.00515197 0.06308533 -0.02093723 0.00515197 0.06308533 -0.01873723 0.0049851 0.06330279 -0.02093723 0.00476764 0.06346966 -0.02093723 0.00476764 0.06346966 -0.01873723 0.0045144 0.06357455 -0.02093723 0.0045144 0.06357455 -0.01873723 -0.0045144 0.07205983 -0.02093723 -0.00476764 0.07195494 -0.01873723 -0.00487637 0.07187151 -0.02093723 -0.00515197 0.07157061 -0.02093723 -0.00527475 0.07118149 -0.02093723 -0.00529264 0.07104561 -0.01873723 -0.00525686 0.07077385 -0.02093723 -0.00515197 0.07052061 -0.02093723 -0.0049851 0.07030315 -0.02093723 -0.00476764 0.07013628 -0.02093723 -0.0045144 0.07003139 -0.01873723 -0.00437852 0.0700135 -0.02093723 -0.00424264 0.06999561 -0.01873723 -0.00397088 0.07003139 -0.02093723 -0.00397088 0.07003139 -0.01873723 -0.00371764 0.07013628 -0.02093723 -0.00371764 0.07013628 -0.01873723 -0.00350018 0.07030315 -0.02093723 -0.00350018 0.07030315 -0.01873723 -0.00333331 0.07052061 -0.02093723 -0.00333331 0.07052061 -0.01873723 -0.00322842 0.07077385 -0.02093723 -0.00322842 0.07077385 -0.01873723 -0.00319264 0.07104561 -0.02093723 -0.00319264 0.07104561 -0.01873723 -0.00322842 0.07131737 -0.02093723 -0.00322842 0.07131737 -0.01873723 -0.003416745 0.07167934 -0.02093723 -0.00350018 0.07178807 -0.01873723 -0.00371764 0.07195494 -0.02093723 -0.00397088 0.07205983 -0.02093723 -0.00424264 0.07209561 -0.02093723 -0.00437852 0.07207772 -0.01873723 0.0105 0.07840297 -0.02063723 0.0105 0.07840297 -0.01873723 0.0102153 0.07836547 -0.02063723 0.0102153 0.07836547 -0.01873723 0.00995 0.07825557 -0.02063723 0.00995 0.07825557 -0.01873723 0.00972218 0.07808077 -0.02063723 0.00954737 0.07785297 -0.02063723 0.00954737 0.07785297 -0.01873723 0.00943748 0.07758767 -0.02063723 0.00943748 0.07758767 -0.01873723 0.0094 0.07730297 -0.02063723 0.0094 0.07730297 -0.01873723 0.00943748 0.07701827 -0.02063723 0.00943748 0.07701827 -0.01873723 0.00954737 0.07675297 -0.02063723 0.00954737 0.07675297 -0.01873723 0.00972218 0.07652515 -0.02063723 0.00972218 0.07652515 -0.01873723 0.00995 0.07635034 -0.02063723 0.0102153 0.07624045 -0.02063723 0.0102153 0.07624045 -0.01873723 0.0105 0.07620297 -0.02063723 0.0105 0.07620297 -0.01873723 0.0107847 0.07624045 -0.02063723 0.0107847 0.07624045 -0.01873723 0.01105 0.07635034 -0.02063723 0.01105 0.07635034 -0.01873723 0.0112778 0.07652515 -0.02063723 0.0112778 0.07652515 -0.01873723 0.0114526 0.07675297 -0.02063723 0.0114526 0.07675297 -0.01873723 0.0115625 0.07701827 -0.02063723 0.0116 0.07730297 -0.02063723 0.0116 0.07730297 -0.01873723 0.0115625 0.07758767 -0.02063723 0.0115625 0.07758767 -0.01873723 0.0114526 0.07785297 -0.02063723 0.0114526 0.07785297 -0.01873723 0.0112778 0.07808077 -0.02063723 0.0112778 0.07808077 -0.01873723 0.01105 0.07825557 -0.02063723 0.0107847 0.07836547 -0.02063723 0.0107847 0.07836547 -0.01873723 0.0105 0.05740297 -0.02063723 0.0105 0.05740297 -0.01873723 0.0102153 0.05736549 -0.02063723 0.0102153 0.05736549 -0.01873723 0.00995 0.0572556 -0.02063723 0.00995 0.0572556 -0.01873723 0.00972218 0.05708079 -0.01873723 0.00954737 0.05685297 -0.02063723 0.00954737 0.05685297 -0.01873723 0.00943748 0.05658767 -0.02063723 0.00943748 0.05658767 -0.01873723 0.0094 0.05630297 -0.02063723 0.0094 0.05630297 -0.01873723 0.00943748 0.05601827 -0.02063723 0.00943748 0.05601827 -0.01873723 0.00954737 0.05575297 -0.01873723 0.00972218 0.05552517 -0.02063723 0.00972218 0.05552517 -0.01873723 0.00995 0.05535037 -0.02063723 0.00995 0.05535037 -0.01873723 0.0102153 0.05524047 -0.02063723 0.0102153 0.05524047 -0.01873723 0.0105 0.05520297 -0.02063723 0.0105 0.05520297 -0.01873723 0.0107847 0.05524047 -0.02063723 0.0107847 0.05524047 -0.01873723 0.01105 0.05535037 -0.02063723 0.01105 0.05535037 -0.01873723 0.0112778 0.05552517 -0.02063723 0.0112778 0.05552517 -0.01873723 0.0114526 0.05575297 -0.02063723 0.0114526 0.05575297 -0.01873723 0.0115625 0.05601827 -0.02063723 0.0115625 0.05601827 -0.01873723 0.0116 0.05630297 -0.02063723 0.0116 0.05630297 -0.01873723 0.0115625 0.05658767 -0.02063723 0.0115625 0.05658767 -0.01873723 0.0114526 0.05685297 -0.02063723 0.0114526 0.05685297 -0.01873723 0.0112778 0.05708079 -0.02063723 0.0112778 0.05708079 -0.01873723 0.01105 0.0572556 -0.02063723 0.01105 0.0572556 -0.01873723 0.0107847 0.05736549 -0.02063723 0.0107847 0.05736549 -0.01873723 -0.0105 0.07840297 -0.02063723 -0.0105 0.07840297 -0.01873723 -0.0107847 0.07836547 -0.02063723 -0.0107847 0.07836547 -0.01873723 -0.01105 0.07825557 -0.02063723 -0.01105 0.07825557 -0.01873723 -0.0112778 0.07808077 -0.02063723 -0.0112778 0.07808077 -0.01873723 -0.0114526 0.07785297 -0.02063723 -0.0115625 0.07758767 -0.02063723 -0.0115625 0.07758767 -0.01873723 -0.0116 0.07730297 -0.02063723 -0.0116 0.07730297 -0.01873723 -0.0115625 0.07701827 -0.02063723 -0.0115625 0.07701827 -0.01873723 -0.0114526 0.07675297 -0.02063723 -0.0114526 0.07675297 -0.01873723 -0.0112778 0.07652515 -0.02063723 -0.01105 0.07635034 -0.02063723 -0.01105 0.07635034 -0.01873723 -0.0107847 0.07624045 -0.02063723 -0.0107847 0.07624045 -0.01873723 -0.0105 0.07620297 -0.02063723 -0.0105 0.07620297 -0.01873723 -0.0102153 0.07624045 -0.02063723 -0.0102153 0.07624045 -0.01873723 -0.00995 0.07635034 -0.02063723 -0.00972218 0.07652515 -0.02063723 -0.00972218 0.07652515 -0.01873723 -0.00954737 0.07675297 -0.02063723 -0.00954737 0.07675297 -0.01873723 -0.00943748 0.07701827 -0.01873723 -0.0094 0.07730297 -0.02063723 -0.0094 0.07730297 -0.01873723 -0.00943748 0.07758767 -0.02063723 -0.00943748 0.07758767 -0.01873723 -0.00972218 0.07808077 -0.02063723 -0.00995 0.07825557 -0.02063723 -0.00995 0.07825557 -0.01873723 -0.0102153 0.07836547 -0.02063723 -0.0102153 0.07836547 -0.01873723 -0.0105 0.05740297 -0.02063723 -0.0105 0.05740297 -0.01873723 -0.0107847 0.05736549 -0.02063723 -0.0107847 0.05736549 -0.01873723 -0.01105 0.0572556 -0.02063723 -0.0112778 0.05708079 -0.02063723 -0.0112778 0.05708079 -0.01873723 -0.0114526 0.05685297 -0.02063723 -0.0114526 0.05685297 -0.01873723 -0.0115625 0.05658767 -0.02063723 -0.0115625 0.05658767 -0.01873723 -0.0116 0.05630297 -0.01873723 -0.0115625 0.05601827 -0.02063723 -0.0115625 0.05601827 -0.01873723 -0.0114526 0.05575297 -0.02063723 -0.0114526 0.05575297 -0.01873723 -0.0112778 0.05552517 -0.02063723 -0.0112778 0.05552517 -0.01873723 -0.01105 0.05535037 -0.02063723 -0.01105 0.05535037 -0.01873723 -0.0107847 0.05524047 -0.02063723 -0.0107847 0.05524047 -0.01873723 -0.0105 0.05520297 -0.02063723 -0.0105 0.05520297 -0.01873723 -0.0102153 0.05524047 -0.02063723 -0.0102153 0.05524047 -0.01873723 -0.00995 0.05535037 -0.02063723 -0.00995 0.05535037 -0.01873723 -0.00972218 0.05552517 -0.02063723 -0.00972218 0.05552517 -0.01873723 -0.00954737 0.05575297 -0.02063723 -0.00954737 0.05575297 -0.01873723 -0.00943748 0.05601827 -0.02063723 -0.00943748 0.05601827 -0.01873723 -0.0094 0.05630297 -0.02063723 -0.0094 0.05630297 -0.01873723 -0.00943748 0.05658767 -0.02063723 -0.00943748 0.05658767 -0.01873723 -0.00954737 0.05685297 -0.02063723 -0.00954737 0.05685297 -0.01873723 -0.00972218 0.05708079 -0.01873723 -0.00995 0.0572556 -0.02063723 -0.00995 0.0572556 -0.01873723 -0.0102153 0.05736549 -0.02063723 -0.0102153 0.05736549 -0.01873723 -0.001304 0.07415297 -0.02138782 -0.001327 0.07230297 -0.02156252 -0.00135 0.07415297 -0.02173723 -0.00116913 0.07230297 -0.02106223 -0.00116913 0.07415297 -0.02106223 -0.000954594 0.07230297 -0.02078263 -0.000954594 0.07415297 -0.02078263 -0.000675 0.07230297 -0.0205681 -0.000675 0.07415297 -0.0205681 -0.000349406 0.07230297 -0.02043323 -0.000349406 0.07415297 -0.02043323 -3.82424e-19 0.07230297 -0.02038723 -3.82424e-19 0.07415297 -0.02038723 0.000349406 0.07230297 -0.02043323 0.000349406 0.07415297 -0.02043323 0.000675 0.07230297 -0.0205681 0.000675 0.07415297 -0.0205681 0.000954594 0.07230297 -0.02078263 0.000954594 0.07415297 -0.02078263 0.00116913 0.07230297 -0.02106223 0.00116913 0.07415297 -0.02106223 0.001304 0.07230297 -0.02138782 0.001304 0.07415297 -0.02138782 0.00135 0.07415297 -0.02173723 0.00135 0.07230297 -0.02223723 -0.00135 0.07230297 -0.02223723 0.001327 0.07230297 -0.02156252 -0.00135 0.07230297 -0.02173723 0.000174703 0.07230297 -0.02041023 -0.001304 0.07230297 -0.02138782 0.00135 0.07830297 -0.02173723 0.001304 0.08030297 -0.02208663 -0.001304 0.07730297 -0.02208663 -0.00116913 0.07730297 -0.02241223 -0.000954594 0.07730297 -0.02269182 -0.000675 0.07730297 -0.02290636 -0.000349406 0.07730297 -0.02304123 1.44703e-18 0.08030297 -0.02308723 1.44703e-18 0.07730297 -0.02308723 0.000349406 0.08030297 -0.02304123 0.000349406 0.07730297 -0.02304123 0.000675 0.08030297 -0.02290636 0.000675 0.07730297 -0.02290636 0.000954594 0.08030297 -0.02269182 0.000954594 0.07730297 -0.02269182 0.00116913 0.08030297 -0.02241223 0.00116913 0.07730297 -0.02241223 0.001304 0.07730297 -0.02208663 0.00135 0.07730297 -0.02173723 0.001304 0.07830297 -0.02138782 0.001236565 0.07730297 -0.02122502 0.00116913 0.07830297 -0.02106223 0.000954594 0.07830297 -0.02078263 0.000814797 0.07730297 -0.02067537 0.000512203 0.07830297 -0.02050067 0.000349406 0.07730297 -0.02043323 -3.82424e-19 0.07830297 -0.02038723 -3.82424e-19 0.07730297 -0.02038723 -0.000349406 0.07830297 -0.02043323 -0.000512203 0.07730297 -0.02050067 -0.000814797 0.07830297 -0.02067537 -0.000954594 0.07730297 -0.02078263 -0.001236565 0.07830297 -0.02122502 -0.00116913 0.07730297 -0.02106223 -0.001327 0.07730297 -0.02156252 -0.00135 0.07830297 -0.02173723 0.001304 0.05945297 -0.02138782 0.001327 0.06130297 -0.02156252 0.00135 0.05945297 -0.02173723 0.00116913 0.06130297 -0.02106223 0.00116913 0.05945297 -0.02106223 0.000954594 0.06130297 -0.02078263 0.000954594 0.05945297 -0.02078263 0.000675 0.06130297 -0.0205681 0.000675 0.05945297 -0.0205681 0.000349406 0.06130297 -0.02043323 0.000349406 0.05945297 -0.02043323 3.82424e-19 0.06130297 -0.02038723 3.82424e-19 0.05945297 -0.02038723 -0.000349406 0.06130297 -0.02043323 -0.000349406 0.05945297 -0.02043323 -0.000675 0.06130297 -0.0205681 -0.000675 0.05945297 -0.0205681 -0.000954594 0.06130297 -0.02078263 -0.000954594 0.05945297 -0.02078263 -0.00116913 0.06130297 -0.02106223 -0.00116913 0.05945297 -0.02106223 -0.001304 0.06130297 -0.02138782 -0.001304 0.05945297 -0.02138782 -0.00135 0.05945297 -0.02173723 -0.00135 0.06130297 -0.02223723 0.00135 0.06130297 -0.02223723 -0.001327 0.06130297 -0.02156252 0.00135 0.06130297 -0.02173723 -0.000174703 0.06130297 -0.02041023 0.001304 0.06130297 -0.02138782 0.00735 0.06810697 -0.02138782 0.0055 0.06812997 -0.02156252 0.00735 0.06815297 -0.02173723 0.0055 0.0679721 -0.02106223 0.00735 0.0679721 -0.02106223 0.0055 0.06775757 -0.02078263 0.00735 0.06775757 -0.02078263 0.0055 0.06747797 -0.0205681 0.00735 0.06747797 -0.0205681 0.0055 0.06715238 -0.02043323 0.00735 0.06715238 -0.02043323 0.0055 0.06680297 -0.02038723 0.00735 0.06680297 -0.02038723 0.0055 0.06645357 -0.02043323 0.00735 0.06645357 -0.02043323 0.0055 0.06612797 -0.0205681 0.00735 0.06612797 -0.0205681 0.0055 0.06584838 -0.02078263 0.00735 0.06584838 -0.02078263 0.0055 0.06563384 -0.02106223 0.00735 0.06563384 -0.02106223 0.0055 0.06549897 -0.02138782 0.00735 0.06549897 -0.02138782 0.00735 0.06545297 -0.02173723 -0.00735 0.06549897 -0.02138782 -0.0055 0.06547597 -0.02156252 -0.00735 0.06545297 -0.02173723 -0.0055 0.06563384 -0.02106223 -0.00735 0.06563384 -0.02106223 -0.0055 0.06584838 -0.02078263 -0.00735 0.06584838 -0.02078263 -0.0055 0.06612797 -0.0205681 -0.00735 0.06612797 -0.0205681 -0.0055 0.06645357 -0.02043323 -0.00735 0.06645357 -0.02043323 -0.0055 0.06680297 -0.02038723 -0.00735 0.06680297 -0.02038723 -0.0055 0.06715238 -0.02043323 -0.00735 0.06715238 -0.02043323 -0.0055 0.06747797 -0.0205681 -0.00735 0.06747797 -0.0205681 -0.0055 0.06775757 -0.02078263 -0.00735 0.06775757 -0.02078263 -0.0055 0.0679721 -0.02106223 -0.00735 0.0679721 -0.02106223 -0.0055 0.06810697 -0.02138782 -0.00735 0.06810697 -0.02138782 -0.00735 0.06815297 -0.02173723 0.0055 0.06545297 -0.02173723 0.0055 0.06545297 -0.02223723 0.0055 0.06815297 -0.02223723 0.0055 0.06815297 -0.02173723 0.0055 0.06810697 -0.02138782 0.0055 0.06697768 -0.02041023 0.0055 0.06574111 -0.02092243 -0.0055 0.06545297 -0.02223723 -0.0055 0.06545297 -0.02173723 -0.0055 0.06815297 -0.02223723 -0.0055 0.06549897 -0.02138782 -0.0055 0.06697768 -0.02041023 -0.0055 0.06803954 -0.02122502 0.0115 0.06545297 -0.02173723 0.0135 0.06549897 -0.02208663 0.0135 0.06810697 -0.02208663 0.0105 0.06810697 -0.02208663 0.0135 0.0679721 -0.02241223 0.0105 0.0679721 -0.02241223 0.0135 0.06775757 -0.02269182 0.0105 0.06775757 -0.02269182 0.0105 0.06747797 -0.02290636 0.0105 0.06715238 -0.02304123 0.0105 0.06680297 -0.02308723 0.0105 0.06645357 -0.02304123 0.0105 0.06612797 -0.02290636 0.0135 0.06584838 -0.02269182 0.0105 0.06584838 -0.02269182 0.0135 0.06563384 -0.02241223 0.0105 0.06563384 -0.02241223 0.0105 0.06549897 -0.02208663 0.0105 0.06545297 -0.02173723 0.0115 0.06549897 -0.02138782 0.0105 0.06556641 -0.02122502 0.0115 0.06563384 -0.02106223 0.0115 0.06584838 -0.02078263 0.0105 0.06598818 -0.02067537 0.0115 0.06629077 -0.02050067 0.0105 0.06645357 -0.02043323 0.0115 0.06680297 -0.02038723 0.0105 0.06680297 -0.02038723 0.0115 0.06715238 -0.02043323 0.0105 0.06731518 -0.02050067 0.0115 0.06761777 -0.02067537 0.0105 0.06786484 -0.02092243 0.0115 0.06803954 -0.02122502 0.0105 0.06812997 -0.02156252 0.0115 0.06815297 -0.02173723 -0.00135 0.05530297 -0.02173723 -0.001304 0.05330297 -0.02208663 0.001304 0.05630297 -0.02208663 0.00116913 0.05630297 -0.02241223 0.000954594 0.05630297 -0.02269182 0.000675 0.05630297 -0.02290636 0.000349406 0.05630297 -0.02304123 -1.44703e-18 0.05330297 -0.02308723 -1.44703e-18 0.05630297 -0.02308723 -0.000349406 0.05330297 -0.02304123 -0.000349406 0.05630297 -0.02304123 -0.000675 0.05330297 -0.02290636 -0.000675 0.05630297 -0.02290636 -0.000954594 0.05330297 -0.02269182 -0.000954594 0.05630297 -0.02269182 -0.00116913 0.05330297 -0.02241223 -0.00116913 0.05630297 -0.02241223 -0.001304 0.05630297 -0.02208663 -0.00135 0.05630297 -0.02173723 -0.001304 0.05530297 -0.02138782 -0.001236565 0.05630297 -0.02122502 -0.00116913 0.05530297 -0.02106223 -0.000954594 0.05530297 -0.02078263 -0.000814797 0.05630297 -0.02067537 -0.000512203 0.05530297 -0.02050067 -0.000349406 0.05630297 -0.02043323 3.82424e-19 0.05530297 -0.02038723 3.82424e-19 0.05630297 -0.02038723 0.000349406 0.05530297 -0.02043323 0.000512203 0.05630297 -0.02050067 0.000814797 0.05530297 -0.02067537 0.000954594 0.05630297 -0.02078263 0.001236565 0.05530297 -0.02122502 0.00116913 0.05630297 -0.02106223 0.001327 0.05630297 -0.02156252 0.00135 0.05530297 -0.02173723 -0.0115 0.06815297 -0.02173723 -0.0135 0.06810697 -0.02208663 -0.0135 0.06549897 -0.02208663 -0.0105 0.06549897 -0.02208663 -0.0135 0.06563384 -0.02241223 -0.0105 0.06563384 -0.02241223 -0.0135 0.06584838 -0.02269182 -0.0105 0.06584838 -0.02269182 -0.0105 0.06612797 -0.02290636 -0.0105 0.06645357 -0.02304123 -0.0105 0.06680297 -0.02308723 -0.0105 0.06715238 -0.02304123 -0.0105 0.06747797 -0.02290636 -0.0135 0.06775757 -0.02269182 -0.0105 0.06775757 -0.02269182 -0.0135 0.0679721 -0.02241223 -0.0105 0.0679721 -0.02241223 -0.0105 0.06810697 -0.02208663 -0.0105 0.06815297 -0.02173723 -0.0115 0.06810697 -0.02138782 -0.0105 0.06803954 -0.02122502 -0.0115 0.06786484 -0.02092243 -0.0105 0.06761777 -0.02067537 -0.0115 0.06731518 -0.02050067 -0.0105 0.06715238 -0.02043323 -0.0115 0.06680297 -0.02038723 -0.0105 0.06680297 -0.02038723 -0.0115 0.06645357 -0.02043323 -0.0105 0.06629077 -0.02050067 -0.0115 0.06598818 -0.02067537 -0.0105 0.06584838 -0.02078263 -0.0115 0.06556641 -0.02122502 -0.0105 0.06563384 -0.02106223 -0.0105 0.06547597 -0.02156252 -0.0115 0.06545297 -0.02173723 0.00198405 0.06316552 -0.02223723 0.00250991 0.06120297 -0.02223723 0.00135 0.06120297 -0.02223723 0.0056 0.06931288 -0.02223723 0.0056 0.06815297 -0.02223723 0.00363745 0.06878702 -0.02223723 0.00363745 0.06481892 -0.02223723 0.0056 0.06429306 -0.02223723 -0.000775 0.06814531 -0.02223723 -0.00149718 0.06720414 -0.02223723 -0.00363745 0.06481892 -0.02223723 -0.00155 0.06680297 -0.02223723 -8.78158e-19 0.06525297 -0.02223723 -0.00198405 0.06316552 -0.02223723 -0.00040117 0.06530579 -0.02223723 -0.000775 0.06546063 -0.02223723 -0.00250991 0.06120297 -0.02223723 -0.00250991 0.07240297 -0.02223723 -0.00135 0.07240297 -0.02223723 -0.00198405 0.07044042 -0.02223723 -0.00149718 0.0664018 -0.02223723 -0.00134234 0.06602797 -0.02223723 -0.00109602 0.06570695 -0.02223723 0.00198405 0.07044042 -0.02223723 0.00250991 0.07240297 -0.02223723 0.000200585 0.06832656 -0.02223723 -0.00363745 0.06878702 -0.02223723 -0.00040117 0.06830015 -0.02223723 -0.0056 0.06931288 -0.02223723 -0.0056 0.06429306 -0.02223723 0.00134234 0.06602797 -0.02223723 0.00149718 0.0664018 -0.02223723 0.00155 0.06680297 -0.02223723 0.00149718 0.06720414 -0.02223723 0.000775 0.06814531 -0.02223723 0.00040117 0.06530579 -0.02223723 0.000775 0.06546063 -0.02223723 0.00109602 0.06570695 -0.02223723 -0.01 0.06180297 -0.02248723 -0.01 0.06230297 -0.02248723 -0.01 0.06180297 -0.02098723 -0.01 0.06230297 -0.02098723 -0.01 0.05980297 -0.02248723 -0.01 0.06030297 -0.02248723 -0.01 0.05980297 -0.02098723 -0.01 0.06030297 -0.02098723 -0.005 0.07680297 -0.02248723 -0.0045 0.07680297 -0.02248723 -0.005 0.07680297 -0.02098723 -0.0045 0.07680297 -0.02098723 -0.007 0.07680297 -0.02248723 -0.0065 0.07680297 -0.02248723 -0.007 0.07680297 -0.02098723 -0.0065 0.07680297 -0.02098723 0.01 0.07180297 -0.02248723 0.01 0.07130297 -0.02248723 0.01 0.07180297 -0.02098723 0.01 0.07130297 -0.02098723 0.01 0.07380297 -0.02248723 0.01 0.07330297 -0.02248723 0.01 0.07380297 -0.02098723 0.01 0.07330297 -0.02098723 -0.01 0.07130297 -0.02248723 -0.01 0.07180297 -0.02248723 -0.01 0.07380297 -0.02098723 -0.01 0.07330297 -0.02098723 -0.01 0.07130297 -0.02098723 -0.01 0.07180297 -0.02098723 -0.01 0.07330297 -0.02248723 -0.01 0.07380297 -0.02248723 0.0065 0.07680297 -0.02248723 0.007 0.07680297 -0.02248723 0.007 0.07680297 -0.02098723 0.0065 0.07680297 -0.02098723 0.0045 0.07680297 -0.02248723 0.005 0.07680297 -0.02248723 0.0045 0.07680297 -0.02098723 0.005 0.07680297 -0.02098723 0.01 0.06230297 -0.02248723 0.01 0.06180297 -0.02248723 0.01 0.06030297 -0.02098723 0.01 0.05980297 -0.02098723 0.01 0.06230297 -0.02098723 0.01 0.06180297 -0.02098723 0.01 0.06030297 -0.02248723 0.01 0.05980297 -0.02248723 0.005 0.05680297 -0.02248723 0.0045 0.05680297 -0.02248723 0.005 0.05680297 -0.02098723 0.0045 0.05680297 -0.02098723 0.007 0.05680297 -0.02248723 0.0065 0.05680297 -0.02248723 0.007 0.05680297 -0.02098723 0.0065 0.05680297 -0.02098723 -0.0065 0.05680297 -0.02248723 -0.007 0.05680297 -0.02248723 -0.0065 0.05680297 -0.02098723 -0.007 0.05680297 -0.02098723 -0.0045 0.05680297 -0.02248723 -0.005 0.05680297 -0.02248723 -0.0045 0.05680297 -0.02098723 -0.005 0.05680297 -0.02098723 3.79641e-19 0.06835297 -0.02223723 3.79641e-19 0.06835297 -0.01973723 -0.00040117 0.06830015 -0.01973723 -0.000775 0.06814531 -0.01973723 -0.00109602 0.06789899 -0.02223723 -0.00109602 0.06789899 -0.01973723 -0.00134234 0.06757797 -0.02223723 -0.00134234 0.06757797 -0.01973723 -0.00149718 0.06720414 -0.01973723 -0.00155 0.06680297 -0.01973723 -0.00149718 0.0664018 -0.01973723 -0.00134234 0.06602797 -0.01973723 -0.00109602 0.06570695 -0.01973723 -0.000775 0.06546063 -0.01973723 -0.00040117 0.06530579 -0.01973723 -8.78158e-19 0.06525297 -0.01973723 0.00040117 0.06530579 -0.01973723 0.000775 0.06546063 -0.01973723 0.00109602 0.06570695 -0.01973723 0.00134234 0.06602797 -0.01973723 0.00149718 0.0664018 -0.01973723 0.00155 0.06680297 -0.01973723 0.00149718 0.06720414 -0.01973723 0.00134234 0.06757797 -0.02223723 0.00134234 0.06757797 -0.01973723 0.00109602 0.06789899 -0.02223723 0.00109602 0.06789899 -0.01973723 0.000775 0.06814531 -0.01973723 0.00040117 0.06830015 -0.02223723 0.00040117 0.06830015 -0.01973723 0.00371591 0.06532242 -0.01973723 0.00394731 0.06615584 -0.01973723 0.00399413 0.06701953 -0.01973723 0.0038542 0.06787308 -0.01973723 0.00353405 0.0686766 -0.01973723 0.00304865 0.06939252 -0.01973723 0.0024207 0.06998734 -0.01973723 0.00167956 0.07043327 -0.01973723 0.000859882 0.07070945 -0.01973723 9.79717e-19 0.07080297 -0.01973723 -0.000859882 0.07070945 -0.01973723 -0.00371591 0.06532242 -0.01973723 -0.00331076 0.06455822 -0.01973723 -0.0027508 0.06389899 -0.01973723 -0.00206222 0.06337554 -0.01973723 -0.00127721 0.06301236 -0.01973723 -0.000432476 0.06282642 -0.01973723 0.000432476 0.06282642 -0.01973723 0.00127721 0.06301236 -0.01973723 0.00206222 0.06337554 -0.01973723 0.0027508 0.06389899 -0.01973723 0.00331076 0.06455822 -0.01973723 -0.00167956 0.07043327 -0.01973723 -0.0024207 0.06998734 -0.01973723 -0.00304865 0.06939252 -0.01973723 -0.00353405 0.0686766 -0.01973723 -0.0038542 0.06787308 -0.01973723 -0.00399413 0.06701953 -0.01973723 -0.00394731 0.06615584 -0.01973723 0.00085 0.05945297 -0.01934123 -0.00085 0.05945297 -0.01934123 0.0025 0.05945297 -0.02029385 -0.000174703 0.05945297 -0.02041023 -0.0025 0.05945297 -0.02029385 -0.001061862 0.05945297 -0.02092243 0.000349406 0.05630297 -0.02043323 -0.00085 0.05630297 -0.01934123 -0.000174703 0.05630297 -0.02041023 -0.0025 0.05630297 -0.02029385 0.00085 0.05630297 -0.01934123 0.0025 0.05630297 -0.02029385 -0.00135 0.06120297 -0.02223723 0.0056 0.06545297 -0.02223723 0.00135 0.07240297 -0.02223723 -0.0056 0.06815297 -0.02223723 -0.0056 0.06545297 -0.02223723 0.00735 0.06765297 -0.01934123 0.00735 0.06595297 -0.01934123 0.00735 0.06930297 -0.02029385 0.00735 0.06662827 -0.02041023 0.00735 0.06430297 -0.02029385 0.00735 0.06574111 -0.02092243 0.0105 0.0679721 -0.02106223 0.0105 0.06715238 -0.02043323 0.0105 0.06595297 -0.01934123 0.0105 0.06662827 -0.02041023 0.0105 0.06430297 -0.02029385 0.0105 0.06765297 -0.01934123 0.0105 0.06930297 -0.02029385 -0.00085 0.07415297 -0.01934123 0.00085 0.07415297 -0.01934123 -0.0025 0.07415297 -0.02029385 0.000174703 0.07415297 -0.02041023 0.0025 0.07415297 -0.02029385 0.001061862 0.07415297 -0.02092243 -0.000349406 0.07730297 -0.02043323 0.00085 0.07730297 -0.01934123 0.000174703 0.07730297 -0.02041023 0.0025 0.07730297 -0.02029385 -0.00085 0.07730297 -0.01934123 -0.0025 0.07730297 -0.02029385 -0.00735 0.06595297 -0.01934123 -0.00735 0.06765297 -0.01934123 -0.00735 0.06430297 -0.02029385 -0.00735 0.06697768 -0.02041023 -0.00735 0.06930297 -0.02029385 -0.00735 0.06786484 -0.02092243 -0.0105 0.06645357 -0.02043323 -0.0105 0.06765297 -0.01934123 -0.0105 0.06697768 -0.02041023 -0.0105 0.06930297 -0.02029385 -0.0105 0.06595297 -0.01934123 -0.0105 0.06430297 -0.02029385 0.01008265 0.07629539 -0.02063723 0.01064235 0.07622171 -0.02063723 0.00984998 0.07487707 -0.02063723 0.0122759 0.07552709 -0.02063723 0.0111639 0.07643775 -0.02063723 0.009634775 0.07663906 -0.02063723 0.0080741 0.07665295 -0.02063723 0.01091735 0.07831052 -0.02063723 0.01115 0.07972887 -0.02063723 0.01008265 0.07831052 -0.02063723 0.00872412 0.07907887 -0.02063723 0.009634775 0.07796687 -0.02063723 0.01150755 0.07688562 -0.02063723 0.0129259 0.07795297 -0.02063723 0.01158125 0.07744532 -0.02063723 0.0113652 0.07796687 -0.02063723 0.00941874 0.07744532 -0.02063723 0.00984998 0.07487707 -0.02473723 0.00527475 0.07118149 -0.02093723 0.00515197 0.07157061 -0.02093723 0.00650123 0.0716508 -0.02093723 0.00487637 0.07187151 -0.02093723 0.00484783 0.0733042 -0.02093723 0.00437852 0.07207772 -0.02093723 0.00384426 0.07008383 -0.02093723 0.00437852 0.0700135 -0.02093723 0.00363745 0.06878702 -0.02093723 0.00589605 0.06939221 -0.02093723 0.005068535 0.07041188 -0.02093723 0.00258924 0.07269902 -0.02093723 0.00360891 0.07187151 -0.02093723 0.003416745 0.07041188 -0.02093723 0.00198405 0.07044042 -0.02093723 0.00632166 0.07098062 -0.02223723 0.00650123 0.0716508 -0.02223723 0.00484783 0.0733042 -0.02223723 0.00417765 0.07312463 -0.02223723 0.003280865 0.06216195 -0.02093723 0.00360891 0.06173443 -0.02093723 0.00258924 0.06090692 -0.02093723 0.00437852 0.06359244 -0.02093723 0.00363745 0.06481892 -0.02093723 0.00487637 0.06338623 -0.02093723 0.00589605 0.06421373 -0.02093723 0.00437852 0.06152822 -0.02093723 0.00484783 0.06030174 -0.02093723 0.005068535 0.0619266 -0.02093723 0.00650123 0.06195514 -0.02093723 0.00527475 0.06242445 -0.02093723 0.005204415 0.06295871 -0.02093723 0.00384426 0.06352211 -0.02093723 0.00198405 0.06316552 -0.02093723 0.003416745 0.06319406 -0.02093723 0.00321053 0.06269621 -0.02093723 0.00417765 0.06048131 -0.02223723 0.00484783 0.06030174 -0.02223723 0.00650123 0.06195514 -0.02223723 0.00632166 0.06262532 -0.02223723 -0.00384426 0.06159855 -0.02093723 -0.00484783 0.06030174 -0.02093723 -0.00258924 0.06090692 -0.02093723 -0.003416745 0.0619266 -0.02093723 -0.00198405 0.06316552 -0.02093723 -0.00321053 0.06269621 -0.02093723 -0.00527475 0.06242445 -0.02093723 -0.005068535 0.0619266 -0.02093723 -0.00650123 0.06195514 -0.02093723 -0.00360891 0.06338623 -0.02093723 -0.00363745 0.06481892 -0.02093723 -0.005204415 0.06295871 -0.02093723 -0.00589605 0.06421373 -0.02093723 -0.00437852 0.06359244 -0.02093723 -0.00632166 0.06262532 -0.02223723 -0.00650123 0.06195514 -0.02223723 -0.00484783 0.06030174 -0.02223723 -0.00417765 0.06048131 -0.02223723 -0.00363745 0.06878702 -0.02093723 -0.00384426 0.07008383 -0.02093723 -0.005068535 0.07167934 -0.02093723 -0.00650123 0.0716508 -0.02093723 -0.00589605 0.06939221 -0.02093723 -0.005204415 0.07064723 -0.02093723 -0.003280865 0.07144399 -0.02093723 -0.00258924 0.07269902 -0.02093723 -0.00321053 0.07090973 -0.02093723 -0.00198405 0.07044042 -0.02093723 -0.00360891 0.07187151 -0.02093723 -0.00484783 0.0733042 -0.02093723 -0.00410676 0.07207772 -0.02093723 -0.00464102 0.07200739 -0.02093723 -0.003416745 0.07041188 -0.02093723 -0.00487637 0.07021971 -0.02093723 -0.00417765 0.07312463 -0.02223723 -0.00484783 0.0733042 -0.02223723 -0.00650123 0.0716508 -0.02223723 -0.00632166 0.07098062 -0.02223723 -0.006342567 0.07102464 -0.02473723 0.001061862 0.07830297 -0.02092243 -0.000675 0.07830297 -0.0205681 -0.001061862 0.07830297 -0.02092243 0.000675 0.07830297 -0.0205681 0.000349406 0.07830297 -0.02043323 -0.001304 0.07830297 -0.02138782 0.00713133 0.07139133 -0.02123723 0.00713133 0.07139133 -0.02223723 0.00691348 0.07217548 -0.02223723 0.00691348 0.07217548 -0.02123723 0.00653894 0.07281677 -0.02223723 0.00653894 0.07281677 -0.02123723 0.0060138 0.07334191 -0.02223723 0.0060138 0.07334191 -0.02123723 0.00537251 0.07371645 -0.02223723 0.00537251 0.07371645 -0.02123723 0.00458836 0.0739343 -0.02223723 0.00458836 0.0739343 -0.02123723 0.008 0.07150297 -0.02123723 0.008 0.07450297 -0.02123723 0.007738825 0.07479786 -0.02373723 0.0077 0.07480297 -0.02123723 0.0047 0.07480297 -0.02123723 0.007756912 0.07479037 -0.02123723 0.007554895 0.07120297 -0.02123723 0.007943463 0.07466595 -0.02123723 0.0044 0.07450297 -0.02123723 0.00737444 0.0712072 -0.02123723 0.007738825 0.07120808 -0.02123723 0.00740979 0.07120297 -0.02223723 0.0077 0.07120297 -0.02473723 0.00661144 0.07120297 -0.02223723 0.00440511 0.07454179 -0.02123723 0.004420885 0.0741087 -0.02123723 0.0044 0.07421276 -0.02223723 0.004387398 0.0733575 -0.02223723 0.0044 0.07341441 -0.02473723 0.004412602 0.07455988 -0.02473723 -0.008 0.06210297 -0.02123723 -0.008 0.05910297 -0.02123723 -0.007738825 0.05880808 -0.02373723 -0.0077 0.05880297 -0.02123723 -0.0047 0.05880297 -0.02123723 -0.004643088 0.05881557 -0.02473723 -0.007308663 0.06237422 -0.02123723 -0.007738825 0.06239786 -0.02123723 -0.00740979 0.06240297 -0.02223723 -0.0077 0.06240297 -0.02473723 -0.00661144 0.06240297 -0.02223723 -0.00440511 0.05906415 -0.02123723 -0.004420885 0.05949724 -0.02123723 -0.0044 0.05939318 -0.02223723 -0.004387398 0.06024844 -0.02223723 -0.0044 0.06019153 -0.02473723 -0.00440511 0.05906415 -0.02473723 -0.00691348 0.06143046 -0.02123723 -0.007756912 0.05881557 -0.02123723 -0.00537251 0.05988949 -0.02123723 -0.00458836 0.05967164 -0.02123723 -0.007554895 0.06240297 -0.02123723 -0.0060138 0.06026403 -0.02123723 -0.00653894 0.06078917 -0.02123723 -0.007943463 0.05893999 -0.02123723 -0.0044 0.05910297 -0.02123723 -0.007987398 0.07455988 -0.02373723 -0.008 0.07450297 -0.02123723 -0.008 0.07150297 -0.02123723 -0.007987398 0.07144606 -0.02473723 -0.00458836 0.0739343 -0.02123723 -0.00458836 0.0739343 -0.02223723 -0.00537251 0.07371645 -0.02223723 -0.00537251 0.07371645 -0.02123723 -0.0060138 0.07334191 -0.02223723 -0.0060138 0.07334191 -0.02123723 -0.00653894 0.07281677 -0.02223723 -0.00653894 0.07281677 -0.02123723 -0.00691348 0.07217548 -0.02223723 -0.00691348 0.07217548 -0.02123723 -0.00713133 0.07139133 -0.02223723 -0.00713133 0.07139133 -0.02123723 -0.0047 0.07480297 -0.02123723 -0.0077 0.07480297 -0.02123723 -0.004404225 0.07417741 -0.02123723 -0.004425205 0.07461679 -0.02123723 -0.0044 0.07421276 -0.02223723 -0.0044 0.07450297 -0.02473723 -0.0044 0.07341441 -0.02223723 -0.007738825 0.07120808 -0.02123723 -0.00730573 0.07122386 -0.02123723 -0.00740979 0.07120297 -0.02223723 -0.006534085 0.07118045 -0.02223723 -0.00656351 0.07119417 -0.02473723 -0.007738825 0.07120808 -0.02473723 -0.007862977 0.07474643 -0.02123723 -0.007987398 0.07455988 -0.02123723 -0.00440678 0.07434193 -0.02123723 -0.007554895 0.07120297 -0.02123723 0.00799489 0.05906415 -0.02373723 0.008 0.05910297 -0.02123723 0.008 0.06210297 -0.02123723 0.00458836 0.05967164 -0.02123723 0.00458836 0.05967164 -0.02223723 0.00537251 0.05988949 -0.02223723 0.00537251 0.05988949 -0.02123723 0.0060138 0.06026403 -0.02223723 0.0060138 0.06026403 -0.02123723 0.00653894 0.06078917 -0.02223723 0.00653894 0.06078917 -0.02123723 0.00691348 0.06143046 -0.02223723 0.00691348 0.06143046 -0.02123723 0.00713133 0.06221461 -0.02223723 0.00713133 0.06221461 -0.02123723 0.0047 0.05880297 -0.02123723 0.0077 0.05880297 -0.02123723 0.004404225 0.05942853 -0.02123723 0.00440511 0.05906415 -0.02123723 0.0044 0.05939318 -0.02223723 0.0044 0.05910297 -0.02473723 0.0044 0.06019153 -0.02223723 0.007738825 0.06239786 -0.02123723 0.00730573 0.06238208 -0.02123723 0.00740979 0.06240297 -0.02223723 0.006534085 0.0624255 -0.02223723 0.007738825 0.06239786 -0.02473723 0.007987398 0.05904606 -0.02123723 0.007862977 0.05885951 -0.02123723 0.004407222 0.05922693 -0.02123723 0.007522278 0.06238997 -0.02123723 -0.00713133 0.06221461 -0.02123723 -0.00713133 0.06221461 -0.02223723 -0.00691348 0.06143046 -0.02223723 -0.00653894 0.06078917 -0.02223723 -0.0060138 0.06026403 -0.02223723 -0.00537251 0.05988949 -0.02223723 -0.00458836 0.05967164 -0.02223723 0.00446403 0.0589219 -0.02123723 0.007881065 0.058867 -0.02123723 0.00793597 0.06228403 -0.02123723 -0.00793597 0.0589219 -0.02123723 -0.004518935 0.058867 -0.02123723 -0.00446403 0.0589219 -0.02473723 -0.007881065 0.06233894 -0.02123723 -0.00793597 0.07132191 -0.02123723 -0.007881065 0.071267 -0.02473723 -0.007881065 0.07473894 -0.02123723 -0.007881065 0.07473894 -0.02373723 -0.004518935 0.07473894 -0.02123723 0.007881065 0.071267 -0.02123723 0.007881065 0.07473894 -0.02123723 0.004518935 0.07473894 -0.02473723 0.004518935 0.07473894 -0.02123723 0.00433597 0.07323335 -0.02223723 0.004520812 0.07399008 -0.02223723 0.006430375 0.07113894 -0.02223723 -0.004520812 0.07399008 -0.02223723 -0.00433597 0.07323335 -0.02223723 -0.006405215 0.0711184 -0.02223723 -0.007187108 0.07132378 -0.02223723 -0.00433597 0.06037259 -0.02223723 -0.004520812 0.05961586 -0.02223723 -0.006430375 0.062467 -0.02223723 0.004520812 0.05961586 -0.02223723 0.00433597 0.06037259 -0.02223723 0.006405215 0.06248755 -0.02223723 0.007187108 0.06228216 -0.02223723 0.00645673 0.06244802 -0.02473723 -0.00433597 0.06037259 -0.02473723 0.00433597 0.07323335 -0.02473723 -0.0115 0.06612797 -0.0205681 -0.0115 0.06574111 -0.02092243 -0.0115 0.06549897 -0.02138782 -0.0115 0.06747797 -0.0205681 -0.0115 0.06715238 -0.02043323 -0.001061862 0.05530297 -0.02092243 0.000675 0.05530297 -0.0205681 0.001061862 0.05530297 -0.02092243 -0.000675 0.05530297 -0.0205681 -0.000349406 0.05530297 -0.02043323 0.001304 0.05530297 -0.02138782 0.0115 0.06574111 -0.02092243 0.0115 0.06612797 -0.0205681 0.0115 0.06645357 -0.02043323 0.0115 0.06747797 -0.0205681 0.0115 0.06786484 -0.02092243 0.0115 0.06810697 -0.02138782</float_array>
          <technique_common>
            <accessor count="1698" source="#verts-array-array" stride="3">
              <param type="float" name="X"/>
              <param type="float" name="Y"/>
              <param type="float" name="Z"/>
            </accessor>
          </technique_common>
        </source>
        <source id="normals-array">
          <float_array count="5094" id="normals-array-array">-0.3851645 -0.3851637 -0.8386282 -0.168437 -0.6286163 -0.7592566 0 0.7071068 -0.7071068 0.5773503 0.5773503 -0.5773503 0.3162278 0 -0.9486833 -0.6695484 -0.3287404 -0.666059 0 0 -1 -0.5542322 -0.00324066 -0.8323558 0.3321491 0 -0.9432269 -0.6154003 -0.171156 -0.7694076 0.342597 0 -0.9394824 -0.3162278 0 -0.9486833 -0.4050363 -0.4692642 -0.7846889 0 0 -1 -0.1052479 -0.7288253 -0.6765623 0.7196962 -0.04714182 -0.6926869 0 0 -1 0.6528651 0 -0.7574742 0 0 -1 0.3851641 -0.3851687 -0.8386261 0.6286116 -0.1684445 -0.7592588 -0.7071068 0 -0.7071068 0.7092507 -0.1900014 -0.6788689 0.6358793 -0.3671599 -0.6788602 0.519182 -0.5191805 -0.6788974 0 0.3321491 -0.9432269 0 0.3162278 -0.9486833 0 0.342597 -0.9394825 0 -0.3162278 -0.9486833 -0.4508267 0.3951671 -0.8003738 0.342597 0 -0.9394824 -0.3162278 0 -0.9486833 0.6223357 0 -0.7827505 0.6223357 0 -0.7827505 -0.654986 0.1124062 -0.7472337 0.3321491 0 -0.9432269 -0.5548793 0 -0.8319309 0.3845739 0.3865695 -0.8382523 0.1684506 0.6286077 -0.7592607 0 -0.7071068 -0.7071068 -0.2472706 0.722273 -0.6458939 0 0 -1 0.3162278 0 -0.9486833 -0.3321491 0 -0.9432269 -0.3162278 0 -0.9486833 -0.342597 0 -0.9394824 0.3162278 0 -0.9486833 0.04714044 0.7196959 -0.6926873 0.1900011 0.7092514 -0.6788682 0 0 -1 0.3671617 0.6358783 -0.6788601 0.519182 0.5191805 -0.6788974 0 0 -1 0.6528651 0 -0.7574742 0 0 -1 0.7196962 0.04714182 -0.6926869 0 0 -1 0.7092507 0.1900024 -0.6788686 0.6358786 0.3671607 -0.6788604 -0.3951745 -0.4511912 -0.8001647 0 0.342597 -0.9394825 0 -0.3162278 -0.9486833 0 0.6223358 -0.7827504 0 0.6223358 -0.7827504 -0.5773503 0.5773503 -0.5773503 0.3232329 -0.7015082 -0.6351431 -0.7222727 -0.247268 -0.6458953 0 0 -1 0 0.3162278 -0.9486833 0 0.7071068 -0.7071068 0.168437 -0.6286163 -0.7592566 -0.5773503 0.5773503 -0.5773503 0.3847946 -0.3865936 -0.8381399 -0.3162278 0 -0.9486833 -0.5773503 -0.5773503 -0.5773503 -0.6391764 0.4904455 -0.5923822 0.5773503 -0.5773503 -0.5773503 -0.3848025 0.3865924 -0.8381369 -0.6346266 0.4247983 -0.645597 -0.3851633 0.3851688 -0.8386264 -0.6286116 0.1684445 -0.7592588 0.7071068 0 -0.7071068 0 0 -1 -0.1900011 0.7092514 -0.6788682 0 0 -1 -0.04714044 0.7196959 -0.6926873 0 0 -1 0 0.6528651 -0.7574742 0 0 -1 0 0.3321491 -0.9432269 -0.1124018 -0.6549888 -0.7472319 0 -0.5548788 -0.8319312 0 -0.3321491 -0.9432269 0 -0.3162278 -0.9486833 0 -0.342597 -0.9394825 0 0.3162278 -0.9486833 0.1074668 -0.626232 -0.7721945 0.3647735 -0.3605315 -0.8584622 0.2972841 -0.7171893 -0.6302869 -0.6358786 0.3671607 -0.6788604 -0.7092507 0.1900024 -0.6788686 -0.7196962 0.04714182 -0.6926869 0.5773503 -0.5773503 -0.5773503 -0.4904492 -0.6391742 -0.5923815 0.5773503 0.5773503 -0.5773503 -0.3865937 -0.3847988 -0.8381379 -0.4248025 -0.6346247 -0.6455961 0 0.6528651 -0.7574742 0 0 -1 0 0 -1 -0.519182 0.5191805 -0.6788974 -0.3671617 0.6358783 -0.6788601 0 0 -1 0.3605318 0.3647738 -0.8584619 0.7171451 0.2997267 -0.6291794 -0.6528651 0 -0.7574742 0 0 -1 0 0 -1 -0.5773503 -0.5773503 -0.5773503 0 0 -1 0 0 -1 0 0 -1 -0.7196962 -0.04714182 -0.6926869 0 0 -1 -0.6528651 0 -0.7574742 0 0 -1 -0.3321491 0 -0.9432269 0.4508271 -0.3951649 -0.8003747 -0.342597 0 -0.9394824 0.3162278 0 -0.9486833 -0.6223357 0 -0.7827505 -0.6223357 0 -0.7827505 0.6549873 -0.1124042 -0.7472329 0.5548793 0 -0.8319309 0.2472706 -0.722273 -0.6458939 0 0 -1 0.3951646 0.4508203 -0.8003787 0 -0.342597 -0.9394825 0 0.3162278 -0.9486833 0 -0.6223358 -0.7827504 0 -0.6223358 -0.7827504 0 0 -1 -0.04714303 -0.7196964 -0.6926865 -0.190001 -0.7092501 -0.6788696 0.3671599 -0.6358801 -0.6788595 0.190001 -0.7092501 -0.6788696 0 0 -1 0.04714303 -0.7196964 -0.6926865 0 0 -1 0 -0.6528651 -0.7574742 0 0 -1 0 -0.3321491 -0.9432269 -0.519182 -0.5191805 -0.6788974 -0.6358793 -0.3671599 -0.6788602 -0.7092507 -0.1900014 -0.6788689 0.7222721 0.247271 -0.6458947 0 0 -1 0 -0.3162278 -0.9486833 0 0 -1 -0.3671599 -0.6358801 -0.6788595 0.5773503 -0.5773503 -0.5773503 -0.3232322 0.7015087 -0.6351428 0.1124018 0.6549888 -0.7472319 0 0.554879 -0.8319311 0.6346266 -0.4247983 -0.645597 0 0 -1 -0.3643799 0.3613595 -0.8582812 -0.3003945 0.7170473 -0.6289725 -0.5773503 0.5773503 -0.5773503 0.4904492 0.6391742 -0.5923815 -0.5773503 -0.5773503 -0.5773503 0.3865938 0.3847987 -0.8381379 0.4247998 0.6346247 -0.6455979 0 -0.6528651 -0.7574742 0 0 -1 0 0 -1 0 0 -1 0 1 0 0 1 0 0 1 0 0 1 0 -0.04714044 0.7196959 0.6926873 0 0.6528651 0.7574742 0.7196962 0.04714182 0.6926869 0.9583297 -0.2856644 0 0.6370488 -0.4939608 0.5917529 1 0 0 1 0 0 1 0 0 0.04714303 -0.7196964 0.6926865 -0.4939608 -0.6370488 0.5917529 -0.2856645 -0.9583297 0 0 -1 0 0 -1 0 0 -1 0 -1 0 0 -1 0 0 -1 0 0 -1 0 0 -0.6528651 0 0.7574742 -0.7196962 -0.04714182 0.6926869 0 1 0 0 1 0 0 1 0 0 1 0 0 1 0 0 1 0 0 1 0 0 1 0 0 1 0 0 1 0 0 1 0 0.5773503 0.5773503 0.5773503 0.6902777 0.7221286 0.04524372 0 0.6223358 0.7827504 -0.5773503 0.5773503 0.5773503 0 0.6223358 0.7827504 -0.6807755 0.7311318 0.0446209 0.5846789 0.7376992 0.3375656 0.4773879 0.7377007 0.477387 0.6521228 0.7377008 0.1747384 0.3375686 0.7376985 0.584678 0.1723273 0.7461245 0.6431186 0.2174484 0.6453652 0.7322704 0.3510972 0.5835302 0.7322727 0.3015113 -0.3015113 0.904534 0 0 1 0 0 1 0 0 1 0 0 1 0 0 1 -0.2979997 -0.3843226 0.8737805 0 0 -1 -0.3015113 0.3015113 0.904534 0.3015113 0.3015113 0.904534 -0.3015113 -0.3015113 0.904534 0.2984788 -0.3018129 0.9054388 0.3015113 -0.3015113 0.904534 0.3018129 0.2984787 0.9054388 -0.3015113 0.3015113 0.904534 -0.3015113 -0.3015113 0.904534 0.3015113 -0.3015113 0.904534 0.3015113 0.3015113 0.904534 -0.2984788 0.3018129 0.9054388 -0.3015113 0.3015113 0.904534 0.3015113 0.3015113 0.904534 -0.342597 0 0.9394824 -0.6223357 0 0.7827505 -0.3015113 -0.3015113 0.904534 -0.5773503 -0.5773503 0.5773503 -0.3015113 0.3015113 0.904534 0.3015113 0.3015113 0.904534 0.3015113 -0.3015113 0.904534 -0.2862879 -0.4341668 0.8541302 0 0 1 0 0 1 0 0 1 0 0 1 0 0 1 0 0 1 0 0 1 0.6358793 -0.3671599 0.6788602 0.7092507 -0.1900014 0.6788689 0 0 1 0.7196962 -0.04714182 0.6926869 0 0 1 0.190001 -0.7092501 0.6788696 0.3671599 -0.6358801 0.6788595 0.519182 -0.5191805 0.6788974 0 0 1 0.6370488 0.4939608 0.5917529 0 0 1 0.3283184 0.5686684 0.7542037 0 0 1 0 0 1 0 0 1 0 0 1 0 0.6528651 0.7574742 0.4642988 -0.4643327 0.7542027 0 0 1 0 0 1 0.7092507 0.1900024 0.6788686 0 0 1 0.6358786 0.3671607 0.6788604 0.519182 0.5191805 0.6788974 0.3671617 0.6358783 0.6788601 0 0 1 -0.6342619 0.1699808 0.7542005 -0.3283282 -0.5686695 0.7541987 0.04714044 0.7196959 0.6926873 0.1900011 0.7092514 0.6788682 0.3220359 -0.5577665 0.7649767 0 0 1 0 0 1 0 0 1 0 0 1 0 0 1 0 0 1 0 0 1 0 0 1 0 0 1 0.4939608 -0.6370488 0.5917529 0 0 1 0 0 1 -0.04714303 -0.7196964 0.6926865 0 0 1 -0.7092507 -0.1900014 0.6788689 0 0 1 -0.190001 -0.7092501 0.6788696 -0.3671599 -0.6358801 0.6788595 -0.6358793 -0.3671599 0.6788602 -0.519182 -0.5191805 0.6788974 0 0 1 0 0 1 0 0 1 0 0 1 0 0 1 -0.4643195 0.4643186 0.7541986 0.5636667 0.3821748 0.732272 0 0 1 0.4683328 0.494412 0.7322712 0 0 1 0 0 1 0 0 1 0.5766043 0.3329025 0.7461256 0.6521286 0.1747338 0.7376967 0.6751261 5.988621e-07 0.7377023 0.6521296 -0.1747316 0.7376963 0.5655204 -0.3265013 0.757353 0 0 1 0 0 1 0 0 1 -0.4643198 0.4643186 0.7541985 0 0 1 -0.5190422 -0.4408768 0.7322724 0 0 1 -0.4121296 -0.5421502 0.732272 0 0 1 -0.2859502 -0.6180714 0.7322706 -0.3015113 0.3015113 0.904534 0 0 1 0 0 1 -0.6016842 -0.318991 0.732271 0 0 1 0 0 1 0 0 1 0 0 1 -0.3260407 -0.5647183 0.7581495 0 0 1 0 0 1 0 0 1 0.4121296 -0.5421502 0.732272 0.5190422 -0.4408768 0.7322724 0 0 1 0.6016842 -0.318991 0.732271 -0.3015113 -0.3015113 0.904534 0 0 1 -0.1483323 -0.6580708 0.7382007 0 0 1 0 0.342597 0.9394825 0 0 1 -0.3265033 -0.5655192 0.757353 0.589856 -0.292769 0.7525664 0 0 1 0 0 1 0.4673774 -0.4673635 0.7504197 0.5622964 0.3554217 0.746658 0.6521274 0.1747346 0.7376975 0.4005064 0.5219564 0.7530977 0.2859502 -0.6180714 0.7322706 0.1463997 -0.6650902 0.7322719 2.133244e-17 -0.6810121 0.7322722 -0.1463997 -0.6650902 0.7322719 0.6326455 0.2520688 0.7322711 0.6720404 0.110173 0.7322729 0.6800154 -0.03687129 0.7322702 0.6561896 -0.1821891 0.7322721 -0.3510972 0.5835302 0.7322727 -0.2174484 0.6453652 0.7322704 -0.3015113 -0.3015113 0.904534 -0.07363193 0.6770198 0.7322722 0.07363193 0.6770198 0.7322722 0 0 1 0.4643195 0.4643186 0.7541986 0 0 1 0 0 1 -0.6326455 0.2520688 0.7322711 0 0 1 0 0 1 0 0 1 -0.4643187 -0.4643175 0.7541999 0 0 1 -0.3283199 0.5686659 0.754205 0 0 1 0.6566424 5.824663e-07 0.7542021 0 0 1 -0.4683328 0.494412 0.7322712 0 0 1 -0.5636667 0.3821748 0.732272 -0.6561896 -0.1821891 0.7322721 -0.6800154 -0.03687129 0.7322702 -0.6720404 0.110173 0.7322729 0.434167 -0.2862878 0.8541301 0.3843227 0.2979996 0.8737805 0.2862879 -0.4341668 0.8541302 -0.3018129 -0.2984787 0.9054388 0.4396966 -0.666817 0.6016827 -0.5773503 -0.5773503 0.5773503 -0.4396966 -0.666817 0.6016827 0.5773503 -0.5773503 0.5773503 0.2979997 -0.3843226 0.8737805 -0.3321491 0 0.9432269 0.3015113 -0.3015113 0.904534 -0.5773503 0.5773503 0.5773503 -0.6223357 0 0.7827505 -0.342597 0 0.9394824 -0.3321491 0 0.9432269 -0.6528651 0 0.7574742 -0.1900011 0.7092514 0.6788682 0 0 1 -0.3671617 0.6358783 0.6788601 0 0 1 -0.470781 -0.4708153 0.7461221 0 0 1 -0.5655142 -0.3265105 0.7573537 0 0 1 0 0 1 -0.3283184 0.5686684 0.7542037 0 0 1 0.4643342 0.4643019 0.7541999 0 0 1 0 0 1 -0.7196962 0.04714182 0.6926869 -0.519182 0.5191805 0.6788974 -0.6358786 0.3671607 0.6788604 0.5686669 -0.3283325 0.7541988 -0.7092507 0.1900024 0.6788686 0 0 1 0 0.3321491 0.9432269 0 0.3321491 0.9432269 0 0.342597 0.9394825 0.3843227 -0.2979996 0.8737805 0.434167 0.2862878 0.8541301 0.6668171 0.4396963 0.6016827 0.5773503 -0.5773503 0.5773503 0.3015113 0.3015113 0.904534 0.5773503 0.5773503 0.5773503 0.6668171 -0.4396963 0.6016827 0 -1 0 0 -1 0 0 -1 0 0.2856645 -0.9583297 0 -0.2614045 -0.9652293 0 0 -1 0 0 -1 0 0 -1 0 0 -1 0 0 -1 0 0 -1 0 0 -1 0 0 -1 0 0 -1 0 0.2614045 -0.9652293 0 -0.6902777 -0.7221286 0.04524372 0.6807755 -0.7311318 0.0446209 -0.5846789 -0.7376992 0.3375656 -0.4773879 -0.7377007 0.477387 -0.6521228 -0.7377008 0.1747384 -0.3375686 -0.7376985 0.584678 -0.1723273 -0.7461245 0.6431186 1 0 0 1 0 0 1 0 0 0.9583297 0.2856644 0 1 0 0 1 0 0 1 0 0 0.7573476 -0.3265085 0.5655234 0.9652294 0.2614044 0 1 0 0 0.9652294 -0.2614044 0 0.7573494 0.3265088 0.5655209 1 0 0 0.7311318 -0.6807755 0.04462079 0.7311332 0.680774 0.0446207 0.7377012 0.1747389 0.6521221 0.7377 9.314929e-07 0.6751286 0.7377026 -0.1747402 0.6521202 1 0 0 1 0 0 1 0 0 -0.7311332 0.680774 0.0446207 -1 0 0 -0.7573476 -0.3265085 0.5655234 -1 0 0 -1 0 0 -1 0 0 -1 0 0 -1 0 0 -1 0 0 -0.7573494 0.3265088 0.5655209 -0.7311318 -0.6807755 0.04462079 -0.7377026 -0.1747402 0.6521202 -1 0 0 -1 0 0 -1 0 0 -0.7377012 0.1747389 0.6521221 -0.7377 9.314929e-07 0.6751286 -1 0 0 -1 0 0 -1 0 0 -1 0 0 0 1 0 0 1 0 0 1 0 0 1 0 0 0 -1 0 0 -1 -0.4267366 0.8521237 -0.3029538 0.9741476 0.1843756 -0.1305458 -0.6703798 0.6710974 -0.3165742 0 -0.986394 -0.1643988 0.1101416 -0.6418181 -0.758906 0 0 -1 0 0 -1 0 0 -1 0 0 -1 0 0 -1 0 0 -1 0 0 -1 0 0 -1 0.4643138 -0.464315 -0.7542044 0.424265 -0.4242637 -0.7999997 0 0 -1 0.4242638 -0.424265 -0.7999997 0 0 -1 0 0 -1 0.5686599 0.3283267 -0.7542066 0 0 -1 0 0 -1 0 0 -1 0 0 -1 0.6713539 -0.6701231 -0.3165737 0.7080805 -0.7061317 0 0.6701743 -0.6713028 -0.3165738 0.7062129 -0.7079995 0 0 0 -1 0 0 -1 0 0 -1 0 0 -1 0 0 -1 0 0 -1 0 0 -1 -0.424265 -0.4242637 -0.7999997 0 0 -1 0 0 -1 0 0 -1 -0.4242637 -0.4242651 -0.7999996 0 0 -1 -0.4643138 -0.464315 -0.7542044 0 0 -1 0 0 -1 0.6566285 5.562032e-07 -0.7542142 0 0 -1 0 0 -1 -0.8520821 -0.426465 -0.3034531 -0.6713539 -0.6701231 -0.3165738 -0.7080805 -0.7061317 0 0 0 -1 0 0 -1 0 0 -1 0 0 -1 -0.4242652 0.4242635 -0.7999997 0 0 -1 -0.4242642 0.4242641 -0.7999999 -0.6342684 0.1699483 -0.7542024 -0.5686593 -0.3283264 -0.7542071 0 0 -1 0 0 -1 0 0 -1 0 0 -1 0 0 -1 0 0 -1 0 0 -1 0 0 -1 0 0 -1 0 0 -1 -0.7065383 0.7076748 0 -0.4476097 0.4119434 -0.7936928 0 0 -1 -0.9863488 0.000738285 -0.1646681 0 0.9863939 -0.164399 -0.1479633 0.6309961 -0.761545 0.4119481 0.4476146 -0.7936876 0 0 -1 -0.1855175 0.9737416 -0.1319487 0.9863939 0 -0.164399 0.6309928 0.1479678 -0.7615468 -0.4132055 -0.445039 -0.7944819 0 0 -1 0.8522794 0.4264471 -0.3029236 0.1851673 -0.9738594 -0.1315712 0.671354 0.670123 -0.3165737 -0.9863939 0 -0.1643992 -0.6287937 -0.1495036 -0.7630643 0.2973266 -0.9547656 0.004417602 0.4648756 -0.885365 -0.004417406 0.3949776 -0.5147509 -0.7609364 0.7071172 -0.7070961 0.0006416454 0.8452859 -0.5342903 0.005062391 0.9659281 -0.2588107 0 1 8.870374e-07 0 0.9659272 0.2588141 0 0.8660255 0.4999999 0 0.7071077 0.7071058 0 0.7071077 0.7071058 0 0.3021127 0.58019 -0.7563779 0.4445882 0.8957276 -0.00365903 0.08784749 0.64986 -0.7549601 0.06280032 0.9980206 -0.003330307 -0.2198857 0.9755125 0.005064257 -0.2588151 0.9659269 0 -0.5000007 0.866025 0 -0.5000007 0.866025 0 -0.7071074 0.7071061 0 -0.8660253 0.5000001 0 -0.8660253 0.5000001 0 -0.6342705 0.1699485 -0.7542005 -0.9659273 0.2588137 0 -1 8.870374e-07 0 -1 8.870374e-07 0 -0.9659282 -0.2588104 0 -0.9659282 -0.2588104 0 -0.5686679 -0.3283187 -0.754204 -0.8660266 -0.4999979 0 -0.7071074 -0.7071061 0 -0.7071074 -0.7071061 0 -0.5000007 -0.866025 0 -0.5000007 -0.866025 0 -0.1699452 -0.6342716 -0.7542003 -0.2198852 -0.9755126 -0.005063467 -1.312425e-05 -0.9999998 -0.0006424264 0.130512 -0.9913905 -0.01055596 0.580614 -0.3048622 -0.754948 0.9547634 -0.2973337 -0.004418554 0.6614441 -0.0870767 -0.7449224 0.9999998 1.31952e-05 0.0006423707 0.6399437 0.1442492 -0.754761 0.9659268 0.2588154 0 0.866024 0.5000024 0 0.866024 0.5000024 0 0.7071074 0.7071061 0 0.7071074 0.7071061 0 0.5000007 0.866025 0 0.5000007 0.866025 0 0.2588086 0.9659286 0 0.2588086 0.9659286 0 -4.516855e-18 1 0 7.938885e-18 1 0 -0.2588086 0.9659286 0 -0.2588086 0.9659286 0 -0.3283195 0.5686653 -0.7542056 -0.5000005 0.8660251 0 -0.7071077 0.7071058 0 -0.8660242 0.5000021 0 -0.8660242 0.5000021 0 -0.634269 0.1699496 -0.7542016 -0.9659267 0.2588158 0 -1 3.536373e-18 0 -1 -4.99e-18 0 -0.9537502 -0.3006002 0 -0.9477431 -0.3190135 -0.00366013 -0.7954597 -0.6059887 0.004637814 -0.7501272 -0.6612851 -0.003331643 -0.534298 -0.845281 0.005063139 -0.2588086 -0.9659286 0 -0.2588086 -0.9659286 0 4.516855e-18 -1 0 -7.938885e-18 -1 0 0.1699452 -0.6342716 -0.7542003 0.2588086 -0.9659286 0 0.5000007 -0.866025 0 0.5342981 -0.845281 -0.005063106 0.7070982 -0.707115 -0.0006428856 0.793315 -0.6087199 -0.01055725 8.323535e-18 -1 0 -4.516855e-18 -1 0 0.2588086 -0.9659286 0 0.2588086 -0.9659286 0 0.5000007 -0.866025 0 0.5000007 -0.866025 0 0.7071074 -0.7071061 0 0.7071074 -0.7071061 0 0.8660266 -0.4999979 0 0.8660266 -0.4999979 0 0.9659282 -0.2588104 0 0.9659282 -0.2588104 0 1 8.870374e-07 0 0.9659273 0.2588137 0 0.9659273 0.2588137 0 0.8660253 0.5000001 0 0.8660253 0.5000001 0 0.7071074 0.7071061 0 0.5000007 0.866025 0 0.5000007 0.866025 0 0.1699496 0.6342708 -0.7542 0.2588151 0.9659269 0 -1.006424e-17 1 0 5.477673e-18 1 0 -0.2588151 0.9659269 0 -0.2588151 0.9659269 0 -0.3283199 0.5686659 -0.754205 -0.7071077 0.7071058 0 -0.7071077 0.7071058 0 -0.8660255 0.4999999 0 -0.8660255 0.4999999 0 -0.9659272 0.2588141 0 -0.9659272 0.2588141 0 -1 8.870374e-07 0 -1 8.870374e-07 0 -0.9659281 -0.2588107 0 -0.9659281 -0.2588107 0 -0.8660268 -0.4999976 0 -0.8660268 -0.4999976 0 -0.7071077 -0.7071058 0 -0.5000005 -0.8660251 0 -0.5000005 -0.8660251 0 -0.2588086 -0.9659286 0 -0.2588086 -0.9659286 0 0.2973266 -0.9547656 0.004417602 0.4648756 -0.885365 -0.004417406 0.608723 -0.7933126 0.0105556 0.8677282 -0.4970128 0.005105577 0.640889 -0.08663509 -0.7627291 0.7436614 -0.04679517 -0.6669167 0.9755117 0.2198894 0.005063853 0.8660242 0.5000021 0 0.7071172 0.7070961 -0.0006416454 0.4648756 0.885365 0.004417406 0.2973266 0.9547656 -0.004417602 0.08468514 0.6432822 -0.7609313 -1.312425e-05 0.9999998 0.0006424264 -0.2198852 0.9755126 0.005063467 -0.2588086 0.9659286 0 -0.5000007 0.866025 0 -0.5000007 0.866025 0 -0.7071074 0.7071061 0 -0.7071074 0.7071061 0 -0.866024 0.5000024 0 -0.866024 0.5000024 0 -0.9659268 0.2588154 0 -0.9659268 0.2588154 0 -1 3.536373e-18 0 -1 -4.99e-18 0 -0.9537502 -0.3006002 0 -0.947743 -0.3190137 -0.003660161 -0.7954597 -0.6059887 0.004637773 -0.7501273 -0.6612851 -0.003331681 -0.5342981 -0.845281 0.005063106 -0.2588086 -0.9659286 0 -1.312425e-05 -0.9999998 -0.0006424264 0.130512 -0.9913905 -0.01055596 -5.788982e-19 -0.6566251 -0.7542171 -6.64716e-19 -1 0 0.2588683 -0.9659126 0 0.2588683 -0.9659126 0 0.4999898 -0.8660313 0 0.4999898 -0.8660313 0 0.707081 -0.7071326 0 0.8660183 -0.5000123 0 0.8660183 -0.5000123 0 0.9659271 -0.2588143 0 0.9659271 -0.2588143 0 1 3.711844e-18 0 1 1.09114e-18 0 0.6342684 0.1699483 -0.7542024 0.9659271 0.2588143 0 0.8660262 0.4999986 0 0.8660262 0.4999986 0 0.7071067 0.7071068 0 0.7071067 0.7071068 0 0.4999972 0.866027 0 0.258807 0.965929 0 0.258807 0.965929 0 -9.175957e-18 1 0 6.597385e-18 1 0 -0.258807 0.965929 0 -0.258807 0.965929 0 -0.5000152 0.8660166 0 -0.5000152 0.8660166 0 -0.7071314 0.7070822 0 -0.7071314 0.7070822 0 -0.866025 0.5000006 0 -0.866025 0.5000006 0 -0.9659141 0.2588628 0 -1 -3.767136e-18 0 -1 1.687935e-18 0 -0.9659141 -0.2588628 0 -0.9659141 -0.2588628 0 -0.8660171 -0.5000143 0 -0.8660171 -0.5000143 0 -0.7071057 -0.7071079 0 -0.7071057 -0.7071079 0 -0.5000077 -0.8660209 0 -0.2588683 -0.9659126 0 -0.2588683 -0.9659126 0 -3.846885e-19 -1 0 -2.092945e-18 -1 0 0.2588132 -0.9659274 0 0.2588132 -0.9659274 0 0.4999928 -0.8660296 0 0.4999928 -0.8660296 0 0.7071059 -0.7071077 0 0.8660282 -0.4999952 0 0.8660282 -0.4999952 0 0.9659271 -0.2588143 0 0.9659271 -0.2588143 0 1 8.466325e-07 0 1 8.466325e-07 0 0.9659269 0.2588151 0 0.9659269 0.2588151 0 0.8660183 0.5000123 0 0.707081 0.7071326 0 0.707081 0.7071326 0 0.499995 0.8660283 0 0.499995 0.8660283 0 0.2588679 0.9659127 0 0.2588679 0.9659127 0 -1.651768e-18 1 0 1.474209e-18 1 0 -0.2588679 0.9659127 0 -0.2588679 0.9659127 0 -0.5000129 0.8660179 0 -0.5000129 0.8660179 0 -0.7071057 0.7071079 0 -0.7071057 0.7071079 0 -0.8660171 0.5000143 0 -0.8660171 0.5000143 0 -0.9659139 0.2588636 0 -0.9659139 0.2588636 0 -1 8.470592e-07 0 -1 8.470592e-07 0 -0.9659141 -0.2588628 0 -0.9659141 -0.2588628 0 -0.866027 -0.4999972 0 -0.866027 -0.4999972 0 -0.7071305 -0.707083 0 -0.7071305 -0.707083 0 -0.5000107 -0.8660192 0 -0.5000107 -0.8660192 0 -0.2588132 -0.9659274 0 -0.2588132 -0.9659274 0 -8.816266e-19 -1 0 -6.64716e-19 -1 0 0.2588683 -0.9659126 0 0.2588683 -0.9659126 0 0.5000077 -0.8660209 0 0.5000077 -0.8660209 0 0.7071057 -0.7071079 0 0.7071057 -0.7071079 0 0.8660171 -0.5000143 0 0.9659141 -0.2588628 0 0.9659141 -0.2588628 0 1 3.767136e-18 0 1 -1.687935e-18 0 0.9659141 0.2588628 0 0.9659141 0.2588628 0 0.866025 0.5000006 0 0.866025 0.5000006 0 0.7071314 0.7070822 0 0.5000152 0.8660166 0 0.5000152 0.8660166 0 0.258807 0.965929 0 0.258807 0.965929 0 -9.175957e-18 1 0 6.597385e-18 1 0 -0.258807 0.965929 0 -0.258807 0.965929 0 -0.4999972 0.866027 0 -0.7071067 0.7071068 0 -0.7071067 0.7071068 0 -0.8660262 0.4999986 0 -0.8660262 0.4999986 0 -0.9659271 0.2588143 0 -1 -3.711844e-18 0 -1 -1.09114e-18 0 -0.9659271 -0.2588143 0 -0.9659271 -0.2588143 0 -0.707081 -0.7071326 0 -0.4999898 -0.8660313 0 -0.4999898 -0.8660313 0 -0.2588683 -0.9659126 0 -0.2588683 -0.9659126 0 -3.846885e-19 -1 0 -2.092945e-18 -1 0 0.2588132 -0.9659274 0 0.2588132 -0.9659274 0 0.5000107 -0.8660192 0 0.7071305 -0.707083 0 0.7071305 -0.707083 0 0.866027 -0.4999972 0 0.866027 -0.4999972 0 0.9659141 -0.2588628 0 0.9659141 -0.2588628 0 1 8.470592e-07 0 0.9659139 0.2588636 0 0.9659139 0.2588636 0 0.8660171 0.5000143 0 0.8660171 0.5000143 0 0.7071057 0.7071079 0 0.7071057 0.7071079 0 0.5000129 0.8660179 0 0.5000129 0.8660179 0 0.2588679 0.9659127 0 0.2588679 0.9659127 0 -1.651768e-18 1 0 1.474209e-18 1 0 -0.2588679 0.9659127 0 -0.2588679 0.9659127 0 -0.499995 0.8660283 0 -0.499995 0.8660283 0 -0.707081 0.7071326 0 -0.707081 0.7071326 0 -0.8660183 0.5000123 0 -0.8660183 0.5000123 0 -0.9659269 0.2588151 0 -0.9659269 0.2588151 0 -1 8.466325e-07 0 -1 8.466325e-07 0 -0.9659271 -0.2588143 0 -0.9659271 -0.2588143 0 -0.8660282 -0.4999952 0 -0.8660282 -0.4999952 0 -0.7071059 -0.7071077 0 -0.4999928 -0.8660296 0 -0.4999928 -0.8660296 0 -0.2588132 -0.9659274 0 -0.2588132 -0.9659274 0 0.6516203 0.7381681 -0.1746391 0.9849091 0.01241532 -0.1726264 0.6898953 0.7224985 -0.04517024 0.6453427 0.6838958 -0.3403223 0.5846828 0.7376957 -0.3375663 0.5191983 0.6788702 -0.5191998 0.5191983 -0.6788702 -0.5191998 0.3795618 0.6509394 -0.6574273 0.3671226 -0.678878 -0.6358818 0.2588249 0 -0.9659243 0.1723273 0.7461245 -0.6431186 1.51739e-16 0 -1 1.494555e-16 0 -1 -0.2588249 0 -0.9659243 -0.2588249 0 -0.9659243 -0.499996 0 -0.8660277 -0.32832 0.7541997 -0.5686729 -0.5367882 0.650934 -0.5367898 -0.7071057 0 -0.7071079 -0.6447885 0.6675808 -0.3722683 -0.8660257 0 -0.4999995 -0.9727126 0.006343164 -0.2319266 -0.6431187 0.7461241 -0.1723287 -0.689508 0.7228697 -0.04514568 0 0.4298813 -0.9028854 0 0.3162278 -0.9486833 0 1 0 0 1 0 0 1 0 0 1 0 -0.9992417 0.02095166 0.03281861 -0.9659249 0 0.2588226 0.6506855 -0.7442317 0.1507566 0.5846789 -0.7376992 0.3375656 0.4773879 -0.7377007 0.477387 0.3375686 -0.7376985 0.584678 0.1747396 -0.7377019 0.6521211 -5.597302e-16 0 1 -3.75425e-16 -0.7377 0.6751286 -0.2588249 0 0.9659243 -0.1747396 -0.7377019 0.6521211 -0.5000051 0 0.8660225 -0.3375686 -0.7376985 0.584678 -0.7071074 0 0.7071061 -0.4773879 -0.7377007 0.477387 -0.8660247 0 0.5000012 -0.5846789 -0.7376992 0.3375656 -0.6521228 -0.7377008 0.1747384 -0.6675332 -0.7442311 -0.02279175 -0.6415282 0.7476336 -0.1717133 -0.6030088 -0.7478646 -0.2776309 -0.8584964 0.02548582 -0.512186 -0.6895359 0.0187309 -0.7240092 -0.4134218 -0.7591257 -0.5028027 -0.3873432 -0.01739829 -0.9217714 -0.2957327 0.001872128 -0.9552689 -0.02311608 0.7356822 -0.6769323 0.03412586 0.012189 -0.9993432 0.1991891 0.7391478 -0.6434161 0.3873432 0.01739829 -0.9217714 0.6349227 -0.02435706 -0.7721916 0.6895359 -0.0187309 -0.7240092 0.9102072 -0.02435673 -0.4134364 0.5527341 -0.7769463 -0.3013959 0.6636495 -0.7425088 -0.09082951 0.9999038 -0.0009330756 0.01383953 -0.6516203 -0.7381681 -0.1746391 -0.9849091 -0.01241532 -0.1726264 -0.6898953 -0.7224985 -0.04517024 -0.6453427 -0.6838958 -0.3403223 -0.5846828 -0.7376957 -0.3375663 -0.5191983 -0.6788702 -0.5191998 -0.5191983 0.6788702 -0.5191998 -0.3795618 -0.6509394 -0.6574273 -0.3671226 0.678878 -0.6358818 -0.2588249 0 -0.9659243 -0.1723273 -0.7461245 -0.6431186 -1.51739e-16 0 -1 -1.494555e-16 0 -1 0.2588249 0 -0.9659243 0.2588249 0 -0.9659243 0.499996 0 -0.8660277 0.32832 -0.7541997 -0.5686729 0.5367882 -0.650934 -0.5367898 0.7071057 0 -0.7071079 0.6447885 -0.6675808 -0.3722683 0.8660257 0 -0.4999995 0.9727126 -0.006343164 -0.2319266 0.6431187 -0.7461241 -0.1723287 0.689508 -0.7228697 -0.04514568 0 -0.4298813 -0.9028854 0 -0.3162278 -0.9486833 0 -1 0 0 -1 0 0 -1 0 0 -1 0 0.7381682 -0.6516201 -0.1746392 0.01241533 -0.9849091 -0.1726265 0.7224984 -0.6898954 -0.04517012 0.6838968 -0.6453433 -0.3403192 0.7376946 -0.5846853 -0.3375647 0.6788685 -0.5191999 -0.5192004 -0.6788685 -0.5191999 -0.5192004 0.6675819 -0.3722643 -0.6447897 -0.6788791 -0.3671212 -0.6358814 0 -0.2588261 -0.9659239 0.746125 -0.172328 -0.6431179 0 1.379726e-06 -1 0 1.379726e-06 -1 0.6384554 0.1992058 -0.7434324 0 0.2588236 -0.9659246 0 0.4999968 -0.8660272 0.7541998 0.3283204 -0.5686725 0 0.7071051 -0.7071085 0 0.7071051 -0.7071085 0 0.8660235 -0.5000033 0 0.8660235 -0.5000033 0.006343156 0.9727125 -0.2319269 0.7461239 0.6431189 -0.1723289 0.7228697 0.689508 -0.04514557 -0.7381682 0.6516201 -0.1746392 -0.01241533 0.9849091 -0.1726265 -0.7224984 0.6898954 -0.04517012 -0.6838952 0.6453418 -0.3403253 -0.7376966 0.5846805 -0.3375685 -0.6788716 0.5191969 -0.5191994 0.6788716 0.5191969 -0.5191994 -0.678877 0.3671237 -0.6358822 0.678877 0.3671237 -0.6358822 -0.6675765 0.1927048 -0.7191706 -0.746124 0.1723266 -0.6431194 0 1.379726e-06 -1 0 1.379726e-06 -1 0 -0.2588261 -0.9659239 0 -0.2588261 -0.9659239 -0.6384561 -0.3848251 -0.6665459 -0.7541981 -0.3283201 -0.568675 0 -0.7071064 -0.7071071 0 -0.7071064 -0.7071071 0 -0.8660277 -0.4999961 0 -0.8660277 -0.4999961 -0.006343156 -0.9727125 -0.2319269 -0.7461227 -0.6431202 -0.1723293 -0.7228697 -0.689508 -0.04514557 1 0 0 0.4376045 0 -0.8991676 0.3162278 0 -0.9486833 1 0 0 1 0 0 1 0 0 1 0 0 -0.4376045 0 -0.8991676 -1 0 0 -0.4119554 0 -0.911204 -1 0 0 -1 0 0 -1 0 0 0.02095161 0.9992417 0.03281853 0 0.9659248 0.2588229 0 -0.9659248 0.2588229 -0.7442318 -0.6506853 0.1507569 0 -0.8660267 0.4999978 -0.737698 -0.5846814 0.3375639 0 -0.7071082 0.7071054 -0.7377027 -0.4773869 0.4773851 -0.7376972 -0.3375685 0.5846797 -0.7377026 -0.1747402 0.6521202 -0.7377 9.314929e-07 0.6751286 -0.7377012 0.1747389 0.6521221 -0.7376997 0.3375685 0.5846765 0 0.7071068 0.7071068 -0.7376991 0.4773888 0.4773888 0 0.8660225 0.500005 -0.7377 0.5846766 0.3375677 -0.7377009 0.6521225 0.1747385 -0.7442321 0.667532 -0.02279542 0.7476347 0.6415267 -0.1717145 -0.7478614 0.6030098 -0.2776374 0.02549284 0.8584939 -0.5121897 0.01873559 0.6895332 -0.7240117 -0.7591242 0.4134229 -0.5028041 -0.0173973 0.387344 -0.9217711 0.00187217 0.2957356 -0.955268 0.7356822 0.0231173 -0.6769323 0.01218877 -0.0341234 -0.9993433 0.739148 -0.1991894 -0.6434158 0.02965609 -0.4185304 -0.9077185 -0.01460704 -0.6354781 -0.7719807 0.02696858 -0.7930635 -0.6085417 -0.0146072 -0.9101478 -0.4140261 -0.7409533 -0.6618503 -0.1137645 -0.0009331072 -0.9999038 0.01383939 0.9992417 -0.02095166 0.03281861 0.9659249 0 0.2588226 -0.6506856 0.7442316 0.1507566 -0.5846789 0.7376992 0.3375656 -0.4773879 0.7377007 0.477387 -0.3375686 0.7376985 0.584678 -0.1747396 0.7377019 0.6521211 5.597302e-16 0 1 3.75425e-16 0.7377 0.6751286 0.2588249 0 0.9659243 0.1747396 0.7377019 0.6521211 0.5000051 0 0.8660225 0.3375686 0.7376985 0.584678 0.7071074 0 0.7071061 0.4773879 0.7377007 0.477387 0.8660247 0 0.5000012 0.5846789 0.7376992 0.3375656 0.6521228 0.7377008 0.1747384 0.6675332 0.7442311 -0.02279173 0.6415282 -0.7476337 -0.1717133 0.6030089 0.7478646 -0.2776309 0.8584963 -0.02548592 -0.512186 0.689536 -0.01873099 -0.7240092 0.4134218 0.7591257 -0.5028027 0.3873432 0.01739834 -0.9217714 0.2957327 -0.001872114 -0.9552689 0.02311606 -0.7356822 -0.6769323 -0.03412583 -0.01218903 -0.9993432 -0.1991891 -0.7391478 -0.6434161 -0.3873432 -0.01739834 -0.9217714 -0.6349227 0.02435713 -0.7721916 -0.689536 0.01873099 -0.7240092 -0.9102072 0.02435679 -0.4134363 -0.552734 0.7769464 -0.3013959 -0.6636495 0.7425088 -0.09082952 -0.9999038 0.0009330688 0.01383954 -0.02095161 -0.9992417 0.03281853 0 -0.9659248 0.2588229 0 0.9659248 0.2588229 0.7442318 0.6506853 0.1507569 0 0.8660225 0.500005 0.7377 0.5846766 0.3375677 0 0.7071068 0.7071068 0.7376991 0.4773888 0.4773888 0.7376997 0.3375685 0.5846765 0.7377012 0.1747389 0.6521221 0.7377 9.314929e-07 0.6751286 0.7377026 -0.1747402 0.6521202 0.7376972 -0.3375685 0.5846797 0 -0.7071082 0.7071054 0.7377027 -0.4773869 0.4773851 0 -0.8660267 0.4999978 0.737698 -0.5846814 0.3375639 0.7377009 -0.6521225 0.1747385 0.7442311 -0.6675333 -0.02279183 -0.747558 -0.6344893 -0.1964187 0.749329 -0.6013535 -0.2772724 -0.7458618 -0.5142705 -0.423339 0.7618859 -0.4116503 -0.500074 0.02965609 -0.4185304 -0.9077185 -0.001873645 -0.2957332 -0.9552687 -0.7356822 -0.02311441 -0.6769324 -0.01218905 0.03412766 -0.9993431 -0.7391473 0.1991912 -0.6434159 -0.0173973 0.387344 -0.9217711 0.02435934 0.6349226 -0.7721916 0.01873559 0.6895332 -0.7240117 0.02436113 0.910204 -0.4134431 0.7769487 0.5527302 -0.3013968 0.74251 0.663648 -0.09083096 0.0009336547 0.9999038 0.01383635 0.5261443 -0.140981 -0.8386277 0.8280224 0.5076191 -0.2381215 -0.8257814 0.3911314 -0.4063266 -0.5076233 0.8280196 -0.2381221 -0.3911317 -0.8257812 -0.4063268 0.1409811 0.5261453 -0.8386271 0.1409799 -0.5261449 -0.8386276 -0.2505192 -0.9349522 -0.251206 0.3375564 -0.5846813 -0.7377014 0.6521278 -0.1747362 -0.7376969 -0.1409799 -0.5261449 -0.8386276 0.6751251 -1.370148e-19 -0.7377033 1.79008e-16 0.6751222 -0.7377059 -0.5261441 -0.1409805 -0.8386279 0.1747396 0.6521286 -0.7376953 0.3375564 0.5846813 -0.7377014 -0.9349501 0.2505261 -0.2512071 -0.8280223 -0.5076192 -0.2381214 0.8257814 -0.3911314 -0.4063266 -0.5261443 0.1409808 -0.8386278 0.6521278 0.1747362 -0.7376969 0.5846814 0.3375569 -0.7377011 0.4773866 0.4773863 -0.737702 0.5261441 0.1409804 -0.838628 0.9349501 -0.2505263 -0.251207 0 0 -1 -0.1409803 0.5261449 -0.8386275 0.1723209 -0.6431255 -0.74612 0.2505313 0.9349482 -0.2512088 0.2505192 -0.9349522 -0.251206 -0.5846814 0.3375569 -0.7377011 -0.6521278 0.1747362 -0.7376969 -0.6751251 1.370148e-19 -0.7377033 -0.6521278 -0.1747362 -0.7376969 -0.3328971 -0.5766109 -0.7461229 -0.1747396 0.6521286 -0.7376953 -0.3375564 0.5846813 -0.7377014 -0.4773866 0.4773863 -0.737702 -1 0 0 -1 0 0 -1 0 0 -1 0 0 -1 0 0 -1 0 0 -1 0 0 -1 0 0 0 1 0 0 1 0 0 1 0 0 1 0 0 1 0 0 1 0 0 1 0 0 1 0 1 0 0 1 0 0 1 0 0 0.8348413 0.5504907 0 1 0 0 1 0 0 0.7902661 -0.6127638 0 1 0 0 -1 0 0 -1 0 0 -1 0 0 -1 0 0 -1 0 0 -1 0 0 -1 0 0 -1 0 0 0 1 0 0 1 0 0 1 0 0 1 0 0 1 0 0 1 0 0 1 0 0 1 0 1 0 0 1 0 0 1 0 0 0.7902661 0.6127638 0 0.8348413 -0.5504907 0 1 0 0 1 0 0 1 0 0 0 -1 0 0 -1 0 0 -1 0 0.550491 -0.8348411 0 0 -1 0 0 -1 0 -0.6127639 -0.7902661 0 0 -1 0 0 -1 0 0 -1 0 0 -1 0 0.6127639 -0.7902661 0 0 -1 0 0 -1 0 -0.550491 -0.8348411 0 0 -1 0 -1.104291e-16 -1 0 -7.692325e-17 -0.675127 0.7377015 0.174733 -0.6521279 0.7376975 0.3375564 -0.5846813 0.7377014 0.5191975 -0.5191971 0.6788729 0.4773866 -0.4773863 0.737702 0.6358878 -0.3671202 0.6788736 0.5846814 -0.3375569 0.7377011 0.6521278 -0.1747362 0.7376969 0.6751251 -1.93263e-18 0.7377033 0.6521278 0.1747362 0.7376969 0.5846814 0.3375569 0.7377011 0.4773866 0.4773863 0.737702 0.3375564 0.5846813 0.7377014 0.1747396 0.6521286 0.7376953 1.799048e-16 0.6751222 0.7377059 -0.1747396 0.6521286 0.7376953 -0.3375564 0.5846813 0.7377014 -0.4773866 0.4773863 0.737702 -0.5846814 0.3375569 0.7377011 -0.6521278 0.1747362 0.7376969 -0.6751251 1.93263e-18 0.7377033 -0.6521278 -0.1747362 0.7376969 -0.6358878 -0.3671202 0.6788736 -0.5846814 -0.3375569 0.7377011 -0.5191975 -0.5191971 0.6788729 -0.4773866 -0.4773863 0.737702 -0.3375564 -0.5846813 0.7377014 -0.2588133 -0.9659274 0 -0.174733 -0.6521279 0.7376975 -0.6780527 0.2701606 0.6835625 -0.7202786 0.1180811 0.6835609 -0.7288206 -0.03951757 0.6835634 -0.7032885 -0.1952659 0.6835617 -0.6448691 -0.3418861 0.6835626 -0.5562976 -0.4725217 0.6835614 -0.4417107 -0.5810637 0.6835617 -0.3064735 -0.6624316 0.683563 -0.1569076 -0.7128276 0.6835618 -1.11067e-16 -0.7298928 0.6835616 0.1569076 -0.7128276 0.6835618 0.6780527 0.2701606 0.6835625 0.6041245 0.4096058 0.6835617 0.5019469 0.5298978 0.6835624 0.3762983 0.6254149 0.6835611 0.233055 0.691684 0.6835632 0.07891699 0.725614 0.6835616 -0.07891699 0.725614 0.6835616 -0.233055 0.691684 0.6835632 -0.3762983 0.6254149 0.6835611 -0.5019469 0.5298978 0.6835624 -0.6041245 0.4096058 0.6835617 0.3064735 -0.6624316 0.683563 0.4417107 -0.5810637 0.6835617 0.5562976 -0.4725217 0.6835614 0.6448691 -0.3418861 0.6835626 0.7032885 -0.1952659 0.6835617 0.7288206 -0.03951757 0.6835634 0.7202786 0.1180811 0.6835609 -0.3511232 -0.9363293 0 0.3511232 -0.9363293 0 0 -1 0 0 -1 0 0 -1 0 0 -1 0 0 1 0 0.3511232 0.9363293 0 0 1 0 0 1 0 -0.3511232 0.9363293 0 0 1 0 0.9997227 -0.00646885 -0.02264093 0.006468831 0.9997227 -0.02264087 -0.9997227 0.00646885 -0.02264093 -0.006468831 -0.9997227 -0.02264087 -0.004088634 0.9998892 -0.01431019 0.9363293 -0.3511232 0 0.9363293 0.3511232 0 1 0 0 1 0 0 1 0 0 1 0 0 -1 0 0 -1 0 0 -0.9363293 0.3511232 0 -1 0 0 -1 0 0 -0.9363293 -0.3511232 0 -1 0 0 0.3511232 0.9363293 0 -0.3511232 0.9363293 0 0 1 0 0 1 0 0 1 0 0 1 0 0 -1 0 -0.3511232 -0.9363293 0 0 -1 0 0 -1 0 0.3511232 -0.9363293 0 0 -1 0 -0.9363293 0.3511232 0 -0.9363293 -0.3511232 0 -1 0 0 -1 0 0 -1 0 0 -1 0 0 1 0 0 0.9363293 -0.3511232 0 1 0 0 1 0 0 0.9363293 0.3511232 0 1 0 0 0 0 -1 0 0 -1 0.4242656 0.4242633 -0.7999996 0 0 -1 0 0 -1 0 0 -1 0.4242641 0.4242645 -0.7999998 0 0 -1 0 0 -1 0 0 -1 0 0 -1 0 0 -1 0 0 -1 0 0 -1 0 0 -1 0 0 -1 0 0 -1 0.7080805 0.7061317 0 0 0 -1 0 0 -1 -0.7654047 -0.2050914 -0.6099944 0 0 -1 -0.2050911 -0.7654042 -0.6099951 0 0 -1 0 0 -1 0 0 -1 0.2050903 0.7654047 -0.6099948 -0.5603167 0.5603135 -0.6099951 0 0 -1 0.5603148 -0.5603157 -0.6099948 0 0 -1 0 0 -1 0.7654052 0.2050902 -0.6099942 -0.9394698 0.3382893 -0.05437694 -0.5261445 -0.1409815 -0.8386275 -0.1439731 -0.5373048 -0.8310086 0.3894306 -0.9210453 0.004402928 0 0 -1 0 0 -1 0.5603142 0.5603164 -0.6099947 0 0 -1 0.2050894 -0.7654052 -0.6099944 0 0 -1 -0.5603162 -0.5603151 -0.6099941 0 0 -1 -0.2050907 0.7654048 -0.6099945 0 0 -1 -0.7654045 0.2050912 -0.6099947 0 0 -1 0 0 -1 0 0 -1 0.7654049 -0.2050908 -0.6099944 0 0 -1 0 0 -1 0.3382915 0.9394689 -0.05437933 -0.1409811 0.5261448 -0.8386274 -0.5335919 0.1429771 -0.833569 -0.9228231 -0.3852077 0.003552611 0 0 -1 0.205091 0.7654046 -0.6099947 -0.5603146 0.5603161 -0.6099946 0 0 -1 -0.7654051 -0.2050904 -0.6099942 0 0 -1 0 0 -1 0 0 -1 0.7654047 0.205091 -0.6099945 0 0 -1 -0.2050895 -0.7654052 -0.6099944 0 0 -1 0.5603163 -0.560315 -0.6099941 0 0 -1 0.9394698 -0.3382893 -0.05437694 0.5261448 0.1409812 -0.8386274 0.1439717 0.5373036 -0.8310096 -0.3894323 0.9210445 0.004403709 -0.2050894 0.7654052 -0.6099944 0 0 -1 0 0 -1 0.7654045 -0.2050916 -0.6099946 0.5600301 0.5603188 -0.6102533 0 0 -1 0 0 -1 -0.5603142 -0.5603162 -0.6099949 0 0 -1 -0.7654049 0.2050906 -0.6099944 0 0 -1 0.2050902 -0.7654049 -0.6099946 0 0 -1 0 0 -1 0 0 -1 0 0 -1 -0.3382899 -0.9394692 -0.05438298 0.1409813 -0.5261452 -0.8386271 0.5335914 -0.1429773 -0.8335693 0.9230141 0.3847658 0.0004811567 0.8304734 0.557056 -0.001591782 0 1 0 0 1 0 0 1 0 0 1 0 0 1 0 0 1 0 0.8240143 0.5665188 0.007541442 0.4938623 0.3552072 -0.79368 0.675985 0.2856377 -0.679305 0.6543232 0.2764845 -0.703859 0.5810254 0.4481486 -0.6793912 0.5351099 0.4127338 -0.7370945 0.4481506 0.5810265 -0.6793888 0.4127326 0.5351071 -0.7370972 0.2838184 0.6716833 -0.6843162 0.2629934 0.6223989 -0.7371934 0.5733019 0.8191354 0.0184947 0.4173647 0.6989394 -0.5807672 -0.7932867 0.1867673 -0.5794948 -0.7164615 -0.1703477 -0.6765091 -0.1471681 -0.7309368 0.666388 -0.1680564 -0.9857765 -0.001281071 0.1346839 -0.7848316 -0.6048963 0 0 -1 0 0 -1 0 0 -1 0 0 -1 0.3240082 0.9460249 0.007450246 -0.198497 0.9801014 -0.0004015501 0.1382253 0.9855947 -0.09745139 -0.1750921 0.7303722 0.6602266 -0.1118035 0.6553936 -0.7469666 0.9692317 -0.2460435 -0.007240877 0.9185439 0.3952998 -0.003902514 0.9921367 0.1246858 0.01086963 0.9323558 -0.3613543 0.01164753 0.984999 -0.1725591 0.0005173706 0.9625444 -0.2711186 0.001731627 0.7932868 -0.1867646 -0.5794955 0.7301205 0.1252908 -0.6717338 0.1482408 0.7313916 0.6656508 0.2282353 0.9735957 -0.004478279 -0.1340977 0.7847514 -0.6051306 -0.2679451 0.9634236 0.00450698 -0.3906855 -0.9204913 -0.007785572 0.1760438 -0.984349 -0.008102925 -0.133491 -0.9868086 -0.09159111 0.1750921 -0.7303722 0.6602266 0.1118035 -0.6553936 -0.7469666 -0.9695949 0.2445122 -0.009974979 -0.9185459 -0.3952951 -0.003902517 -0.9917501 -0.1278099 0.009816066 -0.9323573 0.3613504 0.01164782 -0.9854446 0.1699963 -0.0003236513 -0.9802513 0.1977549 0.0006760785 -0.6543238 -0.2764842 -0.7038586 0 0 -1 -0.2629929 -0.6223979 -0.7371944 -0.417367 -0.6989383 -0.5807668 0 0 -1 -0.4127334 -0.5351077 -0.7370962 -0.5351091 -0.4127335 -0.7370952 0 0 -1 0 0 -1 0.9627963 -0.2702185 0.002276008 0.9733324 -0.2293901 -0.002030169 0.8082918 0.1381266 -0.5723508 0.9634227 0.2679484 0.004507773 -0.56651 0.8240203 0.007544865 -0.5838994 0.811826 0 -0.2838184 0.6716833 -0.6843162 -0.2761151 0.6534527 -0.704812 -0.4481506 0.5810265 -0.6793888 -0.4127326 0.5351071 -0.7370972 -0.5810254 0.4481486 -0.6793912 -0.5351099 0.4127338 -0.7370945 -0.6716837 0.2838202 -0.6843151 -0.6223964 0.2629938 -0.7371953 -0.8191336 0.5733046 0.01849142 -0.6881892 0.4109598 -0.5979195 -0.139196 -0.8111245 -0.5680683 0.1252955 -0.7301235 -0.6717297 -0.9529669 0.3030008 0.006685754 -0.9383428 -0.3456951 -0.002787877 -0.992752 0.1201642 -0.001990831 -0.7303178 -0.174755 0.6603761 -0.9857582 -0.1681671 0.0007473565 0.2445221 0.9695924 -0.00997717 -0.3952903 0.918548 -0.003905931 -0.1250941 0.9920961 0.009834663 0.3798845 0.9250132 0.006197793 0.3259883 0.9453736 -0.0006768806 0.2010458 0.9795818 0.0002271802 0 0 -1 0 0 -1 0 0 -1 0 0 -1 -0.7313915 0.1482327 0.6656528 -0.9735939 0.2282429 -0.004479558 -0.8146695 -0.1392137 -0.5629682 0.5665111 -0.8240195 0.007544768 0.5839001 -0.8118255 0 0.2838185 -0.6716836 -0.6843159 0.2773043 -0.6562673 -0.7017233 0.4481504 -0.5810258 -0.6793896 0.4127334 -0.5351077 -0.7370962 0.5810256 -0.4481493 -0.6793905 0.5351091 -0.4127335 -0.7370952 0.6716837 -0.2838196 -0.6843153 0.6524717 -0.2757016 -0.7058819 0.8191361 -0.5733011 0.01849175 0.8585689 -0.5126982 0 0.1864317 0.7919031 -0.5814918 -0.1252951 0.7301211 -0.6717323 0.9460234 -0.3240126 0.007457922 0.9801024 0.198492 -0.0003991432 0.9903081 -0.1388877 2.258134e-05 0.7303721 0.1750845 0.6602287 0.9857588 0.168164 0.0007472812 -0.2445221 -0.9695924 -0.00997717 0.3952954 -0.9185458 -0.003905812 0.1255732 -0.9920283 0.01054518 -0.3785146 -0.925518 0.01196546 -0.1474519 -0.7308597 0.6664098 0 0 -1 0 0 -1 0 0 -1 0 0 -1 -0.8501816 -0.5264895 0 -0.5022269 -0.3534244 -0.7892144 -0.6759849 -0.2856371 -0.6793054 -0.5810256 -0.4481493 -0.6793905 -0.4481504 -0.5810258 -0.6793896 -0.2838185 -0.6716836 -0.6843159 -0.5733028 -0.8191348 0.01849442 0.7349628 0.6781046 -0.00198592 -0.6584852 0.7525785 -0.004785214 -0.7697384 -0.6383471 -0.00395852 0.752576 0.658488 -0.00478383 -0.6383557 0.7697314 -0.003959064 -0.7570155 0.6533912 0.00271973 0.6781064 -0.7349611 -0.001985862 0.7697364 0.6383496 -0.003958387 0.6533981 0.7570096 0.002719958 0.6594547 -0.7517386 -0.002930037 0.6345395 -0.7728904 0 -0.5876114 -0.8091433 0 -0.6781041 0.7349632 -0.001985789 -0.6616039 -0.7498516 -0.001682167 0.6345395 -0.7728904 0 0.6390934 -0.769129 -0.0003745817 0 0 -1 0 0 -1 -0.378604 0.4934219 -0.783067 0 0 -1 -0.485447 -0.3724859 -0.7909459 0 0 -1 0 0 -1 0 0 -1 0 0 -1 0.378604 -0.4934219 -0.783067 0 0 -1 0.4854471 0.3724841 -0.7909467 0 0 -1 0 0 -1 -0.4335542 -0.6315927 -0.6427452 -0.7928106 0.6094677 -0.0006885451 0.7928086 -0.6094703 -0.0006886532 -1 0 0 -1 0 0 -1 0 0 -1 0 0 -1 0 0 0 -1 0 0 -1 0 0 -1 0 0 -1 0 0 -1 0 0 -1 0 1 0 0 1 0 0 1 0 0 1 0 0 1 0 0 1 0 0</float_array>
          <technique_common>
            <accessor count="1698" source="#normals-array-array" stride="3">
              <param type="float" name="X"/>
              <param type="float" name="Y"/>
              <param type="float" name="Z"/>
            </accessor>
          </technique_common>
        </source>
        <source id="colors-array">
          <float_array count="5094" id="colors-array-array">0.2941176 0.2941176 0.2941176 0.2941176 0.2941176 0.2941176 0.2941176 0.2941176 0.2941176 0.2941176 0.2941176 0.2941176 0.2941176 0.2941176 0.2941176 0.2941176 0.2941176 0.2941176 0.2941176 0.2941176 0.2941176 0.2941176 0.2941176 0.2941176 0.2941176 0.2941176 0.2941176 0.2941176 0.2941176 0.2941176 0.2941176 0.2941176 0.2941176 0.2941176 0.2941176 0.2941176 0.2941176 0.2941176 0.2941176 0.2941176 0.2941176 0.2941176 0.2941176 0.2941176 0.2941176 0.2941176 0.2941176 0.2941176 0.2941176 0.2941176 0.2941176 0.2941176 0.2941176 0.2941176 0.2941176 0.2941176 0.2941176 0.2941176 0.2941176 0.2941176 0.2941176 0.2941176 0.2941176 0.2941176 0.2941176 0.2941176 0.2941176 0.2941176 0.2941176 0.2941176 0.2941176 0.2941176 0.2941176 0.2941176 0.2941176 0.2941176 0.2941176 0.2941176 0.2941176 0.2941176 0.2941176 0.2941176 0.2941176 0.2941176 0.2941176 0.2941176 0.2941176 0.2941176 0.2941176 0.2941176 0.2941176 0.2941176 0.2941176 0.2941176 0.2941176 0.2941176 0.2941176 0.2941176 0.2941176 0.2941176 0.2941176 0.2941176 0.2941176 0.2941176 0.2941176 0.2941176 0.2941176 0.2941176 0.2941176 0.2941176 0.2941176 0.2941176 0.2941176 0.2941176 0.2941176 0.2941176 0.2941176 0.2941176 0.2941176 0.2941176 0.2941176 0.2941176 0.2941176 0.2941176 0.2941176 0.2941176 0.2941176 0.2941176 0.2941176 0.2941176 0.2941176 0.2941176 0.2941176 0.2941176 0.2941176 0.2941176 0.2941176 0.2941176 0.2941176 0.2941176 0.2941176 0.2941176 0.2941176 0.2941176 0.2941176 0.2941176 0.2941176 0.2941176 0.2941176 0.2941176 0.2941176 0.2941176 0.2941176 0.2941176 0.2941176 0.2941176 0.2941176 0.2941176 0.2941176 0.2941176 0.2941176 0.2941176 0.2941176 0.2941176 0.2941176 0.2941176 0.2941176 0.2941176 0.2941176 0.2941176 0.2941176 0.2941176 0.2941176 0.2941176 0.2941176 0.2941176 0.2941176 0.2941176 0.2941176 0.2941176 0.2941176 0.2941176 0.2941176 0.2941176 0.2941176 0.2941176 0.2941176 0.2941176 0.2941176 0.2941176 0.2941176 0.2941176 0.2941176 0.2941176 0.2941176 0.2941176 0.2941176 0.2941176 0.2941176 0.2941176 0.2941176 0.2941176 0.2941176 0.2941176 0.2941176 0.2941176 0.2941176 0.2941176 0.2941176 0.2941176 0.2941176 0.2941176 0.2941176 0.2941176 0.2941176 0.2941176 0.2941176 0.2941176 0.2941176 0.2941176 0.2941176 0.2941176 0.2941176 0.2941176 0.2941176 0.2941176 0.2941176 0.2941176 0.2941176 0.2941176 0.2941176 0.2941176 0.2941176 0.2941176 0.2941176 0.2941176 0.2941176 0.2941176 0.2941176 0.2941176 0.2941176 0.2941176 0.2941176 0.2941176 0.2941176 0.2941176 0.2941176 0.2941176 0.2941176 0.2941176 0.2941176 0.2941176 0.2941176 0.2941176 0.2941176 0.2941176 0.2941176 0.2941176 0.2941176 0.2941176 0.2941176 0.2941176 0.2941176 0.2941176 0.2941176 0.2941176 0.2941176 0.2941176 0.2941176 0.2941176 0.2941176 0.2941176 0.2941176 0.2941176 0.2941176 0.2941176 0.2941176 0.2941176 0.2941176 0.2941176 0.2941176 0.2941176 0.2941176 0.2941176 0.2941176 0.2941176 0.2941176 0.2941176 0.2941176 0.2941176 0.2941176 0.2941176 0.2941176 0.2941176 0.2941176 0.2941176 0.2941176 0.2941176 0.2941176 0.2941176 0.2941176 0.2941176 0.2941176 0.2941176 0.2941176 0.2941176 0.2941176 0.2941176 0.2941176 0.2941176 0.2941176 0.2941176 0.2941176 0.2941176 0.2941176 0.2941176 0.2941176 0.2941176 0.2941176 0.2941176 0.2941176 0.2941176 0.2941176 0.2941176 0.2941176 0.2941176 0.2941176 0.2941176 0.2941176 0.2941176 0.2941176 0.2941176 0.2941176 0.2941176 0.2941176 0.2941176 0.2941176 0.2941176 0.2941176 0.2941176 0.2941176 0.2941176 0.2941176 0.2941176 0.2941176 0.2941176 0.2941176 0.2941176 0.2941176 0.2941176 0.2941176 0.2941176 0.2941176 0.2941176 0.2941176 0.2941176 0.2941176 0.2941176 0.2941176 0.2941176 0.2941176 0.2941176 0.2941176 0.2941176 0.2941176 0.2941176 0.2941176 0.2941176 0.2941176 0.2941176 0.2941176 0.2941176 0.2941176 0.2941176 0.2941176 0.2941176 0.2941176 0.2941176 0.2941176 0.2941176 0.2941176 0.2941176 0.2941176 0.2941176 0.2941176 0.2941176 0.2941176 0.2941176 0.2941176 0.2941176 0.2941176 0.2941176 0.2941176 0.2941176 0.2941176 0.2941176 0.2941176 0.2941176 0.2941176 0.2941176 0.2941176 0.2941176 0.2941176 0.2941176 0.2941176 0.2941176 0.2941176 0.2941176 0.2941176 0.2941176 0.2941176 0.2941176 0.2941176 0.2941176 0.2941176 0.2941176 0.2941176 0.2941176 0.2941176 0.2941176 0.2941176 0.2941176 0.2941176 0.2941176 0.2941176 0.2941176 0.2941176 0.2941176 0.2941176 0.2941176 0.2941176 0.2941176 0.2941176 0.2941176 0.2941176 0.2941176 0.2941176 0.2941176 0.2941176 0.2941176 0.2941176 0.2941176 0.2941176 0.2941176 0.2941176 0.2941176 0.2941176 0.2941176 0.2941176 0.2941176 0.2941176 0.2941176 0.2941176 0.2941176 0.2941176 0.2941176 0.2941176 0.2941176 0.2941176 0.2941176 0.2941176 0.2941176 0.2941176 0.2941176 0.2941176 0.2941176 0.2941176 0.2941176 0.2941176 0.2941176 0.2941176 0.2941176 0.2941176 0.2941176 0.2941176 0.2941176 0.2941176 0.2941176 0.2941176 0.2941176 0.2941176 0.2941176 0.2941176 0.2941176 0.2941176 0.2941176 0.2941176 0.2941176 0.2941176 0.2941176 0.2941176 0.2941176 0.2941176 0.2941176 0.2941176 0.2941176 0.2941176 0.2941176 0.2941176 0.2941176 0.2941176 0.2941176 0.2941176 0.2941176 0.2941176 0.2941176 0.2941176 0.2941176 0.2941176 0.2941176 0.2941176 0.2941176 0.2941176 0.2941176 0.2941176 0.2941176 0.2941176 0.2941176 0.2941176 0.2941176 0.2941176 0.2941176 0.2941176 0.2941176 0.2941176 0.2941176 0.2941176 0.2941176 0.2941176 0.2941176 0.2941176 0.2941176 0.2941176 0.2941176 0.2941176 0.2941176 0.2941176 0.2941176 0.2941176 0.2941176 0.2941176 0.2941176 0.2941176 0.2941176 0.2941176 0.2941176 0.2941176 0.2941176 0.2941176 0.2941176 0.2941176 0.2941176 0.2941176 0.2941176 0.2941176 0.2941176 0.2941176 0.2941176 0.2941176 0.2941176 0.2941176 0.2941176 0.2941176 0.2941176 0.2941176 0.2941176 0.2941176 0.2941176 0.2941176 0.2941176 0.2941176 0.2941176 0.2941176 0.2941176 0.2941176 0.2941176 0.2941176 0.2941176 0.2941176 0.2941176 0.2941176 0.2941176 0.2941176 0.2941176 0.2941176 0.2941176 0.2941176 0.2941176 0.2941176 0.2941176 0.2941176 0.2941176 0.2941176 0.2941176 0.2941176 0.2941176 0.2941176 0.2941176 0.2941176 0.2941176 0.2941176 0.2941176 0.2941176 0.2941176 0.2941176 0.2941176 0.2941176 0.2941176 0.2941176 0.2941176 0.2941176 0.2941176 0.2941176 0.2941176 0.2941176 0.2941176 0.2941176 0.2941176 0.2941176 0.2941176 0.2941176 0.2941176 0.2941176 0.2941176 0.2941176 0.2941176 0.2941176 0.2941176 0.2941176 0.2941176 0.2941176 0.2941176 0.2941176 0.2941176 0.2941176 0.2941176 0.2941176 0.2941176 0.2941176 0.2941176 0.2941176 0.2941176 0.2941176 0.2941176 0.2941176 0.2941176 0.2941176 0.2941176 0.2941176 0.2941176 0.2941176 0.2941176 0.2941176 0.2941176 0.2941176 0.2941176 0.2941176 0.2941176 0.2941176 0.2941176 0.2941176 0.2941176 0.2941176 0.2941176 0.2941176 0.2941176 0.2941176 0.2941176 0.2941176 0.2941176 0.2941176 0.2941176 0.2941176 0.2941176 0.2941176 0.2941176 0.2941176 0.2941176 0.2941176 0.2941176 0.2941176 0.2941176 0.2941176 0.2941176 0.2941176 0.2941176 0.2941176 0.2941176 0.2941176 0.2941176 0.2941176 0.2941176 0.2941176 0.2941176 0.2941176 0.2941176 0.2941176 0.2941176 0.2941176 0.2941176 0.2941176 0.2941176 0.2941176 0.2941176 0.2941176 0.2941176 0.2941176 0.2941176 0.2941176 0.2941176 0.2941176 0.2941176 0.2941176 0.2941176 0.2941176 0.2941176 0.2941176 0.2941176 0.2941176 0.2941176 0.2941176 0.2941176 0.2941176 0.2941176 0.2941176 0.2941176 0.2941176 0.2941176 0.2941176 0.2941176 0.2941176 0.2941176 0.2941176 0.2941176 0.2941176 0.2941176 0.2941176 0.2941176 0.2941176 0.2941176 0.2941176 0.2941176 0.2941176 0.2941176 0.2941176 0.2941176 0.2941176 0.2941176 0.2941176 0.2941176 0.2941176 0.2941176 0.2941176 0.2941176 0.2941176 0.2941176 0.2941176 0.2941176 0.2941176 0.2941176 0.2941176 0.2941176 0.2941176 0.2941176 0.2941176 0.2941176 0.2941176 0.2941176 0.2941176 0.2941176 0.2941176 0.2941176 0.2941176 0.2941176 0.2941176 0.2941176 0.2941176 0.2941176 0.2941176 0.2941176 0.2941176 0.2941176 0.2941176 0.2941176 0.2941176 0.2941176 0.2941176 0.2941176 0.2941176 0.2941176 0.2941176 0.2941176 0.2941176 0.2941176 0.2941176 0.2941176 0.2941176 0.2941176 0.2941176 0.2941176 0.2941176 0.2941176 0.2941176 0.2941176 0.2941176 0.2941176 0.2941176 0.2941176 0.2941176 0.2941176 0.2941176 0.2941176 0.2941176 0.2941176 0.2941176 0.2941176 0.2941176 0.2941176 0.2941176 0.2941176 0.2941176 0.2941176 0.2941176 0.2941176 0.2941176 0.2941176 0.2941176 0.2941176 0.2941176 0.2941176 0.2941176 0.2941176 0.2941176 0.2941176 0.2941176 0.2941176 0.2941176 0.2941176 0.2941176 0.2941176 0.2941176 0.2941176 0.2941176 0.2941176 0.2941176 0.2941176 0.2941176 0.2941176 0.2941176 0.2941176 0.2941176 0.2941176 0.2941176 0.2941176 0.2941176 0.2941176 0.2941176 0.2941176 0.2941176 0.2941176 0.2941176 0.2941176 0.2941176 0.2941176 0.2941176 0.2941176 0.2941176 0.2941176 0.2941176 0.2941176 0.2941176 0.2941176 0.2941176 0.2941176 0.2941176 0.2941176 0.2941176 0.2941176 0.2941176 0.2941176 0.2941176 0.2941176 0.2941176 0.2941176 0.2941176 0.2941176 0.2941176 0.2941176 0.2941176 0.2941176 0.2941176 0.2941176 0.2941176 0.2941176 0.2941176 0.2941176 0.2941176 0.2941176 0.2941176 0.2941176 0.2941176 0.2941176 0.2941176 0.2941176 0.2941176 0.2941176 0.2941176 0.2941176 0.2941176 0.2941176 0.2941176 0.2941176 0.2941176 0.2941176 0.2941176 0.2941176 0.2941176 0.2941176 0.2941176 0.2941176 0.2941176 0.2941176 0.2941176 0.2941176 0.2941176 0.2941176 0.2941176 0.2941176 0.2941176 0.2941176 0.2941176 0.2941176 0.2941176 0.2941176 0.2941176 0.2941176 0.2941176 0.2941176 0.2941176 0.2941176 0.2941176 0.2941176 0.2941176 0.2941176 0.2941176 0.2941176 0.2941176 0.2941176 0.2941176 0.2941176 0.2941176 0.2941176 0.2941176 0.2941176 0.2941176 0.2941176 0.2941176 0.2941176 0.2941176 0.2941176 0.2941176 0.2941176 0.2941176 0.2941176 0.2941176 0.2941176 0.2941176 0.2941176 0.2941176 0.2941176 0.2941176 0.2941176 0.2941176 0.2941176 0.2941176 0.2941176 0.2941176 0.2941176 0.2941176 0.2941176 0.2941176 0.2941176 0.2941176 0.2941176 0.2941176 0.2941176 0.2941176 0.2941176 0.2941176 0.2941176 0.2941176 0.2941176 0.2941176 0.2941176 0.2941176 0.2941176 0.2941176 0.2941176 0.2941176 0.2941176 0.2941176 0.2941176 0.2941176 0.2941176 0.2941176 0.2941176 0.2941176 0.2941176 0.2941176 0.2941176 0.2941176 0.2941176 0.2941176 0.2941176 0.2941176 0.2941176 0.2941176 0.2941176 0.2941176 0.2941176 0.2941176 0.2941176 0.2941176 0.2941176 0.2941176 0.2941176 0.2941176 0.2941176 0.2941176 0.2941176 0.2941176 0.2941176 0.2941176 0.2941176 0.2941176 0.2941176 0.2941176 0.2941176 0.2941176 0.2941176 0.2941176 0.2941176 0.2941176 0.2941176 0.2941176 0.2941176 0.2941176 0.2941176 0.2941176 0.2941176 0.2941176 0.2941176 0.2941176 0.2941176 0.2941176 0.2941176 0.2941176 0.2941176 0.2941176 0.2941176 0.2941176 0.2941176 0.2941176 0.2941176 0.2941176 0.2941176 0.2941176 0.2941176 0.2941176 0.2941176 0.2941176 0.2941176 0.2941176 0.2941176 0.2941176 0.2941176 0.2941176 0.2941176 0.2941176 0.2941176 0.2941176 0.2941176 0.2941176 0.2941176 0.2941176 0.2941176 0.2941176 0.2941176 0.2941176 0.2941176 0.2941176 0.2941176 0.2941176 0.2941176 0.2941176 0.2941176 0.2941176 0.2941176 0.2941176 0.2941176 0.2941176 0.2941176 0.2941176 0.2941176 0.2941176 0.2941176 0.2941176 0.2941176 0.2941176 0.2941176 0.2941176 0.2941176 0.2941176 0.2941176 0.2941176 0.2941176 0.2941176 0.2941176 0.2941176 0.2941176 0.2941176 0.2941176 0.2941176 0.2941176 0.2941176 0.2941176 0.2941176 0.2941176 0.2941176 0.2941176 0.2941176 0.2941176 0.2941176 0.2941176 0.2941176 0.2941176 0.2941176 0.2941176 0.2941176 0.2941176 0.2941176 0.2941176 0.2941176 0.2941176 0.2941176 0.2941176 0.2941176 0.2941176 0.2941176 0.2941176 0.2941176 0.2941176 0.2941176 0.2941176 0.2941176 0.2941176 0.2941176 0.2941176 0.2941176 0.2941176 0.2941176 0.2941176 0.2941176 0.2941176 0.2941176 0.2941176 0.2941176 0.2941176 0.2941176 0.2941176 0.2941176 0.2941176 0.2941176 0.2941176 0.2941176 0.2941176 0.2941176 0.2941176 0.2941176 0.2941176 0.2941176 0.2941176 0.2941176 0.2941176 0.2941176 0.2941176 0.2941176 0.2941176 0.2941176 0.2941176 0.2941176 0.2941176 0.2941176 0.2941176 0.2941176 0.2941176 0.2941176 0.2941176 0.2941176 0.2941176 0.2941176 0.2941176 0.2941176 0.2941176 0.2941176 0.2941176 0.2941176 0.2941176 0.2941176 0.2941176 0.2941176 0.2941176 0.2941176 0.2941176 0.2941176 0.2941176 0.2941176 0.2941176 0.2941176 0.2941176 0.2941176 0.2941176 0.2941176 0.2941176 0.2941176 0.2941176 0.2941176 0.2941176 0.2941176 0.2941176 0.2941176 0.2941176 0.2941176 0.2941176 0.2941176 0.2941176 0.2941176 0.2941176 0.2941176 0.2941176 0.2941176 0.2941176 0.2941176 0.2941176 0.2941176 0.2941176 0.2941176 0.2941176 0.2941176 0.2941176 0.2941176 0.2941176 0.2941176 0.2941176 0.2941176 0.2941176 0.2941176 0.2941176 0.2941176 0.2941176 0.2941176 0.2941176 0.2941176 0.2941176 0.2941176 0.2941176 0.2941176 0.2941176 0.2941176 0.2941176 0.2941176 0.2941176 0.2941176 0.2941176 0.2941176 0.2941176 0.2941176 0.2941176 0.2941176 0.2941176 0.2941176 0.2941176 0.2941176 0.2941176 0.2941176 0.2941176 0.2941176 0.2941176 0.2941176 0.2941176 0.2941176 0.2941176 0.2941176 0.2941176 0.2941176 0.2941176 0.2941176 0.2941176 0.2941176 0.2941176 0.2941176 0.2941176 0.2941176 0.2941176 0.2941176 0.2941176 0.2941176 0.2941176 0.2941176 0.2941176 0.2941176 0.2941176 0.2941176 0.2941176 0.2941176 0.2941176 0.2941176 0.2941176 0.2941176 0.2941176 0.2941176 0.2941176 0.2941176 0.2941176 0.2941176 0.2941176 0.2941176 0.2941176 0.2941176 0.2941176 0.2941176 0.2941176 0.2941176 0.2941176 0.2941176 0.2941176 0.2941176 0.2941176 0.2941176 0.2941176 0.2941176 0.2941176 0.2941176 0.2941176 0.2941176 0.2941176 0.2941176 0.2941176 0.2941176 0.2941176 0.2941176 0.2941176 0.2941176 0.2941176 0.2941176 0.2941176 0.2941176 0.2941176 0.2941176 0.2941176 0.2941176 0.2941176 0.2941176 0.2941176 0.2941176 0.2941176 0.2941176 0.2941176 0.2941176 0.2941176 0.2941176 0.2941176 0.2941176 0.2941176 0.2941176 0.2941176 0.2941176 0.2941176 0.2941176 0.2941176 0.2941176 0.2941176 0.2941176 0.2941176 0.2941176 0.2941176 0.2941176 0.2941176 0.2941176 0.2941176 0.2941176 0.2941176 0.2941176 0.2941176 0.2941176 0.2941176 0.2941176 0.2941176 0.2941176 0.2941176 0.2941176 0.2941176 0.2941176 0.2941176 0.2941176 0.2941176 0.2941176 0.2941176 0.2941176 0.2941176 0.2941176 0.2941176 0.2941176 0.2941176 0.2941176 0.2941176 0.2941176 0.2941176 0.2941176 0.2941176 0.2941176 0.2941176 0.2941176 0.2941176 0.2941176 0.2941176 0.2941176 0.2941176 0.2941176 0.2941176 0.2941176 0.2941176 0.2941176 0.2941176 0.2941176 0.2941176 0.2941176 0.2941176 0.2941176 0.2941176 0.2941176 0.2941176 0.2941176 0.2941176 0.2941176 0.2941176 0.2941176 0.2941176 0.2941176 0.2941176 0.2941176 0.2941176 0.2941176 0.2941176 0.2941176 0.2941176 0.2941176 0.2941176 0.2941176 0.2941176 0.2941176 0.2941176 0.2941176 0.2941176 0.2941176 0.2941176 0.2941176 0.2941176 0.2941176 0.2941176 0.2941176 0.2941176 0.2941176 0.2941176 0.2941176 0.2941176 0.2941176 0.2941176 0.2941176 0.2941176 0.2941176 0.2941176 0.2941176 0.2941176 0.2941176 0.2941176 0.2941176 0.2941176 0.2941176 0.2941176 0.2941176 0.2941176 0.2941176 0.2941176 0.2941176 0.2941176 0.2941176 0.2941176 0.2941176 0.2941176 0.2941176 0.2941176 0.2941176 0.2941176 0.2941176 0.2941176 0.2941176 0.2941176 0.2941176 0.2941176 0.2941176 0.2941176 0.2941176 0.2941176 0.2941176 0.2941176 0.2941176 0.2941176 0.2941176 0.2941176 0.2941176 0.2941176 0.2941176 0.2941176 0.2941176 0.2941176 0.2941176 0.2941176 0.2941176 0.2941176 0.2941176 0.2941176 0.2941176 0.2941176 0.2941176 0.2941176 0.2941176 0.2941176 0.2941176 0.2941176 0.2941176 0.2941176 0.2941176 0.2941176 0.2941176 0.2941176 0.2941176 0.2941176 0.2941176 0.2941176 0.2941176 0.2941176 0.2941176 0.2941176 0.2941176 0.2941176 0.2941176 0.2941176 0.2941176 0.2941176 0.2941176 0.2941176 0.2941176 0.2941176 0.2941176 0.2941176 0.2941176 0.2941176 0.2941176 0.2941176 0.2941176 0.2941176 0.2941176 0.2941176 0.2941176 0.2941176 0.2941176 0.2941176 0.2941176 0.2941176 0.2941176 0.2941176 0.2941176 0.2941176 0.2941176 0.2941176 0.2941176 0.2941176 0.2941176 0.2941176 0.2941176 0.2941176 0.2941176 0.2941176 0.2941176 0.2941176 0.2941176 0.2941176 0.2941176 0.2941176 0.2941176 0.2941176 0.2941176 0.2941176 0.2941176 0.2941176 0.2941176 0.2941176 0.2941176 0.2941176 0.2941176 0.2941176 0.2941176 0.2941176 0.2941176 0.2941176 0.2941176 0.2941176 0.2941176 0.2941176 0.2941176 0.2941176 0.2941176 0.2941176 0.2941176 0.2941176 0.2941176 0.2941176 0.2941176 0.2941176 0.2941176 0.2941176 0.2941176 0.2941176 0.2941176 0.2941176 0.2941176 0.2941176 0.2941176 0.2941176 0.2941176 0.2941176 0.2941176 0.2941176 0.2941176 0.2941176 0.2941176 0.2941176 0.2941176 0.2941176 0.2941176 0.2941176 0.2941176 0.2941176 0.2941176 0.2941176 0.2941176 0.2941176 0.2941176 0.2941176 0.2941176 0.2941176 0.2941176 0.2941176 0.2941176 0.2941176 0.2941176 0.2941176 0.2941176 0.2941176 0.2941176 0.2941176 0.2941176 0.2941176 0.2941176 0.2941176 0.2941176 0.2941176 0.2941176 0.2941176 0.2941176 0.2941176 0.2941176 0.2941176 0.2941176 0.2941176 0.2941176 0.2941176 0.2941176 0.2941176 0.2941176 0.2941176 0.2941176 0.2941176 0.2941176 0.2941176 0.2941176 0.2941176 0.2941176 0.2941176 0.2941176 0.2941176 0.2941176 0.2941176 0.2941176 0.2941176 0.2941176 0.2941176 0.2941176 0.2941176 0.2941176 0.2941176 0.2941176 0.2941176 0.2941176 0.2941176 0.2941176 0.2941176 0.2941176 0.2941176 0.2941176 0.2941176 0.2941176 0.2941176 0.2941176 0.2941176 0.2941176 0.2941176 0.2941176 0.2941176 0.2941176 0.2941176 0.2941176 0.2941176 0.2941176 0.2941176 0.2941176 0.2941176 0.2941176 0.2941176 0.2941176 0.2941176 0.2941176 0.2941176 0.2941176 0.2941176 0.2941176 0.2941176 0.2941176 0.2941176 0.2941176 0.2941176 0.2941176 0.2941176 0.2941176 0.2941176 0.2941176 0.2941176 0.2941176 0.2941176 0.2941176 0.2941176 0.2941176 0.2941176 0.2941176 0.2941176 0.2941176 0.2941176 0.2941176 0.2941176 0.2941176 0.2941176 0.2941176 0.2941176 0.2941176 0.2941176 0.2941176 0.2941176 0.2941176 0.2941176 0.2941176 0.2941176 0.2941176 0.2941176 0.2941176 0.2941176 0.2941176 0.2941176 0.2941176 0.2941176 0.2941176 0.2941176 0.2941176 0.2941176 0.2941176 0.2941176 0.2941176 0.2941176 0.2941176 0.2941176 0.2941176 0.2941176 0.2941176 0.2941176 0.2941176 0.2941176 0.2941176 0.2941176 0.2941176 0.2941176 0.2941176 0.2941176 0.2941176 0.2941176 0.2941176 0.2941176 0.2941176 0.2941176 0.2941176 0.2941176 0.2941176 0.2941176 0.2941176 0.2941176 0.2941176 0.2941176 0.2941176 0.2941176 0.2941176 0.2941176 0.2941176 0.2941176 0.2941176 0.2941176 0.2941176 0.2941176 0.2941176 0.2941176 0.2941176 0.2941176 0.2941176 0.2941176 0.2941176 0.2941176 0.2941176 0.2941176 0.2941176 0.2941176 0.2941176 0.2941176 0.2941176 0.2941176 0.2941176 0.2941176 0.2941176 0.2941176 0.2941176 0.2941176 0.2941176 0.2941176 0.2941176 0.2941176 0.2941176 0.2941176 0.2941176 0.2941176 0.2941176 0.2941176 0.2941176 0.2941176 0.2941176 0.2941176 0.2941176 0.2941176 0.2941176 0.2941176 0.2941176 0.2941176 0.2941176 0.2941176 0.2941176 0.2941176 0.2941176 0.2941176 0.2941176 0.2941176 0.2941176 0.2941176 0.2941176 0.2941176 0.2941176 0.2941176 0.2941176 0.2941176 0.2941176 0.2941176 0.2941176 0.2941176 0.2941176 0.2941176 0.2941176 0.2941176 0.2941176 0.2941176 0.2941176 0.2941176 0.2941176 0.2941176 0.2941176 0.2941176 0.2941176 0.2941176 0.2941176 0.2941176 0.2941176 0.2941176 0.2941176 0.2941176 0.2941176 0.2941176 0.2941176 0.2941176 0.2941176 0.2941176 0.2941176 0.2941176 0.2941176 0.2941176 0.2941176 0.2941176 0.2941176 0.2941176 0.2941176 0.2941176 0.2941176 0.2941176 0.2941176 0.2941176 0.2941176 0.2941176 0.2941176 0.2941176 0.2941176 0.2941176 0.2941176 0.2941176 0.2941176 0.2941176 0.2941176 0.2941176 0.2941176 0.2941176 0.2941176 0.2941176 0.2941176 0.2941176 0.2941176 0.2941176 0.2941176 0.2941176 0.2941176 0.2941176 0.2941176 0.2941176 0.2941176 0.2941176 0.2941176 0.2941176 0.2941176 0.2941176 0.2941176 0.2941176 0.2941176 0.2941176 0.2941176 0.2941176 0.2941176 0.2941176 0.2941176 0.2941176 0.2941176 0.2941176 0.2941176 0.2941176 0.2941176 0.2941176 0.2941176 0.2941176 0.2941176 0.2941176 0.2941176 0.2941176 0.2941176 0.2941176 0.2941176 0.2941176 0.2941176 0.2941176 0.2941176 0.2941176 0.2941176 0.2941176 0.2941176 0.2941176 0.2941176 0.2941176 0.2941176 0.2941176 0.2941176 0.2941176 0.2941176 0.2941176 0.2941176 0.2941176 0.2941176 0.2941176 0.2941176 0.2941176 0.2941176 0.2941176 0.2941176 0.2941176 0.2941176 0.2941176 0.2941176 0.2941176 0.2941176 0.2941176 0.2941176 0.2941176 0.2941176 0.2941176 0.2941176 0.2941176 0.2941176 0.2941176 0.2941176 0.2941176 0.2941176 0.2941176 0.2941176 0.2941176 0.2941176 0.2941176 0.2941176 0.2941176 0.2941176 0.2941176 0.2941176 0.2941176 0.2941176 0.2941176 0.2941176 0.2941176 0.2941176 0.2941176 0.2941176 0.2941176 0.2941176 0.2941176 0.2941176 0.2941176 0.2941176 0.2941176 0.2941176 0.2941176 0.2941176 0.2941176 0.2941176 0.2941176 0.2941176 0.2941176 0.2941176 0.2941176 0.2941176 0.2941176 0.2941176 0.2941176 0.2941176 0.2941176 0.2941176 0.2941176 0.2941176 0.2941176 0.2941176 0.2941176 0.2941176 0.2941176 0.2941176 0.2941176 0.2941176 0.2941176 0.2941176 0.2941176 0.2941176 0.2941176 0.2941176 0.2941176 0.2941176 0.2941176 0.2941176 0.2941176 0.2941176 0.2941176 0.2941176 0.2941176 0.2941176 0.2941176 0.2941176 0.2941176 0.2941176 0.2941176 0.2941176 0.2941176 0.2941176 0.2941176 0.2941176 0.2941176 0.2941176 0.2941176 0.2941176 0.2941176 0.2941176 0.2941176 0.2941176 0.2941176 0.2941176 0.2941176 0.2941176 0.2941176 0.2941176 0.2941176 0.2941176 0.2941176 0.2941176 0.2941176 0.2941176 0.2941176 0.2941176 0.2941176 0.2941176 0.2941176 0.2941176 0.2941176 0.2941176 0.2941176 0.2941176 0.2941176 0.2941176 0.2941176 0.2941176 0.2941176 0.2941176 0.2941176 0.2941176 0.2941176 0.2941176 0.2941176 0.2941176 0.2941176 0.2941176 0.2941176 0.2941176 0.2941176 0.2941176 0.2941176 0.2941176 0.2941176 0.2941176 0.2941176 0.2941176 0.2941176 0.2941176 0.2941176 0.2941176 0.2941176 0.2941176 0.2941176 0.2941176 0.2941176 0.2941176 0.2941176 0.2941176 0.2941176 0.2941176 0.2941176 0.2941176 0.2941176 0.2941176 0.2941176 0.2941176 0.2941176 0.2941176 0.2941176 0.2941176 0.2941176 0.2941176 0.2941176 0.2941176 0.2941176 0.2941176 0.2941176 0.2941176 0.2941176 0.2941176 0.2941176 0.2941176 0.2941176 0.2941176 0.2941176 0.2941176 0.2941176 0.2941176 0.2941176 0.2941176 0.2941176 0.2941176 0.2941176 0.2941176 0.2941176 0.2941176 0.2941176 0.2941176 0.2941176 0.2941176 0.2941176 0.2941176 0.2941176 0.2941176 0.2941176 0.2941176 0.2941176 0.2941176 0.2941176 0.2941176 0.2941176 0.2941176 0.2941176 0.2941176 0.2941176 0.2941176 0.2941176 0.2941176 0.2941176 0.2941176 0.2941176 0.2941176 0.2941176 0.2941176 0.2941176 0.2941176 0.2941176 0.2941176 0.2941176 0.2941176 0.2941176 0.2941176 0.2941176 0.2941176 0.2941176 0.2941176 0.2941176 0.2941176 0.2941176 0.2941176 0.2941176 0.2941176 0.2941176 0.2941176 0.2941176 0.2941176 0.2941176 0.2941176 0.2941176 0.2941176 0.2941176 0.2941176 0.2941176 0.2941176 0.2941176 0.2941176 0.2941176 0.2941176 0.2941176 0.2941176 0.2941176 0.2941176 0.2941176 0.2941176 0.2941176 0.2941176 0.2941176 0.2941176 0.2941176 0.2941176 0.2941176 0.2941176 0.2941176 0.2941176 0.2941176 0.2941176 0.2941176 0.2941176 0.2941176 0.2941176 0.2941176 0.2941176 0.2941176 0.2941176 0.2941176 0.2941176 0.2941176 0.2941176 0.2941176 0.2941176 0.2941176 0.2941176 0.2941176 0.2941176 0.2941176 0.2941176 0.2941176 0.2941176 0.2941176 0.2941176 0.2941176 0.2941176 0.2941176 0.2941176 0.2941176 0.2941176 0.2941176 0.2941176 0.2941176 0.2941176 0.2941176 0.2941176 0.2941176 0.2941176 0.2941176 0.2941176 0.2941176 0.2941176 0.2941176 0.2941176 0.2941176 0.2941176 0.2941176 0.2941176 0.2941176 0.2941176 0.2941176 0.2941176 0.2941176 0.2941176 0.2941176 0.2941176 0.2941176 0.2941176 0.2941176 0.2941176 0.2941176 0.2941176 0.2941176 0.2941176 0.2941176 0.2941176 0.2941176 0.2941176 0.2941176 0.2941176 0.2941176 0.2941176 0.2941176 0.2941176 0.2941176 0.2941176 0.2941176 0.2941176 0.2941176 0.2941176 0.2941176 0.2941176 0.2941176 0.2941176 0.2941176 0.2941176 0.2941176 0.2941176 0.2941176 0.2941176 0.2941176 0.2941176 0.2941176 0.2941176 0.2941176 0.2941176 0.2941176 0.2941176 0.2941176 0.2941176 0.2941176 0.2941176 0.2941176 0.2941176 0.2941176 0.2941176 0.2941176 0.2941176 0.2941176 0.2941176 0.2941176 0.2941176 0.2941176 0.2941176 0.2941176 0.2941176 0.2941176 0.2941176 0.2941176 0.2941176 0.2941176 0.2941176 0.2941176 0.2941176 0.2941176 0.2941176 0.2941176 0.2941176 0.2941176 0.2941176 0.2941176 0.2941176 0.2941176 0.2941176 0.2941176 0.2941176 0.2941176 0.2941176 0.2941176 0.2941176 0.2941176 0.2941176 0.2941176 0.2941176 0.2941176 0.2941176 0.2941176 0.2941176 0.2941176 0.2941176 0.2941176 0.2941176 0.2941176 0.2941176 0.2941176 0.2941176 0.2941176 0.2941176 0.2941176 0.2941176 0.2941176 0.2941176 0.2941176 0.2941176 0.2941176 0.2941176 0.2941176 0.2941176 0.2941176 0.2941176 0.2941176 0.2941176 0.2941176 0.2941176 0.2941176 0.2941176 0.2941176 0.2941176 0.2941176 0.2941176 0.2941176 0.2941176 0.2941176 0.2941176 0.2941176 0.2941176 0.2941176 0.2941176 0.2941176 0.2941176 0.2941176 0.2941176 0.2941176 0.2941176 0.2941176 0.2941176 0.2941176 0.2941176 0.2941176 0.2941176 0.2941176 0.2941176 0.2941176 0.2941176 0.2941176 0.2941176 0.2941176 0.2941176 0.2941176 0.2941176 0.2941176 0.2941176 0.2941176 0.2941176 0.2941176 0.2941176 0.2941176 0.2941176 0.2941176 0.2941176 0.2941176 0.2941176 0.2941176 0.2941176 0.2941176 0.2941176 0.2941176 0.2941176 0.2941176 0.2941176 0.2941176 0.2941176 0.2941176 0.2941176 0.2941176 0.2941176 0.2941176 0.2941176 0.2941176 0.2941176 0.2941176 0.2941176 0.2941176 0.2941176 0.2941176 0.2941176 0.2941176 0.2941176 0.2941176 0.2941176 0.2941176 0.2941176 0.2941176 0.2941176 0.2941176 0.2941176 0.2941176 0.2941176 0.2941176 0.2941176 0.2941176 0.2941176 0.2941176 0.2941176 0.2941176 0.2941176 0.2941176 0.2941176 0.2941176 0.2941176 0.2941176 0.2941176 0.2941176 0.2941176 0.2941176 0.2941176 0.2941176 0.2941176 0.2941176 0.2941176 0.2941176 0.2941176 0.2941176 0.2941176 0.2941176 0.2941176 0.2941176 0.2941176 0.2941176 0.2941176 0.2941176 0.2941176 0.2941176 0.2941176 0.2941176 0.2941176 0.2941176 0.2941176 0.2941176 0.2941176 0.2941176 0.2941176 0.2941176 0.2941176 0.2941176 0.2941176 0.2941176 0.2941176 0.2941176 0.2941176 0.2941176 0.2941176 0.2941176 0.2941176 0.2941176 0.2941176 0.2941176 0.2941176 0.2941176 0.2941176 0.2941176 0.2941176 0.2941176 0.2941176 0.2941176 0.2941176 0.2941176 0.2941176 0.2941176 0.2941176 0.2941176 0.2941176 0.2941176 0.2941176 0.2941176 0.2941176 0.2941176 0.2941176 0.2941176 0.2941176 0.2941176 0.2941176 0.2941176 0.2941176 0.2941176 0.2941176 0.2941176 0.2941176 0.2941176 0.2941176 0.2941176 0.2941176 0.2941176 0.2941176 0.2941176 0.2941176 0.2941176 0.2941176 0.2941176 0.2941176 0.2941176 0.2941176 0.2941176 0.2941176 0.2941176 0.2941176 0.2941176 0.2941176 0.2941176 0.2941176 0.2941176 0.2941176 0.2941176 0.2941176 0.2941176 0.2941176 0.2941176 0.2941176 0.2941176 0.2941176 0.2941176 0.2941176 0.2941176 0.2941176 0.2941176 0.2941176 0.2941176 0.2941176 0.2941176 0.2941176 0.2941176 0.2941176 0.2941176 0.2941176 0.2941176 0.2941176 0.2941176 0.2941176 0.2941176 0.2941176 0.2941176 0.2941176 0.2941176 0.2941176 0.2941176 0.2941176 0.2941176 0.2941176 0.2941176 0.2941176 0.2941176 0.2941176 0.2941176 0.2941176 0.2941176 0.2941176 0.2941176 0.2941176 0.2941176 0.2941176 0.2941176 0.2941176 0.2941176 0.2941176 0.2941176 0.2941176 0.2941176 0.2941176 0.2941176 0.2941176 0.2941176 0.2941176 0.2941176 0.2941176 0.2941176 0.2941176 0.2941176 0.2941176 0.2941176 0.2941176 0.2941176 0.2941176 0.2941176 0.2941176 0.2941176 0.2941176 0.2941176 0.2941176 0.2941176 0.2941176 0.2941176 0.2941176 0.2941176 0.2941176 0.2941176 0.2941176 0.2941176 0.2941176 0.2941176 0.2941176 0.2941176 0.2941176 0.2941176 0.2941176 0.2941176 0.2941176 0.2941176 0.2941176 0.2941176 0.2941176 0.2941176 0.2941176 0.2941176 0.2941176 0.2941176 0.2941176 0.2941176 0.2941176 0.2941176 0.2941176 0.2941176 0.2941176 0.2941176 0.2941176 0.2941176 0.2941176 0.2941176 0.2941176 0.2941176 0.2941176 0.2941176 0.2941176 0.2941176 0.2941176 0.2941176 0.2941176 0.2941176 0.2941176 0.2941176 0.2941176 0.2941176 0.2941176 0.2941176 0.2941176 0.2941176 0.2941176 0.2941176 0.2941176 0.2941176 0.2941176 0.2941176 0.2941176 0.2941176 0.2941176 0.2941176 0.2941176 0.2941176 0.2941176 0.2941176 0.2941176 0.2941176 0.2941176 0.2941176 0.2941176 0.2941176 0.2941176 0.2941176 0.2941176 0.2941176 0.2941176 0.2941176 0.2941176 0.2941176 0.2941176 0.2941176 0.2941176 0.2941176 0.2941176 0.2941176 0.2941176 0.2941176 0.2941176 0.2941176 0.2941176 0.2941176 0.2941176 0.2941176 0.2941176 0.2941176 0.2941176 0.2941176 0.2941176 0.2941176 0.2941176 0.2941176 0.2941176 0.2941176 0.2941176 0.2941176 0.2941176 0.2941176 0.2941176 0.2941176 0.2941176 0.2941176 0.2941176 0.2941176 0.2941176 0.2941176 0.2941176 0.2941176 0.2941176 0.2941176 0.2941176 0.2941176 0.2941176 0.2941176 0.2941176 0.2941176 0.2941176 0.2941176 0.2941176 0.2941176 0.2941176 0.2941176 0.2941176 0.2941176 0.2941176 0.2941176 0.2941176 0.2941176 0.2941176 0.2941176 0.2941176 0.2941176 0.2941176 0.2941176 0.2941176 0.2941176 0.2941176 0.2941176 0.2941176 0.2941176 0.2941176 0.2941176 0.2941176 0.2941176 0.2941176 0.2941176 0.2941176 0.2941176 0.2941176 0.2941176 0.2941176 0.2941176 0.2941176 0.2941176 0.2941176 0.2941176 0.2941176 0.2941176 0.2941176 0.2941176 0.2941176 0.2941176 0.2941176 0.2941176 0.2941176 0.2941176 0.2941176 0.2941176 0.2941176 0.2941176 0.2941176 0.2941176 0.2941176 0.2941176 0.2941176 0.2941176 0.2941176 0.2941176 0.2941176 0.2941176 0.2941176 0.2941176 0.2941176 0.2941176 0.2941176 0.2941176 0.2941176 0.2941176 0.2941176 0.2941176 0.2941176 0.2941176 0.2941176 0.2941176 0.2941176 0.2941176 0.2941176 0.2941176 0.2941176 0.2941176 0.2941176 0.2941176 0.2941176 0.2941176 0.2941176 0.2941176 0.2941176 0.2941176 0.2941176 0.2941176 0.2941176 0.2941176 0.2941176 0.2941176 0.2941176 0.2941176 0.2941176 0.2941176 0.2941176 0.2941176 0.2941176 0.2941176 0.2941176 0.2941176 0.2941176 0.2941176 0.2941176 0.2941176 0.2941176 0.2941176 0.2941176 0.2941176 0.2941176 0.2941176 0.2941176 0.2941176 0.2941176 0.2941176 0.2941176 0.2941176 0.2941176 0.2941176 0.2941176 0.2941176 0.2941176 0.2941176 0.2941176 0.2941176 0.2941176 0.2941176 0.2941176 0.2941176 0.2941176 0.2941176 0.2941176 0.2941176 0.2941176 0.2941176 0.2941176 0.2941176 0.2941176 0.2941176 0.2941176 0.2941176 0.2941176 0.2941176 0.2941176 0.2941176 0.2941176 0.2941176 0.2941176 0.2941176 0.2941176 0.2941176 0.2941176 0.2941176 0.2941176 0.2941176 0.2941176 0.2941176 0.2941176 0.2941176 0.2941176 0.2941176 0.2941176 0.2941176 0.2941176 0.2941176 0.2941176 0.2941176 0.2941176 0.2941176 0.2941176 0.2941176 0.2941176 0.2941176 0.2941176 0.2941176 0.2941176 0.2941176 0.2941176 0.2941176 0.2941176 0.2941176 0.2941176 0.2941176 0.2941176 0.2941176 0.2941176 0.2941176 0.2941176 0.2941176 0.2941176 0.2941176 0.2941176 0.2941176 0.2941176 0.2941176 0.2941176 0.2941176 0.2941176 0.2941176 0.2941176 0.2941176 0.2941176 0.2941176 0.2941176 0.2941176 0.2941176 0.2941176 0.2941176 0.2941176 0.2941176 0.2941176 0.2941176 0.2941176 0.2941176 0.2941176 0.2941176 0.2941176 0.2941176 0.2941176 0.2941176 0.2941176 0.2941176 0.2941176 0.2941176 0.2941176 0.2941176 0.2941176 0.2941176 0.2941176 0.2941176 0.2941176 0.2941176 0.2941176 0.2941176 0.2941176 0.2941176 0.2941176 0.2941176 0.2941176 0.2941176 0.2941176 0.2941176 0.2941176 0.2941176 0.2941176 0.2941176 0.2941176 0.2941176 0.2941176 0.2941176 0.2941176 0.2941176 0.2941176 0.2941176 0.2941176 0.2941176 0.2941176 0.2941176 0.2941176 0.2941176 0.2941176 0.2941176 0.2941176 0.2941176 0.2941176 0.2941176 0.2941176 0.2941176 0.2941176 0.2941176 0.2941176 0.2941176 0.2941176 0.2941176 0.2941176 0.2941176 0.2941176 0.2941176 0.2941176 0.2941176 0.2941176 0.2941176 0.2941176 0.2941176 0.2941176 0.2941176 0.2941176 0.2941176 0.2941176 0.2941176 0.2941176 0.2941176 0.2941176 0.2941176 0.2941176 0.2941176 0.2941176 0.2941176 0.2941176 0.2941176 0.2941176 0.2941176 0.2941176 0.2941176 0.2941176 0.2941176 0.2941176 0.2941176 0.2941176 0.2941176 0.2941176 0.2941176 0.2941176 0.2941176 0.2941176 0.2941176 0.2941176 0.2941176 0.2941176 0.2941176 0.2941176 0.2941176 0.2941176 0.2941176 0.2941176 0.2941176 0.2941176 0.2941176 0.2941176 0.2941176 0.2941176 0.2941176 0.2941176 0.2941176 0.2941176 0.2941176 0.2941176 0.2941176 0.2941176 0.2941176 0.2941176 0.2941176 0.2941176 0.2941176 0.2941176 0.2941176 0.2941176 0.2941176 0.2941176 0.2941176 0.2941176 0.2941176 0.2941176 0.2941176 0.2941176 0.2941176 0.2941176 0.2941176 0.2941176 0.2941176 0.2941176 0.2941176 0.2941176 0.2941176 0.2941176 0.2941176 0.2941176 0.2941176 0.2941176 0.2941176 0.2941176 0.2941176 0.2941176 0.2941176 0.2941176 0.2941176 0.2941176 0.2941176 0.2941176 0.2941176 0.2941176 0.2941176 0.2941176 0.2941176 0.2941176 0.2941176 0.2941176 0.2941176 0.2941176 0.2941176 0.2941176 0.2941176 0.2941176 0.2941176 0.2941176 0.2941176 0.2941176 0.2941176 0.2941176 0.2941176 0.2941176 0.2941176 0.2941176 0.2941176 0.2941176 0.2941176 0.2941176 0.2941176 0.2941176 0.2941176 0.2941176 0.2941176 0.2941176 0.2941176 0.2941176 0.2941176 0.2941176 0.2941176 0.2941176 0.2941176 0.2941176 0.2941176 0.2941176 0.2941176 0.2941176 0.2941176 0.2941176 0.2941176 0.2941176 0.2941176 0.2941176 0.2941176 0.2941176 0.2941176 0.2941176 0.2941176 0.2941176 0.2941176 0.2941176 0.2941176 0.2941176 0.2941176 0.2941176 0.2941176 0.2941176 0.2941176 0.2941176 0.2941176 0.2941176 0.2941176 0.2941176 0.2941176 0.2941176 0.2941176 0.2941176 0.2941176 0.2941176 0.2941176 0.2941176 0.2941176 0.2941176 0.2941176 0.2941176 0.2941176 0.2941176 0.2941176 0.2941176 0.2941176 0.2941176 0.2941176 0.2941176 0.2941176 0.2941176 0.2941176 0.2941176 0.2941176 0.2941176 0.2941176 0.2941176 0.2941176 0.2941176 0.2941176 0.2941176 0.2941176 0.2941176 0.2941176 0.2941176 0.2941176 0.2941176 0.2941176 0.2941176 0.2941176 0.2941176 0.2941176 0.2941176 0.2941176 0.2941176 0.2941176 0.2941176 0.2941176 0.2941176 0.2941176 0.2941176 0.2941176 0.2941176 0.2941176 0.2941176 0.2941176 0.2941176 0.2941176 0.2941176 0.2941176 0.2941176 0.2941176 0.2941176 0.2941176 0.2941176 0.2941176 0.2941176 0.2941176 0.2941176 0.2941176 0.2941176 0.2941176 0.2941176 0.2941176 0.2941176 0.2941176 0.2941176 0.2941176 0.2941176 0.2941176 0.2941176 0.2941176 0.2941176 0.2941176 0.2941176 0.2941176 0.2941176 0.2941176 0.2941176 0.2941176 0.2941176 0.2941176 0.2941176 0.2941176 0.2941176 0.2941176 0.2941176 0.2941176 0.2941176 0.2941176 0.2941176 0.2941176 0.2941176 0.2941176 0.2941176 0.2941176 0.2941176 0.2941176 0.2941176 0.2941176 0.2941176 0.2941176 0.2941176 0.2941176 0.2941176 0.2941176 0.2941176 0.2941176 0.2941176 0.2941176 0.2941176 0.2941176 0.2941176 0.2941176 0.2941176 0.2941176 0.2941176 0.2941176 0.2941176 0.2941176 0.2941176 0.2941176 0.2941176 0.2941176 0.2941176 0.2941176 0.2941176 0.2941176 0.2941176 0.2941176 0.2941176 0.2941176 0.2941176 0.2941176 0.2941176 0.2941176 0.2941176 0.2941176 0.2941176 0.2941176 0.2941176 0.2941176 0.2941176 0.2941176 0.2941176 0.2941176 0.2941176 0.2941176 0.2941176 0.2941176 0.2941176 0.2941176 0.2941176 0.2941176 0.2941176 0.2941176 0.2941176 0.2941176 0.2941176 0.2941176 0.2941176 0.2941176 0.2941176 0.2941176 0.2941176 0.2941176 0.2941176 0.2941176 0.2941176 0.2941176 0.2941176 0.2941176 0.2941176 0.2941176 0.2941176 0.2941176 0.2941176 0.2941176 0.2941176 0.2941176 0.2941176 0.2941176 0.2941176 0.2941176 0.2941176 0.2941176 0.2941176 0.2941176 0.2941176 0.2941176 0.2941176 0.2941176 0.2941176 0.2941176 0.2941176 0.2941176 0.2941176 0.2941176 0.2941176 0.2941176 0.2941176 0.2941176 0.2941176 0.2941176 0.2941176 0.2941176 0.2941176 0.2941176 0.2941176 0.2941176 0.2941176 0.2941176 0.2941176 0.2941176 0.2941176 0.2941176 0.2941176 0.2941176 0.2941176 0.2941176 0.2941176 0.2941176 0.2941176 0.2941176 0.2941176 0.2941176 0.2941176 0.2941176 0.2941176 0.2941176 0.2941176 0.2941176 0.2941176 0.2941176 0.2941176 0.2941176 0.2941176 0.2941176 0.2941176 0.2941176 0.2941176 0.2941176 0.2941176 0.2941176 0.2941176 0.2941176 0.2941176 0.2941176 0.2941176 0.2941176 0.2941176 0.2941176 0.2941176 0.2941176 0.2941176 0.2941176 0.2941176 0.2941176 0.2941176 0.2941176 0.2941176 0.2941176 0.2941176 0.2941176 0.2941176 0.2941176 0.2941176 0.2941176 0.2941176 0.2941176 0.2941176 0.2941176 0.2941176 0.2941176 0.2941176 0.2941176 0.2941176 0.2941176 0.2941176 0.2941176 0.2941176 0.2941176 0.2941176 0.2941176 0.2941176 0.2941176 0.2941176 0.2941176 0.2941176 0.2941176 0.2941176 0.2941176 0.2941176 0.2941176 0.2941176 0.2941176 0.2941176 0.2941176 0.2941176 0.2941176 0.2941176 0.2941176 0.2941176 0.2941176 0.2941176 0.2941176 0.2941176 0.2941176 0.2941176 0.2941176 0.2941176 0.2941176 0.2941176 0.2941176 0.2941176 0.2941176 0.2941176 0.2941176 0.2941176 0.2941176 0.2941176 0.2941176 0.2941176 0.2941176 0.2941176 0.2941176 0.2941176 0.2941176 0.2941176 0.2941176 0.2941176 0.2941176 0.2941176 0.2941176 0.2941176 0.2941176 0.2941176 0.2941176 0.2941176 0.2941176 0.2941176 0.2941176 0.2941176 0.2941176 0.2941176 0.2941176 0.2941176 0.2941176 0.2941176 0.2941176 0.2941176 0.2941176 0.2941176 0.2941176 0.2941176 0.2941176 0.2941176 0.2941176 0.2941176 0.2941176 0.2941176 0.2941176 0.2941176 0.2941176 0.2941176 0.2941176 0.2941176 0.2941176 0.2941176 0.2941176 0.2941176 0.2941176 0.2941176 0.2941176 0.2941176 0.2941176 0.2941176 0.2941176 0.2941176 0.2941176 0.2941176 0.2941176 0.2941176 0.2941176 0.2941176 0.2941176 0.2941176 0.2941176 0.2941176 0.2941176 0.2941176 0.2941176 0.2941176 0.2941176 0.2941176 0.2941176 0.2941176 0.2941176 0.2941176 0.2941176 0.2941176 0.2941176 0.2941176 0.2941176 0.2941176 0.2941176 0.2941176 0.2941176 0.2941176 0.2941176 0.2941176 0.2941176 0.2941176 0.2941176 0.2941176 0.2941176 0.2941176 0.2941176 0.2941176 0.2941176 0.2941176 0.2941176 0.2941176 0.2941176 0.2941176 0.2941176 0.2941176 0.2941176 0.2941176 0.2941176 0.2941176 0.2941176 0.2941176 0.2941176 0.2941176 0.2941176 0.2941176 0.2941176 0.2941176 0.2941176 0.2941176 0.2941176 0.2941176 0.2941176 0.2941176 0.2941176 0.2941176 0.2941176 0.2941176 0.2941176 0.2941176 0.2941176 0.2941176 0.2941176 0.2941176 0.2941176 0.2941176 0.2941176 0.2941176 0.2941176 0.2941176 0.2941176 0.2941176 0.2941176 0.2941176 0.2941176 0.2941176 0.2941176 0.2941176 0.2941176 0.2941176 0.2941176 0.2941176 0.2941176 0.2941176 0.2941176 0.2941176 0.2941176 0.2941176 0.2941176 0.2941176 0.2941176 0.2941176 0.2941176 0.2941176 0.2941176 0.2941176 0.2941176 0.2941176 0.2941176 0.2941176 0.2941176 0.2941176 0.2941176 0.2941176 0.2941176 0.2941176 0.2941176 0.2941176 0.2941176 0.2941176 0.2941176 0.2941176 0.2941176 0.2941176 0.2941176 0.2941176 0.2941176 0.2941176 0.2941176 0.2941176 0.2941176 0.2941176 0.2941176 0.2941176 0.2941176 0.2941176 0.2941176 0.2941176 0.2941176 0.2941176 0.2941176 0.2941176 0.2941176 0.2941176 0.2941176 0.2941176 0.2941176 0.2941176 0.2941176 0.2941176 0.2941176 0.2941176 0.2941176 0.2941176 0.2941176 0.2941176 0.2941176 0.2941176 0.2941176 0.2941176 0.2941176 0.2941176 0.2941176 0.2941176 0.2941176 0.2941176 0.2941176 0.2941176 0.2941176 0.2941176 0.2941176 0.2941176 0.2941176 0.2941176 0.2941176 0.2941176 0.2941176 0.2941176 0.2941176 0.2941176 0.2941176 0.2941176 0.2941176 0.2941176 0.2941176 0.2941176 0.2941176 0.2941176 0.2941176 0.2941176 0.2941176 0.2941176 0.2941176 0.2941176 0.2941176 0.2941176 0.2941176 0.2941176 0.2941176 0.2941176 0.2941176 0.2941176 0.2941176 0.2941176 0.2941176 0.2941176 0.2941176 0.2941176 0.2941176 0.2941176 0.2941176 0.2941176 0.2941176 0.2941176 0.2941176 0.2941176 0.2941176 0.2941176 0.2941176 0.2941176 0.2941176 0.2941176 0.2941176 0.2941176 0.2941176 0.2941176 0.2941176 0.2941176 0.2941176 0.2941176 0.2941176 0.2941176 0.2941176 0.2941176 0.2941176 0.2941176 0.2941176 0.2941176 0.2941176 0.2941176 0.2941176 0.2941176 0.2941176 0.2941176 0.2941176 0.2941176 0.2941176 0.2941176 0.2941176 0.2941176 0.2941176 0.2941176 0.2941176 0.2941176 0.2941176 0.2941176 0.2941176 0.2941176 0.2941176 0.2941176 0.2941176 0.2941176 0.2941176 0.2941176 0.2941176 0.2941176 0.2941176 0.2941176 0.2941176 0.2941176 0.2941176 0.2941176 0.2941176 0.2941176 0.2941176 0.2941176 0.2941176 0.2941176 0.2941176 0.2941176 0.2941176 0.2941176 0.2941176 0.2941176 0.2941176 0.2941176 0.2941176 0.2941176 0.2941176 0.2941176 0.2941176 0.2941176 0.2941176 0.2941176 0.2941176 0.2941176 0.2941176 0.2941176 0.2941176 0.2941176 0.2941176 0.2941176 0.2941176 0.2941176 0.2941176 0.2941176 0.2941176 0.2941176 0.2941176 0.2941176 0.2941176 0.2941176 0.2941176 0.2941176 0.2941176 0.2941176 0.2941176 0.2941176 0.2941176 0.2941176 0.2941176 0.2941176 0.2941176 0.2941176 0.2941176 0.2941176 0.2941176 0.2941176 0.2941176 0.2941176 0.2941176 0.2941176 0.2941176 0.2941176 0.2941176 0.2941176 0.2941176 0.2941176 0.2941176 0.2941176 0.2941176 0.2941176 0.2941176 0.2941176 0.2941176 0.2941176 0.2941176 0.2941176 0.2941176 0.2941176 0.2941176 0.2941176 0.2941176 0.2941176 0.2941176 0.2941176 0.2941176 0.2941176 0.2941176 0.2941176 0.2941176 0.2941176 0.2941176 0.2941176 0.2941176 0.2941176 0.2941176 0.2941176 0.2941176 0.2941176 0.2941176 0.2941176 0.2941176 0.2941176 0.2941176 0.2941176 0.2941176 0.2941176 0.2941176 0.2941176 0.2941176 0.2941176 0.2941176 0.2941176 0.2941176 0.2941176 0.2941176 0.2941176 0.2941176 0.2941176 0.2941176 0.2941176 0.2941176 0.2941176 0.2941176 0.2941176 0.2941176 0.2941176 0.2941176 0.2941176 0.2941176 0.2941176 0.2941176 0.2941176 0.2941176 0.2941176 0.2941176 0.2941176 0.2941176 0.2941176 0.2941176 0.2941176 0.2941176 0.2941176 0.2941176 0.2941176 0.2941176 0.2941176 0.2941176 0.2941176 0.2941176 0.2941176 0.2941176 0.2941176 0.2941176 0.2941176 0.2941176 0.2941176 0.2941176 0.2941176 0.2941176 0.2941176 0.2941176 0.2941176 0.2941176 0.2941176 0.2941176 0.2941176 0.2941176 0.2941176 0.2941176 0.2941176 0.2941176 0.2941176 0.2941176 0.2941176 0.2941176 0.2941176 0.2941176 0.2941176 0.2941176 0.2941176 0.2941176 0.2941176 0.2941176 0.2941176 0.2941176 0.2941176 0.2941176 0.2941176 0.2941176 0.2941176 0.2941176 0.2941176 0.2941176 0.2941176 0.2941176 0.2941176 0.2941176 0.2941176 0.2941176 0.2941176 0.2941176 0.2941176 0.2941176 0.2941176 0.2941176 0.2941176 0.2941176 0.2941176 0.2941176 0.2941176 0.2941176 0.2941176 0.2941176 0.2941176 0.2941176 0.2941176 0.2941176 0.2941176 0.2941176 0.2941176 0.2941176 0.2941176 0.2941176 0.2941176 0.2941176 0.2941176 0.2941176 0.2941176 0.2941176 0.2941176 0.2941176 0.2941176 0.2941176 0.2941176 0.2941176 0.2941176 0.2941176 0.2941176 0.2941176 0.2941176 0.2941176 0.2941176 0.2941176 0.2941176 0.2941176 0.2941176 0.2941176 0.2941176 0.2941176 0.2941176 0.2941176 0.2941176 0.2941176 0.2941176 0.2941176 0.2941176 0.2941176 0.2941176 0.2941176 0.2941176 0.2941176 0.2941176 0.2941176 0.2941176 0.2941176 0.2941176 0.2941176 0.2941176 0.2941176 0.2941176 0.2941176 0.2941176 0.2941176 0.2941176 0.2941176 0.2941176 0.2941176 0.2941176 0.2941176 0.2941176 0.2941176 0.2941176 0.2941176 0.2941176 0.2941176 0.2941176 0.2941176 0.2941176 0.2941176 0.2941176 0.2941176 0.2941176 0.2941176 0.2941176 0.2941176 0.2941176 0.2941176 0.2941176 0.2941176 0.2941176 0.2941176 0.2941176 0.2941176 0.2941176 0.2941176 0.2941176 0.2941176 0.2941176 0.2941176 0.2941176 0.2941176 0.2941176 0.2941176 0.2941176 0.2941176 0.2941176 0.2941176 0.2941176 0.2941176 0.2941176 0.2941176 0.2941176 0.2941176 0.2941176 0.2941176 0.2941176 0.2941176 0.2941176 0.2941176 0.2941176 0.2941176 0.2941176 0.2941176 0.2941176 0.2941176 0.2941176 0.2941176 0.2941176 0.2941176 0.2941176 0.2941176 0.2941176 0.2941176 0.2941176 0.2941176 0.2941176 0.2941176 0.2941176 0.2941176 0.2941176 0.2941176 0.2941176 0.2941176 0.2941176 0.2941176 0.2941176 0.2941176 0.2941176 0.2941176 0.2941176 0.2941176 0.2941176 0.2941176 0.2941176 0.2941176 0.2941176 0.2941176 0.2941176 0.2941176 0.2941176 0.2941176 0.2941176 0.2941176 0.2941176 0.2941176 0.2941176 0.2941176 0.2941176 0.2941176 0.2941176 0.2941176 0.2941176 0.2941176 0.2941176 0.2941176 0.2941176 0.2941176 0.2941176 0.2941176 0.2941176 0.2941176 0.2941176 0.2941176 0.2941176 0.2941176 0.2941176 0.2941176 0.2941176 0.2941176 0.2941176 0.2941176 0.2941176 0.2941176 0.2941176 0.2941176 0.2941176 0.2941176 0.2941176 0.2941176 0.2941176 0.2941176 0.2941176 0.2941176 0.2941176 0.2941176 0.2941176 0.2941176 0.2941176 0.2941176 0.2941176 0.2941176 0.2941176 0.2941176 0.2941176 0.2941176 0.2941176 0.2941176 0.2941176 0.2941176 0.2941176 0.2941176 0.2941176 0.2941176 0.2941176 0.2941176 0.2941176 0.2941176 0.2941176 0.2941176 0.2941176 0.2941176 0.2941176 0.2941176 0.2941176 0.2941176 0.2941176 0.2941176 0.2941176 0.2941176 0.2941176 0.2941176 0.2941176 0.2941176 0.2941176 0.2941176 0.2941176 0.2941176 0.2941176 0.2941176 0.2941176 0.2941176 0.2941176 0.2941176 0.2941176 0.2941176 0.2941176 0.2941176 0.2941176 0.2941176 0.2941176 0.2941176 0.2941176 0.2941176 0.2941176 0.2941176 0.2941176 0.2941176 0.2941176 0.2941176 0.2941176 0.2941176 0.2941176 0.2941176 0.2941176 0.2941176 0.2941176 0.2941176 0.2941176 0.2941176 0.2941176 0.2941176 0.2941176 0.2941176 0.2941176 0.2941176 0.2941176 0.2941176 0.2941176 0.2941176 0.2941176 0.2941176 0.2941176 0.2941176 0.2941176 0.2941176 0.2941176 0.2941176 0.2941176 0.2941176 0.2941176 0.2941176 0.2941176 0.2941176 0.2941176 0.2941176 0.2941176 0.2941176 0.2941176 0.2941176 0.2941176 0.2941176 0.2941176 0.2941176 0.2941176 0.2941176 0.2941176 0.2941176 0.2941176 0.2941176 0.2941176 0.2941176 0.2941176 0.2941176 0.2941176 0.2941176 0.2941176 0.2941176 0.2941176 0.2941176 0.2941176 0.2941176 0.2941176 0.2941176 0.2941176 0.2941176 0.2941176 0.2941176 0.2941176 0.2941176 0.2941176 0.2941176 0.2941176 0.2941176 0.2941176 0.2941176 0.2941176 0.2941176 0.2941176 0.2941176 0.2941176 0.2941176 0.2941176 0.2941176 0.2941176 0.2941176 0.2941176 0.2941176 0.2941176 0.2941176 0.2941176 0.2941176 0.2941176 0.2941176 0.2941176 0.2941176 0.2941176 0.2941176 0.2941176 0.2941176 0.2941176 0.2941176 0.2941176 0.2941176 0.2941176 0.2941176 0.2941176 0.2941176 0.2941176 0.2941176 0.2941176 0.2941176 0.2941176 0.2941176 0.2941176 0.2941176 0.2941176 0.2941176 0.2941176 0.2941176 0.2941176 0.2941176 0.2941176 0.2941176 0.2941176 0.2941176 0.2941176 0.2941176 0.2941176 0.2941176 0.2941176 0.2941176 0.2941176 0.2941176 0.2941176 0.2941176 0.2941176 0.2941176 0.2941176 0.2941176 0.2941176 0.2941176 0.2941176 0.2941176 0.2941176 0.2941176 0.2941176 0.2941176 0.2941176 0.2941176 0.2941176 0.2941176 0.2941176 0.2941176 0.2941176 0.2941176 0.2941176 0.2941176 0.2941176 0.2941176 0.2941176 0.2941176 0.2941176 0.2941176 0.2941176 0.2941176 0.2941176 0.2941176 0.2941176 0.2941176 0.2941176 0.2941176 0.2941176 0.2941176 0.2941176 0.2941176 0.2941176 0.2941176 0.2941176 0.2941176 0.2941176 0.2941176 0.2941176 0.2941176 0.2941176 0.2941176 0.2941176 0.2941176 0.2941176 0.2941176 0.2941176 0.2941176 0.2941176 0.2941176 0.2941176 0.2941176 0.2941176 0.2941176 0.2941176 0.2941176 0.2941176 0.2941176 0.2941176 0.2941176 0.2941176 0.2941176 0.2941176 0.2941176 0.2941176 0.2941176 0.2941176 0.2941176 0.2941176 0.2941176 0.2941176 0.2941176 0.2941176 0.2941176 0.2941176 0.2941176 0.2941176 0.2941176 0.2941176 0.2941176 0.2941176 0.2941176 0.2941176 0.2941176 0.2941176 0.2941176 0.2941176 0.2941176 0.2941176 0.2941176 0.2941176 0.2941176 0.2941176 0.2941176 0.2941176 0.2941176 0.2941176 0.2941176 0.2941176 0.2941176 0.2941176 0.2941176 0.2941176 0.2941176 0.2941176 0.2941176 0.2941176 0.2941176 0.2941176 0.2941176 0.2941176 0.2941176 0.2941176 0.2941176 0.2941176 0.2941176 0.2941176 0.2941176 0.2941176 0.2941176 0.2941176 0.2941176 0.2941176 0.2941176 0.2941176 0.2941176 0.2941176 0.2941176 0.2941176 0.2941176 0.2941176 0.2941176 0.2941176 0.2941176 0.2941176 0.2941176 0.2941176 0.2941176 0.2941176 0.2941176 0.2941176 0.2941176 0.2941176 0.2941176 0.2941176 0.2941176 0.2941176 0.2941176 0.2941176 0.2941176 0.2941176 0.2941176 0.2941176 0.2941176 0.2941176 0.2941176 0.2941176 0.2941176 0.2941176 0.2941176 0.2941176 0.2941176 0.2941176 0.2941176 0.2941176 0.2941176 0.2941176 0.2941176 0.2941176 0.2941176 0.2941176 0.2941176 0.2941176 0.2941176 0.2941176 0.2941176 0.2941176 0.2941176 0.2941176 0.2941176 0.2941176 0.2941176 0.2941176 0.2941176 0.2941176 0.2941176 0.2941176 0.2941176 0.2941176 0.2941176 0.2941176 0.2941176 0.2941176 0.2941176 0.2941176 0.2941176 0.2941176 0.2941176 0.2941176 0.2941176 0.2941176 0.2941176 0.2941176 0.2941176 0.2941176 0.2941176 0.2941176 0.2941176 0.2941176 0.2941176 0.2941176 0.2941176 0.2941176 0.2941176 0.2941176 0.2941176 0.2941176 0.2941176 0.2941176 0.2941176 0.2941176 0.2941176 0.2941176 0.2941176 0.2941176 0.2941176 0.2941176 0.2941176 0.2941176 0.2941176 0.2941176 0.2941176 0.2941176 0.2941176 0.2941176 0.2941176 0.2941176 0.2941176 0.2941176 0.2941176 0.2941176 0.2941176 0.2941176 0.2941176 0.2941176 0.2941176 0.2941176 0.2941176 0.2941176 0.2941176 0.2941176 0.2941176 0.2941176 0.2941176 0.2941176 0.2941176 0.2941176 0.2941176 0.2941176 0.2941176 0.2941176 0.2941176 0.2941176 0.2941176 0.2941176 0.2941176 0.2941176 0.2941176 0.2941176 0.2941176 0.2941176 0.2941176 0.2941176 0.2941176 0.2941176 0.2941176 0.2941176 0.2941176 0.2941176 0.2941176 0.2941176 0.2941176 0.2941176 0.2941176 0.2941176 0.2941176 0.2941176 0.2941176 0.2941176 0.2941176 0.2941176 0.2941176 0.2941176 0.2941176 0.2941176 0.2941176 0.2941176 0.2941176 0.2941176 0.2941176 0.2941176 0.2941176 0.2941176 0.2941176 0.2941176 0.2941176 0.2941176 0.2941176 0.2941176 0.2941176 0.2941176 0.2941176 0.2941176 0.2941176 0.2941176 0.2941176 0.2941176 0.2941176 0.2941176 0.2941176 0.2941176 0.2941176 0.2941176 0.2941176 0.2941176 0.2941176 0.2941176 0.2941176 0.2941176 0.2941176 0.2941176 0.2941176 0.2941176 0.2941176 0.2941176 0.2941176 0.2941176 0.2941176 0.2941176 0.2941176 0.2941176 0.2941176 0.2941176 0.2941176 0.2941176 0.2941176 0.2941176 0.2941176 0.2941176 0.2941176 0.2941176 0.2941176 0.2941176 0.2941176 0.2941176 0.2941176 0.2941176 0.2941176 0.2941176 0.2941176 0.2941176 0.2941176 0.2941176 0.2941176 0.2941176 0.2941176 0.2941176 0.2941176 0.2941176 0.2941176 0.2941176 0.2941176 0.2941176 0.2941176 0.2941176 0.2941176 0.2941176 0.2941176 0.2941176 0.2941176 0.2941176 0.2941176 0.2941176 0.2941176 0.2941176 0.2941176 0.2941176 0.2941176 0.2941176 0.2941176 0.2941176 0.2941176 0.2941176 0.2941176 0.2941176 0.2941176 0.2941176 0.2941176 0.2941176 0.2941176 0.2941176 0.2941176 0.2941176 0.2941176 0.2941176 0.2941176 0.2941176 0.2941176 0.2941176 0.2941176 0.2941176 0.2941176 0.2941176 0.2941176 0.2941176 0.2941176 0.2941176 0.2941176 0.2941176 0.2941176 0.2941176 0.2941176 0.2941176 0.2941176 0.2941176 0.2941176 0.2941176 0.2941176 0.2941176 0.2941176 0.2941176 0.2941176 0.2941176 0.2941176 0.2941176 0.2941176 0.2941176 0.2941176 0.2941176 0.2941176 0.2941176 0.2941176 0.2941176 0.2941176 0.2941176 0.2941176 0.2941176 0.2941176 0.2941176 0.2941176 0.2941176 0.2941176 0.2941176 0.2941176 0.2941176 0.2941176 0.2941176 0.2941176 0.2941176 0.2941176 0.2941176 0.2941176 0.2941176 0.2941176 0.2941176 0.2941176 0.2941176 0.2941176 0.2941176</float_array>
          <technique_common>
            <accessor count="1698" source="#colors-array-array" stride="3">
              <param type="float" name="R"/>
              <param type="float" name="G"/>
              <param type="float" name="B"/>
            </accessor>
          </technique_common>
        </source>
        <vertices id="verts-array-vertices">
          <input semantic="POSITION" source="#verts-array"/>
        </vertices>
        <triangles count="2439" material="material2">
          <input offset="0" semantic="VERTEX" source="#verts-array-vertices"/>
          <input offset="1" semantic="NORMAL" source="#normals-array"/>
          <input offset="2" semantic="COLOR" source="#colors-array"/>
          <p>0 0 0 1 1 1 2 2 2 2 2 2 3 3 3 0 0 0 4 4 4 0 0 0 3 3 3 0 0 0 4 4 4 5 5 5 6 6 6 7 7 7 8 8 8 9 9 9 8 8 8 7 7 7 8 8 8 9 9 9 10 10 10 10 10 10 9 9 9 11 11 11 9 9 9 12 12 12 11 11 11 11 11 11 12 12 12 4 4 4 12 12 12 13 13 13 4 4 4 4 4 4 13 13 13 14 14 14 15 15 15 16 16 16 17 17 17 18 18 18 17 17 17 16 16 16 17 17 17 18 18 18 8 8 8 6 6 6 8 8 8 18 18 18 19 19 19 20 20 20 21 21 21 15 15 15 22 22 22 16 16 16 23 23 23 16 16 16 22 22 22 16 16 16 23 23 23 24 24 24 25 25 25 26 26 26 27 27 27 28 28 28 27 27 27 26 26 26 29 29 29 30 30 30 31 31 31 32 32 32 31 31 31 30 30 30 31 31 31 32 32 32 11 11 11 33 33 33 11 11 11 32 32 32 11 11 11 33 33 33 10 10 10 29 29 29 34 34 34 30 30 30 30 30 30 34 34 34 35 35 35 36 36 36 35 35 35 34 34 34 37 37 37 38 38 38 39 39 39 14 14 14 5 5 5 4 4 4 40 40 40 41 41 41 42 42 42 42 42 42 41 41 41 31 31 31 31 31 31 41 41 41 29 29 29 43 43 43 44 44 44 45 45 45 46 46 46 45 45 45 44 44 44 47 47 47 48 48 48 49 49 49 50 50 50 49 49 49 48 48 48 49 49 49 50 50 50 51 51 51 36 36 36 52 52 52 35 35 35 35 35 35 52 52 52 53 53 53 54 54 54 53 53 53 52 52 52 53 53 53 54 54 54 55 55 55 56 56 56 55 55 55 54 54 54 55 55 55 56 56 56 57 57 57 49 49 49 57 57 57 56 56 56 57 57 57 49 49 49 58 58 58 51 51 51 58 58 58 49 49 49 59 59 59 60 60 60 61 61 61 62 62 62 61 61 61 60 60 60 61 61 61 62 62 62 28 28 28 63 63 63 28 28 28 62 62 62 28 28 28 63 63 63 27 27 27 21 21 21 64 64 64 19 19 19 26 26 26 19 19 19 64 64 64 19 19 19 26 26 26 65 65 65 66 66 66 67 67 67 68 68 68 68 68 68 67 67 67 61 61 61 61 61 61 67 67 67 59 59 59 69 69 69 70 70 70 71 71 71 72 72 72 71 71 71 70 70 70 71 71 71 72 72 72 73 73 73 74 74 74 75 75 75 76 76 76 77 77 77 76 76 76 75 75 75 76 76 76 77 77 77 42 42 42 78 78 78 42 42 42 77 77 77 78 78 78 40 40 40 42 42 42 79 79 79 80 80 80 81 81 81 82 82 82 83 83 83 84 84 84 85 85 85 84 84 84 83 83 83 84 84 84 85 85 85 86 86 86 87 87 87 86 86 86 85 85 85 86 86 86 87 87 87 88 88 88 89 89 89 88 88 88 87 87 87 59 59 59 90 90 90 60 60 60 60 60 60 90 90 90 89 89 89 91 91 91 89 89 89 90 90 90 89 89 89 91 91 91 88 88 88 92 92 92 93 93 93 94 94 94 95 95 95 94 94 94 93 93 93 96 96 96 97 97 97 98 98 98 99 99 99 82 82 82 100 100 100 101 101 101 100 100 100 82 82 82 102 102 102 103 103 103 104 104 104 105 105 105 104 104 104 103 103 103 104 104 104 105 105 105 68 68 68 106 106 106 68 68 68 105 105 105 106 106 106 66 66 66 68 68 68 47 47 47 49 49 49 107 107 107 108 108 108 107 107 107 49 49 49 107 107 107 108 108 108 25 25 25 97 97 97 25 25 25 108 108 108 25 25 25 97 97 97 26 26 26 96 96 96 26 26 26 97 97 97 26 26 26 96 96 96 109 109 109 99 99 99 110 110 110 82 82 82 111 111 111 82 82 82 110 110 110 82 82 82 111 111 111 83 83 83 112 112 112 113 113 113 114 114 114 101 101 101 82 82 82 115 115 115 116 116 116 115 115 115 82 82 82 115 115 115 116 116 116 43 43 43 113 113 113 43 43 43 116 116 116 43 43 43 113 113 113 44 44 44 112 112 112 44 44 44 113 113 113 44 44 44 112 112 112 117 117 117 39 39 39 118 118 118 37 37 37 44 44 44 37 37 37 118 118 118 37 37 37 44 44 44 119 119 119 117 117 117 119 119 119 44 44 44 119 119 119 117 117 117 120 120 120 121 121 121 122 122 122 123 123 123 124 124 124 123 123 123 122 122 122 123 123 123 124 124 124 125 125 125 126 126 126 125 125 125 124 124 124 127 127 127 128 128 128 129 129 129 130 130 130 129 129 129 128 128 128 129 129 129 130 130 130 46 46 46 131 131 131 46 46 46 130 130 130 46 46 46 131 131 131 45 45 45 127 127 127 132 132 132 128 128 128 128 128 128 132 132 132 126 126 126 133 133 133 126 126 126 132 132 132 126 126 126 133 133 133 125 125 125 134 134 134 135 135 135 73 73 73 73 73 73 135 135 135 129 129 129 129 129 129 135 135 135 127 127 127 136 136 136 137 137 137 138 138 138 139 139 139 138 138 138 137 137 137 138 138 138 139 139 139 95 95 95 140 140 140 95 95 95 139 139 139 95 95 95 140 140 140 94 94 94 141 141 141 142 142 142 143 143 143 24 24 24 144 144 144 16 16 16 145 145 145 16 16 16 144 144 144 16 16 16 145 145 145 146 146 146 147 147 147 146 146 146 145 145 145 146 146 146 147 147 147 148 148 148 149 149 149 148 148 148 147 147 147 148 148 148 149 149 149 150 150 150 151 151 151 150 150 150 149 149 149 152 152 152 153 153 153 121 121 121 154 154 154 121 121 121 153 153 153 121 121 121 154 154 154 122 122 122 155 155 155 156 156 156 157 157 157 157 157 157 156 156 156 138 138 138 138 138 138 156 156 156 136 136 136 26 26 26 109 109 109 65 65 65 158 158 158 65 65 65 109 109 109 141 141 141 143 143 143 121 121 121 159 159 159 121 121 121 143 143 143 121 121 121 159 159 159 152 152 152 81 81 81 160 160 160 79 79 79 93 93 93 79 79 79 160 160 160 79 79 79 93 93 93 161 161 161 136 136 136 162 162 162 137 137 137 137 137 137 162 162 162 151 151 151 163 163 163 151 151 151 162 162 162 151 151 151 163 163 163 150 150 150 72 72 72 164 164 164 73 73 73 164 164 164 134 134 134 73 73 73 165 165 165 166 166 166 167 167 167 168 168 168 169 169 169 170 170 170 171 171 171 170 170 170 169 169 169 170 170 170 171 171 171 157 157 157 172 172 172 157 157 157 171 171 171 172 172 172 155 155 155 157 157 157 142 142 142 141 141 141 173 173 173 174 174 174 173 173 173 141 141 141 173 173 173 174 174 174 92 92 92 166 166 166 92 92 92 174 174 174 92 92 92 166 166 166 93 93 93 165 165 165 93 93 93 166 166 166 93 93 93 165 165 165 175 175 175 93 93 93 175 175 175 161 161 161 176 176 176 161 161 161 175 175 175 177 177 177 87 87 87 85 85 85 178 178 178 179 179 179 180 180 180 177 177 177 180 180 180 179 179 179 85 85 85 181 181 181 177 177 177 177 177 177 181 181 181 180 180 180 182 182 182 180 180 180 181 181 181 55 55 55 183 183 183 184 184 184 184 184 184 183 183 183 185 185 185 53 53 53 55 55 55 186 186 186 184 184 184 186 186 186 55 55 55 186 186 186 184 184 184 187 187 187 188 188 188 187 187 187 184 184 184 189 189 189 190 190 190 191 191 191 149 149 149 147 147 147 192 192 192 191 191 191 192 192 192 147 147 147 192 192 192 191 191 191 193 193 193 194 194 194 193 193 193 191 191 191 147 147 147 189 189 189 191 191 191 124 124 124 122 122 122 195 195 195 196 196 196 195 195 195 122 122 122 195 195 195 196 196 196 197 197 197 198 198 198 197 197 197 196 196 196 122 122 122 199 199 199 196 196 196 199 199 199 122 122 122 200 200 200 201 201 201 202 202 202 203 203 203 202 202 202 204 204 204 205 205 205 63 63 63 205 205 205 204 204 204 206 206 206 207 207 207 208 208 208 209 209 209 210 210 210 201 201 201 204 204 204 201 201 201 210 210 210 201 201 201 204 204 204 202 202 202 211 211 211 212 212 212 213 213 213 212 212 212 211 211 211 214 214 214 215 215 215 216 216 216 217 217 217 201 201 201 217 217 217 216 216 216 217 217 217 201 201 201 203 203 203 62 62 62 218 218 218 219 219 219 218 218 218 62 62 62 220 220 220 206 206 206 220 220 220 62 62 62 220 220 220 206 206 206 213 213 213 208 208 208 213 213 213 206 206 206 213 213 213 208 208 208 211 211 211 219 219 219 221 221 221 62 62 62 222 222 222 62 62 62 221 221 221 62 62 62 222 222 222 63 63 63 205 205 205 63 63 63 222 222 222 223 223 223 224 224 224 225 225 225 226 226 226 227 227 227 228 228 228 229 229 229 230 230 230 231 231 231 232 232 232 233 233 233 234 234 234 233 233 233 232 232 232 235 235 235 236 236 236 235 235 235 232 232 232 235 235 235 236 236 236 237 237 237 212 212 212 214 214 214 238 238 238 216 216 216 215 215 215 239 239 239 240 240 240 239 239 239 241 241 241 238 238 238 241 241 241 239 239 239 241 241 241 238 238 238 242 242 242 214 214 214 242 242 242 238 238 238 243 243 243 244 244 244 245 245 245 246 246 246 247 247 247 248 248 248 249 249 249 248 248 248 247 247 247 250 250 250 251 251 251 252 252 252 252 252 252 251 251 251 253 253 253 254 254 254 255 255 255 256 256 256 257 257 257 231 231 231 230 230 230 231 231 231 257 257 257 255 255 255 255 255 255 257 257 257 256 256 256 254 254 254 258 258 258 255 255 255 259 259 259 189 189 189 260 260 260 189 189 189 259 259 259 229 229 229 261 261 261 262 262 262 263 263 263 264 264 264 263 263 263 262 262 262 263 263 263 264 264 264 265 265 265 260 260 260 189 189 189 263 263 263 263 263 263 189 189 189 266 266 266 266 266 266 267 267 267 263 263 263 268 268 268 263 263 263 267 267 267 263 263 263 268 268 268 261 261 261 269 269 269 255 255 255 258 258 258 255 255 255 269 269 269 270 270 270 269 269 269 271 271 271 270 270 270 270 270 270 271 271 271 264 264 264 265 265 265 264 264 264 271 271 271 272 272 272 273 273 273 228 228 228 274 274 274 228 228 228 227 227 227 228 228 228 274 274 274 272 272 272 275 275 275 276 276 276 277 277 277 277 277 277 276 276 276 278 278 278 278 278 278 279 279 279 277 277 277 280 280 280 277 277 277 279 279 279 275 275 275 228 228 228 273 273 273 183 183 183 281 281 281 282 282 282 283 283 283 282 282 282 281 281 281 284 284 284 282 282 282 283 283 283 282 282 282 284 284 284 285 285 285 282 282 282 286 286 286 183 183 183 183 183 183 286 286 286 185 185 185 287 287 287 185 185 185 286 286 286 185 185 185 287 287 287 226 226 226 288 288 288 277 277 277 280 280 280 277 277 277 288 288 288 289 289 289 282 282 282 289 289 289 288 288 288 289 289 289 282 282 282 290 290 290 285 285 285 290 290 290 282 282 282 291 291 291 292 292 292 293 293 293 294 294 294 292 292 292 295 295 295 292 292 292 294 294 294 293 293 293 296 296 296 297 297 297 291 291 291 296 296 296 298 298 298 297 297 297 297 297 297 298 298 298 299 299 299 299 299 299 300 300 300 301 301 301 302 302 302 301 301 301 300 300 300 302 302 302 303 303 303 301 301 301 301 301 301 303 303 303 304 304 304 295 295 295 292 292 292 305 305 305 200 200 200 305 305 305 292 292 292 305 305 305 200 200 200 306 306 306 303 303 303 307 307 307 304 304 304 304 304 304 307 307 307 308 308 308 305 305 305 308 308 308 307 307 307 308 308 308 305 305 305 309 309 309 306 306 306 310 310 310 305 305 305 311 311 311 305 305 305 310 310 310 305 305 305 311 311 311 309 309 309 312 312 312 244 244 244 313 313 313 225 225 225 314 314 314 297 297 297 315 315 315 297 297 297 314 314 314 316 316 316 317 317 317 225 225 225 314 314 314 225 225 225 317 317 317 318 318 318 319 319 319 320 320 320 321 321 321 320 320 320 319 319 319 320 320 320 321 321 321 224 224 224 321 321 321 322 322 322 224 224 224 224 224 224 322 322 322 225 225 225 316 316 316 225 225 225 322 322 322 315 315 315 323 323 323 297 297 297 324 324 324 297 297 297 323 323 323 297 297 297 324 324 324 325 325 325 326 326 326 327 327 327 243 243 243 327 327 327 328 328 328 243 243 243 243 243 243 328 328 328 244 244 244 313 313 313 244 244 244 328 328 328 329 329 329 330 330 330 228 228 228 228 228 228 330 330 330 237 237 237 331 331 331 237 237 237 330 330 330 331 331 331 332 332 332 237 237 237 333 333 333 237 237 237 332 332 332 334 334 334 335 335 335 336 336 336 337 337 337 336 336 336 335 335 335 336 336 336 337 337 337 338 338 338 338 338 338 337 337 337 339 339 339 340 340 340 339 339 339 337 337 337 335 335 335 334 334 334 341 341 341 342 342 342 341 341 341 334 334 334 343 343 343 344 344 344 345 345 345 346 346 346 339 339 339 340 340 340 339 339 339 346 346 346 345 345 345 345 345 345 346 346 346 343 343 343 344 344 344 347 347 347 345 345 345 345 345 345 347 347 347 228 228 228 329 329 329 228 228 228 347 347 347 348 348 348 242 242 242 349 349 349 350 350 350 351 351 351 348 348 348 351 351 351 350 350 350 352 352 352 353 353 353 352 352 352 350 350 350 352 352 352 353 353 353 354 354 354 354 354 354 353 353 353 355 355 355 356 356 356 355 355 355 353 353 353 357 357 357 214 214 214 358 358 358 359 359 359 358 358 358 214 214 214 358 358 358 359 359 359 360 360 360 357 357 357 361 361 361 214 214 214 214 214 214 361 361 361 242 242 242 349 349 349 242 242 242 361 361 361 246 246 246 362 362 362 363 363 363 362 362 362 246 246 246 364 364 364 362 362 362 365 365 365 363 363 363 363 363 363 365 365 365 359 359 359 360 360 360 359 359 359 365 365 365 366 366 366 367 367 367 246 246 246 364 364 364 246 246 246 367 367 367 356 356 356 368 368 368 355 355 355 355 355 355 368 368 368 246 246 246 246 246 246 368 368 368 366 366 366 369 369 369 242 242 242 351 351 351 348 348 348 351 351 351 242 242 242 369 369 369 370 370 370 242 242 242 371 371 371 242 242 242 370 370 370 242 242 242 371 371 371 339 339 339 372 372 372 339 339 339 371 371 371 339 339 339 372 372 372 338 338 338 373 373 373 244 244 244 318 318 318 312 312 312 318 318 318 244 244 244 318 318 318 312 312 312 319 319 319 373 373 373 374 374 374 244 244 244 375 375 375 244 244 244 374 374 374 244 244 244 375 375 375 355 355 355 376 376 376 355 355 355 375 375 375 355 355 355 376 376 376 354 354 354 377 377 377 378 378 378 379 379 379 380 380 380 379 379 379 378 378 378 379 379 379 380 380 380 225 225 225 381 381 381 225 225 225 380 380 380 225 225 225 381 381 381 223 223 223 382 382 382 383 383 383 379 379 379 383 383 383 384 384 384 379 379 379 379 379 379 384 384 384 377 377 377 385 385 385 234 234 234 386 386 386 234 234 234 385 385 385 387 387 387 388 388 388 255 255 255 389 389 389 390 390 390 234 234 234 387 387 387 234 234 234 390 390 390 389 389 389 388 388 388 391 391 391 255 255 255 255 255 255 391 391 391 392 392 392 392 392 392 393 393 393 255 255 255 255 255 255 393 393 393 379 379 379 382 382 382 379 379 379 393 393 393 384 384 384 394 394 394 377 377 377 395 395 395 377 377 377 394 394 394 377 377 377 395 395 395 396 396 396 397 397 397 396 396 396 395 395 395 396 396 396 397 397 397 398 398 398 398 398 398 397 397 397 386 386 386 385 385 385 386 386 386 397 397 397 333 333 333 342 342 342 237 237 237 342 342 342 333 333 333 341 341 341 342 342 342 399 399 399 237 237 237 400 400 400 237 237 237 399 399 399 237 237 237 400 400 400 234 234 234 401 401 401 234 234 234 400 400 400 234 234 234 401 401 401 386 386 386 234 234 234 402 402 402 232 232 232 402 402 402 234 234 234 403 403 403 270 270 270 403 403 403 255 255 255 231 231 231 189 189 189 229 229 229 189 189 189 231 231 231 190 190 190 250 250 250 252 252 252 404 404 404 404 404 404 252 252 252 405 405 405 231 231 231 255 255 255 404 404 404 250 250 250 404 404 404 255 255 255 405 405 405 406 406 406 404 404 404 406 406 406 405 405 405 407 407 407 252 252 252 408 408 408 409 409 409 408 408 408 252 252 252 253 253 253 297 297 297 410 410 410 253 253 253 410 410 410 297 297 297 301 301 301 301 301 301 297 297 297 299 299 299 291 291 291 297 297 297 292 292 292 411 411 411 292 292 292 297 297 297 292 292 292 411 411 411 199 199 199 355 355 355 246 246 246 412 412 412 248 248 248 412 412 412 246 246 246 412 412 412 248 248 248 245 245 245 243 243 243 245 245 245 248 248 248 243 243 243 413 413 413 414 414 414 414 414 414 415 415 415 243 243 243 297 297 297 243 243 243 415 415 415 243 243 243 297 297 297 326 326 326 325 325 325 326 326 326 297 297 297 363 363 363 416 416 416 246 246 246 416 416 416 363 363 363 417 417 417 181 181 181 418 418 418 419 419 419 420 420 420 419 419 419 418 418 418 421 421 421 422 422 422 182 182 182 419 419 419 423 423 423 181 181 181 181 181 181 423 423 423 182 182 182 421 421 421 182 182 182 423 423 423 422 422 422 424 424 424 182 182 182 182 182 182 424 424 424 363 363 363 425 425 425 363 363 363 424 424 424 425 425 425 426 426 426 363 363 363 363 363 363 426 426 426 427 427 427 428 428 428 429 429 429 417 417 417 427 427 427 430 430 430 363 363 363 363 363 363 430 430 430 417 417 417 428 428 428 417 417 417 430 430 430 429 429 429 431 431 431 417 417 417 417 417 417 431 431 431 432 432 432 420 420 420 433 433 433 419 419 419 434 434 434 419 419 419 433 433 433 419 419 419 434 434 434 435 435 435 436 436 436 435 435 435 434 434 434 435 435 435 436 436 436 437 437 437 432 432 432 437 437 437 436 436 436 431 431 431 437 437 437 432 432 432 363 363 363 438 438 438 182 182 182 438 438 438 363 363 363 359 359 359 345 345 345 439 439 439 440 440 440 240 240 240 345 345 345 239 239 239 239 239 239 345 345 345 216 216 216 440 440 440 216 216 216 345 345 345 275 275 275 277 277 277 228 228 228 228 228 228 277 277 277 439 439 439 228 228 228 185 185 185 226 226 226 441 441 441 185 185 185 228 228 228 237 237 237 441 441 441 228 228 228 441 441 441 237 237 237 442 442 442 237 237 237 236 236 236 442 442 442 443 443 443 442 442 442 236 236 236 444 444 444 443 443 443 236 236 236 232 232 232 445 445 445 236 236 236 445 445 445 232 232 232 446 446 446 447 447 447 446 446 446 232 232 232 415 415 415 411 411 411 297 297 297 297 297 297 253 253 253 225 225 225 225 225 225 253 253 253 251 251 251 439 439 439 345 345 345 228 228 228 255 255 255 234 234 234 389 389 389 234 234 234 255 255 255 403 403 403 379 379 379 250 250 250 255 255 255 304 304 304 142 142 142 173 173 173 448 448 448 449 449 449 450 450 450 451 451 451 450 450 450 449 449 449 173 173 173 450 450 450 304 304 304 451 451 451 304 304 304 450 450 450 304 304 304 451 451 451 301 301 301 409 409 409 408 408 408 452 452 452 452 452 452 453 453 453 454 454 454 453 453 453 455 455 455 456 456 456 140 140 140 456 456 456 455 455 455 457 457 457 458 458 458 459 459 459 460 460 460 461 461 461 452 452 452 455 455 455 452 452 452 461 461 461 452 452 452 455 455 455 453 453 453 462 462 462 407 407 407 463 463 463 407 407 407 462 462 462 406 406 406 452 452 452 464 464 464 409 409 409 464 464 464 452 452 452 454 454 454 139 139 139 465 465 465 466 466 466 465 465 465 139 139 139 467 467 467 457 457 457 467 467 467 139 139 139 467 467 467 457 457 457 463 463 463 459 459 459 463 463 463 457 457 457 463 463 463 459 459 459 462 462 462 466 466 466 468 468 468 139 139 139 469 469 469 139 139 139 468 468 468 139 139 139 469 469 469 140 140 140 456 456 456 140 140 140 469 469 469 264 264 264 15 15 15 17 17 17 470 470 470 471 471 471 472 472 472 473 473 473 472 472 472 471 471 471 473 473 473 270 270 270 264 264 264 17 17 17 472 472 472 264 264 264 473 473 473 264 264 264 472 472 472 474 474 474 475 475 475 476 476 476 477 477 477 478 478 478 479 479 479 480 480 480 481 481 481 482 482 482 479 479 479 478 478 478 483 483 483 443 443 443 483 483 483 478 478 478 483 483 483 443 443 443 444 444 444 476 476 476 478 478 478 474 474 474 477 477 477 474 474 474 478 478 478 474 474 474 477 477 477 32 32 32 446 446 446 447 447 447 484 484 484 480 480 480 484 484 484 447 447 447 484 484 484 480 480 480 482 482 482 485 485 485 33 33 33 486 486 486 32 32 32 486 486 486 33 33 33 486 486 486 32 32 32 487 487 487 477 477 477 487 487 487 32 32 32 485 485 485 481 481 481 33 33 33 33 33 33 481 481 481 488 488 488 480 480 480 488 488 488 481 481 481 488 488 488 480 480 480 489 489 489 490 490 490 489 489 489 480 480 480 414 414 414 413 413 413 491 491 491 492 492 492 493 493 493 494 494 494 495 495 495 496 496 496 497 497 497 498 498 498 497 497 497 496 496 496 491 491 491 498 498 498 414 414 414 498 498 498 491 491 491 499 499 499 500 500 500 498 498 498 499 499 499 498 498 498 500 500 500 497 497 497 130 130 130 497 497 497 500 500 500 249 249 249 247 247 247 501 501 501 492 492 492 501 501 501 247 247 247 501 501 501 492 492 492 494 494 494 502 502 502 493 493 493 131 131 131 131 131 131 493 493 493 503 503 503 492 492 492 503 503 503 493 493 493 503 503 503 492 492 492 504 504 504 505 505 505 504 504 504 492 492 492 506 506 506 130 130 130 500 500 500 130 130 130 506 506 506 131 131 131 507 507 507 131 131 131 506 506 506 131 131 131 507 507 507 502 502 502 101 101 101 115 115 115 508 508 508 509 509 509 510 510 510 508 508 508 511 511 511 508 508 508 510 510 510 508 508 508 511 511 511 101 101 101 417 417 417 101 101 101 511 511 511 101 101 101 417 417 417 432 432 432 289 289 289 47 47 47 107 107 107 512 512 512 513 513 513 514 514 514 515 515 515 514 514 514 513 513 513 107 107 107 514 514 514 289 289 289 515 515 515 289 289 289 514 514 514 277 277 277 289 289 289 515 515 515 516 516 516 517 517 517 518 518 518 518 518 518 517 517 517 519 519 519 520 520 520 521 521 521 522 522 522 520 520 520 522 522 522 518 518 518 516 516 516 518 518 518 522 522 522 523 523 523 524 524 524 525 525 525 525 525 525 524 524 524 526 526 526 527 527 527 526 526 526 524 524 524 528 528 528 529 529 529 530 530 530 531 531 531 532 532 532 533 533 533 532 532 532 531 531 531 534 534 534 535 535 535 534 534 534 531 531 531 536 536 536 528 528 528 530 530 530 528 528 528 536 536 536 532 532 532 532 532 532 536 536 536 533 533 533 537 537 537 538 538 538 539 539 539 534 534 534 539 539 539 538 538 538 535 535 535 539 539 539 534 534 534 527 527 527 540 540 540 526 526 526 526 526 526 540 540 540 528 528 528 529 529 529 528 528 528 540 540 540 537 537 537 541 541 541 538 538 538 538 538 538 541 541 541 525 525 525 523 523 523 525 525 525 541 541 541 532 532 532 542 542 542 543 543 543 542 542 542 532 532 532 544 544 544 534 534 534 544 544 544 532 532 532 544 544 544 534 534 534 545 545 545 546 546 546 547 547 547 548 548 548 547 547 547 546 546 546 549 549 549 549 549 549 546 546 546 550 550 550 551 551 551 552 552 552 553 553 553 553 553 553 552 552 552 554 554 554 555 555 555 554 554 554 552 552 552 556 556 556 549 549 549 550 550 550 549 549 549 556 556 556 557 557 557 557 557 557 556 556 556 558 558 558 559 559 559 557 557 557 558 558 558 557 557 557 559 559 559 553 553 553 551 551 551 553 553 553 559 559 559 555 555 555 560 560 560 554 554 554 554 554 554 560 560 560 561 561 561 562 562 562 561 561 561 560 560 560 561 561 561 562 562 562 563 563 563 564 564 564 561 561 561 563 563 563 561 561 561 564 564 564 547 547 547 547 547 547 564 564 564 548 548 548 557 557 557 565 565 565 166 166 166 565 565 565 557 557 557 566 566 566 553 553 553 566 566 566 557 557 557 566 566 566 553 553 553 567 567 567 568 568 568 569 569 569 570 570 570 571 571 571 572 572 572 573 573 573 572 572 572 571 571 571 574 574 574 574 574 574 571 571 571 575 575 575 576 576 576 577 577 577 578 578 578 574 574 574 578 578 578 577 577 577 575 575 575 578 578 578 574 574 574 579 579 579 580 580 580 581 581 581 581 581 581 580 580 580 582 582 582 583 583 583 582 582 582 580 580 580 584 584 584 568 568 568 570 570 570 568 568 568 584 584 584 572 572 572 572 572 572 584 584 584 573 573 573 576 576 576 585 585 585 577 577 577 577 577 577 585 585 585 581 581 581 579 579 579 581 581 581 585 585 585 583 583 583 586 586 586 582 582 582 582 582 582 586 586 586 568 568 568 569 569 569 568 568 568 586 586 586 572 572 572 518 518 518 113 113 113 518 518 518 572 572 572 520 520 520 574 574 574 520 520 520 572 572 572 520 520 520 574 574 574 587 587 587 588 588 588 589 589 589 542 542 542 542 542 542 589 589 589 590 590 590 544 544 544 591 591 591 592 592 592 544 544 544 592 592 592 542 542 542 588 588 588 542 542 542 592 592 592 593 593 593 594 594 594 565 565 565 565 565 565 594 594 594 595 595 595 566 566 566 596 596 596 597 597 597 566 566 566 597 597 597 565 565 565 593 593 593 565 565 565 597 597 597 598 598 598 599 599 599 600 600 600 600 600 600 599 599 599 601 601 601 602 602 602 603 603 603 604 604 604 602 602 602 604 604 604 600 600 600 598 598 598 600 600 600 604 604 604 605 605 605 606 606 606 607 607 607 608 608 608 607 607 607 606 606 606 607 607 607 608 608 608 609 609 609 328 328 328 609 609 609 608 608 608 609 609 609 328 328 328 610 610 610 327 327 327 610 610 610 328 328 328 610 610 610 327 327 327 611 611 611 326 326 326 611 611 611 327 327 327 611 611 611 326 326 326 612 612 612 325 325 325 612 612 612 326 326 326 612 612 612 325 325 325 613 613 613 324 324 324 613 613 613 325 325 325 613 613 613 324 324 324 614 614 614 615 615 615 614 614 614 324 324 324 614 614 614 615 615 615 616 616 616 615 615 615 617 617 617 616 616 616 616 616 616 617 617 617 618 618 618 619 619 619 618 618 618 617 617 617 618 618 618 619 619 619 620 620 620 621 621 621 620 620 620 619 619 619 620 620 620 621 621 621 622 622 622 623 623 623 622 622 622 621 621 621 622 622 622 623 623 623 624 624 624 317 317 317 624 624 624 623 623 623 624 624 624 317 317 317 625 625 625 626 626 626 625 625 625 317 317 317 625 625 625 626 626 626 627 627 627 628 628 628 627 627 627 626 626 626 627 627 627 628 628 628 629 629 629 630 630 630 629 629 629 628 628 628 629 629 629 630 630 630 631 631 631 632 632 632 631 631 631 630 630 630 631 631 631 632 632 632 633 633 633 634 634 634 633 633 633 632 632 632 633 633 633 634 634 634 635 635 635 636 636 636 635 635 635 634 634 634 635 635 635 636 636 636 637 637 637 638 638 638 637 637 637 636 636 636 637 637 637 638 638 638 639 639 639 640 640 640 639 639 639 638 638 638 639 639 639 640 640 640 641 641 641 642 642 642 641 641 641 640 640 640 641 641 641 642 642 642 605 605 605 605 605 605 642 642 642 606 606 606 643 643 643 644 644 644 645 645 645 646 646 646 645 645 645 644 644 644 645 645 645 646 646 646 647 647 647 648 648 648 647 647 647 646 646 646 647 647 647 648 648 648 649 649 649 650 650 650 649 649 649 648 648 648 649 649 649 650 650 650 651 651 651 652 652 652 651 651 651 650 650 650 651 651 651 652 652 652 653 653 653 654 654 654 653 653 653 652 652 652 653 653 653 654 654 654 655 655 655 656 656 656 655 655 655 654 654 654 655 655 655 656 656 656 657 657 657 658 658 658 657 657 657 656 656 656 657 657 657 658 658 658 659 659 659 660 660 660 659 659 659 658 658 658 659 659 659 660 660 660 661 661 661 662 662 662 661 661 661 660 660 660 661 661 661 662 662 662 663 663 663 332 332 332 663 663 663 662 662 662 663 663 663 332 332 332 664 664 664 665 665 665 664 664 664 332 332 332 664 664 664 665 665 665 666 666 666 667 667 667 666 666 666 665 665 665 666 666 666 667 667 667 668 668 668 669 669 669 668 668 668 667 667 667 668 668 668 669 669 669 670 670 670 669 669 669 671 671 671 670 670 670 670 670 670 671 671 671 672 672 672 673 673 673 672 672 672 671 671 671 672 672 672 673 673 673 674 674 674 347 347 347 674 674 674 673 673 673 674 674 674 347 347 347 675 675 675 676 676 676 675 675 675 347 347 347 675 675 675 676 676 676 677 677 677 678 678 678 677 677 677 676 676 676 677 677 677 678 678 678 679 679 679 680 680 680 679 679 679 678 678 678 679 679 679 680 680 680 681 681 681 682 682 682 681 681 681 680 680 680 681 681 681 682 682 682 683 683 683 684 684 684 683 683 683 682 682 682 683 683 683 684 684 684 643 643 643 643 643 643 684 684 684 644 644 644 685 685 685 686 686 686 687 687 687 688 688 688 687 687 687 686 686 686 687 687 687 688 688 688 689 689 689 690 690 690 689 689 689 688 688 688 689 689 689 690 690 690 691 691 691 692 692 692 691 691 691 690 690 690 691 691 691 692 692 692 693 693 693 694 694 694 693 693 693 692 692 692 693 693 693 694 694 694 695 695 695 696 696 696 695 695 695 694 694 694 695 695 695 696 696 696 697 697 697 394 394 394 697 697 697 696 696 696 697 697 697 394 394 394 698 698 698 699 699 699 698 698 698 394 394 394 698 698 698 699 699 699 700 700 700 701 701 701 700 700 700 699 699 699 700 700 700 701 701 701 702 702 702 383 383 383 702 702 702 701 701 701 702 702 702 383 383 383 703 703 703 704 704 704 703 703 703 383 383 383 703 703 703 704 704 704 705 705 705 706 706 706 705 705 705 704 704 704 705 705 705 706 706 706 707 707 707 708 708 708 707 707 707 706 706 706 707 707 707 708 708 708 709 709 709 710 710 710 709 709 709 708 708 708 709 709 709 710 710 710 711 711 711 392 392 392 711 711 711 710 710 710 711 711 711 392 392 392 712 712 712 713 713 713 712 712 712 392 392 392 712 712 712 713 713 713 714 714 714 715 715 715 714 714 714 713 713 713 714 714 714 715 715 715 716 716 716 717 717 717 716 716 716 715 715 715 716 716 716 717 717 717 718 718 718 719 719 719 718 718 718 717 717 717 718 718 718 719 719 719 720 720 720 721 721 721 720 720 720 719 719 719 720 720 720 721 721 721 722 722 722 723 723 723 722 722 722 721 721 721 722 722 722 723 723 723 724 724 724 390 390 390 724 724 724 723 723 723 724 724 724 390 390 390 725 725 725 726 726 726 725 725 725 390 390 390 725 725 725 726 726 726 727 727 727 728 728 728 727 727 727 726 726 726 727 727 727 728 728 728 685 685 685 686 686 686 685 685 685 728 728 728 729 729 729 730 730 730 731 731 731 365 365 365 731 731 731 730 730 730 731 731 731 365 365 365 732 732 732 365 365 365 362 362 362 732 732 732 732 732 732 362 362 362 733 733 733 734 734 734 733 733 733 362 362 362 733 733 733 734 734 734 735 735 735 367 367 367 735 735 735 734 734 734 735 735 735 367 367 367 736 736 736 366 366 366 736 736 736 367 367 367 736 736 736 366 366 366 737 737 737 368 368 368 737 737 737 366 366 366 737 737 737 368 368 368 738 738 738 739 739 739 738 738 738 368 368 368 738 738 738 739 739 739 740 740 740 741 741 741 740 740 740 739 739 739 740 740 740 741 741 741 742 742 742 743 743 743 742 742 742 741 741 741 742 742 742 743 743 743 744 744 744 745 745 745 744 744 744 743 743 743 744 744 744 745 745 745 746 746 746 747 747 747 746 746 746 745 745 745 746 746 746 747 747 747 748 748 748 749 749 749 748 748 748 747 747 747 748 748 748 749 749 749 750 750 750 751 751 751 750 750 750 749 749 749 750 750 750 751 751 751 752 752 752 753 753 753 752 752 752 751 751 751 752 752 752 753 753 753 754 754 754 753 753 753 755 755 755 754 754 754 754 754 754 755 755 755 756 756 756 757 757 757 756 756 756 755 755 755 756 756 756 757 757 757 758 758 758 361 361 361 758 758 758 757 757 757 758 758 758 361 361 361 759 759 759 357 357 357 759 759 759 361 361 361 759 759 759 357 357 357 760 760 760 761 761 761 760 760 760 357 357 357 760 760 760 761 761 761 729 729 729 729 729 729 761 761 761 730 730 730 762 762 762 763 763 763 764 764 764 765 765 765 764 764 764 763 763 763 764 764 764 765 765 765 766 766 766 767 767 767 766 766 766 765 765 765 766 766 766 767 767 767 768 768 768 278 278 278 768 768 768 767 767 767 768 768 768 278 278 278 769 769 769 770 770 770 769 769 769 278 278 278 769 769 769 770 770 770 771 771 771 772 772 772 771 771 771 770 770 770 771 771 771 772 772 772 773 773 773 774 774 774 773 773 773 772 772 772 773 773 773 774 774 774 775 775 775 776 776 776 775 775 775 774 774 774 775 775 775 776 776 776 777 777 777 778 778 778 777 777 777 776 776 776 777 777 777 778 778 778 779 779 779 780 780 780 779 779 779 778 778 778 779 779 779 780 780 780 781 781 781 272 272 272 781 781 781 780 780 780 781 781 781 272 272 272 782 782 782 783 783 783 782 782 782 272 272 272 782 782 782 783 783 783 784 784 784 785 785 785 784 784 784 783 783 783 784 784 784 785 785 785 786 786 786 787 787 787 786 786 786 785 785 785 786 786 786 787 787 787 788 788 788 789 789 789 788 788 788 787 787 787 788 788 788 789 789 789 790 790 790 791 791 791 790 790 790 789 789 789 790 790 790 791 791 791 792 792 792 793 793 793 792 792 792 791 791 791 792 792 792 793 793 793 794 794 794 287 287 287 794 794 794 793 793 793 794 794 794 287 287 287 795 795 795 796 796 796 795 795 795 287 287 287 795 795 795 796 796 796 797 797 797 798 798 798 797 797 797 796 796 796 797 797 797 798 798 798 799 799 799 800 800 800 799 799 799 798 798 798 799 799 799 800 800 800 801 801 801 802 802 802 801 801 801 800 800 800 801 801 801 802 802 802 803 803 803 288 288 288 803 803 803 802 802 802 803 803 803 288 288 288 804 804 804 805 805 805 804 804 804 288 288 288 804 804 804 805 805 805 762 762 762 763 763 763 762 762 762 805 805 805 806 806 806 807 807 807 808 808 808 809 809 809 808 808 808 807 807 807 808 808 808 809 809 809 810 810 810 811 811 811 810 810 810 809 809 809 810 810 810 811 811 811 531 531 531 812 812 812 531 531 531 811 811 811 531 531 531 812 812 812 813 813 813 814 814 814 813 813 813 812 812 812 813 813 813 814 814 814 815 815 815 816 816 816 815 815 815 814 814 814 815 815 815 816 816 816 817 817 817 818 818 818 817 817 817 816 816 816 817 817 817 818 818 818 819 819 819 820 820 820 819 819 819 818 818 818 819 819 819 820 820 820 537 537 537 821 821 821 537 537 537 820 820 820 537 537 537 821 821 821 822 822 822 823 823 823 822 822 822 821 821 821 822 822 822 823 823 823 824 824 824 825 825 825 824 824 824 823 823 823 824 824 824 825 825 825 826 826 826 827 827 827 826 826 826 825 825 825 826 826 826 827 827 827 828 828 828 829 829 829 828 828 828 827 827 827 828 828 828 829 829 829 830 830 830 831 831 831 830 830 830 829 829 829 830 830 830 831 831 831 832 832 832 833 833 833 832 832 832 831 831 831 832 832 832 833 833 833 834 834 834 835 835 835 834 834 834 833 833 833 834 834 834 835 835 835 836 836 836 837 837 837 836 836 836 835 835 835 836 836 836 837 837 837 838 838 838 839 839 839 838 838 838 837 837 837 838 838 838 839 839 839 840 840 840 841 841 841 840 840 840 839 839 839 840 840 840 841 841 841 842 842 842 843 843 843 842 842 842 841 841 841 842 842 842 843 843 843 844 844 844 845 845 845 844 844 844 843 843 843 844 844 844 845 845 845 846 846 846 847 847 847 846 846 846 845 845 845 846 846 846 847 847 847 848 848 848 849 849 849 848 848 848 847 847 847 848 848 848 849 849 849 850 850 850 851 851 851 850 850 850 849 849 849 850 850 850 851 851 851 806 806 806 807 807 807 806 806 806 851 851 851 852 852 852 853 853 853 854 854 854 855 855 855 854 854 854 853 853 853 854 854 854 855 855 855 856 856 856 857 857 857 856 856 856 855 855 855 856 856 856 857 857 857 858 858 858 859 859 859 858 858 858 857 857 857 858 858 858 859 859 859 860 860 860 435 435 435 860 860 860 859 859 859 860 860 860 435 435 435 861 861 861 862 862 862 861 861 861 435 435 435 861 861 861 862 862 862 863 863 863 864 864 864 863 863 863 862 862 862 863 863 863 864 864 864 865 865 865 866 866 866 865 865 865 864 864 864 865 865 865 866 866 866 867 867 867 868 868 868 867 867 867 866 866 866 867 867 867 868 868 868 869 869 869 429 429 429 869 869 869 868 868 868 869 869 869 429 429 429 870 870 870 871 871 871 870 870 870 429 429 429 870 870 870 871 871 871 872 872 872 873 873 873 872 872 872 871 871 871 872 872 872 873 873 873 874 874 874 875 875 875 874 874 874 873 873 873 874 874 874 875 875 875 876 876 876 877 877 877 876 876 876 875 875 875 876 876 876 877 877 877 878 878 878 427 427 427 878 878 878 877 877 877 878 878 878 427 427 427 879 879 879 880 880 880 879 879 879 427 427 427 879 879 879 880 880 880 881 881 881 882 882 882 881 881 881 880 880 880 881 881 881 882 882 882 575 575 575 883 883 883 575 575 575 882 882 882 575 575 575 883 883 883 884 884 884 885 885 885 884 884 884 883 883 883 884 884 884 885 885 885 886 886 886 887 887 887 886 886 886 885 885 885 886 886 886 887 887 887 576 576 576 424 424 424 576 576 576 887 887 887 576 576 576 424 424 424 888 888 888 422 422 422 888 888 888 424 424 424 888 888 888 422 422 422 889 889 889 890 890 890 889 889 889 422 422 422 889 889 889 890 890 890 891 891 891 892 892 892 891 891 891 890 890 890 891 891 891 892 892 892 852 852 852 853 853 853 852 852 852 892 892 892 893 893 893 894 894 894 895 895 895 896 896 896 895 895 895 894 894 894 895 895 895 896 896 896 897 897 897 291 291 291 897 897 897 896 896 896 897 897 897 291 291 291 898 898 898 899 899 899 898 898 898 291 291 291 898 898 898 899 899 899 900 900 900 901 901 901 900 900 900 899 899 899 900 900 900 901 901 901 902 902 902 903 903 903 902 902 902 901 901 901 902 902 902 903 903 903 562 562 562 904 904 904 562 562 562 903 903 903 562 562 562 904 904 904 905 905 905 906 906 906 905 905 905 904 904 904 905 905 905 906 906 906 907 907 907 908 908 908 907 907 907 906 906 906 907 907 907 908 908 908 909 909 909 910 910 910 909 909 909 908 908 908 909 909 909 910 910 910 911 911 911 912 912 912 911 911 911 910 910 910 911 911 911 912 912 912 913 913 913 914 914 914 913 913 913 912 912 912 913 913 913 914 914 914 915 915 915 916 916 916 915 915 915 914 914 914 915 915 915 916 916 916 917 917 917 918 918 918 917 917 917 916 916 916 917 917 917 918 918 918 919 919 919 920 920 920 919 919 919 918 918 918 919 919 919 920 920 920 921 921 921 922 922 922 921 921 921 920 920 920 921 921 921 922 922 922 923 923 923 924 924 924 923 923 923 922 922 922 923 923 923 924 924 924 925 925 925 926 926 926 925 925 925 924 924 924 925 925 925 926 926 926 927 927 927 928 928 928 927 927 927 926 926 926 927 927 927 928 928 928 929 929 929 930 930 930 929 929 929 928 928 928 929 929 929 930 930 930 931 931 931 932 932 932 931 931 931 930 930 930 931 931 931 932 932 932 559 559 559 933 933 933 559 559 559 932 932 932 559 559 559 933 933 933 934 934 934 935 935 935 934 934 934 933 933 933 934 934 934 935 935 935 936 936 936 937 937 937 936 936 936 935 935 935 936 936 936 937 937 937 893 893 893 894 894 894 893 893 893 937 937 937 938 938 938 939 939 939 940 940 940 939 939 939 938 938 938 941 941 941 942 942 942 941 941 941 938 938 938 941 941 941 942 942 942 943 943 943 944 944 944 943 943 943 942 942 942 943 943 943 944 944 944 945 945 945 946 946 946 945 945 945 944 944 944 945 945 945 946 946 946 947 947 947 948 948 948 947 947 947 946 946 946 947 947 947 948 948 948 949 949 949 950 950 950 949 949 949 948 948 948 949 949 949 950 950 950 951 951 951 952 952 952 951 951 951 950 950 950 951 951 951 952 952 952 953 953 953 954 954 954 953 953 953 952 952 952 953 953 953 954 954 954 955 955 955 956 956 956 955 955 955 954 954 954 955 955 955 956 956 956 957 957 957 958 958 958 957 957 957 956 956 956 957 957 957 958 958 958 959 959 959 960 960 960 959 959 959 958 958 958 961 961 961 959 959 959 960 960 960 962 962 962 963 963 963 964 964 964 965 965 965 964 964 964 963 963 963 966 966 966 955 955 955 945 945 945 965 965 965 967 967 967 964 964 964 941 941 941 964 964 964 967 967 967 964 964 964 941 941 941 943 943 943 955 955 955 957 957 957 945 945 945 964 964 964 945 945 945 957 957 957 943 943 943 945 945 945 964 964 964 968 968 968 217 217 217 969 969 969 220 220 220 970 970 970 218 218 218 971 971 971 218 218 218 970 970 970 218 218 218 971 971 971 219 219 219 972 972 972 219 219 219 971 971 971 219 219 219 972 972 972 221 221 221 973 973 973 221 221 221 972 972 972 221 221 221 973 973 973 222 222 222 974 974 974 222 222 222 973 973 973 222 222 222 974 974 974 975 975 975 976 976 976 975 975 975 974 974 974 975 975 975 976 976 976 977 977 977 978 978 978 977 977 977 976 976 976 977 977 977 978 978 978 979 979 979 980 980 980 979 979 979 978 978 978 979 979 979 980 980 980 981 981 981 982 982 982 981 981 981 980 980 980 981 981 981 982 982 982 983 983 983 984 984 984 983 983 983 982 982 982 983 983 983 984 984 984 969 969 969 985 985 985 969 969 969 984 984 984 969 969 969 985 985 985 968 968 968 986 986 986 968 968 968 985 985 985 968 968 968 986 986 986 987 987 987 988 988 988 987 987 987 986 986 986 987 987 987 988 988 988 989 989 989 989 989 989 988 988 988 990 990 990 991 991 991 990 990 990 988 988 988 990 990 990 991 991 991 992 992 992 993 993 993 992 992 992 991 991 991 992 992 992 993 993 993 994 994 994 995 995 995 994 994 994 993 993 993 994 994 994 995 995 995 996 996 996 997 997 997 996 996 996 995 995 995 996 996 996 997 997 997 998 998 998 999 999 999 998 998 998 997 997 997 998 998 998 999 999 999 1000 1000 1000 1001 1001 1001 1000 1000 1000 999 999 999 1002 1002 1002 1000 1000 1000 1001 1001 1001 1000 1000 1000 1002 1002 1002 1003 1003 1003 220 220 220 213 213 213 970 970 970 1003 1003 1003 970 970 970 213 213 213 970 970 970 1003 1003 1003 1002 1002 1002 1004 1004 1004 1005 1005 1005 1006 1006 1006 1005 1005 1005 1004 1004 1004 1007 1007 1007 1008 1008 1008 1007 1007 1007 1004 1004 1004 1007 1007 1007 1008 1008 1008 1009 1009 1009 1010 1010 1010 1009 1009 1009 1008 1008 1008 1009 1009 1009 1010 1010 1010 1011 1011 1011 1012 1012 1012 1011 1011 1011 1010 1010 1010 1011 1011 1011 1012 1012 1012 1013 1013 1013 1014 1014 1014 1013 1013 1013 1012 1012 1012 1013 1013 1013 1014 1014 1014 1015 1015 1015 1016 1016 1016 1015 1015 1015 1014 1014 1014 1015 1015 1015 1016 1016 1016 1017 1017 1017 1018 1018 1018 1017 1017 1017 1016 1016 1016 1017 1017 1017 1018 1018 1018 1019 1019 1019 1020 1020 1020 1019 1019 1019 1018 1018 1018 1019 1019 1019 1020 1020 1020 1021 1021 1021 1022 1022 1022 1021 1021 1021 1020 1020 1020 1021 1021 1021 1022 1022 1022 1023 1023 1023 1024 1024 1024 1023 1023 1023 1022 1022 1022 1023 1023 1023 1024 1024 1024 1025 1025 1025 1026 1026 1026 1025 1025 1025 1024 1024 1024 1027 1027 1027 1025 1025 1025 1026 1026 1026 1028 1028 1028 1029 1029 1029 1030 1030 1030 1031 1031 1031 1030 1030 1030 1029 1029 1029 1032 1032 1032 1021 1021 1021 1011 1011 1011 1031 1031 1031 1033 1033 1033 1030 1030 1030 1007 1007 1007 1030 1030 1030 1033 1033 1033 1030 1030 1030 1007 1007 1007 1009 1009 1009 1021 1021 1021 1023 1023 1023 1011 1011 1011 1030 1030 1030 1011 1011 1011 1023 1023 1023 1009 1009 1009 1011 1011 1011 1030 1030 1030 1034 1034 1034 1035 1035 1035 1036 1036 1036 1035 1035 1035 1034 1034 1034 1037 1037 1037 1038 1038 1038 1037 1037 1037 1034 1034 1034 1037 1037 1037 1038 1038 1038 1039 1039 1039 1040 1040 1040 1039 1039 1039 1038 1038 1038 1039 1039 1039 1040 1040 1040 1041 1041 1041 1042 1042 1042 1041 1041 1041 1040 1040 1040 1041 1041 1041 1042 1042 1042 1043 1043 1043 1044 1044 1044 1043 1043 1043 1042 1042 1042 1043 1043 1043 1044 1044 1044 1045 1045 1045 1046 1046 1046 1045 1045 1045 1044 1044 1044 1045 1045 1045 1046 1046 1046 1047 1047 1047 1048 1048 1048 1047 1047 1047 1046 1046 1046 1047 1047 1047 1048 1048 1048 1049 1049 1049 1050 1050 1050 1049 1049 1049 1048 1048 1048 1049 1049 1049 1050 1050 1050 1051 1051 1051 1052 1052 1052 1051 1051 1051 1050 1050 1050 1051 1051 1051 1052 1052 1052 1053 1053 1053 1054 1054 1054 1053 1053 1053 1052 1052 1052 1053 1053 1053 1054 1054 1054 1055 1055 1055 1056 1056 1056 1055 1055 1055 1054 1054 1054 1057 1057 1057 1055 1055 1055 1056 1056 1056 1058 1058 1058 1059 1059 1059 1060 1060 1060 1059 1059 1059 1058 1058 1058 1061 1061 1061 1062 1062 1062 1061 1061 1061 1058 1058 1058 1061 1061 1061 1062 1062 1062 1063 1063 1063 1064 1064 1064 1063 1063 1063 1062 1062 1062 1063 1063 1063 1064 1064 1064 1065 1065 1065 1066 1066 1066 1065 1065 1065 1064 1064 1064 1065 1065 1065 1066 1066 1066 1067 1067 1067 1068 1068 1068 1067 1067 1067 1066 1066 1066 1067 1067 1067 1068 1068 1068 1069 1069 1069 1070 1070 1070 1069 1069 1069 1068 1068 1068 1069 1069 1069 1070 1070 1070 1071 1071 1071 1072 1072 1072 1071 1071 1071 1070 1070 1070 1071 1071 1071 1072 1072 1072 1073 1073 1073 1074 1074 1074 1073 1073 1073 1072 1072 1072 1073 1073 1073 1074 1074 1074 1075 1075 1075 1076 1076 1076 1075 1075 1075 1074 1074 1074 1075 1075 1075 1076 1076 1076 1077 1077 1077 1078 1078 1078 1077 1077 1077 1076 1076 1076 1077 1077 1077 1078 1078 1078 1079 1079 1079 1080 1080 1080 1079 1079 1079 1078 1078 1078 1081 1081 1081 1079 1079 1079 1080 1080 1080 1037 1037 1037 1039 1039 1039 1082 1082 1082 1083 1083 1083 1084 1084 1084 1082 1082 1082 1085 1085 1085 1082 1082 1082 1084 1084 1084 1086 1086 1086 1082 1082 1082 1085 1085 1085 1082 1082 1082 1086 1086 1086 1037 1037 1037 1039 1039 1039 1041 1041 1041 1082 1082 1082 1087 1087 1087 1082 1082 1082 1041 1041 1041 1087 1087 1087 1047 1047 1047 1082 1082 1082 1082 1082 1082 1047 1047 1047 1088 1088 1088 1089 1089 1089 1090 1090 1090 1091 1091 1091 1092 1092 1092 1091 1091 1091 1090 1090 1090 1091 1091 1091 1092 1092 1092 1061 1061 1061 1061 1061 1061 1063 1063 1063 1091 1091 1091 1065 1065 1065 1091 1091 1091 1063 1063 1063 1091 1091 1091 1065 1065 1065 1067 1067 1067 1067 1067 1067 1093 1093 1093 1091 1091 1091 1091 1091 1091 1093 1093 1093 1073 1073 1073 1094 1094 1094 1091 1091 1091 1073 1073 1073 1095 1095 1095 484 484 484 1096 1096 1096 1097 1097 1097 1098 1098 1098 1099 1099 1099 1100 1100 1100 1099 1099 1099 1098 1098 1098 1099 1099 1099 1100 1100 1100 1101 1101 1101 1102 1102 1102 1101 1101 1101 1100 1100 1100 1101 1101 1101 1102 1102 1102 477 477 477 1103 1103 1103 477 477 477 1102 1102 1102 477 477 477 1103 1103 1103 487 487 487 1104 1104 1104 487 487 487 1103 1103 1103 487 487 487 1104 1104 1104 486 486 486 1105 1105 1105 486 486 486 1104 1104 1104 486 486 486 1105 1105 1105 485 485 485 1106 1106 1106 485 485 485 1105 1105 1105 485 485 485 1106 1106 1106 481 481 481 1107 1107 1107 481 481 481 1106 1106 1106 481 481 481 1107 1107 1107 1108 1108 1108 1109 1109 1109 1108 1108 1108 1107 1107 1107 1108 1108 1108 1109 1109 1109 1110 1110 1110 1111 1111 1111 1110 1110 1110 1109 1109 1109 1110 1110 1110 1111 1111 1111 1096 1096 1096 1112 1112 1112 1096 1096 1096 1111 1111 1111 1096 1096 1096 1112 1112 1112 1095 1095 1095 1113 1113 1113 1095 1095 1095 1112 1112 1112 1095 1095 1095 1113 1113 1113 1114 1114 1114 1115 1115 1115 1114 1114 1114 1113 1113 1113 1114 1114 1114 1115 1115 1115 1116 1116 1116 1116 1116 1116 1115 1115 1115 1117 1117 1117 1118 1118 1118 1117 1117 1117 1115 1115 1115 1117 1117 1117 1118 1118 1118 1119 1119 1119 1120 1120 1120 1119 1119 1119 1118 1118 1118 1119 1119 1119 1120 1120 1120 1121 1121 1121 1122 1122 1122 1121 1121 1121 1120 1120 1120 1121 1121 1121 1122 1122 1122 1123 1123 1123 1124 1124 1124 1123 1123 1123 1122 1122 1122 1123 1123 1123 1124 1124 1124 1125 1125 1125 1126 1126 1126 1125 1125 1125 1124 1124 1124 1125 1125 1125 1126 1126 1126 1127 1127 1127 1128 1128 1128 1127 1127 1127 1126 1126 1126 1127 1127 1127 1128 1128 1128 1129 1129 1129 1097 1097 1097 483 483 483 1098 1098 1098 1129 1129 1129 1098 1098 1098 483 483 483 1098 1098 1098 1129 1129 1129 1128 1128 1128 1130 1130 1130 464 464 464 1131 1131 1131 467 467 467 1132 1132 1132 465 465 465 1133 1133 1133 465 465 465 1132 1132 1132 465 465 465 1133 1133 1133 466 466 466 1134 1134 1134 466 466 466 1133 1133 1133 466 466 466 1134 1134 1134 468 468 468 1135 1135 1135 468 468 468 1134 1134 1134 468 468 468 1135 1135 1135 469 469 469 1136 1136 1136 469 469 469 1135 1135 1135 469 469 469 1136 1136 1136 1137 1137 1137 1138 1138 1138 1137 1137 1137 1136 1136 1136 1137 1137 1137 1138 1138 1138 1139 1139 1139 1140 1140 1140 1139 1139 1139 1138 1138 1138 1139 1139 1139 1140 1140 1140 1141 1141 1141 1142 1142 1142 1141 1141 1141 1140 1140 1140 1141 1141 1141 1142 1142 1142 1143 1143 1143 1144 1144 1144 1143 1143 1143 1142 1142 1142 1143 1143 1143 1144 1144 1144 1145 1145 1145 1146 1146 1146 1145 1145 1145 1144 1144 1144 1145 1145 1145 1146 1146 1146 1131 1131 1131 1147 1147 1147 1131 1131 1131 1146 1146 1146 1131 1131 1131 1147 1147 1147 1130 1130 1130 1148 1148 1148 1130 1130 1130 1147 1147 1147 1130 1130 1130 1148 1148 1148 1149 1149 1149 1150 1150 1150 1149 1149 1149 1148 1148 1148 1149 1149 1149 1150 1150 1150 1151 1151 1151 1151 1151 1151 1150 1150 1150 1152 1152 1152 1153 1153 1153 1152 1152 1152 1150 1150 1150 1152 1152 1152 1153 1153 1153 1154 1154 1154 1155 1155 1155 1154 1154 1154 1153 1153 1153 1154 1154 1154 1155 1155 1155 1156 1156 1156 1157 1157 1157 1156 1156 1156 1155 1155 1155 1156 1156 1156 1157 1157 1157 1158 1158 1158 1159 1159 1159 1158 1158 1158 1157 1157 1157 1158 1158 1158 1159 1159 1159 1160 1160 1160 1161 1161 1161 1160 1160 1160 1159 1159 1159 1160 1160 1160 1161 1161 1161 1162 1162 1162 1163 1163 1163 1162 1162 1162 1161 1161 1161 1164 1164 1164 1162 1162 1162 1163 1163 1163 1162 1162 1162 1164 1164 1164 1165 1165 1165 467 467 467 463 463 463 1132 1132 1132 1165 1165 1165 1132 1132 1132 463 463 463 1132 1132 1132 1165 1165 1165 1164 1164 1164 1166 1166 1166 501 501 501 1167 1167 1167 1168 1168 1168 1169 1169 1169 1170 1170 1170 1171 1171 1171 1170 1170 1170 1169 1169 1169 1170 1170 1170 1171 1171 1171 1172 1172 1172 1173 1173 1173 1172 1172 1172 1171 1171 1171 1172 1172 1172 1173 1173 1173 500 500 500 1174 1174 1174 500 500 500 1173 1173 1173 500 500 500 1174 1174 1174 506 506 506 1175 1175 1175 506 506 506 1174 1174 1174 506 506 506 1175 1175 1175 507 507 507 1176 1176 1176 507 507 507 1175 1175 1175 507 507 507 1176 1176 1176 502 502 502 1177 1177 1177 502 502 502 1176 1176 1176 502 502 502 1177 1177 1177 493 493 493 1178 1178 1178 493 493 493 1177 1177 1177 493 493 493 1178 1178 1178 1179 1179 1179 1180 1180 1180 1179 1179 1179 1178 1178 1178 1179 1179 1179 1180 1180 1180 1181 1181 1181 1182 1182 1182 1181 1181 1181 1180 1180 1180 1181 1181 1181 1182 1182 1182 1167 1167 1167 1183 1183 1183 1167 1167 1167 1182 1182 1182 1167 1167 1167 1183 1183 1183 1166 1166 1166 1184 1184 1184 1166 1166 1166 1183 1183 1183 1166 1166 1166 1184 1184 1184 1185 1185 1185 1186 1186 1186 1185 1185 1185 1184 1184 1184 1185 1185 1185 1186 1186 1186 1187 1187 1187 1188 1188 1188 1187 1187 1187 1186 1186 1186 1187 1187 1187 1188 1188 1188 1189 1189 1189 1190 1190 1190 1189 1189 1189 1188 1188 1188 1189 1189 1189 1190 1190 1190 1191 1191 1191 1192 1192 1192 1191 1191 1191 1190 1190 1190 1191 1191 1191 1192 1192 1192 1193 1193 1193 1194 1194 1194 1193 1193 1193 1192 1192 1192 1193 1193 1193 1194 1194 1194 1195 1195 1195 1196 1196 1196 1195 1195 1195 1194 1194 1194 1195 1195 1195 1196 1196 1196 1197 1197 1197 1198 1198 1198 1197 1197 1197 1196 1196 1196 1199 1199 1199 1197 1197 1197 1198 1198 1198 1197 1197 1197 1199 1199 1199 1200 1200 1200 1168 1168 1168 491 491 491 1169 1169 1169 1200 1200 1200 1169 1169 1169 491 491 491 1169 1169 1169 1200 1200 1200 1199 1199 1199 1201 1201 1201 1202 1202 1202 1203 1203 1203 1204 1204 1204 1205 1205 1205 1206 1206 1206 1084 1084 1084 1206 1206 1206 1205 1205 1205 1207 1207 1207 1083 1083 1083 1208 1208 1208 1209 1209 1209 1210 1210 1210 1211 1211 1211 1211 1211 1211 1210 1210 1210 1212 1212 1212 1213 1213 1213 1214 1214 1214 1215 1215 1215 1216 1216 1216 1215 1215 1215 1214 1214 1214 1203 1203 1203 1029 1029 1029 1201 1201 1201 1028 1028 1028 1201 1201 1201 1029 1029 1029 1201 1201 1201 1028 1028 1028 1213 1213 1213 1217 1217 1217 1213 1213 1213 1028 1028 1028 1213 1213 1213 1217 1217 1217 1214 1214 1214 1218 1218 1218 1219 1219 1219 1220 1220 1220 963 963 963 1220 1220 1220 1219 1219 1219 1220 1220 1220 963 963 963 962 962 962 1212 1212 1212 1221 1221 1221 1211 1211 1211 1222 1222 1222 1211 1211 1211 1221 1221 1221 1211 1211 1211 1222 1222 1222 1214 1214 1214 1223 1223 1223 1214 1214 1214 1222 1222 1222 1214 1214 1214 1223 1223 1223 1216 1216 1216 1224 1224 1224 962 962 962 1225 1225 1225 962 962 962 1224 1224 1224 1220 1220 1220 1206 1206 1206 1220 1220 1220 1224 1224 1224 1220 1220 1220 1206 1206 1206 1083 1083 1083 1084 1084 1084 1083 1083 1083 1206 1206 1206 1220 1220 1220 1226 1226 1226 1227 1227 1227 1228 1228 1228 1227 1227 1227 1226 1226 1226 1227 1227 1227 1228 1228 1228 1209 1209 1209 1229 1229 1229 1227 1227 1227 1091 1091 1091 1209 1209 1209 1091 1091 1091 1227 1227 1227 1091 1091 1091 1209 1209 1209 1089 1089 1089 1089 1089 1089 1209 1209 1209 1230 1230 1230 1211 1211 1211 1230 1230 1230 1209 1209 1209 1231 1231 1231 1232 1232 1232 1207 1207 1207 1233 1233 1233 1207 1207 1207 1232 1232 1232 1207 1207 1207 1233 1233 1233 1234 1234 1234 1235 1235 1235 1207 1207 1207 1234 1234 1234 1207 1207 1207 1235 1235 1235 1083 1083 1083 1083 1083 1083 1235 1235 1235 1220 1220 1220 1226 1226 1226 1220 1220 1220 1235 1235 1235 1213 1213 1213 1236 1236 1236 1201 1201 1201 1237 1237 1237 1201 1201 1201 1236 1236 1236 1201 1201 1201 1237 1237 1237 1207 1207 1207 1238 1238 1238 1207 1207 1207 1237 1237 1237 1207 1207 1207 1238 1238 1238 1231 1231 1231 1239 1239 1239 1240 1240 1240 128 128 128 1241 1241 1241 415 415 415 1242 1242 1242 415 415 415 1241 1241 1241 411 411 411 126 126 126 1243 1243 1243 1244 1244 1244 1245 1245 1245 411 411 411 1246 1246 1246 1241 1241 1241 1246 1246 1246 411 411 411 1246 1246 1246 1241 1241 1241 1244 1244 1244 1239 1239 1239 1244 1244 1244 1241 1241 1241 1244 1244 1244 1239 1239 1239 126 126 126 128 128 128 126 126 126 1239 1239 1239 1247 1247 1247 1248 1248 1248 60 60 60 1249 1249 1249 438 438 438 1250 1250 1250 359 359 359 1250 1250 1250 438 438 438 89 89 89 1251 1251 1251 1252 1252 1252 1253 1253 1253 438 438 438 1254 1254 1254 1249 1249 1249 1254 1254 1254 438 438 438 1254 1254 1254 1249 1249 1249 1252 1252 1252 1247 1247 1247 1252 1252 1252 1249 1249 1249 1252 1252 1252 1247 1247 1247 89 89 89 60 60 60 89 89 89 1247 1247 1247 1255 1255 1255 1256 1256 1256 30 30 30 1257 1257 1257 441 441 441 1258 1258 1258 1258 1258 1258 441 441 441 442 442 442 35 35 35 1259 1259 1259 1260 1260 1260 1261 1261 1261 441 441 441 1262 1262 1262 1257 1257 1257 1262 1262 1262 441 441 441 1262 1262 1262 1257 1257 1257 1260 1260 1260 1255 1255 1255 1260 1260 1260 1257 1257 1257 1260 1260 1260 1255 1255 1255 35 35 35 30 30 30 35 35 35 1255 1255 1255 45 45 45 1263 1263 1263 43 43 43 1264 1264 1264 43 43 43 1263 1263 1263 416 416 416 1265 1265 1265 246 246 246 1266 1266 1266 246 246 246 1265 1265 1265 1267 1267 1267 246 246 246 1268 1268 1268 1266 1266 1266 1268 1268 1268 246 246 246 1268 1268 1268 1266 1266 1266 1264 1264 1264 1269 1269 1269 1264 1264 1264 1266 1266 1266 1264 1264 1264 1269 1269 1269 43 43 43 1270 1270 1270 43 43 43 1269 1269 1269 1271 1271 1271 1272 1272 1272 25 25 25 439 439 439 1273 1273 1273 440 440 440 1274 1274 1274 440 440 440 1273 1273 1273 27 27 27 1275 1275 1275 1276 1276 1276 1277 1277 1277 440 440 440 1278 1278 1278 1274 1274 1274 1278 1278 1278 440 440 440 1278 1278 1278 1274 1274 1274 1276 1276 1276 1271 1271 1271 1276 1276 1276 1274 1274 1274 1276 1276 1276 1271 1271 1271 27 27 27 25 25 25 27 27 27 1271 1271 1271 10 10 10 1279 1279 1279 8 8 8 1280 1280 1280 8 8 8 1279 1279 1279 1281 1281 1281 403 403 403 1282 1282 1282 403 403 403 1281 1281 1281 402 402 402 1283 1283 1283 402 402 402 1284 1284 1284 1281 1281 1281 1284 1284 1284 402 402 402 1284 1284 1284 1281 1281 1281 1280 1280 1280 1285 1285 1285 1280 1280 1280 1281 1281 1281 1280 1280 1280 1285 1285 1285 8 8 8 1286 1286 1286 8 8 8 1285 1285 1285 443 443 443 478 478 478 442 442 442 1258 1258 1258 442 442 442 478 478 478 184 184 184 441 441 441 1261 1261 1261 441 441 441 184 184 184 185 185 185 402 402 402 1283 1283 1283 447 447 447 480 480 480 447 447 447 1283 1283 1283 1282 1282 1282 270 270 270 473 473 473 270 270 270 1282 1282 1282 403 403 403 1287 1287 1287 1288 1288 1288 137 137 137 1289 1289 1289 404 404 404 1290 1290 1290 404 404 404 1289 1289 1289 231 231 231 151 151 151 1291 1291 1291 1292 1292 1292 1293 1293 1293 231 231 231 1294 1294 1294 1289 1289 1289 1294 1294 1294 231 231 231 1294 1294 1294 1289 1289 1289 1292 1292 1292 1287 1287 1287 1292 1292 1292 1289 1289 1289 1292 1292 1292 1287 1287 1287 151 151 151 137 137 137 151 151 151 1287 1287 1287 231 231 231 1293 1293 1293 190 190 190 191 191 191 190 190 190 1293 1293 1293 1290 1290 1290 406 406 406 462 462 462 406 406 406 1290 1290 1290 404 404 404 1295 1295 1295 1296 1296 1296 92 92 92 1297 1297 1297 410 410 410 1298 1298 1298 410 410 410 1297 1297 1297 253 253 253 94 94 94 1299 1299 1299 1300 1300 1300 1301 1301 1301 253 253 253 1302 1302 1302 1297 1297 1297 1302 1302 1302 253 253 253 1302 1302 1302 1297 1297 1297 1300 1300 1300 1295 1295 1295 1300 1300 1300 1297 1297 1297 1300 1300 1300 1295 1295 1295 94 94 94 92 92 92 94 94 94 1295 1295 1295 1298 1298 1298 301 301 301 451 451 451 301 301 301 1298 1298 1298 410 410 410 452 452 452 253 253 253 1301 1301 1301 253 253 253 452 452 452 408 408 408 1303 1303 1303 1304 1304 1304 1228 1228 1228 1305 1305 1305 1228 1228 1228 1304 1304 1304 1228 1228 1228 1305 1305 1305 1209 1209 1209 1306 1306 1306 1209 1209 1209 1305 1305 1305 1209 1209 1209 1306 1306 1306 1307 1307 1307 1308 1308 1308 1307 1307 1307 1306 1306 1306 1307 1307 1307 1308 1308 1308 1309 1309 1309 1310 1310 1310 1309 1309 1309 1308 1308 1308 1309 1309 1309 1310 1310 1310 1210 1210 1210 1311 1311 1311 1210 1210 1210 1310 1310 1310 1210 1210 1210 1311 1311 1311 1212 1212 1212 1312 1312 1312 1212 1212 1212 1311 1311 1311 1212 1212 1212 1312 1312 1312 1221 1221 1221 1313 1313 1313 1221 1221 1221 1312 1312 1312 1221 1221 1221 1313 1313 1313 1222 1222 1222 1314 1314 1314 1222 1222 1222 1313 1313 1313 1222 1222 1222 1314 1314 1314 1223 1223 1223 1315 1315 1315 1223 1223 1223 1314 1314 1314 1223 1223 1223 1315 1315 1315 1216 1216 1216 1316 1316 1316 1216 1216 1216 1315 1315 1315 1216 1216 1216 1316 1316 1316 1215 1215 1215 1317 1317 1317 1215 1215 1215 1316 1316 1316 1215 1215 1215 1317 1317 1317 1213 1213 1213 1318 1318 1318 1213 1213 1213 1317 1317 1317 1213 1213 1213 1318 1318 1318 1236 1236 1236 1319 1319 1319 1236 1236 1236 1318 1318 1318 1236 1236 1236 1319 1319 1319 1237 1237 1237 1320 1320 1320 1237 1237 1237 1319 1319 1319 1237 1237 1237 1320 1320 1320 1238 1238 1238 1321 1321 1321 1238 1238 1238 1320 1320 1320 1238 1238 1238 1321 1321 1321 1231 1231 1231 1322 1322 1322 1231 1231 1231 1321 1321 1321 1231 1231 1231 1322 1322 1322 1232 1232 1232 1323 1323 1323 1232 1232 1232 1322 1322 1322 1232 1232 1232 1323 1323 1323 1233 1233 1233 1324 1324 1324 1233 1233 1233 1323 1323 1323 1233 1233 1233 1324 1324 1324 1234 1234 1234 1325 1325 1325 1234 1234 1234 1324 1324 1324 1234 1234 1234 1325 1325 1325 1326 1326 1326 1327 1327 1327 1326 1326 1326 1325 1325 1325 1326 1326 1326 1327 1327 1327 1328 1328 1328 1329 1329 1329 1328 1328 1328 1327 1327 1327 1328 1328 1328 1329 1329 1329 1235 1235 1235 1330 1330 1330 1235 1235 1235 1329 1329 1329 1235 1235 1235 1330 1330 1330 1331 1331 1331 1332 1332 1332 1331 1331 1331 1330 1330 1330 1331 1331 1331 1332 1332 1332 1303 1303 1303 1304 1304 1304 1303 1303 1303 1332 1332 1332 189 189 189 147 147 147 145 145 145 189 189 189 145 145 145 266 266 266 144 144 144 266 266 266 145 145 145 266 266 266 144 144 144 267 267 267 24 24 24 267 267 267 144 144 144 267 267 267 24 24 24 268 268 268 23 23 23 268 268 268 24 24 24 268 268 268 23 23 23 261 261 261 22 22 22 261 261 261 23 23 23 261 261 261 22 22 22 262 262 262 15 15 15 262 262 262 22 22 22 262 262 262 15 15 15 264 264 264 200 200 200 122 122 122 154 154 154 200 200 200 154 154 154 306 306 306 153 153 153 306 306 306 154 154 154 306 306 306 153 153 153 310 310 310 152 152 152 310 310 310 153 153 153 310 310 310 152 152 152 311 311 311 159 159 159 311 311 311 152 152 152 311 311 311 159 159 159 309 309 309 143 143 143 309 309 309 159 159 159 309 309 309 143 143 143 308 308 308 142 142 142 308 308 308 143 143 143 308 308 308 142 142 142 304 304 304 183 183 183 55 55 55 57 57 57 183 183 183 57 57 57 281 281 281 58 58 58 281 281 281 57 57 57 281 281 281 58 58 58 283 283 283 51 51 51 283 283 283 58 58 58 283 283 283 51 51 51 284 284 284 50 50 50 284 284 284 51 51 51 284 284 284 50 50 50 285 285 285 48 48 48 285 285 285 50 50 50 285 285 285 48 48 48 290 290 290 47 47 47 290 290 290 48 48 48 290 290 290 47 47 47 289 289 289 181 181 181 85 85 85 83 83 83 181 181 181 83 83 83 418 418 418 111 111 111 418 418 418 83 83 83 418 418 418 111 111 111 420 420 420 110 110 110 420 420 420 111 111 111 420 420 420 110 110 110 433 433 433 99 99 99 433 433 433 110 110 110 433 433 433 99 99 99 434 434 434 100 100 100 434 434 434 99 99 99 434 434 434 100 100 100 436 436 436 101 101 101 436 436 436 100 100 100 436 436 436 101 101 101 432 432 432 1322 1322 1322 1333 1333 1333 1323 1323 1323 1334 1334 1334 1323 1323 1323 1333 1333 1333 1323 1323 1323 1334 1334 1334 1324 1324 1324 1335 1335 1335 1324 1324 1324 1334 1334 1334 1324 1324 1324 1335 1335 1335 1325 1325 1325 1336 1336 1336 1325 1325 1325 1335 1335 1335 1325 1325 1325 1336 1336 1336 1327 1327 1327 1337 1337 1337 1327 1327 1327 1336 1336 1336 1327 1327 1327 1337 1337 1337 1329 1329 1329 1337 1337 1337 1338 1338 1338 1329 1329 1329 1339 1339 1339 1329 1329 1329 1338 1338 1338 1329 1329 1329 1339 1339 1339 1330 1330 1330 1340 1340 1340 1330 1330 1330 1339 1339 1339 1330 1330 1330 1340 1340 1340 1332 1332 1332 1341 1341 1341 1332 1332 1332 1340 1340 1340 1332 1332 1332 1341 1341 1341 1304 1304 1304 1342 1342 1342 1304 1304 1304 1341 1341 1341 1304 1304 1304 1342 1342 1342 1305 1305 1305 1343 1343 1343 1305 1305 1305 1342 1342 1342 1305 1305 1305 1343 1343 1343 1306 1306 1306 1313 1313 1313 1344 1344 1344 1314 1314 1314 1345 1345 1345 1314 1314 1314 1344 1344 1344 1314 1314 1314 1345 1345 1345 1315 1315 1315 1346 1346 1346 1315 1315 1315 1345 1345 1345 1315 1315 1315 1346 1346 1346 1316 1316 1316 1347 1347 1347 1316 1316 1316 1346 1346 1346 1316 1316 1316 1347 1347 1347 1317 1317 1317 1348 1348 1348 1317 1317 1317 1347 1347 1347 1317 1317 1317 1348 1348 1348 1318 1318 1318 1348 1348 1348 1349 1349 1349 1318 1318 1318 1350 1350 1350 1318 1318 1318 1349 1349 1349 1318 1318 1318 1350 1350 1350 1319 1319 1319 1351 1351 1351 1319 1319 1319 1350 1350 1350 1319 1319 1319 1351 1351 1351 1320 1320 1320 1352 1352 1352 1320 1320 1320 1351 1351 1351 1320 1320 1320 1352 1352 1352 1321 1321 1321 1353 1353 1353 1321 1321 1321 1352 1352 1352 1321 1321 1321 1353 1353 1353 1322 1322 1322 1354 1354 1354 1322 1322 1322 1353 1353 1353 1322 1322 1322 1354 1354 1354 1333 1333 1333 1343 1343 1343 1355 1355 1355 1306 1306 1306 1356 1356 1356 1306 1306 1306 1355 1355 1355 1306 1306 1306 1356 1356 1356 1308 1308 1308 1357 1357 1357 1308 1308 1308 1356 1356 1356 1308 1308 1308 1357 1357 1357 1310 1310 1310 1358 1358 1358 1310 1310 1310 1357 1357 1357 1310 1310 1310 1358 1358 1358 1311 1311 1311 1359 1359 1359 1311 1311 1311 1358 1358 1358 1311 1311 1311 1359 1359 1359 1312 1312 1312 1360 1360 1360 1312 1312 1312 1359 1359 1359 1312 1312 1312 1360 1360 1360 1313 1313 1313 1361 1361 1361 1313 1313 1313 1360 1360 1360 1313 1313 1313 1361 1361 1361 1344 1344 1344 1355 1355 1355 351 351 351 1356 1356 1356 1356 1356 1356 351 351 351 1357 1357 1357 351 351 351 352 352 352 1357 1357 1357 354 354 354 1357 1357 1357 352 352 352 1357 1357 1357 354 354 354 1358 1358 1358 1358 1358 1358 354 354 354 1359 1359 1359 376 376 376 1359 1359 1359 354 354 354 1359 1359 1359 376 376 376 1360 1360 1360 375 375 375 1360 1360 1360 376 376 376 1360 1360 1360 375 375 375 1361 1361 1361 374 374 374 1361 1361 1361 375 375 375 1361 1361 1361 374 374 374 1344 1344 1344 374 374 374 373 373 373 1344 1344 1344 318 318 318 1344 1344 1344 373 373 373 1344 1344 1344 318 318 318 1345 1345 1345 1345 1345 1345 318 318 318 1346 1346 1346 320 320 320 1346 1346 1346 318 318 318 1346 1346 1346 320 320 320 1347 1347 1347 320 320 320 224 224 224 1347 1347 1347 1347 1347 1347 224 224 224 1348 1348 1348 223 223 223 1348 1348 1348 224 224 224 1348 1348 1348 223 223 223 1349 1349 1349 381 381 381 1349 1349 1349 223 223 223 1349 1349 1349 381 381 381 1350 1350 1350 380 380 380 1350 1350 1350 381 381 381 1350 1350 1350 380 380 380 1351 1351 1351 380 380 380 378 378 378 1351 1351 1351 377 377 377 1351 1351 1351 378 378 378 1351 1351 1351 377 377 377 1352 1352 1352 1352 1352 1352 377 377 377 1353 1353 1353 396 396 396 1353 1353 1353 377 377 377 1353 1353 1353 396 396 396 1354 1354 1354 396 396 396 398 398 398 1354 1354 1354 1354 1354 1354 398 398 398 1333 1333 1333 386 386 386 1333 1333 1333 398 398 398 1333 1333 1333 386 386 386 1334 1334 1334 401 401 401 1334 1334 1334 386 386 386 1334 1334 1334 401 401 401 1335 1335 1335 400 400 400 1335 1335 1335 401 401 401 1335 1335 1335 400 400 400 1336 1336 1336 399 399 399 1336 1336 1336 400 400 400 1336 1336 1336 399 399 399 1337 1337 1337 399 399 399 342 342 342 1337 1337 1337 1337 1337 1337 342 342 342 1338 1338 1338 334 334 334 1338 1338 1338 342 342 342 1338 1338 1338 334 334 334 1339 1339 1339 334 334 334 336 336 336 1339 1339 1339 338 338 338 1339 1339 1339 336 336 336 1339 1339 1339 338 338 338 1340 1340 1340 1340 1340 1340 338 338 338 1341 1341 1341 372 372 372 1341 1341 1341 338 338 338 1341 1341 1341 372 372 372 1342 1342 1342 371 371 371 1342 1342 1342 372 372 372 1342 1342 1342 371 371 371 1343 1343 1343 370 370 370 1343 1343 1343 371 371 371 1343 1343 1343 370 370 370 1355 1355 1355 369 369 369 1355 1355 1355 370 370 370 1355 1355 1355 369 369 369 351 351 351 379 379 379 225 225 225 1362 1362 1362 1363 1363 1363 1362 1362 1362 225 225 225 1362 1362 1362 1363 1363 1363 1364 1364 1364 1008 1008 1008 1364 1364 1364 1363 1363 1363 1365 1365 1365 1014 1014 1014 1363 1363 1363 1363 1363 1363 1014 1014 1014 1008 1008 1008 170 170 170 157 157 157 1006 1006 1006 1364 1364 1364 1006 1006 1006 157 157 157 1006 1006 1006 1364 1364 1364 1004 1004 1004 1008 1008 1008 1004 1004 1004 1364 1364 1364 93 93 93 160 160 160 1366 1366 1366 1027 1027 1027 1366 1366 1366 160 160 160 1366 1366 1366 1027 1027 1027 1026 1026 1026 1026 1026 1026 1367 1367 1367 1366 1366 1366 1366 1366 1366 1367 1367 1367 1363 1363 1363 1020 1020 1020 1363 1363 1363 1367 1367 1367 1363 1363 1363 1020 1020 1020 1365 1365 1365 1163 1163 1163 1368 1368 1368 1369 1369 1369 1369 1369 1369 1368 1368 1368 1370 1370 1370 1148 1148 1148 1371 1371 1371 1150 1150 1150 1371 1371 1371 1148 1148 1148 95 95 95 1147 1147 1147 95 95 95 1148 1148 1148 1153 1153 1153 1369 1369 1369 1370 1370 1370 1369 1369 1369 1153 1153 1153 1371 1371 1371 1371 1371 1371 1153 1153 1153 1150 1150 1150 251 251 251 250 250 250 1369 1369 1369 1372 1372 1372 1369 1369 1369 250 250 250 1369 1369 1369 1372 1372 1372 1163 1163 1163 1147 1147 1147 1146 1146 1146 95 95 95 1144 1144 1144 95 95 95 1146 1146 1146 95 95 95 1144 1144 1144 1142 1142 1142 1142 1142 1142 1140 1140 1140 95 95 95 1138 1138 1138 95 95 95 1140 1140 1140 95 95 95 1138 1138 1138 138 138 138 1138 1138 1138 1136 1136 1136 138 138 138 1135 1135 1135 138 138 138 1136 1136 1136 138 138 138 1135 1135 1135 1134 1134 1134 1134 1134 1134 1133 1133 1133 138 138 138 1132 1132 1132 138 138 138 1133 1133 1133 138 138 138 1132 1132 1132 1373 1373 1373 1132 1132 1132 1164 1164 1164 1373 1373 1373 1373 1373 1373 1164 1164 1164 1372 1372 1372 1163 1163 1163 1372 1372 1372 1164 1164 1164 251 251 251 1369 1369 1369 225 225 225 1363 1363 1363 225 225 225 1369 1369 1369 1372 1372 1372 250 250 250 1362 1362 1362 379 379 379 1362 1362 1362 250 250 250 1027 1027 1027 1374 1374 1374 1025 1025 1025 1374 1374 1374 1027 1027 1027 81 81 81 160 160 160 81 81 81 1027 1027 1027 168 168 168 170 170 170 1203 1203 1203 1006 1006 1006 1203 1203 1203 170 170 170 1203 1203 1203 1006 1006 1006 1005 1005 1005 1057 1057 1057 1375 1375 1375 1055 1055 1055 1375 1375 1375 1057 1057 1057 2 2 2 3 3 3 2 2 2 1057 1057 1057 74 74 74 76 76 76 1205 1205 1205 1036 1036 1036 1205 1205 1205 76 76 76 1205 1205 1205 1036 1036 1036 1035 1035 1035 961 961 961 1376 1376 1376 959 959 959 1376 1376 1376 961 961 961 21 21 21 64 64 64 21 21 21 961 961 961 102 102 102 104 104 104 1219 1219 1219 940 940 940 1219 1219 1219 104 104 104 1219 1219 1219 940 940 940 939 939 939 1081 1081 1081 1377 1377 1377 1079 1079 1079 1377 1377 1377 1081 1081 1081 39 39 39 118 118 118 39 39 39 1081 1081 1081 69 69 69 71 71 71 1378 1378 1378 1060 1060 1060 1378 1378 1378 71 71 71 1378 1378 1378 1060 1060 1060 1059 1059 1059 237 237 237 234 234 234 1379 1379 1379 1380 1380 1380 1379 1379 1379 234 234 234 1379 1379 1379 1380 1380 1380 1381 1381 1381 1038 1038 1038 1381 1381 1381 1380 1380 1380 1382 1382 1382 1044 1044 1044 1380 1380 1380 1380 1380 1380 1044 1044 1044 1038 1038 1038 76 76 76 42 42 42 1036 1036 1036 1381 1381 1381 1036 1036 1036 42 42 42 1036 1036 1036 1381 1381 1381 1034 1034 1034 1038 1038 1038 1034 1034 1034 1381 1381 1381 4 4 4 3 3 3 1383 1383 1383 1057 1057 1057 1383 1383 1383 3 3 3 1383 1383 1383 1057 1057 1057 1056 1056 1056 1056 1056 1056 1384 1384 1384 1383 1383 1383 1383 1383 1383 1384 1384 1384 1380 1380 1380 1050 1050 1050 1380 1380 1380 1384 1384 1384 1380 1380 1380 1050 1050 1050 1382 1382 1382 1385 1385 1385 1386 1386 1386 1387 1387 1387 1387 1387 1387 1386 1386 1386 1388 1388 1388 1113 1113 1113 1389 1389 1389 1115 1115 1115 1389 1389 1389 1113 1113 1113 11 11 11 1118 1118 1118 1387 1387 1387 1388 1388 1388 1387 1387 1387 1118 1118 1118 1389 1389 1389 1389 1389 1389 1118 1118 1118 1115 1115 1115 233 233 233 235 235 235 1387 1387 1387 1390 1390 1390 1387 1387 1387 235 235 235 1387 1387 1387 1390 1390 1390 1385 1385 1385 1113 1113 1113 1112 1112 1112 11 11 11 1111 1111 1111 11 11 11 1112 1112 1112 11 11 11 1111 1111 1111 1109 1109 1109 1104 1104 1104 1103 1103 1103 31 31 31 1102 1102 1102 31 31 31 1103 1103 1103 1102 1102 1102 1100 1100 1100 31 31 31 1098 1098 1098 31 31 31 1100 1100 1100 31 31 31 1098 1098 1098 1391 1391 1391 1109 1109 1109 1107 1107 1107 11 11 11 1106 1106 1106 11 11 11 1107 1107 1107 11 11 11 1106 1106 1106 31 31 31 1105 1105 1105 31 31 31 1106 1106 1106 31 31 31 1105 1105 1105 1104 1104 1104 1098 1098 1098 1128 1128 1128 1391 1391 1391 1391 1391 1391 1128 1128 1128 1390 1390 1390 1385 1385 1385 1390 1390 1390 1128 1128 1128 233 233 233 1387 1387 1387 234 234 234 1380 1380 1380 234 234 234 1387 1387 1387 1390 1390 1390 235 235 235 1379 1379 1379 1379 1379 1379 235 235 235 237 237 237 242 242 242 339 339 339 1392 1392 1392 1393 1393 1393 1392 1392 1392 339 339 339 1392 1392 1392 1393 1393 1393 1394 1394 1394 942 942 942 1394 1394 1394 1393 1393 1393 1395 1395 1395 948 948 948 1393 1393 1393 1393 1393 1393 948 948 948 942 942 942 104 104 104 68 68 68 940 940 940 1394 1394 1394 940 940 940 68 68 68 940 940 940 1394 1394 1394 938 938 938 942 942 942 938 938 938 1394 1394 1394 26 26 26 64 64 64 1396 1396 1396 961 961 961 1396 1396 1396 64 64 64 1396 1396 1396 961 961 961 960 960 960 960 960 960 1397 1397 1397 1396 1396 1396 1396 1396 1396 1397 1397 1397 1393 1393 1393 954 954 954 1393 1393 1393 1397 1397 1397 1393 1393 1393 954 954 954 1395 1395 1395 1001 1001 1001 1398 1398 1398 1399 1399 1399 1399 1399 1399 1398 1398 1398 1400 1400 1400 986 986 986 1401 1401 1401 988 988 988 1401 1401 1401 986 986 986 28 28 28 985 985 985 28 28 28 986 986 986 991 991 991 1399 1399 1399 1400 1400 1400 1399 1399 1399 991 991 991 1401 1401 1401 1401 1401 1401 991 991 991 988 988 988 240 240 240 241 241 241 1399 1399 1399 1402 1402 1402 1399 1399 1399 241 241 241 1399 1399 1399 1402 1402 1402 1001 1001 1001 985 985 985 984 984 984 28 28 28 982 982 982 28 28 28 984 984 984 28 28 28 982 982 982 980 980 980 980 980 980 978 978 978 28 28 28 976 976 976 28 28 28 978 978 978 28 28 28 976 976 976 61 61 61 976 976 976 974 974 974 61 61 61 973 973 973 61 61 61 974 974 974 61 61 61 973 973 973 972 972 972 972 972 972 971 971 971 61 61 61 970 970 970 61 61 61 971 971 971 61 61 61 970 970 970 1403 1403 1403 970 970 970 1002 1002 1002 1403 1403 1403 1403 1403 1403 1002 1002 1002 1402 1402 1402 1001 1001 1001 1402 1402 1402 1002 1002 1002 1393 1393 1393 240 240 240 1399 1399 1399 240 240 240 1393 1393 1393 339 339 339 1402 1402 1402 241 241 241 1392 1392 1392 1392 1392 1392 241 241 241 242 242 242 244 244 244 355 355 355 1404 1404 1404 1405 1405 1405 1404 1404 1404 355 355 355 1404 1404 1404 1405 1405 1405 1406 1406 1406 1062 1062 1062 1406 1406 1406 1405 1405 1405 1407 1407 1407 1068 1068 1068 1405 1405 1405 1405 1405 1405 1068 1068 1068 1062 1062 1062 71 71 71 73 73 73 1060 1060 1060 1406 1406 1406 1060 1060 1060 73 73 73 1060 1060 1060 1406 1406 1406 1058 1058 1058 1062 1062 1062 1058 1058 1058 1406 1406 1406 44 44 44 118 118 118 1408 1408 1408 1081 1081 1081 1408 1408 1408 118 118 118 1408 1408 1408 1081 1081 1081 1080 1080 1080 1080 1080 1080 1409 1409 1409 1408 1408 1408 1408 1408 1408 1409 1409 1409 1405 1405 1405 1074 1074 1074 1405 1405 1405 1409 1409 1409 1405 1405 1405 1074 1074 1074 1407 1407 1407 1198 1198 1198 1410 1410 1410 1411 1411 1411 1411 1411 1411 1410 1410 1410 1412 1412 1412 1184 1184 1184 1413 1413 1413 1186 1186 1186 1413 1413 1413 1184 1184 1184 46 46 46 1183 1183 1183 46 46 46 1184 1184 1184 1188 1188 1188 1411 1411 1411 1412 1412 1412 1411 1411 1411 1188 1188 1188 1413 1413 1413 1413 1413 1413 1188 1188 1188 1186 1186 1186 412 412 412 245 245 245 1411 1411 1411 1414 1414 1414 1411 1411 1411 245 245 245 1411 1411 1411 1414 1414 1414 1198 1198 1198 1183 1183 1183 1182 1182 1182 46 46 46 1180 1180 1180 46 46 46 1182 1182 1182 46 46 46 1180 1180 1180 1178 1178 1178 1178 1178 1178 1177 1177 1177 46 46 46 1176 1176 1176 46 46 46 1177 1177 1177 46 46 46 1176 1176 1176 129 129 129 1176 1176 1176 1175 1175 1175 129 129 129 1174 1174 1174 129 129 129 1175 1175 1175 129 129 129 1174 1174 1174 1173 1173 1173 1173 1173 1173 1171 1171 1171 129 129 129 1169 1169 1169 129 129 129 1171 1171 1171 129 129 129 1169 1169 1169 1415 1415 1415 1169 1169 1169 1199 1199 1199 1415 1415 1415 1415 1415 1415 1199 1199 1199 1414 1414 1414 1198 1198 1198 1414 1414 1414 1199 1199 1199 1405 1405 1405 412 412 412 1411 1411 1411 412 412 412 1405 1405 1405 355 355 355 1414 1414 1414 245 245 245 1404 1404 1404 244 244 244 1404 1404 1404 245 245 245 1416 1416 1416 1417 1417 1417 1418 1418 1418 1418 1418 1418 1417 1417 1417 1419 1419 1419 1420 1420 1420 1419 1419 1419 1417 1417 1417 775 775 775 1421 1421 1421 1422 1422 1422 1422 1422 1422 1421 1421 1421 1418 1418 1418 1416 1416 1416 1418 1418 1418 1421 1421 1421 1423 1423 1423 762 762 762 1424 1424 1424 1425 1425 1425 1424 1424 1424 762 762 762 1424 1424 1424 1425 1425 1425 1426 1426 1426 1426 1426 1426 1425 1425 1425 1427 1427 1427 1420 1420 1420 1428 1428 1428 1419 1419 1419 1419 1419 1419 1428 1428 1428 1429 1429 1429 1430 1430 1430 1429 1429 1429 1428 1428 1428 1430 1430 1430 1431 1431 1431 1429 1429 1429 1429 1429 1429 1431 1431 1431 1424 1424 1424 1423 1423 1423 1424 1424 1424 1431 1431 1431 1432 1432 1432 1426 1426 1426 1427 1427 1427 1426 1426 1426 1432 1432 1432 1422 1422 1422 1422 1422 1422 1432 1432 1432 775 775 775 1422 1422 1422 600 600 600 97 97 97 600 600 600 1422 1422 1422 602 602 602 1418 1418 1418 602 602 602 1422 1422 1422 602 602 602 1418 1418 1418 1433 1433 1433 1434 1434 1434 1435 1435 1435 1436 1436 1436 1437 1437 1437 1436 1436 1436 1435 1435 1435 1436 1436 1436 1437 1437 1437 1438 1438 1438 1438 1438 1438 1437 1437 1437 1439 1439 1439 1440 1440 1440 1441 1441 1441 1442 1442 1442 1442 1442 1442 1441 1441 1441 1443 1443 1443 661 661 661 1443 1443 1443 1441 1441 1441 1443 1443 1443 661 661 661 1444 1444 1444 666 666 666 1443 1443 1443 1444 1444 1444 1443 1443 1443 666 666 666 1436 1436 1436 1434 1434 1434 1436 1436 1436 666 666 666 679 679 679 1438 1438 1438 1439 1439 1439 1438 1438 1438 679 679 679 1445 1445 1445 1446 1446 1446 1445 1445 1445 679 679 679 647 647 647 1447 1447 1447 1448 1448 1448 1448 1448 1448 1447 1447 1447 1442 1442 1442 1440 1440 1440 1442 1442 1442 1447 1447 1447 1446 1446 1446 643 643 643 1445 1445 1445 645 645 645 1445 1445 1445 643 643 643 1445 1445 1445 645 645 645 1448 1448 1448 1448 1448 1448 645 645 645 647 647 647 78 78 78 77 77 77 1449 1449 1449 1443 1443 1443 1449 1449 1449 77 77 77 1449 1449 1449 1443 1443 1443 1450 1450 1450 1436 1436 1436 1450 1450 1450 1443 1443 1443 1451 1451 1451 1438 1438 1438 1452 1452 1452 1445 1445 1445 1452 1452 1452 1438 1438 1438 1452 1452 1452 1445 1445 1445 65 65 65 19 19 19 65 65 65 1445 1445 1445 20 20 20 19 19 19 1225 1225 1225 1445 1445 1445 1225 1225 1225 19 19 19 1225 1225 1225 1445 1445 1445 1224 1224 1224 1448 1448 1448 1224 1224 1224 1445 1445 1445 77 77 77 75 75 75 1204 1204 1204 1206 1206 1206 1442 1442 1442 1204 1204 1204 1443 1443 1443 1204 1204 1204 1442 1442 1442 1204 1204 1204 1443 1443 1443 77 77 77 1453 1453 1453 1454 1454 1454 1455 1455 1455 1456 1456 1456 1457 1457 1457 1458 1458 1458 1459 1459 1459 1458 1458 1458 1457 1457 1457 1460 1460 1460 711 711 711 1461 1461 1461 1462 1462 1462 1461 1461 1461 711 711 711 1461 1461 1461 1462 1462 1462 1463 1463 1463 1463 1463 1463 1462 1462 1462 1464 1464 1464 1465 1465 1465 1463 1463 1463 1464 1464 1464 1463 1463 1463 1465 1465 1465 1459 1459 1459 1459 1459 1459 1465 1465 1465 1458 1458 1458 705 705 705 1455 1455 1455 1454 1454 1454 1455 1455 1455 705 705 705 1461 1461 1461 1460 1460 1460 1461 1461 1461 705 705 705 1456 1456 1456 1466 1466 1466 1457 1457 1457 1457 1457 1457 1466 1466 1466 1467 1467 1467 1468 1468 1468 1467 1467 1467 1466 1466 1466 1468 1468 1468 1469 1469 1469 1467 1467 1467 1467 1467 1467 1469 1469 1469 1455 1455 1455 1453 1453 1453 1455 1455 1455 1469 1469 1469 172 172 172 171 171 171 1470 1470 1470 1455 1455 1455 1470 1470 1470 171 171 171 1470 1470 1470 1455 1455 1455 1471 1471 1471 1461 1461 1461 1471 1471 1471 1455 1455 1455 1472 1472 1472 1463 1463 1463 1473 1473 1473 1459 1459 1459 1473 1473 1473 1463 1463 1463 1473 1473 1473 1459 1459 1459 5 5 5 0 0 0 5 5 5 1459 1459 1459 1 1 1 0 0 0 1208 1208 1208 1459 1459 1459 1208 1208 1208 0 0 0 1208 1208 1208 1459 1459 1459 1207 1207 1207 1457 1457 1457 1207 1207 1207 1459 1459 1459 171 171 171 169 169 169 1202 1202 1202 1201 1201 1201 1467 1467 1467 1202 1202 1202 1455 1455 1455 1202 1202 1202 1467 1467 1467 1202 1202 1202 1455 1455 1455 171 171 171 1474 1474 1474 1475 1475 1475 618 618 618 1475 1475 1475 1474 1474 1474 1476 1476 1476 1476 1476 1476 1474 1474 1474 1477 1477 1477 627 627 627 1476 1476 1476 1477 1477 1477 1476 1476 1476 627 627 627 1478 1478 1478 1479 1479 1479 1478 1478 1478 627 627 627 1480 1480 1480 1481 1481 1481 1482 1482 1482 1482 1482 1482 1481 1481 1481 1475 1475 1475 616 616 616 1475 1475 1475 1481 1481 1481 1475 1475 1475 616 616 616 618 618 618 1479 1479 1479 633 633 633 1478 1478 1478 1483 1483 1483 1478 1478 1478 633 633 633 1478 1478 1478 1483 1483 1483 1484 1484 1484 1484 1484 1484 1483 1483 1483 639 639 639 607 607 607 1485 1485 1485 1486 1486 1486 1486 1486 1486 1485 1485 1485 1482 1482 1482 1480 1480 1480 1482 1482 1482 1485 1485 1485 639 639 639 1487 1487 1487 1484 1484 1484 1484 1484 1484 1487 1487 1487 1486 1486 1486 607 607 607 1486 1486 1486 1487 1487 1487 164 164 164 72 72 72 1488 1488 1488 1486 1486 1486 1488 1488 1488 72 72 72 1488 1488 1488 1486 1486 1486 1489 1489 1489 1482 1482 1482 1489 1489 1489 1486 1486 1486 1490 1490 1490 1475 1475 1475 1491 1491 1491 1476 1476 1476 1491 1491 1491 1475 1475 1475 1491 1491 1491 1476 1476 1476 161 161 161 79 79 79 161 161 161 1476 1476 1476 80 80 80 79 79 79 1217 1217 1217 1476 1476 1476 1217 1217 1217 79 79 79 1217 1217 1217 1476 1476 1476 1214 1214 1214 1478 1478 1478 1214 1214 1214 1476 1476 1476 72 72 72 70 70 70 1230 1230 1230 1211 1211 1211 1484 1484 1484 1230 1230 1230 1486 1486 1486 1230 1230 1230 1484 1484 1484 1230 1230 1230 1486 1486 1486 72 72 72 1492 1492 1492 740 740 740 1493 1493 1493 1494 1494 1494 733 733 733 1495 1495 1495 1495 1495 1495 733 733 733 1496 1496 1496 1497 1497 1497 1496 1496 1496 733 733 733 1498 1498 1498 1499 1499 1499 1500 1500 1500 1501 1501 1501 1500 1500 1500 1499 1499 1499 1498 1498 1498 1502 1502 1502 1499 1499 1499 1499 1499 1499 1502 1502 1502 1503 1503 1503 1504 1504 1504 1503 1503 1503 1502 1502 1502 1504 1504 1504 1505 1505 1505 1503 1503 1503 1503 1503 1503 1505 1505 1505 1495 1495 1495 1494 1494 1494 1495 1495 1495 1505 1505 1505 1506 1506 1506 1492 1492 1492 1493 1493 1493 1492 1492 1492 1506 1506 1506 1501 1501 1501 1501 1501 1501 1506 1506 1506 1500 1500 1500 1497 1497 1497 1507 1507 1507 1496 1496 1496 1496 1496 1496 1507 1507 1507 1492 1492 1492 740 740 740 1492 1492 1492 1507 1507 1507 106 106 106 105 105 105 1508 1508 1508 1499 1499 1499 1508 1508 1508 105 105 105 1508 1508 1508 1499 1499 1499 1509 1509 1509 1503 1503 1503 1509 1509 1509 1499 1499 1499 1510 1510 1510 1495 1495 1495 1511 1511 1511 1496 1496 1496 1511 1511 1511 1495 1495 1495 1511 1511 1511 1496 1496 1496 1512 1512 1512 37 37 37 1512 1512 1512 1496 1496 1496 38 38 38 37 37 37 1229 1229 1229 1496 1496 1496 1229 1229 1229 37 37 37 1229 1229 1229 1496 1496 1496 1227 1227 1227 1492 1492 1492 1227 1227 1227 1496 1496 1496 105 105 105 103 103 103 1218 1218 1218 1220 1220 1220 1501 1501 1501 1218 1218 1218 1499 1499 1499 1218 1218 1218 1501 1501 1501 1218 1218 1218 1499 1499 1499 105 105 105 238 238 238 1003 1003 1003 212 212 212 213 213 213 212 212 212 1003 1003 1003 1513 1513 1513 239 239 239 987 987 987 996 996 996 1514 1514 1514 238 238 238 1515 1515 1515 238 238 238 1514 1514 1514 1513 1513 1513 1516 1516 1516 239 239 239 1517 1517 1517 239 239 239 1516 1516 1516 239 239 239 1517 1517 1517 238 238 238 994 994 994 238 238 238 1517 1517 1517 238 238 238 994 994 994 996 996 996 1518 1518 1518 238 238 238 1515 1515 1515 968 968 968 239 239 239 217 217 217 215 215 215 217 217 217 239 239 239 1519 1519 1519 1520 1520 1520 1521 1521 1521 1519 1519 1519 1521 1521 1521 1522 1522 1522 1523 1523 1523 1522 1522 1522 1521 1521 1521 1522 1522 1522 1523 1523 1523 1524 1524 1524 1525 1525 1525 1524 1524 1524 1523 1523 1523 1524 1524 1524 1525 1525 1525 1526 1526 1526 1527 1527 1527 1526 1526 1526 1525 1525 1525 1526 1526 1526 1527 1527 1527 1528 1528 1528 1529 1529 1529 1528 1528 1528 1527 1527 1527 1528 1528 1528 1529 1529 1529 1530 1530 1530 36 36 36 34 34 34 603 603 603 1531 1531 1531 603 603 603 34 34 34 603 603 603 1531 1531 1531 604 604 604 1532 1532 1532 604 604 604 1531 1531 1531 1533 1533 1533 1534 1534 1534 601 601 601 1535 1535 1535 601 601 601 1534 1534 1534 601 601 601 1535 1535 1535 98 98 98 96 96 96 98 98 98 1535 1535 1535 1532 1532 1532 1531 1531 1531 1522 1522 1522 1536 1536 1536 1528 1528 1528 1535 1535 1535 1530 1530 1530 1535 1535 1535 1528 1528 1528 1522 1522 1522 1531 1531 1531 1537 1537 1537 1526 1526 1526 1536 1536 1536 1524 1524 1524 1536 1536 1536 1526 1526 1526 1528 1528 1528 1538 1538 1538 1524 1524 1524 1536 1536 1536 1524 1524 1524 1532 1532 1532 1522 1522 1522 1532 1532 1532 1524 1524 1524 1538 1538 1538 1530 1530 1530 1539 1539 1539 1535 1535 1535 1540 1540 1540 1541 1541 1541 1542 1542 1542 1543 1543 1543 1542 1542 1542 1541 1541 1541 1542 1542 1542 1543 1543 1543 1544 1544 1544 40 40 40 1544 1544 1544 1543 1543 1543 1545 1545 1545 1546 1546 1546 1547 1547 1547 1548 1548 1548 1549 1549 1549 1547 1547 1547 1550 1550 1550 1547 1547 1547 1549 1549 1549 1547 1547 1547 1550 1550 1550 1545 1545 1545 133 133 133 132 132 132 596 596 596 1551 1551 1551 596 596 596 132 132 132 596 596 596 1551 1551 1551 597 597 597 1552 1552 1552 597 597 597 1551 1551 1551 1553 1553 1553 1554 1554 1554 595 595 595 1555 1555 1555 595 595 595 1554 1554 1554 595 595 595 1555 1555 1555 167 167 167 1556 1556 1556 167 167 167 1555 1555 1555 1557 1557 1557 1558 1558 1558 1559 1559 1559 1560 1560 1560 1559 1559 1559 1558 1558 1558 1559 1559 1559 1560 1560 1560 1561 1561 1561 134 134 134 1561 1561 1561 1560 1560 1560 1562 1562 1562 1563 1563 1563 1564 1564 1564 1565 1565 1565 1566 1566 1566 1564 1564 1564 1567 1567 1567 1564 1564 1564 1566 1566 1566 1564 1564 1564 1567 1567 1567 1562 1562 1562 1552 1552 1552 1551 1551 1551 1568 1568 1568 1569 1569 1569 1570 1570 1570 1555 1555 1555 1571 1571 1571 1555 1555 1555 1570 1570 1570 1568 1568 1568 1551 1551 1551 1572 1572 1572 1573 1573 1573 1569 1569 1569 1574 1574 1574 1569 1569 1569 1573 1573 1573 1570 1570 1570 1575 1575 1575 1574 1574 1574 1569 1569 1569 1574 1574 1574 1552 1552 1552 1568 1568 1568 1552 1552 1552 1574 1574 1574 1575 1575 1575 1571 1571 1571 1576 1576 1576 1555 1555 1555 1577 1577 1577 1578 1578 1578 519 519 519 1579 1579 1579 519 519 519 1578 1578 1578 519 519 519 1579 1579 1579 114 114 114 1580 1580 1580 114 114 114 1579 1579 1579 1581 1581 1581 1582 1582 1582 1583 1583 1583 1581 1581 1581 1583 1583 1583 1584 1584 1584 1585 1585 1585 1584 1584 1584 1583 1583 1583 1584 1584 1584 1585 1585 1585 1586 1586 1586 1587 1587 1587 1586 1586 1586 1585 1585 1585 1586 1586 1586 1587 1587 1587 1588 1588 1588 1589 1589 1589 1588 1588 1588 1587 1587 1587 1588 1588 1588 1589 1589 1589 1590 1590 1590 1591 1591 1591 1590 1590 1590 1589 1589 1589 1590 1590 1590 1591 1591 1591 1592 1592 1592 91 91 91 90 90 90 521 521 521 1593 1593 1593 521 521 521 90 90 90 521 521 521 1593 1593 1593 522 522 522 1594 1594 1594 522 522 522 1593 1593 1593 1595 1595 1595 1596 1596 1596 1597 1597 1597 1598 1598 1598 1597 1597 1597 1596 1596 1596 1597 1597 1597 1598 1598 1598 1599 1599 1599 66 66 66 1599 1599 1599 1598 1598 1598 1600 1600 1600 1601 1601 1601 1602 1602 1602 1603 1603 1603 1604 1604 1604 1602 1602 1602 1605 1605 1605 1602 1602 1602 1604 1604 1604 1602 1602 1602 1605 1605 1605 1600 1600 1600 1594 1594 1594 1586 1586 1586 1606 1606 1606 1606 1606 1606 1586 1586 1586 1607 1607 1607 1584 1584 1584 1593 1593 1593 1608 1608 1608 1593 1593 1593 1584 1584 1584 1594 1594 1594 1594 1594 1594 1584 1584 1584 1586 1586 1586 1586 1586 1586 1588 1588 1588 1607 1607 1607 1590 1590 1590 1607 1607 1607 1588 1588 1588 1607 1607 1607 1590 1590 1590 1579 1579 1579 1592 1592 1592 1579 1579 1579 1590 1590 1590 1579 1579 1579 1592 1592 1592 1609 1609 1609 1610 1610 1610 1611 1611 1611 590 590 590 1612 1612 1612 590 590 590 1611 1611 1611 590 590 590 1612 1612 1612 7 7 7 9 9 9 7 7 7 1612 1612 1612 1613 1613 1613 1614 1614 1614 1615 1615 1615 1613 1613 1613 1615 1615 1615 1616 1616 1616 1617 1617 1617 1616 1616 1616 1615 1615 1615 1616 1616 1616 1617 1617 1617 1618 1618 1618 1619 1619 1619 1618 1618 1618 1617 1617 1617 1618 1618 1618 1619 1619 1619 1620 1620 1620 1621 1621 1621 1620 1620 1620 1619 1619 1619 1620 1620 1620 1621 1621 1621 1622 1622 1622 1623 1623 1623 1622 1622 1622 1621 1621 1621 1622 1622 1622 1623 1623 1623 1624 1624 1624 163 163 163 162 162 162 591 591 591 1625 1625 1625 591 591 591 162 162 162 591 591 591 1625 1625 1625 592 592 592 1626 1626 1626 592 592 592 1625 1625 1625 1627 1627 1627 1628 1628 1628 1629 1629 1629 1630 1630 1630 1629 1629 1629 1628 1628 1628 1629 1629 1629 1630 1630 1630 1631 1631 1631 155 155 155 1631 1631 1631 1630 1630 1630 1632 1632 1632 1633 1633 1633 1634 1634 1634 1635 1635 1635 14 14 14 1634 1634 1634 1636 1636 1636 1634 1634 1634 14 14 14 1634 1634 1634 1636 1636 1636 1632 1632 1632 1625 1625 1625 1616 1616 1616 1626 1626 1626 1626 1626 1626 1616 1616 1616 1618 1618 1618 1637 1637 1637 1638 1638 1638 1618 1618 1618 1637 1637 1637 1622 1622 1622 1612 1612 1612 1622 1622 1622 1637 1637 1637 1620 1620 1620 1618 1618 1618 1638 1638 1638 1626 1626 1626 1625 1625 1625 1639 1639 1639 1616 1616 1616 1620 1620 1620 1637 1637 1637 1618 1618 1618 1622 1622 1622 1640 1640 1640 1612 1612 1612 1641 1641 1641 1642 1642 1642 1643 1643 1643 1641 1641 1641 1643 1643 1643 1568 1568 1568 1644 1644 1644 1568 1568 1568 1643 1643 1643 1568 1568 1568 1644 1644 1644 1574 1574 1574 1645 1645 1645 1574 1574 1574 1644 1644 1644 1574 1574 1574 1645 1645 1645 1573 1573 1573 1646 1646 1646 1573 1573 1573 1645 1645 1645 1573 1573 1573 1646 1646 1646 1570 1570 1570 1647 1647 1647 1570 1570 1570 1646 1646 1646 1570 1570 1570 1647 1647 1647 1571 1571 1571 1627 1627 1627 1629 1629 1629 1613 1613 1613 1614 1614 1614 1613 1613 1613 1629 1629 1629 1648 1648 1648 1630 1630 1630 1628 1628 1628 1630 1630 1630 1648 1648 1648 136 136 136 1625 1625 1625 136 136 136 1648 1648 1648 136 136 136 1625 1625 1625 162 162 162 588 588 588 1611 1611 1611 1610 1610 1610 1611 1611 1611 588 588 588 1649 1649 1649 592 592 592 1649 1649 1649 588 588 588 1649 1649 1649 592 592 592 1626 1626 1626 1624 1624 1624 1623 1623 1623 1633 1633 1633 1634 1634 1634 1633 1633 1633 1623 1623 1623 1650 1650 1650 9 9 9 1612 1612 1612 9 9 9 1650 1650 1650 12 12 12 1632 1632 1632 12 12 12 1650 1650 1650 12 12 12 1632 1632 1632 1636 1636 1636 593 593 593 1554 1554 1554 1553 1553 1553 1554 1554 1554 593 593 593 1651 1651 1651 597 597 597 1651 1651 1651 593 593 593 1651 1651 1651 597 597 597 1552 1552 1552 1652 1652 1652 1556 1556 1556 1555 1555 1555 1556 1556 1556 1652 1652 1652 1653 1653 1653 1562 1562 1562 1653 1653 1653 1652 1652 1652 1653 1653 1653 1562 1562 1562 1567 1567 1567 1571 1571 1571 1647 1647 1647 1563 1563 1563 1564 1564 1564 1563 1563 1563 1647 1647 1647 1654 1654 1654 1560 1560 1560 1558 1558 1558 1560 1560 1560 1654 1654 1654 127 127 127 1551 1551 1551 127 127 127 1654 1654 1654 127 127 127 1551 1551 1551 132 132 132 1642 1642 1642 1557 1557 1557 1559 1559 1559 1557 1557 1557 1642 1642 1642 1641 1641 1641 1592 1592 1592 1591 1591 1591 1601 1601 1601 1602 1602 1602 1601 1601 1601 1591 1591 1591 1655 1655 1655 1580 1580 1580 1579 1579 1579 1580 1580 1580 1655 1655 1655 1656 1656 1656 1600 1600 1600 1656 1656 1656 1655 1655 1655 1656 1656 1656 1600 1600 1600 1605 1605 1605 1578 1578 1578 1577 1577 1577 1657 1657 1657 1658 1658 1658 1657 1657 1657 1577 1577 1577 1657 1657 1657 1658 1658 1658 1594 1594 1594 522 522 522 1594 1594 1594 1658 1658 1658 1595 1595 1595 1597 1597 1597 1581 1581 1581 1582 1582 1582 1581 1581 1581 1597 1597 1597 1598 1598 1598 1596 1596 1596 59 59 59 1659 1659 1659 59 59 59 1596 1596 1596 59 59 59 1659 1659 1659 90 90 90 1593 1593 1593 90 90 90 1659 1659 1659 1530 1530 1530 1529 1529 1529 1546 1546 1546 1547 1547 1547 1546 1546 1546 1529 1529 1529 1540 1540 1540 1542 1542 1542 1519 1519 1519 1520 1520 1520 1519 1519 1519 1542 1542 1542 1660 1660 1660 1543 1543 1543 1541 1541 1541 1543 1543 1543 1660 1660 1660 29 29 29 1531 1531 1531 29 29 29 1660 1660 1660 29 29 29 1531 1531 1531 34 34 34 1534 1534 1534 1533 1533 1533 1661 1661 1661 598 598 598 1661 1661 1661 1533 1533 1533 1661 1661 1661 598 598 598 1532 1532 1532 604 604 604 1532 1532 1532 598 598 598 96 96 96 1535 1535 1535 1662 1662 1662 1663 1663 1663 1662 1662 1662 1535 1535 1535 1662 1662 1662 1663 1663 1663 1550 1550 1550 1545 1545 1545 1550 1550 1550 1663 1663 1663 1451 1451 1451 1525 1525 1525 1450 1450 1450 1523 1523 1523 1450 1450 1450 1525 1525 1525 1450 1450 1450 1523 1523 1523 1521 1521 1521 1521 1521 1521 1520 1520 1520 1450 1450 1450 1664 1664 1664 1665 1665 1665 1451 1451 1451 1527 1527 1527 1451 1451 1451 1665 1665 1665 1451 1451 1451 1527 1527 1527 1525 1525 1525 1450 1450 1450 1520 1520 1520 1666 1666 1666 1583 1583 1583 1667 1667 1667 1509 1509 1509 1509 1509 1509 1667 1667 1667 1668 1668 1668 1510 1510 1510 1587 1587 1587 1509 1509 1509 1585 1585 1585 1509 1509 1509 1587 1587 1587 1509 1509 1509 1585 1585 1585 1583 1583 1583 1669 1669 1669 1670 1670 1670 1510 1510 1510 1589 1589 1589 1510 1510 1510 1670 1670 1670 1510 1510 1510 1589 1589 1589 1587 1587 1587 1490 1490 1490 1645 1645 1645 1489 1489 1489 1644 1644 1644 1489 1489 1489 1645 1645 1645 1489 1489 1489 1644 1644 1644 1643 1643 1643 1643 1643 1643 1642 1642 1642 1489 1489 1489 1671 1671 1671 1672 1672 1672 1490 1490 1490 1646 1646 1646 1490 1490 1490 1672 1672 1672 1490 1490 1490 1646 1646 1646 1645 1645 1645 1489 1489 1489 1642 1642 1642 1673 1673 1673 1472 1472 1472 1619 1619 1619 1471 1471 1471 1617 1617 1617 1471 1471 1471 1619 1619 1619 1471 1471 1471 1617 1617 1617 1615 1615 1615 1615 1615 1615 1674 1674 1674 1471 1471 1471 1471 1471 1471 1674 1674 1674 1675 1675 1675 1676 1676 1676 1677 1677 1677 1472 1472 1472 1621 1621 1621 1472 1472 1472 1677 1677 1677 1472 1472 1472 1621 1621 1621 1619 1619 1619 1631 1631 1631 155 155 155 1675 1675 1675 172 172 172 1675 1675 1675 155 155 155 1675 1675 1675 172 172 172 1470 1470 1470 1678 1678 1678 1473 1473 1473 5 5 5 1473 1473 1473 1678 1678 1678 1635 1635 1635 14 14 14 1635 1635 1635 1678 1678 1678 1679 1679 1679 1491 1491 1491 161 161 161 1491 1491 1491 1679 1679 1679 1565 1565 1565 1566 1566 1566 1565 1565 1565 1679 1679 1679 1561 1561 1561 134 134 134 1673 1673 1673 164 164 164 1673 1673 1673 134 134 134 1673 1673 1673 164 164 164 1488 1488 1488 1511 1511 1511 1512 1512 1512 1603 1603 1603 1604 1604 1604 1603 1603 1603 1512 1512 1512 1599 1599 1599 66 66 66 1668 1668 1668 106 106 106 1668 1668 1668 66 66 66 1668 1668 1668 106 106 106 1508 1508 1508 1544 1544 1544 40 40 40 1666 1666 1666 78 78 78 1666 1666 1666 40 40 40 1666 1666 1666 78 78 78 1449 1449 1449 1680 1680 1680 1452 1452 1452 65 65 65 1452 1452 1452 1680 1680 1680 1548 1548 1548 1549 1549 1549 1548 1548 1548 1680 1680 1680 1681 1681 1681 1682 1682 1682 243 243 243 1187 1187 1187 248 248 248 1185 1185 1185 1681 1681 1681 243 243 243 1193 1193 1193 1683 1683 1683 243 243 243 1682 1682 1682 1187 1187 1187 1684 1684 1684 248 248 248 1685 1685 1685 248 248 248 1684 1684 1684 248 248 248 1685 1685 1685 243 243 243 1191 1191 1191 243 243 243 1685 1685 1685 243 243 243 1191 1191 1191 1193 1193 1193 1166 1166 1166 248 248 248 501 501 501 249 249 249 501 501 501 248 248 248 243 243 243 1200 1200 1200 413 413 413 491 491 491 413 413 413 1200 1200 1200 1686 1686 1686 252 252 252 1149 1149 1149 1158 1158 1158 1687 1687 1687 405 405 405 1688 1688 1688 405 405 405 1687 1687 1687 1686 1686 1686 1689 1689 1689 252 252 252 1690 1690 1690 252 252 252 1689 1689 1689 252 252 252 1690 1690 1690 405 405 405 1156 1156 1156 405 405 405 1690 1690 1690 405 405 405 1156 1156 1156 1158 1158 1158 1691 1691 1691 405 405 405 1688 1688 1688 1130 1130 1130 252 252 252 464 464 464 409 409 409 464 464 464 252 252 252 405 405 405 1165 1165 1165 407 407 407 463 463 463 407 407 407 1165 1165 1165 1692 1692 1692 445 445 445 1114 1114 1114 1692 1692 1692 1693 1693 1693 445 445 445 1694 1694 1694 445 445 445 1693 1693 1693 445 445 445 1694 1694 1694 236 236 236 1121 1121 1121 236 236 236 1694 1694 1694 1121 1121 1121 1123 1123 1123 236 236 236 1695 1695 1695 236 236 236 1123 1123 1123 236 236 236 1695 1695 1695 1696 1696 1696 1697 1697 1697 236 236 236 1696 1696 1696 1095 1095 1095 445 445 445 484 484 484 446 446 446 484 484 484 445 445 445 236 236 236 1129 1129 1129 444 444 444 483 483 483 444 444 444 1129 1129 1129 445 445 445 1095 1095 1095 1114 1114 1114 252 252 252 1130 1130 1130 1149 1149 1149 594 594 594 593 593 593 1553 1553 1553 1553 1553 1553 595 595 595 594 594 594 166 166 166 565 565 565 595 595 595 595 595 595 167 167 167 166 166 166 5 5 5 14 14 14 1678 1678 1678 13 13 13 12 12 12 1636 1636 1636 1636 1636 1636 14 14 14 13 13 13 1470 1470 1470 1471 1471 1471 1675 1675 1675 1461 1461 1461 1463 1463 1463 1472 1472 1472 1472 1472 1472 1471 1471 1471 1461 1461 1461 1489 1489 1489 1673 1673 1673 1488 1488 1488 1642 1642 1642 1559 1559 1559 1561 1561 1561 1561 1561 1561 1673 1673 1673 1642 1642 1642 1489 1489 1489 1482 1482 1482 1475 1475 1475 1475 1475 1475 1490 1490 1490 1489 1489 1489 1508 1508 1508 1509 1509 1509 1668 1668 1668 1503 1503 1503 1495 1495 1495 1510 1510 1510 1510 1510 1510 1509 1509 1509 1503 1503 1503 1450 1450 1450 1666 1666 1666 1449 1449 1449 1520 1520 1520 1542 1542 1542 1544 1544 1544 1544 1544 1544 1666 1666 1666 1520 1520 1520 1450 1450 1450 1436 1436 1436 1438 1438 1438 1438 1438 1438 1451 1451 1451 1450 1450 1450 114 114 114 113 113 113 518 518 518 518 518 518 519 519 519 114 114 114 136 136 136 156 156 156 155 155 155 155 155 155 1630 1630 1630 136 136 136 590 590 590 589 589 589 588 588 588 588 588 588 1610 1610 1610 590 590 590 59 59 59 67 67 67 66 66 66 66 66 66 1598 1598 1598 59 59 59 127 127 127 135 135 135 134 134 134 134 134 134 1560 1560 1560 127 127 127 29 29 29 41 41 41 40 40 40 40 40 40 1543 1543 1543 29 29 29 98 98 98 97 97 97 600 600 600 600 600 600 601 601 601 98 98 98 601 601 601 599 599 599 598 598 598 598 598 598 1533 1533 1533 601 601 601 239 239 239 968 968 968 987 987 987 1220 1220 1220 1227 1227 1227 1492 1492 1492 1492 1492 1492 1501 1501 1501 1220 1220 1220 1211 1211 1211 1214 1214 1214 1478 1478 1478 1478 1478 1478 1484 1484 1484 1211 1211 1211 1201 1201 1201 1207 1207 1207 1457 1457 1457 1457 1457 1457 1467 1467 1467 1201 1201 1201 1442 1442 1442 1206 1206 1206 1224 1224 1224 1224 1224 1224 1448 1448 1448 1442 1442 1442 1066 1066 1066 1064 1064 1064 1062 1062 1062 1062 1062 1062 1068 1068 1068 1066 1066 1066 946 946 946 944 944 944 942 942 942 942 942 942 948 948 948 946 946 946 1042 1042 1042 1040 1040 1040 1038 1038 1038 1038 1038 1038 1044 1044 1044 1042 1042 1042 1012 1012 1012 1010 1010 1010 1008 1008 1008 1008 1008 1008 1014 1014 1014 1012 1012 1012 1234 1234 1234 1326 1326 1326 1328 1328 1328 1328 1328 1328 1235 1235 1235 1234 1234 1234 1210 1210 1210 1209 1209 1209 1307 1307 1307 1307 1307 1307 1309 1309 1309 1210 1210 1210 1218 1218 1218 103 103 103 102 102 102 102 102 102 1219 1219 1219 1218 1218 1218 1204 1204 1204 75 75 75 74 74 74 74 74 74 1205 1205 1205 1204 1204 1204 1202 1202 1202 169 169 169 168 168 168 168 168 168 1203 1203 1203 1202 1202 1202 248 248 248 1166 1166 1166 1185 1185 1185 362 362 362 364 364 364 367 367 367 367 367 367 734 734 734 362 362 362 402 402 402 447 447 447 232 232 232</p>
        </triangles>
      </mesh>
    </geometry>
    <geometry id="deb2b779d2c9488e91777377628ccb7e" name="fe9445a1ffb545eba1aba00ba793cd39">
      <mesh>
        <source id="verts-array">
          <float_array count="2400" id="verts-array-array">0.0182 0.03612234 -0.0147534 0.0185 0.03621306 -0.01466267 0.0182 0.03635331 -0.01445239 0.0185 0.03635331 -0.01419579 0.0182 0.03621307 -0.01398551 0.0185 0.03622501 -0.01397356 0.0185 0.03587448 -0.01382837 0.0182 0.03587448 -0.01382837 0.0185 0.03562662 -0.01389478 0.0182 0.03545981 -0.01408468 0.0185 0.03541197 -0.01420016 0.0182 0.03539565 -0.01445239 0.0185 0.03544517 -0.01457195 0.0182 0.03552395 -0.01467462 0.0185 0.03575055 -0.01478661 0.0182 0.03587448 -0.01481981 0.0185 0.03855859 -0.01311394 0.0185 0.0374507 -0.01473549 0.0185 0.03790808 -0.01425879 0.0185 0.03692109 -0.0151304 0.0185 0.03622501 -0.01467462 0.0185 0.0363337 -0.01543275 0.0185 0.03600278 -0.01480292 0.0185 0.03570457 -0.0156343 0.0185 0.03633971 -0.01153492 0.0185 0.03603267 -0.01268081 0.0185 0.03606583 -0.01386215 0.0185 0.03574655 -0.01296692 0.0185 0.03574618 -0.01480292 0.0185 0.03505083 -0.01572954 0.0185 0.03828077 -0.01371332 0.0185 0.03326623 -0.01153491 0.0185 0.03337095 -0.01114407 0.0185 0.03104735 -0.01036052 0.0185 0.03861228 -0.0105169 0.0185 0.03574618 -0.01384526 0.0185 0.03539613 -0.01316924 0.0185 0.03545981 -0.01408468 0.0185 0.03552395 -0.01467462 0.0185 0.03539565 -0.01445239 0.0185 0.03500528 -0.01327396 0.0185 0.03800963 -0.00934614 0.0185 0.03835946 -0.009906551 0.0185 0.03873397 -0.012477 0.0185 0.03880211 -0.0118199 0.0185 0.03876118 -0.01116053 0.0185 0.03635331 -0.01445239 0.0185 0.03439033 -0.01571588 0.0185 0.03460065 -0.01327397 0.0185 0.0337411 -0.0155937 0.0185 0.03420981 -0.01316925 0.0185 0.03357328 -0.01268081 0.0185 0.0320336 -0.0146235 0.0185 0.03385939 -0.01296693 0.0185 0.03254643 -0.01503996 0.0185 0.03312082 -0.01536634 0.0185 0.03132518 -0.009761141 0.0185 0.03357327 -0.01079365 0.0185 0.03169786 -0.009215669 0.0185 0.03337096 -0.01233039 0.0185 0.03124648 -0.01356791 0.0185 0.03159631 -0.01412832 0.0185 0.03087197 -0.01099745 0.0185 0.03080383 -0.01165456 0.0185 0.03326624 -0.01193954 0.0185 0.03084476 -0.01231392 0.0185 0.03099367 -0.01295756 0.0185 0.03215524 -0.00873897 0.0185 0.03385939 -0.01050753 0.0185 0.03268485 -0.008344057 0.0185 0.03420981 -0.01030521 0.0185 0.03327224 -0.008041709 0.0185 0.03390138 -0.007840157 0.0185 0.03460066 -0.01020049 0.0185 0.03455511 -0.007744913 0.0185 0.03521561 -0.007758573 0.0185 0.03500529 -0.01020049 0.0185 0.03586484 -0.007880752 0.0185 0.03539613 -0.01030521 0.0185 0.03648512 -0.00810812 0.0185 0.03705951 -0.008434494 0.0185 0.03574655 -0.01050753 0.0185 0.03757234 -0.008850955 0.0185 0.03603266 -0.01079365 0.0185 0.03623498 -0.01114407 0.0175 0.03104735 -0.01036052 0.0175 0.03087197 -0.01099745 0.0175 0.03080383 -0.01165456 0.0175 0.03084476 -0.01231392 0.0175 0.03099367 -0.01295756 0.0175 0.03124648 -0.01356791 0.0175 0.03159631 -0.01412832 0.0175 0.0320336 -0.0146235 0.0175 0.03254643 -0.01503996 0.0175 0.03312082 -0.01536634 0.0175 0.0337411 -0.0155937 0.0175 0.03439033 -0.01571588 0.0175 0.03505083 -0.01572954 0.0175 0.03570457 -0.0156343 0.0175 0.0363337 -0.01543275 0.0175 0.03692109 -0.0151304 0.0175 0.0374507 -0.01473549 0.0175 0.03790808 -0.01425879 0.0175 0.03828077 -0.01371332 0.0175 0.03855859 -0.01311394 0.0175 0.03873397 -0.012477 0.0175 0.03880211 -0.0118199 0.0175 0.03876118 -0.01116053 0.0175 0.03861228 -0.0105169 0.0175 0.03835946 -0.009906551 0.0175 0.03800963 -0.00934614 0.0175 0.03757234 -0.008850955 0.0175 0.03705951 -0.008434494 0.0175 0.03648512 -0.00810812 0.0175 0.03586484 -0.007880752 0.0175 0.03521561 -0.007758573 0.0175 0.03455511 -0.007744913 0.0175 0.03390138 -0.007840157 0.0175 0.03327224 -0.008041709 0.0175 0.03268485 -0.008344057 0.0175 0.03215524 -0.00873897 0.0175 0.03169786 -0.009215669 0.0175 0.03132518 -0.009761141 0.0175 0.03239919 -0.007011891 0.0175 0.03209791 -0.006902307 0.0175 0.03099569 -0.008088926 0.0175 0.03329694 -0.005982253 0.0175 0.03491538 -0.006465341 0.0175 0.03308525 -0.005615575 0.0175 0.03332482 -0.006301634 0.0175 0.03321523 -0.006602919 0.0175 0.03291585 -0.006902308 0.0175 0.03179852 -0.006602922 0.0175 0.03168893 -0.006301629 0.0175 0.03009111 -0.005272068 0.0175 0.0317168 -0.005982252 0.0175 0.03088883 -0.004760155 0.0175 0.03192851 -0.005615577 0.0175 0.03174151 -0.00434619 0.0175 0.03229517 -0.005403877 0.0175 0.03263716 -0.004035977 0.0175 0.03356321 -0.003833877 0.0175 0.03271857 -0.00540388 0.0175 0.03450666 -0.003742716 0.0175 0.03545428 -0.003763783 0.0175 0.03639275 -0.00389678 0.0175 0.03818989 -0.004489556 0.0175 0.03730891 -0.004139841 0.0175 0.03720676 -0.005376012 0.0175 0.03750804 -0.005485597 0.0175 0.03902333 -0.004941 0.0175 0.03780743 -0.00578498 0.0175 0.03791702 -0.006086264 0.0175 0.03791702 -0.006301638 0.0175 0.04112566 -0.006835848 0.0175 0.03979751 -0.00548786 0.0175 0.04050159 -0.006122445 0.0175 0.04092462 -0.0100195 0.0175 0.04055795 -0.0102312 0.0175 0.04013455 -0.01324326 0.0175 0.04243666 -0.009344151 0.0175 0.04210004 -0.008458087 0.0175 0.04105461 -0.00903216 0.0175 0.04116419 -0.009441131 0.0175 0.04266611 -0.01026381 0.0175 0.04110845 -0.009756846 0.0175 0.04278519 -0.01120415 0.0175 0.04013455 -0.0102312 0.0175 0.03976788 -0.0100195 0.0175 0.03969173 -0.008938902 0.0175 0.03767745 -0.006772325 0.0175 0.03955618 -0.00922943 0.0175 0.03993728 -0.008732772 0.0175 0.04034625 -0.008623188 0.0175 0.04075522 -0.008732773 0.0175 0.04166099 -0.007618059 0.0175 0.03955618 -0.009652829 0.0175 0.04066196 -0.01327114 0.0175 0.04092462 -0.01345497 0.0175 0.04113632 -0.01382163 0.0175 0.04268709 -0.01309398 0.0175 0.04279221 -0.01215197 0.0175 0.04247128 -0.01401693 0.0175 0.04113632 -0.01424503 0.0175 0.04214783 -0.01490789 0.0175 0.03988956 -0.01791191 0.0175 0.04013455 -0.0148234 0.0175 0.03976788 -0.01461171 0.0175 0.04055795 -0.0148234 0.0175 0.04058416 -0.01726696 0.0175 0.0411976 -0.01654439 0.0175 0.04092462 -0.01461171 0.0175 0.04172127 -0.01575434 0.0175 0.03678335 -0.0180427 0.0175 0.03557236 -0.01970015 0.0175 0.03709907 -0.01809845 0.0175 0.03650875 -0.01955325 0.0175 0.03742121 -0.01929665 0.0175 0.03750804 -0.01798887 0.0175 0.03829691 -0.01893392 0.0175 0.03709907 -0.01646257 0.0175 0.03750804 -0.01657215 0.0175 0.03791701 -0.01728051 0.0175 0.03780742 -0.01687153 0.0175 0.03780742 -0.01768947 0.0175 0.03912356 -0.01847017 0.0175 0.03630899 -0.0174922 0.0175 0.03628113 -0.01717282 0.0175 0.03329694 -0.01706881 0.0175 0.03639071 -0.01687154 0.0175 0.03669009 -0.01657215 0.0175 0.03652069 -0.01785888 0.0175 0.03275151 -0.01946973 0.0175 0.03368045 -0.01965808 0.0175 0.03291583 -0.01798886 0.0175 0.03462515 -0.01973526 0.0175 0.03316138 -0.01778273 0.0175 0.03326906 -0.01759622 0.0175 0.03250687 -0.01809844 0.0175 0.03219115 -0.0180427 0.0175 0.03018742 -0.0182715 0.0175 0.03185136 -0.01917282 0.0175 0.03099264 -0.01877153 0.0175 0.03168893 -0.01728051 0.0175 0.02944699 -0.01767974 0.0175 0.02966866 -0.01474168 0.0175 0.02878174 -0.01700456 0.0175 0.02925969 -0.01173722 0.0175 0.02686635 -0.01274224 0.0175 0.02868132 -0.01345496 0.0175 0.02904799 -0.01324325 0.0175 0.02936738 -0.01321538 0.0175 0.02996805 -0.01362436 0.0175 0.03007763 -0.01414101 0.0175 0.02732445 -0.01457833 0.0175 0.02846962 -0.01424502 0.0175 0.02704093 -0.01367388 0.0175 0.02846962 -0.01382163 0.0175 0.02966866 -0.01332497 0.0175 0.02996805 -0.01444229 0.0175 0.02936737 -0.01485127 0.0175 0.02904799 -0.0148234 0.0175 0.02820102 -0.01625544 0.0175 0.02771297 -0.01544289 0.0175 0.02868132 -0.01461169 0.0175 0.02701307 -0.009915801 0.0175 0.02685233 -0.01084992 0.0175 0.02680319 -0.0117965 0.0175 0.02765884 -0.008137026 0.0175 0.02728318 -0.009007258 0.0175 0.02935953 -0.005874726 0.0175 0.02870436 -0.006559688 0.0175 0.02996805 -0.009032151 0.0175 0.02976192 -0.008786609 0.0175 0.02947139 -0.0102312 0.0175 0.03061427 -0.01347224 0.0175 0.02983806 -0.0100195 0.0175 0.03002189 -0.009756837 0.0175 0.03007764 -0.009441123 0.0175 0.0284975 -0.009125412 0.0175 0.02915201 -0.008623184 0.0175 0.0281348 -0.00731733 0.0175 0.02947139 -0.008651056 0.0175 0.02904799 -0.0102312 0.0175 0.02875747 -0.01009564 0.0175 0.0284975 -0.009756838 0.0175 0.03209789 -0.01657214 0.0175 0.03250687 -0.01646256 0.0175 0.03282258 -0.01651831 0.0175 0.03308525 -0.01670213 0.0175 0.03179851 -0.01687153 0.0175 0.03976788 -0.01345496 0.0175 0.03958405 -0.01371762 0.0175 0.0395283 -0.01403334 0.0175 0.03958405 -0.01434904 0.0175 0.036309 -0.006405649 0.0175 0.0365207 -0.006772322 0.0175 0.03709908 -0.007011894 0.0175 0.03678336 -0.006956149 0.0175 0.03630901 -0.005982254 0.0175 0.03644456 -0.005691725 0.0175 0.03678336 -0.005431752 0.0175 0.03741479 -0.006956154 0.0155 0.03760131 -0.006848469 0.0175 0.03760131 -0.006848469 0.0155 0.03780743 -0.006602923 0.0175 0.03786127 -0.006509666 0.0155 0.03791702 -0.006301638 0.0155 0.03788915 -0.005982252 0.0175 0.03788915 -0.005982252 0.0155 0.03767744 -0.005615579 0.0175 0.03775359 -0.005691721 0.0155 0.03741479 -0.005431757 0.0175 0.03709908 -0.00537601 0.0155 0.03709908 -0.00537601 0.0155 0.0366901 -0.005485593 0.0175 0.0366901 -0.005485593 0.0155 0.03644456 -0.005691725 0.0155 0.03633688 -0.00587824 0.0155 0.03628113 -0.006193951 0.0175 0.03628113 -0.006301633 0.0155 0.03639071 -0.006602921 0.0175 0.03639071 -0.006602921 0.0155 0.0366901 -0.006902309 0.0175 0.0366901 -0.006902309 0.0155 0.03699139 -0.007011894 0.0175 0.03699139 -0.007011894 0.0155 0.03731078 -0.006984024 0.0175 0.03731078 -0.006984024 0.0155 0.04055795 -0.0102312 0.0155 0.04084848 -0.01009565 0.0175 0.04084848 -0.01009565 0.0155 0.04105461 -0.009850102 0.0175 0.04105461 -0.009850102 0.0155 0.04116419 -0.009441131 0.0155 0.04105461 -0.00903216 0.0175 0.04110845 -0.009125417 0.0175 0.04092462 -0.008862759 0.0155 0.04075522 -0.008732773 0.0175 0.04055795 -0.00865106 0.0155 0.04034625 -0.008623188 0.0175 0.04023857 -0.008623187 0.0155 0.03993728 -0.008732772 0.0155 0.03969173 -0.008938902 0.0175 0.03963789 -0.009032159 0.0155 0.03955618 -0.00922943 0.0175 0.03952831 -0.009333446 0.0155 0.03952831 -0.009548814 0.0155 0.03963789 -0.009850101 0.0155 0.03984402 -0.01009565 0.0155 0.04013455 -0.0102312 0.0175 0.0410546 -0.0144423 0.0155 0.04092462 -0.01461171 0.0175 0.04084848 -0.01468785 0.0155 0.04110844 -0.01434904 0.0175 0.04116419 -0.01403334 0.0155 0.04116419 -0.01403334 0.0155 0.04110845 -0.01371762 0.0175 0.04105461 -0.01362436 0.0155 0.04092462 -0.01345497 0.0175 0.04075522 -0.01332498 0.0155 0.04066196 -0.01327114 0.0175 0.04045393 -0.01321539 0.0155 0.04034625 -0.01321539 0.0175 0.04003053 -0.01327113 0.0155 0.03993728 -0.01332497 0.0175 0.03984402 -0.01337881 0.0155 0.03969173 -0.0135311 0.0175 0.03963789 -0.01362436 0.0155 0.03955618 -0.01382163 0.0175 0.0395283 -0.01392565 0.0155 0.03955618 -0.01424503 0.0175 0.03955618 -0.01424503 0.0155 0.03969173 -0.01453556 0.0175 0.03969173 -0.01453556 0.0155 0.03993728 -0.01474169 0.0175 0.04003053 -0.01479553 0.0155 0.04023856 -0.01485127 0.0175 0.04023856 -0.01485127 0.0155 0.04055795 -0.0148234 0.0155 0.03731077 -0.01807058 0.0175 0.03741478 -0.01804271 0.0155 0.0376013 -0.01793502 0.0175 0.03767744 -0.01785887 0.0155 0.03780742 -0.01768947 0.0175 0.03786127 -0.01759622 0.0155 0.03791701 -0.01728051 0.0155 0.03786127 -0.01696479 0.0175 0.03786127 -0.01696479 0.0155 0.03767744 -0.01670213 0.0175 0.03767744 -0.01670213 0.0155 0.03731077 -0.01649044 0.0175 0.03731077 -0.01649044 0.0155 0.03699138 -0.01646256 0.0175 0.03699138 -0.01646256 0.0155 0.03669009 -0.01657215 0.0155 0.03644455 -0.01677828 0.0175 0.03644455 -0.01677828 0.0155 0.036309 -0.01706881 0.0175 0.036309 -0.01706881 0.0155 0.03628112 -0.01738819 0.0155 0.03639071 -0.01768948 0.0175 0.03644455 -0.01778274 0.0155 0.03669009 -0.01798886 0.0175 0.03669009 -0.01798886 0.0155 0.03699138 -0.01809845 0.0155 0.03200464 -0.01662599 0.0175 0.03185235 -0.01677828 0.0155 0.03179851 -0.01687153 0.0175 0.0317168 -0.01706881 0.0155 0.03168893 -0.01717282 0.0155 0.0317168 -0.0174922 0.0175 0.0317168 -0.0174922 0.0155 0.03192849 -0.01785888 0.0175 0.03192849 -0.01785888 0.0155 0.03219115 -0.0180427 0.0175 0.03229517 -0.01807057 0.0155 0.03250687 -0.01809844 0.0175 0.03261455 -0.01809845 0.0155 0.03291583 -0.01798886 0.0155 0.03321522 -0.01768947 0.0175 0.03321522 -0.01768947 0.0175 0.03332481 -0.01738819 0.0155 0.03332481 -0.01728051 0.0175 0.03326907 -0.01696479 0.0155 0.03321523 -0.01687153 0.0175 0.03316139 -0.01677828 0.0155 0.0330091 -0.01662599 0.0175 0.03291584 -0.01657215 0.0155 0.03271857 -0.01649044 0.0155 0.03229517 -0.01649043 0.0155 0.02947139 -0.0148234 0.0175 0.02957541 -0.01479553 0.0155 0.02983806 -0.01461169 0.0175 0.02983806 -0.01461169 0.0155 0.03004976 -0.01424502 0.0175 0.03004976 -0.01424502 0.0155 0.03007764 -0.01392564 0.0175 0.03007764 -0.01392564 0.0155 0.02996805 -0.01362436 0.0155 0.02976192 -0.01337881 0.0155 0.02947139 -0.01324325 0.0155 0.02904799 -0.01324325 0.0155 0.02875746 -0.01337881 0.0155 0.02855133 -0.01362436 0.0175 0.02849749 -0.01371761 0.0155 0.02844175 -0.01403333 0.0175 0.02844175 -0.01403333 0.0155 0.02855133 -0.01444229 0.0175 0.02855133 -0.01444229 0.0155 0.02875746 -0.01468784 0.0175 0.02885072 -0.01474168 0.0155 0.02904799 -0.0148234 0.0175 0.02925969 -0.01485127 0.0155 0.02991421 -0.008938892 0.0175 0.02991421 -0.008938892 0.0155 0.02966866 -0.008732769 0.0175 0.02957541 -0.008678928 0.0155 0.02936738 -0.008623184 0.0175 0.02936738 -0.008623184 0.0155 0.02904799 -0.008651054 0.0175 0.02904799 -0.008651054 0.0155 0.02868132 -0.008862753 0.0175 0.02875746 -0.008786608 0.0175 0.02855134 -0.009032155 0.0155 0.0284975 -0.009125412 0.0175 0.02844175 -0.009441122 0.0155 0.02844175 -0.009441122 0.0155 0.02855134 -0.009850093 0.0175 0.02855134 -0.009850093 0.0155 0.02875747 -0.01009564 0.0155 0.02894398 -0.01020332 0.0155 0.02925969 -0.01025907 0.0175 0.02936738 -0.01025907 0.0155 0.02957541 -0.01020333 0.0175 0.02966866 -0.01014948 0.0155 0.02983806 -0.0100195 0.0175 0.02996805 -0.009850095 0.0155 0.03004976 -0.009652824 0.0175 0.03007764 -0.00954881 0.0155 0.03004977 -0.009229423 0.0175 0.03004977 -0.009229423 0.0155 0.03291585 -0.006902308 0.0155 0.03316139 -0.006696177 0.0155 0.03329694 -0.006405648 0.0155 0.03332482 -0.00608627 0.0155 0.03321523 -0.005784977 0.0175 0.03316139 -0.005691718 0.0155 0.03291585 -0.005485593 0.0175 0.03291585 -0.005485593 0.0155 0.03250687 -0.005376007 0.0175 0.03261456 -0.005376008 0.0155 0.03209791 -0.005485591 0.0155 0.03179852 -0.00578498 0.0175 0.03174467 -0.005878238 0.0155 0.03168893 -0.006193947 0.0175 0.03168893 -0.006193947 0.0155 0.03179852 -0.006602922 0.0155 0.03209791 -0.006902307 0.0155 0.03250687 -0.007011892 0.0175 0.03250687 -0.007011892 0.0155 0.03009111 -0.005272068 0.0155 0.0281348 -0.00731733 0.0155 0.02870436 -0.006559688 0.0155 0.02935953 -0.005874726 0.0155 0.02765884 -0.008137026 0.0155 0.02728318 -0.009007258 0.0155 0.02701307 -0.009915801 0.0155 0.02685233 -0.01084992 0.0155 0.02680319 -0.0117965 0.0155 0.02686635 -0.01274224 0.0155 0.02704093 -0.01367388 0.0155 0.02732445 -0.01457833 0.0155 0.02771297 -0.01544289 0.0155 0.02820102 -0.01625544 0.0155 0.02878174 -0.01700456 0.0155 0.02944699 -0.01767974 0.0155 0.03018742 -0.0182715 0.0155 0.03099264 -0.01877153 0.0155 0.03185136 -0.01917282 0.0155 0.03275151 -0.01946973 0.0155 0.03368045 -0.01965808 0.0155 0.03462515 -0.01973526 0.0155 0.03557236 -0.01970015 0.0155 0.03650875 -0.01955325 0.0155 0.03742121 -0.01929665 0.0155 0.03829691 -0.01893392 0.0155 0.03912356 -0.01847017 0.0155 0.03988956 -0.01791191 0.0155 0.04058416 -0.01726696 0.0155 0.0411976 -0.01654439 0.0155 0.04172127 -0.01575434 0.0155 0.04214783 -0.01490789 0.0155 0.04247128 -0.01401693 0.0155 0.04268709 -0.01309398 0.0155 0.04279221 -0.01215197 0.0155 0.04278519 -0.01120415 0.0155 0.04266611 -0.01026381 0.0155 0.04243666 -0.009344151 0.0155 0.04210004 -0.008458087 0.0155 0.04166099 -0.007618059 0.0155 0.04112566 -0.006835848 0.0155 0.04050159 -0.006122445 0.0155 0.03979751 -0.00548786 0.0155 0.03902333 -0.004941 0.0155 0.03818989 -0.004489556 0.0155 0.03730891 -0.004139841 0.0155 0.03639275 -0.00389678 0.0155 0.03545428 -0.003763783 0.0155 0.03450666 -0.003742716 0.0155 0.03356321 -0.003833877 0.0155 0.03088883 -0.004760155 0.0155 0.03174151 -0.00434619 0.0155 0.03263716 -0.004035977 0.0155 0.04113632 -0.01424503 0.0155 0.02925969 -0.01321538 0.0155 0.02885072 -0.01332497 0.0155 0.02885072 -0.01014948 0.0155 0.02983806 -0.008862751 0.0155 0.03321523 -0.006602919 0.0155 0.03332482 -0.006193952 0.0155 0.02947139 -0.008651056 0.0155 0.02885072 -0.008732766 0.0155 0.02915201 -0.008623184 0.0155 0.02846962 -0.01424502 0.0155 0.02860518 -0.0135311 0.0155 0.02846962 -0.01382163 0.0155 0.02966866 -0.01332497 0.0155 0.02996805 -0.01444229 0.0155 0.03007763 -0.01414101 0.0155 0.03103918 -0.01559234 0.0155 0.02925969 -0.01485127 0.0155 0.02894398 -0.01479552 0.0155 0.02868132 -0.01461169 0.0155 0.02966866 -0.01474168 0.0155 0.03628113 -0.01728051 0.0155 0.03639071 -0.01687154 0.0155 0.03750804 -0.01657215 0.0155 0.03720675 -0.01646257 0.0155 0.03865808 -0.01550101 0.0155 0.03767744 -0.01785887 0.0155 0.03786127 -0.01759622 0.0155 0.03659684 -0.01793502 0.0155 0.03688736 -0.01807057 0.0155 0.03780742 -0.01687153 0.0155 0.04113632 -0.01382163 0.0155 0.04100077 -0.01353111 0.0155 0.04075522 -0.01332498 0.0155 0.03767745 -0.006772325 0.0155 0.03976788 -0.0100195 0.0155 0.03955618 -0.009652829 0.0155 0.03788915 -0.006405652 0.0155 0.03031684 -0.01138416 0.0155 0.03042731 -0.01068673 0.0155 0.03064551 -0.01001515 0.0155 0.03096609 -0.009385978 0.0155 0.02860518 -0.008938897 0.0155 0.02860518 -0.009943348 0.0155 0.03772549 -0.0083154 0.0155 0.03715422 -0.007900351 0.0155 0.03639072 -0.005784982 0.0155 0.03633687 -0.006509666 0.0155 0.03515604 -0.007251099 0.0155 0.03585347 -0.007361562 0.0155 0.0365207 -0.006772322 0.0155 0.03652505 -0.007579772 0.0155 0.03688738 -0.006984022 0.0155 0.04013455 -0.0148234 0.0155 0.04045394 -0.01485127 0.0155 0.04003053 -0.01327113 0.0155 0.0392891 -0.0120903 0.0155 0.0382248 -0.01465975 0.0155 0.03863985 -0.01408848 0.0155 0.03917864 -0.01278773 0.0155 0.03976788 -0.01461171 0.0155 0.03976788 -0.01345496 0.0155 0.03896043 -0.01345931 0.0155 0.03205982 -0.01795079 0.0155 0.03300909 -0.01793502 0.0155 0.0317168 -0.01706881 0.0155 0.03168893 -0.01738819 0.0155 0.03326907 -0.01696479 0.0155 0.0344499 -0.01622336 0.0155 0.03375247 -0.01611289 0.0155 0.03188045 -0.01515906 0.0155 0.03245172 -0.01557411 0.0155 0.03308525 -0.01670213 0.0155 0.03308089 -0.01589468 0.0155 0.03192849 -0.01670213 0.0155 0.03515603 -0.01622335 0.0155 0.03772549 -0.01515905 0.0155 0.03585347 -0.0161129 0.0155 0.03652504 -0.01589469 0.0155 0.03715421 -0.01557411 0.0155 0.03031685 -0.01209029 0.0155 0.0304273 -0.01278773 0.0155 0.03064551 -0.0134593 0.0155 0.03096609 -0.01408847 0.0155 0.03138115 -0.01465974 0.0155 0.03444991 -0.007251102 0.0155 0.03188046 -0.008315405 0.0155 0.03375247 -0.007361561 0.0155 0.0330809 -0.007579769 0.0155 0.03245173 -0.007900344 0.0155 0.03822479 -0.008814712 0.0155 0.0392891 -0.01138417 0.0155 0.03917864 -0.01068673 0.0155 0.03896043 -0.01001515 0.0155 0.03863986 -0.009385986 0.0175 0.03539613 -0.01316924 0.0175 0.03574655 -0.01296692 0.0175 0.03603267 -0.01268081 0.0175 0.03623499 -0.01233039 0.0185 0.03623499 -0.01233039 0.0175 0.03633971 -0.01193954 0.0185 0.03633971 -0.01193954 0.0175 0.03633971 -0.01153492 0.0175 0.03623498 -0.01114407 0.0175 0.03603266 -0.01079365 0.0175 0.03574655 -0.01050753 0.0175 0.03539613 -0.01030521 0.0175 0.03500529 -0.01020049 0.0175 0.03460066 -0.01020049 0.0175 0.03420981 -0.01030521 0.0175 0.03385939 -0.01050753 0.0175 0.03357327 -0.01079365 0.0175 0.03337095 -0.01114407 0.0175 0.03326623 -0.01153491 0.0175 0.03326624 -0.01193954 0.0175 0.03337096 -0.01233039 0.0175 0.03357328 -0.01268081 0.0175 0.03385939 -0.01296693 0.0175 0.03420981 -0.01316925 0.0175 0.03460065 -0.01327397 0.0175 0.03500528 -0.01327396 0.0144 0.03675335 -0.0157926 0.0144 0.03629141 -0.01598394 0.0143 0.03629141 -0.01598394 0.0143 0.03585347 -0.0161129 0.0143 0.03515603 -0.01622335 0.0143 0.0344499 -0.01622336 0.0143 0.03375247 -0.01611289 0.0143 0.03308089 -0.01589468 0.0143 0.03245172 -0.01557411 0.0143 0.03188045 -0.01515906 0.0143 0.03138115 -0.01465974 0.0143 0.03096609 -0.01408847 0.0143 0.03064551 -0.0134593 0.0143 0.0304273 -0.01278773 0.0143 0.03031685 -0.01209029 0.0143 0.03031684 -0.01138416 0.0143 0.03042731 -0.01068673 0.0143 0.03064551 -0.01001515 0.0143 0.03096609 -0.009385978 0.0143 0.03138114 -0.00881471 0.0143 0.03188046 -0.008315405 0.0143 0.03245173 -0.007900344 0.0143 0.0330809 -0.007579769 0.0143 0.03375247 -0.007361561 0.0143 0.03444991 -0.007251102 0.0143 0.03515604 -0.007251099 0.0143 0.03585347 -0.007361562 0.0143 0.03652505 -0.007579772 0.0143 0.03715422 -0.007900351 0.0143 0.03772549 -0.0083154 0.0143 0.03822479 -0.008814712 0.0143 0.03863986 -0.009385986 0.0143 0.03896043 -0.01001515 0.0143 0.03917864 -0.01068673 0.0143 0.0392891 -0.01138417 0.0143 0.0392891 -0.0120903 0.0143 0.03917864 -0.01278773 0.0143 0.03896043 -0.01345931 0.0143 0.03863985 -0.01408848 0.0143 0.0382248 -0.01465975 0.0143 0.03772549 -0.01515905 0.0143 0.03715421 -0.01557411 0.0182 0.03577881 -0.01480292 0.0182 0.03621306 -0.01466267 0.0182 0.03539565 -0.01441976 0.0182 0.0355359 -0.01398551 0.0182 0.03637021 -0.01432409 0.0175 0.03314435 -0.01370629 0.0175 0.03257582 -0.01374715 0.0175 0.03267462 -0.01318578 0.0175 0.03295168 -0.009948105 0.0175 0.03294972 -0.00937811 0.0175 0.03350304 -0.009514982 0.0175 0.0322916 -0.01117046 0.0175 0.03199375 -0.01068447 0.0175 0.03253764 -0.01051392 0.0175 0.0341508 -0.009246671 0.0175 0.03444527 -0.008758631 0.0175 0.03484693 -0.00916307 0.0175 0.03613382 -0.01096886 0.0175 0.0355398 -0.009270389 0.0175 0.03617801 -0.009560661 0.0175 0.03671426 -0.01001235 0.0175 0.03728306 -0.01004929 0.0175 0.03710875 -0.01059198 0.0175 0.0357882 -0.01411578 0.0175 0.03556292 -0.01463938 0.0175 0.03510994 -0.01429339 0.0175 0.03440891 -0.01428142 0.0175 0.03394438 -0.01461173 0.0175 0.03373711 -0.01408076 0.0175 0.03236272 -0.01255784 0.0175 0.03185573 -0.01229736 0.0175 0.03223182 -0.01186904 0.0175 0.03238196 -0.009965591 0.0175 0.03604498 -0.0090064 0.0175 0.03721378 -0.01264067 0.0175 0.03744267 -0.0131627 0.0175 0.03688063 -0.01325761 0.0175 0.03696019 -0.01382202 0.0175 0.03639339 -0.01376177 0.0175 0.03211614 -0.01307174 0.0175 0.03181389 -0.01148143 0.0175 0.03526215 -0.008772577 0.0175 0.03673569 -0.009442752 0.0175 0.0376465 -0.010781 0.0175 0.03736813 -0.01195675 0.0175 0.03772937 -0.01239766 0.0175 0.03475175 -0.01473679 0.0175 0.03631773 -0.01432673 0.0175 0.03320068 -0.0142735 0.0175 0.03365492 -0.008965589 0.0175 0.03733223 -0.01125654 0.0175 0.03779903 -0.01158363 0.0143 0.03394438 -0.01461173 0.0143 0.03440891 -0.01428142 0.0143 0.03475175 -0.01473679 0.0143 0.03185573 -0.01229736 0.0143 0.03236272 -0.01255784 0.0143 0.03211614 -0.01307174 0.0143 0.03688063 -0.01325761 0.0143 0.03744267 -0.0131627 0.0143 0.03696019 -0.01382202 0.0143 0.03639339 -0.01376177 0.0143 0.03631773 -0.01432673 0.0143 0.03611227 -0.01424488 0.0143 0.03675335 -0.0157926 0.0143 0.03294972 -0.00937811 0.0143 0.03295168 -0.009948105 0.0143 0.03238196 -0.009965591 0.0143 0.03710875 -0.01059198 0.0143 0.03728306 -0.01004929 0.0143 0.0376465 -0.010781 0.0143 0.03733223 -0.01125654 0.0143 0.03779903 -0.01158363 0.0143 0.03736813 -0.01195675 0.0143 0.03772937 -0.01239766 0.0143 0.03721378 -0.01264067 0.0143 0.03484693 -0.00916307 0.0143 0.03444527 -0.008758631 0.0143 0.03526215 -0.008772577 0.0143 0.0355398 -0.009270389 0.0143 0.03604498 -0.0090064 0.0143 0.03617801 -0.009560661 0.0143 0.03673569 -0.009442752 0.0143 0.03671426 -0.01001235 0.0143 0.03565033 -0.01443623 0.0143 0.03556292 -0.01463938 0.0143 0.03510994 -0.01429339 0.0143 0.03373711 -0.01408076 0.0143 0.03320068 -0.0142735 0.0143 0.03314435 -0.01370629 0.0143 0.03257582 -0.01374715 0.0143 0.03267462 -0.01318578 0.0143 0.03223182 -0.01186904 0.0143 0.03181389 -0.01148143 0.0143 0.0322916 -0.01117046 0.0143 0.03199375 -0.01068447 0.0143 0.03253764 -0.01051392 0.0143 0.03350304 -0.009514982 0.0143 0.03365492 -0.008965589 0.0143 0.0341508 -0.009246671 0.0144 0.0357882 -0.01411578 0.0144 0.03611227 -0.01424488 0.0144 0.03565033 -0.01443623</float_array>
          <technique_common>
            <accessor count="800" source="#verts-array-array" stride="3">
              <param type="float" name="X"/>
              <param type="float" name="Y"/>
              <param type="float" name="Z"/>
            </accessor>
          </technique_common>
        </source>
        <source id="normals-array">
          <float_array count="2400" id="normals-array-array">-0.1153924 -0.4852169 0.8667463 -0.1404508 -0.6909353 0.7091417 -0.01962357 -0.9731664 0.2292644 0.7975512 -0.5918919 -0.1165159 0.6818534 -0.5206392 -0.5138198 0.7867779 -0.4073148 -0.4637621 0.01189213 -0.07724982 -0.9969408 0.6574393 -0.00508438 -0.7534904 0.08171214 0.5512034 -0.8303601 0.07629726 0.8449186 -0.5294254 -0.04068848 0.9642444 -0.2618723 0.002363963 0.9841838 0.1771345 -0.08733908 0.8627227 0.4980777 0.6382293 0.5037401 0.5821591 -0.1036405 0.2066302 0.9729145 -0.1153559 -0.01316446 0.993237 0.6889838 0.6804964 -0.2494513 0.6889824 0.4797568 -0.5432648 0.6889861 0.5626274 -0.4568901 0.688983 0.3837884 -0.6148243 1 0 0 0.6889856 0.2773594 -0.6696048 1 0 0 0.6889815 0.1633625 -0.7061283 0.7377016 -0.6693506 -0.08812563 0.7377012 -0.5356082 0.4109997 1 0 0 0.7376964 -0.4109928 0.5356202 1 0 0 0.6889844 0.04490336 -0.7233839 0.6889828 0.6301561 -0.3580586 0.7377004 0.669354 -0.08810994 0.7377037 0.6237346 -0.2583571 0.6889829 -0.6804951 0.2494574 0.6889821 0.6902251 0.2211176 1 0 0 0.7377041 -0.2583566 0.6237344 1 0 0 1 0 0 1 0 0 0.7376948 -0.08812466 0.6693582 0.6889847 0.5810272 0.4332521 0.688984 0.6444126 0.3317129 0.6889823 0.7122759 -0.1340385 0.6889865 0.7246194 -0.01497752 0.6889835 0.7172057 0.1044877 1 0 0 0.6889845 -0.07477005 -0.720909 0.7377018 0.08810911 0.6693526 0.6889869 -0.1923951 -0.6987712 0.7377032 0.2583592 0.6237343 0.7376967 0.5356198 0.4109927 0.6889847 -0.5017943 -0.5229747 0.7377009 0.4109998 0.5356086 0.6889849 -0.408877 -0.5984308 0.6889791 -0.3047931 -0.6575781 0.6889853 -0.6301537 0.358058 0.7376991 0.5356137 -0.4109963 0.6889847 -0.5626305 0.4568884 0.7377034 0.6237346 0.2583579 0.6889822 -0.6444167 -0.3317087 0.6889844 -0.5810265 -0.4332536 0.688982 -0.7122759 0.1340404 0.6889862 -0.7246197 0.01497762 0.7376962 0.6693568 0.08812364 0.6889822 -0.7172062 -0.1044929 0.6889852 -0.6902225 -0.2211157 0.6889831 -0.4797571 0.5432637 0.7376988 0.4109954 -0.5356148 0.6889825 -0.3837901 0.6148238 0.7377038 0.2583561 -0.6237349 0.6889853 -0.2773587 0.6696054 0.6889827 -0.1633644 0.7061267 0.7376979 0.08811575 -0.669356 0.6889832 -0.04490573 0.7233848 0.688985 0.07476967 0.7209085 0.7376987 -0.08811802 -0.6693548 0.6889851 0.1923993 0.6987718 0.737703 -0.2583587 -0.6237348 0.6889815 0.3047938 0.6575752 0.6889837 0.4088757 0.598433 0.7377004 -0.4109979 -0.5356108 0.6889845 0.501796 0.5229733 0.7376985 -0.5356186 -0.4109911 0.7376992 -0.6237364 -0.2583655 0.726176 -0.6455034 0.2366301 0.7261769 -0.6756483 0.1271476 0.7261723 -0.687366 0.0142076 0.7261767 -0.6803254 -0.09911962 0.7261734 -0.6547353 -0.2097472 0.7261767 -0.6112789 -0.3146513 0.7261743 -0.5511522 -0.4109772 0.726174 -0.4759942 -0.4960855 0.7261738 -0.3878545 -0.5676623 0.7261801 -0.289117 -0.6237578 0.7261715 -0.1825042 -0.6628478 0.7261742 -0.07092564 -0.6838425 0.7261743 0.04259457 -0.6861899 0.7261775 0.1549616 -0.6698158 0.726173 0.2630995 -0.6351783 0.7261759 0.3640538 -0.5832096 0.7261765 0.4550866 -0.5153289 0.7261724 0.5337017 -0.4334006 0.7261761 0.5977528 -0.3396468 0.7261749 0.6455065 -0.236625 0.7261766 0.675649 -0.1271459 0.726172 0.6873662 -0.01420752 0.7261753 0.6803276 0.09911499 0.7261768 0.6547315 0.2097471 0.7261747 0.6112784 0.314657 0.7261739 0.5511534 0.4109762 0.7261742 0.4759955 0.496084 0.7261751 0.3878519 0.5676625 0.7261775 0.2891199 0.6237595 0.7261735 0.1825072 0.6628447 0.7261736 0.07092541 0.6838432 0.7261756 -0.04259668 0.6861884 0.7261762 -0.1549639 0.6698166 0.7261733 -0.2630986 0.6351783 0.7261764 -0.3640548 0.5832083 0.7261757 -0.4550878 0.5153289 0.726174 -0.5337024 0.4333972 0.7261733 -0.597755 0.3396488 1 0 0 0.7702592 0.318866 0.5522909 1 0 0 0.7543537 -0.6338437 -0.1708585 1 0 0 1 0 0 0.7571187 -0.6475623 0.08622292 0.7563696 -0.552775 0.3497782 0.7682138 -0.3176544 0.5558267 0.7626619 0.5601392 0.3234052 1 0 0 0.6940144 -0.4240463 0.5818323 1 0 0 0.6940115 -0.3522559 0.6279043 0.7643986 0.4370291 -0.4740257 0.6940136 -0.2755159 0.6651587 0.7644056 0.1920023 -0.6154829 0.6940126 -0.1949126 0.6930769 0.6940137 -0.1115731 0.7112639 1 0 0 0.6940126 -0.02666793 0.7194688 0.6940128 0.05861473 0.7175726 0.6940131 0.1430731 0.7056033 0.6940142 0.3048039 0.6522568 0.6940127 0.2255235 0.6837291 1 0 0 0.7563709 -0.303826 -0.5793037 0.6940112 0.3798119 0.6116301 1 0 0 1 0 0 0.7595097 -0.648013 0.05678222 0.6940146 0.5690127 0.441099 0.6940139 0.4494861 0.5624117 0.6940118 0.5128515 0.5053029 1 0 0 0.7669106 -0.1389665 0.6265273 1 0 0 0.694012 0.6869972 0.2153655 0.6940136 0.6567013 0.2951076 1 0 0 0.7619144 -0.6472162 0.02444893 0.694014 0.7076453 0.1326002 1 0 0 0.6940121 0.7183632 0.04797452 0.7702627 0.1650579 0.6159962 0.7679539 0.4509355 0.4548671 1 0 0 1 0 0 1 0 0 0.7571668 0.3484832 -0.5525015 1 0 0 1 0 0 0.6940122 0.6171896 0.3707076 0.7634668 0.616256 0.1932535 1 0 0 1 0 0 1 0 0 0.6940111 0.7095352 -0.1221 0.6940145 0.7189929 -0.03732293 0.6940142 0.6901104 -0.205163 1 0 0 0.6940123 0.6610038 -0.2853435 0.6940126 0.4577681 -0.5556931 1 0 0 1 0 0 0.7666647 -0.1697427 0.6192032 0.6940132 0.5202785 -0.4976504 0.6940122 0.5754871 -0.4326218 1 0 0 0.6940135 0.6226146 -0.3615194 1 0 0 0.694012 0.0692472 -0.7166255 0.7563749 0.02653093 0.6536001 0.6940156 0.1535128 -0.7034033 0.6940113 0.2356275 -0.6803146 1 0 0 0.6940137 0.3144385 -0.6476677 1 0 0 1 0 0 0.7641672 -0.6450182 1.628913e-06 1 0 0 1 0 0 0.6940132 0.3888308 -0.6059342 0.7563785 0.6381931 0.1435309 1 0 0 1 0 0 1 0 0 0.7641671 0.3225143 -0.5585993 1 0 0 0.6940117 -0.1846201 -0.6958903 0.6940155 -0.1010224 -0.7128373 0.759249 -0.3496201 0.5489142 0.6940111 -0.01600593 -0.7197864 1 0 0 1 0 0 1 0 0 1 0 0 0.6940127 -0.4153786 -0.5880535 0.6940131 -0.2656326 -0.6691675 0.6940132 -0.3429118 -0.6330539 1 0 0 0.6940134 -0.4820131 -0.5347978 1 0 0 0.6940127 -0.5418823 -0.4740358 1 0 0 0.6940123 -0.7142589 -0.0904494 0.7641392 0.4372495 -0.4742405 0.7571716 0.1936174 -0.6238617 0.7586926 -0.08405825 -0.6460028 0.7694444 -0.5402253 -0.340752 1 0 0 0.6940106 -0.6730347 -0.2556828 1 0 0 0.6940155 -0.6985464 -0.1742854 1 0 0 0.7563705 -0.3497845 -0.5527698 1 0 0 1 0 0 1 0 0 0.6940134 -0.5941439 -0.4066184 0.6940132 -0.6380647 -0.3334952 1 0 0 0.6940109 -0.7010555 0.1639206 0.694014 -0.7155198 0.07985024 0.6940128 -0.7199429 -0.00533419 0.694012 -0.6429389 0.3240015 0.6940146 -0.6767437 0.2456861 0.6940127 -0.4898836 0.5275988 0.6940131 -0.5488461 0.4659547 1 0 0 1 0 0 1 0 0 1 0 0 1 0 0 1 0 0 1 0 0 1 0 0 1 0 0 0.6940132 -0.600103 0.3977714 1 0 0 0.7543643 0.1689612 0.6343396 0.76165 0.396003 0.5129043 1 0 0 0.7634708 0.2991105 -0.572403 0.7585234 -8.168355e-06 -0.6516458 1 0 0 1 0 0 1 0 0 1 0 0 1 0 0 1 0 0 1 0 0 1 0 0 1 0 0 1 0 0 1 0 0 0.7543549 0.634351 -0.1689599 0.7616535 0.5129126 -0.3959857 1 0 0 1 0 0 0 -0.6087702 0.7933466 -0.003250047 -0.624284 0.7811907 0.004107078 -0.8645174 0.5025862 -0.002974367 -0.8978535 0.4402842 0.004463349 -0.9918171 0.1275889 -0.7669127 -0.6120684 -0.1929178 0.008115858 -0.9643831 -0.2643848 -0.7583285 -0.4811726 -0.4397849 0.007420226 -0.7977625 -0.6029262 -0.7586875 -0.2483894 -0.6022425 -0.006477771 0.004394866 -0.9999694 -0.7592513 0.02830739 -0.6501816 -0.766913 0.2963929 -0.5692062 0 0.4618503 -0.8869579 0 0.7661264 -0.6426899 0.001810202 0.939139 -0.3435325 -0.7563757 0.6535998 0.02651654 -0.001360319 0.991247 0.1320136 0.006477835 0.8637979 0.5037967 0 0.8434537 0.5372018 0 0.5372044 0.8434521 0 0.5372044 0.8434521 0 0.1305279 0.9914446 0 0.1305279 0.9914446 -0.7641651 -0.166942 0.6230426 0 -0.2588164 0.9659265 -0.7592481 -0.1409256 0.63536 -0.7591681 -0.396237 0.5163913 0 -0.6087575 0.7933563 -0.7592504 -0.5772338 0.3005659 0 -0.8869624 0.4618417 -0.7702595 -0.6377306 -8.252227e-19 -0.767958 -0.5560745 -0.317839 0.007418562 -0.9266346 -0.3758899 -0.007924142 -0.6778129 -0.7351917 -0.7662745 -0.3212563 -0.556433 -0.007923618 -0.2977911 -0.9545982 -0.7660175 -1.172904e-05 -0.6428197 -0.00135936 0.1320316 -0.9912446 -0.7571668 0.3042353 -0.5780479 -0.7586917 0.5162253 -0.3973642 -0.008880224 0.8450041 -0.5346861 -0.7543601 0.6338382 -0.1708507 -0.006288977 0.9912323 -0.1319807 0.006288886 0.9912323 0.1319809 0.003478528 0.866024 0.4999903 -0.007422357 0.6029096 0.797775 -0.7694785 0.1418924 0.6227113 -0.008879769 -0.8855578 0.4644443 -0.7705424 -0.4300146 0.4704804 0.007417489 -0.6029213 0.7977662 0.001359165 -0.9244616 0.3812728 -0.01294018 -0.9999163 1.937473e-05 0 -1 2.272067e-05 0.001360603 -0.9244582 -0.381281 -0.01342269 -0.8659375 -0.499972 0.003481991 -0.7070948 -0.7071102 -0.01102492 -0.5359567 -0.8441735 0.006290455 -0.3840507 -0.9232906 -0.00748412 -0.1080411 -0.9941183 -0.7558082 0.02755734 -0.654213 -0.002267696 0.3235037 -0.9462242 0.01151469 0.4631026 -0.8862299 -0.003943394 0.6404251 -0.7680105 0.00628934 0.7942338 -0.6075797 -0.006560542 0.8667527 -0.498695 -0.7641432 0.6293255 -0.1415436 -0.001357921 0.9916421 -0.1290117 -0.7649058 0.628238 0.1422537 0 0.9659232 0.258829 0 0.7933537 0.608761 -0.003249513 0.7812003 0.624272 0.004108694 0.5025838 0.8645187 -0.002973696 0.4402713 0.8978599 0.004464819 0.127581 0.9918181 0 0.08726863 0.9961848 0 -0.3005913 0.953753 -0.7621557 -0.1666229 0.6255841 -0.006290358 -0.381325 0.9244196 0.006288181 -0.6099373 0.7924247 -0.006560423 -0.7081559 0.7060256 0.008880943 -0.885557 0.4644457 -0.00135722 -0.9244561 0.3812861 -0.7571695 -0.6527184 0.02555404 0 -0.9238804 -0.3826815 0 -0.9238804 -0.3826815 0 -0.6756676 -0.7372064 0 -0.6756676 -0.7372064 0 -0.3006056 -0.9537485 0 -0.3006056 -0.9537485 0 0.1305187 -0.9914458 0 0.1305187 -0.9914458 -0.7686889 0.3198165 -0.5539267 0 0.7933618 -0.6087504 0 0.7933618 -0.6087504 0 0.9659247 -0.2588234 -0.006410986 0.9752882 -0.2208434 0.001359975 0.9916423 0.1290105 -0.7563738 0.5527692 0.3497782 -0.001358093 0.7924217 0.6099722 0.006411997 0.533481 0.8457878 -0.006411301 0.4657351 0.884901 0.001359324 0.1320443 0.9912429 0.006291031 0.6075843 -0.7942303 -0.006287872 0.7942481 -0.607561 0.006560382 0.8667559 -0.4986894 -0.002933993 0.9765721 -0.2151703 -0.007420243 0.9923484 -0.1232463 -0.008188294 0.9554386 0.2950763 0 0.9659294 0.2588058 0 0.7372045 0.6756697 -0.006478647 0.7101997 0.7039704 0.001358917 0.3840752 0.9233008 -0.008878814 0.2977665 0.9545975 -0.7690731 -0.02592065 0.638635 -0.001357723 -0.1320306 0.9912447 0.6556008 -0.3804301 0.6522734 -0.7682081 -0.5530107 0.3225454 0 -0.843444 0.5372171 -0.002532853 -0.9938144 0.1110245 -0.758391 -0.6517999 -2.41753e-05 -0.002268419 -0.9462243 -0.3235034 0.01151382 -0.8862272 -0.4631077 -0.003944212 -0.7680107 -0.6404249 0.006288819 -0.6075707 -0.7942407 -0.01102683 -0.4630964 -0.8862393 -0.7643959 -0.1414705 -0.629035 -0.7644048 0.1414607 -0.6290263 0.01342551 -0.2587915 0.9658399 -0.001359302 -0.384106 0.923288 0.006479304 -0.7102072 0.7039629 0 -0.7372144 0.6756589 0 -0.9537448 0.3006174 0 -0.9537448 0.3006174 0 -0.991445 -0.1305254 0 -0.991445 -0.1305254 -0.7686856 -0.5539302 -0.3198184 0.001358287 -0.609977 -0.792418 0.008878511 -0.2194335 -0.9755871 0.00641059 0.2208481 -0.9752871 0.00135822 0.6075637 -0.7942698 0.008879191 0.8855579 -0.4644441 -0.001359092 0.9244579 -0.3812818 0.006478534 0.9999693 0.004407582 0 0.9990529 0.04351297 0 0.8869614 0.4618435 -0.006478836 0.8682013 0.4961698 0.001358287 0.609977 0.792418 -0.01342631 0.4999482 0.8659512 0.007922586 0.2194182 0.9755987 -0.007925068 0.04058081 0.9991448 0 -0.7933425 -0.6087755 -0.003249087 -0.7811903 -0.6242845 0.004108662 -0.5025821 -0.8645197 -0.002973238 -0.4402734 -0.8978588 0.004464736 -0.1275851 -0.9918176 0 -0.08727414 -0.9961843 0 0.3006001 -0.9537503 0.008115537 0.2643744 -0.964386 0.002933501 0.6746473 -0.7381344 0.007419278 0.6029223 -0.7977654 -0.008878814 0.8855572 -0.4644454 0.001359424 0.9244587 -0.3812798 -0.006477218 0.9999693 0.004402669 -0.7757861 0.6303987 0.02744882 0 0.8869567 0.4618526 0 0.8869567 0.4618526 0 0.6427005 0.7661175 0.001813097 0.3435424 0.9391354 -0.7543618 0.0009953805 0.6564581 -0.006290705 -0.1290763 0.9916147 -0.7571159 -0.2508936 0.6031815 -0.01102986 -0.5359669 0.8441669 -0.756642 -0.4807074 0.4431854 -0.007922536 -0.8449929 0.5347188 -0.7660133 -0.620916 0.1663937 -0.001357603 -0.9916397 0.1290304 -0.7649119 -0.628231 -0.1422516 0 -0.9659245 -0.2588241 -0.7669129 -0.2963923 0.5692066 0.001358918 -0.7924342 0.609956 0.006562541 -0.9655142 0.2602678 0.006288818 -0.9912327 -0.1319782 -0.764141 -0.5450894 -0.3449148 -0.001358916 -0.792432 -0.6099588 -0.768212 -0.3176546 -0.5558291 0.008115324 -0.4949795 -0.8688668 -0.7679568 -0.00277708 -0.6404956 0.007418915 -0.1377905 -0.9904336 -0.7662742 0.321259 -0.5564319 -0.7660144 0.5566922 -0.3214277 -0.001358677 0.9244546 -0.3812897 -0.7682149 0.6401859 0.00281868 0 0.9990528 0.04351354 -0.7702612 0.5522854 0.3188707 -0.7702592 0.318866 0.5522909 -0.7702625 5.373043e-06 0.637727 -0.6532263 6.379325e-06 0.7571628 -0.6940144 -0.4240463 0.5818323 -0.6940132 -0.600103 0.3977714 -0.6940131 -0.5488461 0.4659547 -0.6940127 -0.4898836 0.5275988 -0.694012 -0.6429389 0.3240015 -0.6940146 -0.6767437 0.2456861 -0.6940109 -0.7010555 0.1639206 -0.694014 -0.7155198 0.07985024 -0.6940128 -0.7199429 -0.00533419 -0.6940123 -0.7142589 -0.0904494 -0.6940155 -0.6985464 -0.1742854 -0.6940106 -0.6730347 -0.2556828 -0.6940132 -0.6380647 -0.3334952 -0.6940134 -0.5941439 -0.4066184 -0.6940127 -0.5418823 -0.4740358 -0.6940134 -0.4820131 -0.5347978 -0.6940127 -0.4153786 -0.5880535 -0.6940132 -0.3429118 -0.6330539 -0.6940131 -0.2656326 -0.6691675 -0.6940117 -0.1846201 -0.6958903 -0.6940155 -0.1010224 -0.7128373 -0.6940111 -0.01600593 -0.7197864 -0.694012 0.0692472 -0.7166255 -0.6940156 0.1535128 -0.7034033 -0.6940113 0.2356275 -0.6803146 -0.6940137 0.3144385 -0.6476677 -0.6940132 0.3888308 -0.6059342 -0.6940126 0.4577681 -0.5556931 -0.6940132 0.5202785 -0.4976504 -0.6940122 0.5754871 -0.4326218 -0.6940135 0.6226146 -0.3615194 -0.6940123 0.6610038 -0.2853435 -0.6940142 0.6901104 -0.205163 -0.6940111 0.7095352 -0.1221 -0.6940145 0.7189929 -0.03732293 -0.6940121 0.7183632 0.04797452 -0.694014 0.7076453 0.1326002 -0.694012 0.6869972 0.2153655 -0.6940136 0.6567013 0.2951076 -0.6940122 0.6171896 0.3707076 -0.6940146 0.5690127 0.441099 -0.6940118 0.5128515 0.5053029 -0.6940139 0.4494861 0.5624117 -0.6940112 0.3798119 0.6116301 -0.6940142 0.3048039 0.6522568 -0.6940127 0.2255235 0.6837291 -0.6940131 0.1430731 0.7056033 -0.6940128 0.05861473 0.7175726 -0.6940126 -0.02666793 0.7194688 -0.6940137 -0.1115731 0.7112639 -0.6940115 -0.3522559 0.6279043 -0.6940136 -0.2755159 0.6651587 -0.6940126 -0.1949126 0.6930769 -1 0 0 -1 0 0 -1 0 0 -1 0 0 -1 0 0 -1 0 0 -1 0 0 -1 0 0 -1 0 0 -1 0 0 -1 0 0 -1 0 0 -1 0 0 -1 0 0 -1 0 0 -1 0 0 -1 0 0 -1 0 0 -1 0 0 -1 0 0 -1 0 0 -1 0 0 -1 0 0 -1 0 0 -1 0 0 -1 0 0 -1 0 0 -1 0 0 -1 0 0 -1 0 0 -1 0 0 -1 0 0 -1 0 0 -1 0 0 -1 0 0 -1 0 0 -1 0 0 -1 0 0 -0.7252032 -0.6864125 0.05402098 -0.7251975 -0.6695167 0.1607357 -0.7252021 -0.636126 0.2634873 -0.7292171 -0.5739648 0.372568 -1 0 0 -1 0 0 -0.725202 0.4471708 0.5235651 -0.7252001 0.3597595 0.5870758 -1 0 0 -1 0 0 -0.7252009 0.05402098 0.6864148 -0.7252004 0.1607369 0.6695132 -1 0 0 -0.7252001 0.2634927 0.6361261 -1 0 0 -1 0 0 -1 0 0 -1 0 0 -0.7251998 0.6864161 -0.05402042 -0.7252022 0.5235649 -0.4471707 -0.7251997 0.5870758 -0.3597601 -0.7252008 0.6695135 -0.160734 -1 0 0 -1 0 0 -0.7252007 0.6361255 -0.2634924 -1 0 0 -1 0 0 -1 0 0 -1 0 0 -1 0 0 -0.7252032 -0.05402098 -0.6864125 -0.7251993 -0.1607403 -0.6695137 -0.7252029 -0.4471723 -0.5235624 -0.7252015 -0.3597553 -0.5870766 -1 0 0 -0.7251988 -0.2634893 -0.636129 -1 0 0 -0.7251967 0.05402078 -0.6864193 -0.7251989 0.4471674 -0.5235722 -0.7236945 0.1587646 -0.6716101 -0.7220592 0.2647542 -0.639168 -0.7236908 0.3626365 -0.5871681 -0.7251964 -0.6864197 -0.05401998 -0.7252035 -0.6695115 -0.1607306 -0.7251999 -0.6361254 -0.263495 -0.725201 -0.5870728 -0.3597626 -0.7251972 -0.5235736 -0.4471686 -0.7251992 -0.05402149 0.6864166 -0.729214 -0.4577694 0.5086198 -0.7252012 -0.1607341 0.6695131 -0.7252 -0.2634917 0.6361267 -0.7252019 -0.3597616 0.5870723 -0.7251973 0.5235699 0.4471727 -0.7251995 0.6864164 0.05401973 -0.725201 0.6695135 0.1607331 -0.7252001 0.6361268 0.2634908 -0.7252025 0.587071 0.3597625 -0.7377041 -0.2583566 0.6237344 -0.7376964 -0.4109928 0.5356202 -0.7377012 -0.5356082 0.4109997 -0.7377034 -0.6237346 0.2583579 -0.6788717 -0.6783655 0.2809866 -0.7376984 -0.6693552 0.08811716 -0.678876 -0.7279721 0.09583376 -0.7461242 -0.6601102 -0.08690906 0 -0.9238767 -0.3826903 0 -0.7933558 -0.6087582 -0.7461229 -0.4053241 -0.5282168 -0.737703 -0.2583587 -0.6237348 -0.7376987 -0.08811802 -0.6693548 -0.7376979 0.08811575 -0.669356 -0.7377038 0.2583561 -0.6237349 -0.7376988 0.4109954 -0.5356148 -0.7376991 0.5356137 -0.4109963 -0.7377037 0.6237346 -0.2583571 -0.7377004 0.669354 -0.08810994 -0.7376962 0.6693568 0.08812364 -0.7377034 0.6237346 0.2583579 -0.7376967 0.5356198 0.4109927 -0.7377009 0.4109998 0.5356086 0.6788719 0.2809879 0.6783648 -0.7377018 0.08810911 0.6693526 -0.7376948 -0.08812466 0.6693582 -0.4245637 0.3948412 -0.8147675 -0.316819 0.2987196 -0.9002179 -0.6819201 0.2066126 -0.7016383 -0.692849 0.1585714 -0.7034311 -0.6898698 0.0567975 -0.721702 -0.6898639 -0.05679871 -0.7217075 -0.6898674 -0.1690037 -0.7039323 -0.6898679 -0.2770345 -0.6688305 -0.6898654 -0.378252 -0.617261 -0.6898641 -0.4701654 -0.5504834 -0.6898693 -0.5504865 -0.4701541 -0.6898659 -0.6172561 -0.3782591 -0.6898669 -0.6688287 -0.2770413 -0.6898636 -0.703938 -0.1689954 -0.68987 -0.7217018 -0.05679661 -0.6898639 -0.7217075 0.05679871 -0.6898691 -0.7039321 0.168998 -0.6898649 -0.6688334 0.2770349 -0.6898664 -0.617257 0.3782566 -0.6840433 -0.5546679 0.4737385 -0.6898691 -0.4701566 0.5504847 -0.6898651 -0.378259 0.6172571 -0.6898668 -0.2770379 0.6688302 -0.6898657 -0.168998 0.7039353 -0.6898675 -0.05679863 0.7217041 -0.6898659 0.05679837 0.7217056 -0.6898664 0.1690006 0.7039341 -0.6898667 0.277039 0.6688299 -0.6898667 0.378255 0.6172577 -0.689865 0.4701626 0.5504847 -0.6898693 0.5504828 0.4701586 -0.6898645 0.6172567 0.3782606 -0.6898666 0.6688306 0.2770371 -0.6898658 0.7039355 0.1689969 -0.6898672 0.7217045 0.05679684 -0.689867 0.7217046 -0.0567976 -0.689866 0.7039351 -0.1689978 -0.6898661 0.6688303 -0.2770392 -0.689867 0.6172572 -0.3782553 -0.6898648 0.5504848 -0.4701627 -0.6898677 0.4701551 -0.5504877 -0.7180374 0.3746773 -0.5865486 1 0 0 1 0 0 1 0 0 1 0 0 1 0 0 -1 0 0 -1 0 0 -1 0 0 -1 0 0 -1 0 0 -1 0 0 -1 0 0 -1 0 0 -1 0 0 -1 0 0 -1 0 0 -1 0 0 -1 0 0 -1 0 0 -1 0 0 -1 0 0 -1 0 0 -1 0 0 -0.9013305 -0.1657495 0.4001631 -0.6447194 -0.7021847 0.3021153 -1 0 0 -1 0 0 -1 0 0 -1 0 0 -1 0 0 -1 0 0 -1 0 0 -1 0 0 -1 0 0 -1 0 0 -1 0 0 -1 0 0 -1 0 0 -1 0 0 -1 0 0 -1 0 0 -1 0 0 -1 0 0 -1 0 0 -1 0 0 -1 0 0 -1 0 0 -0.6447181 0.2829032 0.7101439 -1 0 0 -1 0 0 -1 0 0 -1 0 0 -1 0 0 -1 0 0 -1 0 0 -1 0 0 -1 0 0 -1 0 0 -1 0 0 -1 0 0 -1 0 0 -1 0 0 -0.9743089 0.08335091 0.2092242 -1 0 0 -1 0 0 -1 0 0 -1 0 0 -1 0 0 -1 0 0 -1 0 0 -1 0 0 -1 0 0 -1 0 0 -1 0 0 -1 0 0 -1 0 0 -1 0 0 -1 0 0 -1 0 0 -1 0 0 -1 0 0 -1 0 0 -1 0 0 -1 0 0 -1 0 0 -0.9743089 -0.2068784 0.08901429 -1 0 0 -1 0 0 -1 0 0 -1 0 0 -1 0 0 -1 0 0 -1 0 0 -1 0 0 -1 0 0 -1 0 0 -1 0 0 -1 0 0 -1 0 0 -1 0 0 -0.5787944 -0.3120679 0.7533994 -0.5490242 0.3093234 0.7764609 -0.5490255 -0.7677574 0.3303324</float_array>
          <technique_common>
            <accessor count="800" source="#normals-array-array" stride="3">
              <param type="float" name="X"/>
              <param type="float" name="Y"/>
              <param type="float" name="Z"/>
            </accessor>
          </technique_common>
        </source>
        <source id="colors-array">
          <float_array count="2400" id="colors-array-array">0.2941176 0.2941176 0.2941176 0.2941176 0.2941176 0.2941176 0.2941176 0.2941176 0.2941176 0.2941176 0.2941176 0.2941176 0.2941176 0.2941176 0.2941176 0.2941176 0.2941176 0.2941176 0.2941176 0.2941176 0.2941176 0.2941176 0.2941176 0.2941176 0.2941176 0.2941176 0.2941176 0.2941176 0.2941176 0.2941176 0.2941176 0.2941176 0.2941176 0.2941176 0.2941176 0.2941176 0.2941176 0.2941176 0.2941176 0.2941176 0.2941176 0.2941176 0.2941176 0.2941176 0.2941176 0.2941176 0.2941176 0.2941176 0.2941176 0.2941176 0.2941176 0.2941176 0.2941176 0.2941176 0.2941176 0.2941176 0.2941176 0.2941176 0.2941176 0.2941176 0.2941176 0.2941176 0.2941176 0.2941176 0.2941176 0.2941176 0.2941176 0.2941176 0.2941176 0.2941176 0.2941176 0.2941176 0.2941176 0.2941176 0.2941176 0.2941176 0.2941176 0.2941176 0.2941176 0.2941176 0.2941176 0.2941176 0.2941176 0.2941176 0.2941176 0.2941176 0.2941176 0.2941176 0.2941176 0.2941176 0.2941176 0.2941176 0.2941176 0.2941176 0.2941176 0.2941176 0.2941176 0.2941176 0.2941176 0.2941176 0.2941176 0.2941176 0.2941176 0.2941176 0.2941176 0.2941176 0.2941176 0.2941176 0.2941176 0.2941176 0.2941176 0.2941176 0.2941176 0.2941176 0.2941176 0.2941176 0.2941176 0.2941176 0.2941176 0.2941176 0.2941176 0.2941176 0.2941176 0.2941176 0.2941176 0.2941176 0.2941176 0.2941176 0.2941176 0.2941176 0.2941176 0.2941176 0.2941176 0.2941176 0.2941176 0.2941176 0.2941176 0.2941176 0.2941176 0.2941176 0.2941176 0.2941176 0.2941176 0.2941176 0.2941176 0.2941176 0.2941176 0.2941176 0.2941176 0.2941176 0.2941176 0.2941176 0.2941176 0.2941176 0.2941176 0.2941176 0.2941176 0.2941176 0.2941176 0.2941176 0.2941176 0.2941176 0.2941176 0.2941176 0.2941176 0.2941176 0.2941176 0.2941176 0.2941176 0.2941176 0.2941176 0.2941176 0.2941176 0.2941176 0.2941176 0.2941176 0.2941176 0.2941176 0.2941176 0.2941176 0.2941176 0.2941176 0.2941176 0.2941176 0.2941176 0.2941176 0.2941176 0.2941176 0.2941176 0.2941176 0.2941176 0.2941176 0.2941176 0.2941176 0.2941176 0.2941176 0.2941176 0.2941176 0.2941176 0.2941176 0.2941176 0.2941176 0.2941176 0.2941176 0.2941176 0.2941176 0.2941176 0.2941176 0.2941176 0.2941176 0.2941176 0.2941176 0.2941176 0.2941176 0.2941176 0.2941176 0.2941176 0.2941176 0.2941176 0.2941176 0.2941176 0.2941176 0.2941176 0.2941176 0.2941176 0.2941176 0.2941176 0.2941176 0.2941176 0.2941176 0.2941176 0.2941176 0.2941176 0.2941176 0.2941176 0.2941176 0.2941176 0.2941176 0.2941176 0.2941176 0.2941176 0.2941176 0.2941176 0.2941176 0.2941176 0.2941176 0.2941176 0.2941176 0.2941176 0.2941176 0.2941176 0.2941176 0.2941176 0.2941176 0.2941176 0.2941176 0.2941176 0.2941176 0.2941176 0.2941176 0.2941176 0.2941176 0.2941176 0.2941176 0.2941176 0.2941176 0.2941176 0.2941176 0.2941176 0.2941176 0.2941176 0.2941176 0.2941176 0.2941176 0.2941176 0.2941176 0.2941176 0.2941176 0.2941176 0.2941176 0.2941176 0.2941176 0.2941176 0.2941176 0.2941176 0.2941176 0.2941176 0.2941176 0.2941176 0.2941176 0.2941176 0.2941176 0.2941176 0.2941176 0.2941176 0.2941176 0.2941176 0.2941176 0.2941176 0.2941176 0.2941176 0.2941176 0.2941176 0.2941176 0.2941176 0.2941176 0.2941176 0.2941176 0.2941176 0.2941176 0.2941176 0.2941176 0.2941176 0.2941176 0.2941176 0.2941176 0.2941176 0.2941176 0.2941176 0.2941176 0.2941176 0.2941176 0.2941176 0.2941176 0.2941176 0.2941176 0.2941176 0.2941176 0.2941176 0.2941176 0.2941176 0.2941176 0.2941176 0.2941176 0.2941176 0.2941176 0.2941176 0.2941176 0.2941176 0.2941176 0.2941176 0.2941176 0.2941176 0.2941176 0.2941176 0.2941176 0.2941176 0.2941176 0.2941176 0.2941176 0.2941176 0.2941176 0.2941176 0.2941176 0.2941176 0.2941176 0.2941176 0.2941176 0.2941176 0.2941176 0.2941176 0.2941176 0.2941176 0.2941176 0.2941176 0.2941176 0.2941176 0.2941176 0.2941176 0.2941176 0.2941176 0.2941176 0.2941176 0.2941176 0.2941176 0.2941176 0.2941176 0.2941176 0.2941176 0.2941176 0.2941176 0.2941176 0.2941176 0.2941176 0.2941176 0.2941176 0.2941176 0.2941176 0.2941176 0.2941176 0.2941176 0.2941176 0.2941176 0.2941176 0.2941176 0.2941176 0.2941176 0.2941176 0.2941176 0.2941176 0.2941176 0.2941176 0.2941176 0.2941176 0.2941176 0.2941176 0.2941176 0.2941176 0.2941176 0.2941176 0.2941176 0.2941176 0.2941176 0.2941176 0.2941176 0.2941176 0.2941176 0.2941176 0.2941176 0.2941176 0.2941176 0.2941176 0.2941176 0.2941176 0.2941176 0.2941176 0.2941176 0.2941176 0.2941176 0.2941176 0.2941176 0.2941176 0.2941176 0.2941176 0.2941176 0.2941176 0.2941176 0.2941176 0.2941176 0.2941176 0.2941176 0.2941176 0.2941176 0.2941176 0.2941176 0.2941176 0.2941176 0.2941176 0.2941176 0.2941176 0.2941176 0.2941176 0.2941176 0.2941176 0.2941176 0.2941176 0.2941176 0.2941176 0.2941176 0.2941176 0.2941176 0.2941176 0.2941176 0.2941176 0.2941176 0.2941176 0.2941176 0.2941176 0.2941176 0.2941176 0.2941176 0.2941176 0.2941176 0.2941176 0.2941176 0.2941176 0.2941176 0.2941176 0.2941176 0.2941176 0.2941176 0.2941176 0.2941176 0.2941176 0.2941176 0.2941176 0.2941176 0.2941176 0.2941176 0.2941176 0.2941176 0.2941176 0.2941176 0.2941176 0.2941176 0.2941176 0.2941176 0.2941176 0.2941176 0.2941176 0.2941176 0.2941176 0.2941176 0.2941176 0.2941176 0.2941176 0.2941176 0.2941176 0.2941176 0.2941176 0.2941176 0.2941176 0.2941176 0.2941176 0.2941176 0.2941176 0.2941176 0.2941176 0.2941176 0.2941176 0.2941176 0.2941176 0.2941176 0.2941176 0.2941176 0.2941176 0.2941176 0.2941176 0.2941176 0.2941176 0.2941176 0.2941176 0.2941176 0.2941176 0.2941176 0.2941176 0.2941176 0.2941176 0.2941176 0.2941176 0.2941176 0.2941176 0.2941176 0.2941176 0.2941176 0.2941176 0.2941176 0.2941176 0.2941176 0.2941176 0.2941176 0.2941176 0.2941176 0.2941176 0.2941176 0.2941176 0.2941176 0.2941176 0.2941176 0.2941176 0.2941176 0.2941176 0.2941176 0.2941176 0.2941176 0.2941176 0.2941176 0.2941176 0.2941176 0.2941176 0.2941176 0.2941176 0.2941176 0.2941176 0.2941176 0.2941176 0.2941176 0.2941176 0.2941176 0.2941176 0.2941176 0.2941176 0.2941176 0.2941176 0.2941176 0.2941176 0.2941176 0.2941176 0.2941176 0.2941176 0.2941176 0.2941176 0.2941176 0.2941176 0.2941176 0.2941176 0.2941176 0.2941176 0.2941176 0.2941176 0.2941176 0.2941176 0.2941176 0.2941176 0.2941176 0.2941176 0.2941176 0.2941176 0.2941176 0.2941176 0.2941176 0.2941176 0.2941176 0.2941176 0.2941176 0.2941176 0.2941176 0.2941176 0.2941176 0.2941176 0.2941176 0.2941176 0.2941176 0.2941176 0.2941176 0.2941176 0.2941176 0.2941176 0.2941176 0.2941176 0.2941176 0.2941176 0.2941176 0.2941176 0.2941176 0.2941176 0.2941176 0.2941176 0.2941176 0.2941176 0.2941176 0.2941176 0.2941176 0.2941176 0.2941176 0.2941176 0.2941176 0.2941176 0.2941176 0.2941176 0.2941176 0.2941176 0.2941176 0.2941176 0.2941176 0.2941176 0.2941176 0.2941176 0.2941176 0.2941176 0.2941176 0.2941176 0.2941176 0.2941176 0.2941176 0.2941176 0.2941176 0.2941176 0.2941176 0.2941176 0.2941176 0.2941176 0.2941176 0.2941176 0.2941176 0.2941176 0.2941176 0.2941176 0.2941176 0.2941176 0.2941176 0.2941176 0.2941176 0.2941176 0.2941176 0.2941176 0.2941176 0.2941176 0.2941176 0.2941176 0.2941176 0.2941176 0.2941176 0.2941176 0.2941176 0.2941176 0.2941176 0.2941176 0.2941176 0.2941176 0.2941176 0.2941176 0.2941176 0.2941176 0.2941176 0.2941176 0.2941176 0.2941176 0.2941176 0.2941176 0.2941176 0.2941176 0.2941176 0.2941176 0.2941176 0.2941176 0.2941176 0.2941176 0.2941176 0.2941176 0.2941176 0.2941176 0.2941176 0.2941176 0.2941176 0.2941176 0.2941176 0.2941176 0.2941176 0.2941176 0.2941176 0.2941176 0.2941176 0.2941176 0.2941176 0.2941176 0.2941176 0.2941176 0.2941176 0.2941176 0.2941176 0.2941176 0.2941176 0.2941176 0.2941176 0.2941176 0.2941176 0.2941176 0.2941176 0.2941176 0.2941176 0.2941176 0.2941176 0.2941176 0.2941176 0.2941176 0.2941176 0.2941176 0.2941176 0.2941176 0.2941176 0.2941176 0.2941176 0.2941176 0.2941176 0.2941176 0.2941176 0.2941176 0.2941176 0.2941176 0.2941176 0.2941176 0.2941176 0.2941176 0.2941176 0.2941176 0.2941176 0.2941176 0.2941176 0.2941176 0.2941176 0.2941176 0.2941176 0.2941176 0.2941176 0.2941176 0.2941176 0.2941176 0.2941176 0.2941176 0.2941176 0.2941176 0.2941176 0.2941176 0.2941176 0.2941176 0.2941176 0.2941176 0.2941176 0.2941176 0.2941176 0.2941176 0.2941176 0.2941176 0.2941176 0.2941176 0.2941176 0.2941176 0.2941176 0.2941176 0.2941176 0.2941176 0.2941176 0.2941176 0.2941176 0.2941176 0.2941176 0.2941176 0.2941176 0.2941176 0.2941176 0.2941176 0.2941176 0.2941176 0.2941176 0.2941176 0.2941176 0.2941176 0.2941176 0.2941176 0.2941176 0.2941176 0.2941176 0.2941176 0.2941176 0.2941176 0.2941176 0.2941176 0.2941176 0.2941176 0.2941176 0.2941176 0.2941176 0.2941176 0.2941176 0.2941176 0.2941176 0.2941176 0.2941176 0.2941176 0.2941176 0.2941176 0.2941176 0.2941176 0.2941176 0.2941176 0.2941176 0.2941176 0.2941176 0.2941176 0.2941176 0.2941176 0.2941176 0.2941176 0.2941176 0.2941176 0.2941176 0.2941176 0.2941176 0.2941176 0.2941176 0.2941176 0.2941176 0.2941176 0.2941176 0.2941176 0.2941176 0.2941176 0.2941176 0.2941176 0.2941176 0.2941176 0.2941176 0.2941176 0.2941176 0.2941176 0.2941176 0.2941176 0.2941176 0.2941176 0.2941176 0.2941176 0.2941176 0.2941176 0.2941176 0.2941176 0.2941176 0.2941176 0.2941176 0.2941176 0.2941176 0.2941176 0.2941176 0.2941176 0.2941176 0.2941176 0.2941176 0.2941176 0.2941176 0.2941176 0.2941176 0.2941176 0.2941176 0.2941176 0.2941176 0.2941176 0.2941176 0.2941176 0.2941176 0.2941176 0.2941176 0.2941176 0.2941176 0.2941176 0.2941176 0.2941176 0.2941176 0.2941176 0.2941176 0.2941176 0.2941176 0.2941176 0.2941176 0.2941176 0.2941176 0.2941176 0.2941176 0.2941176 0.2941176 0.2941176 0.2941176 0.2941176 0.2941176 0.2941176 0.2941176 0.2941176 0.2941176 0.2941176 0.2941176 0.2941176 0.2941176 0.2941176 0.2941176 0.2941176 0.2941176 0.2941176 0.2941176 0.2941176 0.2941176 0.2941176 0.2941176 0.2941176 0.2941176 0.2941176 0.2941176 0.2941176 0.2941176 0.2941176 0.2941176 0.2941176 0.2941176 0.2941176 0.2941176 0.2941176 0.2941176 0.2941176 0.2941176 0.2941176 0.2941176 0.2941176 0.2941176 0.2941176 0.2941176 0.2941176 0.2941176 0.2941176 0.2941176 0.2941176 0.2941176 0.2941176 0.2941176 0.2941176 0.2941176 0.2941176 0.2941176 0.2941176 0.2941176 0.2941176 0.2941176 0.2941176 0.2941176 0.2941176 0.2941176 0.2941176 0.2941176 0.2941176 0.2941176 0.2941176 0.2941176 0.2941176 0.2941176 0.2941176 0.2941176 0.2941176 0.2941176 0.2941176 0.2941176 0.2941176 0.2941176 0.2941176 0.2941176 0.2941176 0.2941176 0.2941176 0.2941176 0.2941176 0.2941176 0.2941176 0.2941176 0.2941176 0.2941176 0.2941176 0.2941176 0.2941176 0.2941176 0.2941176 0.2941176 0.2941176 0.2941176 0.2941176 0.2941176 0.2941176 0.2941176 0.2941176 0.2941176 0.2941176 0.2941176 0.2941176 0.2941176 0.2941176 0.2941176 0.2941176 0.2941176 0.2941176 0.2941176 0.2941176 0.2941176 0.2941176 0.2941176 0.2941176 0.2941176 0.2941176 0.2941176 0.2941176 0.2941176 0.2941176 0.2941176 0.2941176 0.2941176 0.2941176 0.2941176 0.2941176 0.2941176 0.2941176 0.2941176 0.2941176 0.2941176 0.2941176 0.2941176 0.2941176 0.2941176 0.2941176 0.2941176 0.2941176 0.2941176 0.2941176 0.2941176 0.2941176 0.2941176 0.2941176 0.2941176 0.2941176 0.2941176 0.2941176 0.2941176 0.2941176 0.2941176 0.2941176 0.2941176 0.2941176 0.2941176 0.2941176 0.2941176 0.2941176 0.2941176 0.2941176 0.2941176 0.2941176 0.2941176 0.2941176 0.2941176 0.2941176 0.2941176 0.2941176 0.2941176 0.2941176 0.2941176 0.2941176 0.2941176 0.2941176 0.2941176 0.2941176 0.2941176 0.2941176 0.2941176 0.2941176 0.2941176 0.2941176 0.2941176 0.2941176 0.2941176 0.2941176 0.2941176 0.2941176 0.2941176 0.2941176 0.2941176 0.2941176 0.2941176 0.2941176 0.2941176 0.2941176 0.2941176 0.2941176 0.2941176 0.2941176 0.2941176 0.2941176 0.2941176 0.2941176 0.2941176 0.2941176 0.2941176 0.2941176 0.2941176 0.2941176 0.2941176 0.2941176 0.2941176 0.2941176 0.2941176 0.2941176 0.2941176 0.2941176 0.2941176 0.2941176 0.2941176 0.2941176 0.2941176 0.2941176 0.2941176 0.2941176 0.2941176 0.2941176 0.2941176 0.2941176 0.2941176 0.2941176 0.2941176 0.2941176 0.2941176 0.2941176 0.2941176 0.2941176 0.2941176 0.2941176 0.2941176 0.2941176 0.2941176 0.2941176 0.2941176 0.2941176 0.2941176 0.2941176 0.2941176 0.2941176 0.2941176 0.2941176 0.2941176 0.2941176 0.2941176 0.2941176 0.2941176 0.2941176 0.2941176 0.2941176 0.2941176 0.2941176 0.2941176 0.2941176 0.2941176 0.2941176 0.2941176 0.2941176 0.2941176 0.2941176 0.2941176 0.2941176 0.2941176 0.2941176 0.2941176 0.2941176 0.2941176 0.2941176 0.2941176 0.2941176 0.2941176 0.2941176 0.2941176 0.2941176 0.2941176 0.2941176 0.2941176 0.2941176 0.2941176 0.2941176 0.2941176 0.2941176 0.2941176 0.2941176 0.2941176 0.2941176 0.2941176 0.2941176 0.2941176 0.2941176 0.2941176 0.2941176 0.2941176 0.2941176 0.2941176 0.2941176 0.2941176 0.2941176 0.2941176 0.2941176 0.2941176 0.2941176 0.2941176 0.2941176 0.2941176 0.2941176 0.2941176 0.2941176 0.2941176 0.2941176 0.2941176 0.2941176 0.2941176 0.2941176 0.2941176 0.2941176 0.2941176 0.2941176 0.2941176 0.2941176 0.2941176 0.2941176 0.2941176 0.2941176 0.2941176 0.2941176 0.2941176 0.2941176 0.2941176 0.2941176 0.2941176 0.2941176 0.2941176 0.2941176 0.2941176 0.2941176 0.2941176 0.2941176 0.2941176 0.2941176 0.2941176 0.2941176 0.2941176 0.2941176 0.2941176 0.2941176 0.2941176 0.2941176 0.2941176 0.2941176 0.2941176 0.2941176 0.2941176 0.2941176 0.2941176 0.2941176 0.2941176 0.2941176 0.2941176 0.2941176 0.2941176 0.2941176 0.2941176 0.2941176 0.2941176 0.2941176 0.2941176 0.2941176 0.2941176 0.2941176 0.2941176 0.2941176 0.2941176 0.2941176 0.2941176 0.2941176 0.2941176 0.2941176 0.2941176 0.2941176 0.2941176 0.2941176 0.2941176 0.2941176 0.2941176 0.2941176 0.2941176 0.2941176 0.2941176 0.2941176 0.2941176 0.2941176 0.2941176 0.2941176 0.2941176 0.2941176 0.2941176 0.2941176 0.2941176 0.2941176 0.2941176 0.2941176 0.2941176 0.2941176 0.2941176 0.2941176 0.2941176 0.2941176 0.2941176 0.2941176 0.2941176 0.2941176 0.2941176 0.2941176 0.2941176 0.2941176 0.2941176 0.2941176 0.2941176 0.2941176 0.2941176 0.2941176 0.2941176 0.2941176 0.2941176 0.2941176 0.2941176 0.2941176 0.2941176 0.2941176 0.2941176 0.2941176 0.2941176 0.2941176 0.2941176 0.2941176 0.2941176 0.2941176 0.2941176 0.2941176 0.2941176 0.2941176 0.2941176 0.2941176 0.2941176 0.2941176 0.2941176 0.2941176 0.2941176 0.2941176 0.2941176 0.2941176 0.2941176 0.2941176 0.2941176 0.2941176 0.2941176 0.2941176 0.2941176 0.2941176 0.2941176 0.2941176 0.2941176 0.2941176 0.2941176 0.2941176 0.2941176 0.2941176 0.2941176 0.2941176 0.2941176 0.2941176 0.2941176 0.2941176 0.2941176 0.2941176 0.2941176 0.2941176 0.2941176 0.2941176 0.2941176 0.2941176 0.2941176 0.2941176 0.2941176 0.2941176 0.2941176 0.2941176 0.2941176 0.2941176 0.2941176 0.2941176 0.2941176 0.2941176 0.2941176 0.2941176 0.2941176 0.2941176 0.2941176 0.2941176 0.2941176 0.2941176 0.2941176 0.2941176 0.2941176 0.2941176 0.2941176 0.2941176 0.2941176 0.2941176 0.2941176 0.2941176 0.2941176 0.2941176 0.2941176 0.2941176 0.2941176 0.2941176 0.2941176 0.2941176 0.2941176 0.2941176 0.2941176 0.2941176 0.2941176 0.2941176 0.2941176 0.2941176 0.2941176 0.2941176 0.2941176 0.2941176 0.2941176 0.2941176 0.2941176 0.2941176 0.2941176 0.2941176 0.2941176 0.2941176 0.2941176 0.2941176 0.2941176 0.2941176 0.2941176 0.2941176 0.2941176 0.2941176 0.2941176 0.2941176 0.2941176 0.2941176 0.2941176 0.2941176 0.2941176 0.2941176 0.2941176 0.2941176 0.2941176 0.2941176 0.2941176 0.2941176 0.2941176 0.2941176 0.2941176 0.2941176 0.2941176 0.2941176 0.2941176 0.2941176 0.2941176 0.2941176 0.2941176 0.2941176 0.2941176 0.2941176 0.2941176 0.2941176 0.2941176 0.2941176 0.2941176 0.2941176 0.2941176 0.2941176 0.2941176 0.2941176 0.2941176 0.2941176 0.2941176 0.2941176 0.2941176 0.2941176 0.2941176 0.2941176 0.2941176 0.2941176 0.2941176 0.2941176 0.2941176 0.2941176 0.2941176 0.2941176 0.2941176 0.2941176 0.2941176 0.2941176 0.2941176 0.2941176 0.2941176 0.2941176 0.2941176 0.2941176 0.2941176 0.2941176 0.2941176 0.2941176 0.2941176 0.2941176 0.2941176 0.2941176 0.2941176 0.2941176 0.2941176 0.2941176 0.2941176 0.2941176 0.2941176 0.2941176 0.2941176 0.2941176 0.2941176 0.2941176 0.2941176 0.2941176 0.2941176 0.2941176 0.2941176 0.2941176 0.2941176 0.2941176 0.2941176 0.2941176 0.2941176 0.2941176 0.2941176 0.2941176 0.2941176 0.2941176 0.2941176 0.2941176 0.2941176 0.2941176 0.2941176 0.2941176 0.2941176 0.2941176 0.2941176 0.2941176 0.2941176 0.2941176 0.2941176 0.2941176 0.2941176 0.2941176 0.2941176 0.2941176 0.2941176 0.2941176 0.2941176 0.2941176 0.2941176 0.2941176 0.2941176 0.2941176 0.2941176 0.2941176 0.2941176 0.2941176 0.2941176 0.2941176 0.2941176 0.2941176 0.2941176 0.2941176 0.2941176 0.2941176 0.2941176 0.2941176 0.2941176 0.2941176 0.2941176 0.2941176 0.2941176 0.2941176 0.2941176 0.2941176 0.2941176 0.2941176 0.2941176 0.2941176 0.2941176 0.2941176 0.2941176 0.2941176 0.2941176 0.2941176 0.2941176 0.2941176 0.2941176 0.2941176 0.2941176 0.2941176 0.2941176 0.2941176 0.2941176 0.2941176 0.2941176 0.2941176 0.2941176 0.2941176 0.2941176 0.2941176 0.2941176 0.2941176 0.2941176 0.2941176 0.2941176 0.2941176 0.2941176 0.2941176 0.2941176 0.2941176 0.2941176 0.2941176 0.2941176 0.2941176 0.2941176 0.2941176 0.2941176 0.2941176 0.2941176 0.2941176 0.2941176 0.2941176 0.2941176 0.2941176 0.2941176 0.2941176 0.2941176 0.2941176 0.2941176 0.2941176 0.2941176 0.2941176 0.2941176 0.2941176 0.2941176 0.2941176 0.2941176 0.2941176 0.2941176 0.2941176 0.2941176 0.2941176 0.2941176 0.2941176 0.2941176 0.2941176 0.2941176 0.2941176 0.2941176 0.2941176 0.2941176 0.2941176 0.2941176 0.2941176 0.2941176 0.2941176 0.2941176 0.2941176 0.2941176 0.2941176 0.2941176 0.2941176 0.2941176 0.2941176 0.2941176 0.2941176 0.2941176 0.2941176 0.2941176 0.2941176 0.2941176 0.2941176 0.2941176 0.2941176 0.2941176 0.2941176 0.2941176 0.2941176 0.2941176 0.2941176 0.2941176 0.2941176 0.2941176 0.2941176 0.2941176 0.2941176 0.2941176 0.2941176 0.2941176 0.2941176 0.2941176 0.2941176 0.2941176 0.2941176 0.2941176 0.2941176 0.2941176 0.2941176 0.2941176 0.2941176 0.2941176 0.2941176 0.2941176 0.2941176 0.2941176 0.2941176 0.2941176 0.2941176 0.2941176 0.2941176 0.2941176 0.2941176 0.2941176 0.2941176 0.2941176 0.2941176 0.2941176 0.2941176 0.2941176 0.2941176 0.2941176 0.2941176 0.2941176 0.2941176 0.2941176 0.2941176 0.2941176 0.2941176 0.2941176 0.2941176 0.2941176 0.2941176 0.2941176 0.2941176 0.2941176 0.2941176 0.2941176 0.2941176 0.2941176 0.2941176 0.2941176 0.2941176 0.2941176 0.2941176 0.2941176 0.2941176 0.2941176 0.2941176 0.2941176 0.2941176 0.2941176 0.2941176 0.2941176 0.2941176 0.2941176 0.2941176 0.2941176 0.2941176 0.2941176 0.2941176 0.2941176 0.2941176 0.2941176 0.2941176 0.2941176 0.2941176 0.2941176 0.2941176 0.2941176 0.2941176 0.2941176 0.2941176 0.2941176 0.2941176 0.2941176 0.2941176 0.2941176 0.2941176 0.2941176 0.2941176 0.2941176 0.2941176 0.2941176 0.2941176 0.2941176 0.2941176 0.2941176 0.2941176 0.2941176 0.2941176 0.2941176 0.2941176 0.2941176 0.2941176 0.2941176 0.2941176 0.2941176 0.2941176 0.2941176 0.2941176 0.2941176 0.2941176 0.2941176 0.2941176 0.2941176 0.2941176 0.2941176 0.2941176 0.2941176 0.2941176 0.2941176 0.2941176 0.2941176 0.2941176 0.2941176 0.2941176 0.2941176 0.2941176 0.2941176 0.2941176 0.2941176 0.2941176 0.2941176 0.2941176 0.2941176 0.2941176 0.2941176 0.2941176 0.2941176 0.2941176 0.2941176 0.2941176 0.2941176 0.2941176 0.2941176 0.2941176 0.2941176 0.2941176 0.2941176 0.2941176 0.2941176 0.2941176 0.2941176 0.2941176 0.2941176 0.2941176 0.2941176 0.2941176 0.2941176 0.2941176 0.2941176 0.2941176 0.2941176 0.2941176 0.2941176 0.2941176 0.2941176 0.2941176 0.2941176 0.2941176 0.2941176 0.2941176 0.2941176 0.2941176 0.2941176 0.2941176 0.2941176 0.2941176 0.2941176 0.2941176 0.2941176 0.2941176 0.2941176 0.2941176 0.2941176 0.2941176 0.2941176 0.2941176 0.2941176 0.2941176 0.2941176 0.2941176 0.2941176 0.2941176 0.2941176 0.2941176 0.2941176 0.2941176 0.2941176 0.2941176 0.2941176 0.2941176 0.2941176 0.2941176 0.2941176 0.2941176 0.2941176 0.2941176 0.2941176 0.2941176 0.2941176 0.2941176 0.2941176 0.2941176 0.2941176 0.2941176 0.2941176 0.2941176 0.2941176 0.2941176 0.2941176 0.2941176 0.2941176 0.2941176 0.2941176 0.2941176 0.2941176 0.2941176 0.2941176 0.2941176 0.2941176 0.2941176 0.2941176 0.2941176 0.2941176 0.2941176 0.2941176 0.2941176 0.2941176 0.2941176 0.2941176 0.2941176 0.2941176 0.2941176 0.2941176 0.2941176 0.2941176 0.2941176 0.2941176 0.2941176 0.2941176 0.2941176 0.2941176 0.2941176 0.2941176 0.2941176 0.2941176 0.2941176 0.2941176 0.2941176 0.2941176 0.2941176 0.2941176 0.2941176 0.2941176 0.2941176 0.2941176 0.2941176 0.2941176 0.2941176 0.2941176 0.2941176 0.2941176 0.2941176 0.2941176 0.2941176 0.2941176 0.2941176 0.2941176 0.2941176 0.2941176 0.2941176 0.2941176 0.2941176 0.2941176 0.2941176 0.2941176 0.2941176 0.2941176 0.2941176 0.2941176 0.2941176 0.2941176 0.2941176 0.2941176 0.2941176 0.2941176 0.2941176 0.2941176 0.2941176 0.2941176 0.2941176 0.2941176 0.2941176 0.2941176 0.2941176 0.2941176 0.2941176 0.2941176 0.2941176 0.2941176 0.2941176 0.2941176 0.2941176 0.2941176 0.2941176 0.2941176 0.2941176 0.2941176 0.2941176 0.2941176 0.2941176 0.2941176 0.2941176 0.2941176 0.2941176 0.2941176 0.2941176 0.2941176 0.2941176 0.2941176 0.2941176 0.2941176 0.2941176 0.2941176 0.2941176 0.2941176 0.2941176 0.2941176 0.2941176 0.2941176 0.2941176 0.2941176 0.2941176 0.2941176 0.2941176 0.2941176 0.2941176 0.2941176 0.2941176 0.2941176 0.2941176 0.2941176 0.2941176 0.2941176 0.2941176 0.2941176 0.2941176 0.2941176 0.2941176 0.2941176 0.2941176 0.2941176 0.2941176 0.2941176 0.2941176 0.2941176 0.2941176 0.2941176 0.2941176 0.2941176 0.2941176 0.2941176 0.2941176 0.2941176 0.2941176 0.2941176 0.2941176 0.2941176 0.2941176 0.2941176 0.2941176 0.2941176 0.2941176 0.2941176 0.2941176 0.2941176 0.2941176 0.2941176 0.2941176 0.2941176 0.2941176 0.2941176 0.2941176 0.2941176 0.2941176 0.2941176 0.2941176 0.2941176 0.2941176 0.2941176 0.2941176 0.2941176 0.2941176 0.2941176 0.2941176 0.2941176 0.2941176 0.2941176 0.2941176 0.2941176 0.2941176 0.2941176 0.2941176 0.2941176 0.2941176 0.2941176 0.2941176 0.2941176 0.2941176 0.2941176 0.2941176 0.2941176 0.2941176 0.2941176 0.2941176 0.2941176 0.2941176 0.2941176 0.2941176 0.2941176 0.2941176 0.2941176 0.2941176 0.2941176 0.2941176 0.2941176 0.2941176 0.2941176 0.2941176 0.2941176 0.2941176 0.2941176 0.2941176 0.2941176 0.2941176 0.2941176 0.2941176 0.2941176 0.2941176 0.2941176 0.2941176 0.2941176 0.2941176 0.2941176 0.2941176 0.2941176 0.2941176 0.2941176 0.2941176 0.2941176 0.2941176 0.2941176 0.2941176 0.2941176 0.2941176 0.2941176 0.2941176 0.2941176 0.2941176 0.2941176 0.2941176 0.2941176 0.2941176 0.2941176 0.2941176 0.2941176 0.2941176 0.2941176 0.2941176 0.2941176 0.2941176 0.2941176 0.2941176 0.2941176 0.2941176 0.2941176 0.2941176 0.2941176 0.2941176 0.2941176 0.2941176 0.2941176 0.2941176 0.2941176 0.2941176 0.2941176 0.2941176 0.2941176 0.2941176 0.2941176 0.2941176 0.2941176 0.2941176 0.2941176 0.2941176 0.2941176 0.2941176 0.2941176 0.2941176 0.2941176 0.2941176 0.2941176 0.2941176 0.2941176 0.2941176 0.2941176 0.2941176 0.2941176 0.2941176 0.2941176 0.2941176 0.2941176 0.2941176 0.2941176 0.2941176 0.2941176 0.2941176 0.2941176 0.2941176 0.2941176 0.2941176 0.2941176 0.2941176 0.2941176 0.2941176 0.2941176 0.2941176 0.2941176 0.2941176 0.2941176 0.2941176 0.2941176 0.2941176 0.2941176 0.2941176 0.2941176 0.2941176 0.2941176 0.2941176 0.2941176 0.2941176 0.2941176 0.2941176 0.2941176 0.2941176 0.2941176 0.2941176 0.2941176 0.2941176 0.2941176 0.2941176 0.2941176 0.2941176 0.2941176 0.2941176 0.2941176 0.2941176 0.2941176 0.2941176 0.2941176 0.2941176 0.2941176 0.2941176 0.2941176 0.2941176 0.2941176 0.2941176 0.2941176 0.2941176 0.2941176 0.2941176 0.2941176 0.2941176 0.2941176 0.2941176 0.2941176 0.2941176 0.2941176 0.2941176 0.2941176 0.2941176 0.2941176 0.2941176 0.2941176 0.2941176 0.2941176 0.2941176 0.2941176 0.2941176 0.2941176 0.2941176 0.2941176 0.2941176 0.2941176 0.2941176 0.2941176 0.2941176 0.2941176 0.2941176 0.2941176 0.2941176 0.2941176 0.2941176 0.2941176 0.2941176 0.2941176 0.2941176 0.2941176 0.2941176 0.2941176 0.2941176 0.2941176 0.2941176 0.2941176 0.2941176 0.2941176 0.2941176 0.2941176 0.2941176 0.2941176 0.2941176</float_array>
          <technique_common>
            <accessor count="800" source="#colors-array-array" stride="3">
              <param type="float" name="R"/>
              <param type="float" name="G"/>
              <param type="float" name="B"/>
            </accessor>
          </technique_common>
        </source>
        <vertices id="verts-array-vertices">
          <input semantic="POSITION" source="#verts-array"/>
        </vertices>
        <triangles count="1239" material="material3">
          <input offset="0" semantic="VERTEX" source="#verts-array-vertices"/>
          <input offset="1" semantic="NORMAL" source="#normals-array"/>
          <input offset="2" semantic="COLOR" source="#colors-array"/>
          <p>0 0 0 1 1 1 2 2 2 3 3 3 2 2 2 1 1 1 2 2 2 3 3 3 4 4 4 5 5 5 4 4 4 3 3 3 6 6 6 4 4 4 5 5 5 4 4 4 6 6 6 7 7 7 8 8 8 7 7 7 6 6 6 7 7 7 8 8 8 9 9 9 10 10 10 9 9 9 8 8 8 9 9 9 10 10 10 11 11 11 12 12 12 11 11 11 10 10 10 11 11 11 12 12 12 13 13 13 14 14 14 13 13 13 12 12 12 13 13 13 14 14 14 15 15 15 15 15 15 14 14 14 0 0 0 1 1 1 0 0 0 14 14 14 5 5 5 3 3 3 16 16 16 17 17 17 18 18 18 3 3 3 19 19 19 20 20 20 21 21 21 22 22 22 21 21 21 20 20 20 21 21 21 22 22 22 23 23 23 24 24 24 25 25 25 26 26 26 26 26 26 25 25 25 27 27 27 23 23 23 28 28 28 29 29 29 28 28 28 23 23 23 22 22 22 30 30 30 3 3 3 18 18 18 3 3 3 30 30 30 16 16 16 31 31 31 32 32 32 33 33 33 26 26 26 5 5 5 34 34 34 35 35 35 36 36 36 37 37 37 36 36 36 35 35 35 27 27 27 27 27 27 35 35 35 26 26 26 28 28 28 38 38 38 29 29 29 29 29 29 38 38 38 39 39 39 40 40 40 37 37 37 36 36 36 37 37 37 40 40 40 39 39 39 26 26 26 41 41 41 24 24 24 41 41 41 26 26 26 42 42 42 34 34 34 42 42 42 26 26 26 16 16 16 43 43 43 5 5 5 44 44 44 5 5 5 43 43 43 45 45 45 5 5 5 44 44 44 5 5 5 45 45 45 34 34 34 3 3 3 46 46 46 17 17 17 17 17 17 46 46 46 19 19 19 20 20 20 19 19 19 46 46 46 40 40 40 29 29 29 39 39 39 29 29 29 40 40 40 47 47 47 48 48 48 47 47 47 40 40 40 47 47 47 48 48 48 49 49 49 50 50 50 49 49 49 48 48 48 51 51 51 52 52 52 53 53 53 54 54 54 53 53 53 52 52 52 53 53 53 54 54 54 50 50 50 55 55 55 50 50 50 54 54 54 50 50 50 55 55 55 49 49 49 33 33 33 32 32 32 56 56 56 57 57 57 56 56 56 32 32 32 56 56 56 57 57 57 58 58 58 59 59 59 60 60 60 51 51 51 61 61 61 51 51 51 60 60 60 51 51 51 61 61 61 52 52 52 33 33 33 62 62 62 31 31 31 63 63 63 31 31 31 62 62 62 31 31 31 63 63 63 64 64 64 65 65 65 64 64 64 63 63 63 64 64 64 65 65 65 59 59 59 66 66 66 59 59 59 65 65 65 59 59 59 66 66 66 60 60 60 58 58 58 57 57 57 67 67 67 68 68 68 67 67 67 57 57 57 67 67 67 68 68 68 69 69 69 70 70 70 69 69 69 68 68 68 69 69 69 70 70 70 71 71 71 71 71 71 70 70 70 72 72 72 73 73 73 72 72 72 70 70 70 72 72 72 73 73 73 74 74 74 74 74 74 73 73 73 75 75 75 76 76 76 75 75 75 73 73 73 75 75 75 76 76 76 77 77 77 78 78 78 77 77 77 76 76 76 77 77 77 78 78 78 79 79 79 79 79 79 78 78 78 80 80 80 81 81 81 80 80 80 78 78 78 80 80 80 81 81 81 82 82 82 83 83 83 82 82 82 81 81 81 82 82 82 83 83 83 41 41 41 84 84 84 41 41 41 83 83 83 41 41 41 84 84 84 24 24 24 56 56 56 85 85 85 33 33 33 86 86 86 33 33 33 85 85 85 33 33 33 86 86 86 62 62 62 62 62 62 86 86 86 63 63 63 86 86 86 87 87 87 63 63 63 88 88 88 63 63 63 87 87 87 63 63 63 88 88 88 65 65 65 89 89 89 65 65 65 88 88 88 65 65 65 89 89 89 66 66 66 90 90 90 66 66 66 89 89 89 66 66 66 90 90 90 60 60 60 91 91 91 60 60 60 90 90 90 60 60 60 91 91 91 61 61 61 92 92 92 61 61 61 91 91 91 61 61 61 92 92 92 52 52 52 93 93 93 52 52 52 92 92 92 52 52 52 93 93 93 54 54 54 94 94 94 54 54 54 93 93 93 54 54 54 94 94 94 55 55 55 95 95 95 55 55 55 94 94 94 55 55 55 95 95 95 49 49 49 96 96 96 49 49 49 95 95 95 49 49 49 96 96 96 47 47 47 97 97 97 47 47 47 96 96 96 47 47 47 97 97 97 29 29 29 98 98 98 29 29 29 97 97 97 29 29 29 98 98 98 23 23 23 99 99 99 23 23 23 98 98 98 23 23 23 99 99 99 21 21 21 100 100 100 21 21 21 99 99 99 21 21 21 100 100 100 19 19 19 101 101 101 19 19 19 100 100 100 19 19 19 101 101 101 17 17 17 102 102 102 17 17 17 101 101 101 17 17 17 102 102 102 18 18 18 103 103 103 18 18 18 102 102 102 18 18 18 103 103 103 30 30 30 104 104 104 30 30 30 103 103 103 30 30 30 104 104 104 16 16 16 105 105 105 16 16 16 104 104 104 16 16 16 105 105 105 43 43 43 43 43 43 105 105 105 44 44 44 105 105 105 106 106 106 44 44 44 107 107 107 44 44 44 106 106 106 44 44 44 107 107 107 45 45 45 108 108 108 45 45 45 107 107 107 45 45 45 108 108 108 34 34 34 109 109 109 34 34 34 108 108 108 34 34 34 109 109 109 42 42 42 110 110 110 42 42 42 109 109 109 42 42 42 110 110 110 41 41 41 111 111 111 41 41 41 110 110 110 41 41 41 111 111 111 82 82 82 112 112 112 82 82 82 111 111 111 82 82 82 112 112 112 80 80 80 113 113 113 80 80 80 112 112 112 80 80 80 113 113 113 79 79 79 114 114 114 79 79 79 113 113 113 79 79 79 114 114 114 77 77 77 77 77 77 114 114 114 75 75 75 114 114 114 115 115 115 75 75 75 116 116 116 75 75 75 115 115 115 75 75 75 116 116 116 74 74 74 117 117 117 74 74 74 116 116 116 74 74 74 117 117 117 72 72 72 118 118 118 72 72 72 117 117 117 72 72 72 118 118 118 71 71 71 119 119 119 71 71 71 118 118 118 71 71 71 119 119 119 69 69 69 120 120 120 69 69 69 119 119 119 69 69 69 120 120 120 67 67 67 121 121 121 67 67 67 120 120 120 67 67 67 121 121 121 58 58 58 58 58 58 121 121 121 56 56 56 122 122 122 56 56 56 121 121 121 56 56 56 122 122 122 85 85 85 123 123 123 124 124 124 125 125 125 126 126 126 127 127 127 128 128 128 126 126 126 129 129 129 127 127 127 130 130 130 127 127 127 129 129 129 130 130 130 131 131 131 127 127 127 127 127 127 131 131 131 125 125 125 123 123 123 125 125 125 131 131 131 132 132 132 133 133 133 134 134 134 135 135 135 134 134 134 133 133 133 134 134 134 135 135 135 136 136 136 132 132 132 125 125 125 124 124 124 135 135 135 137 137 137 136 136 136 136 136 136 137 137 137 138 138 138 139 139 139 138 138 138 137 137 137 138 138 138 139 139 139 140 140 140 128 128 128 141 141 141 142 142 142 140 140 140 142 142 142 141 141 141 142 142 142 140 140 140 139 139 139 127 127 127 141 141 141 128 128 128 141 141 141 127 127 127 143 143 143 144 144 144 143 143 143 127 127 127 145 145 145 146 146 146 147 147 147 146 146 146 145 145 145 127 127 127 127 127 127 145 145 145 144 144 144 148 148 148 149 149 149 146 146 146 146 146 146 149 149 149 150 150 150 151 151 151 150 150 150 149 149 149 152 152 152 153 153 153 154 154 154 150 150 150 151 151 151 155 155 155 152 152 152 155 155 155 151 151 151 155 155 155 152 152 152 156 156 156 154 154 154 156 156 156 152 152 152 157 157 157 158 158 158 159 159 159 160 160 160 161 161 161 162 162 162 162 162 162 163 163 163 160 160 160 160 160 160 163 163 163 164 164 164 165 165 165 164 164 164 163 163 163 164 164 164 165 165 165 166 166 166 157 157 157 166 166 166 165 165 165 158 158 158 167 167 167 159 159 159 159 159 159 167 167 167 168 168 168 169 169 169 170 170 170 171 171 171 170 170 170 169 169 169 172 172 172 154 154 154 170 170 170 172 172 172 170 170 170 154 154 154 153 153 153 172 172 172 173 173 173 154 154 154 174 174 174 154 154 154 173 173 173 154 154 154 174 174 174 175 175 175 175 175 175 174 174 174 161 161 161 162 162 162 161 161 161 174 174 174 176 176 176 159 159 159 168 168 168 159 159 159 176 176 176 170 170 170 170 170 170 176 176 176 171 171 171 166 166 166 177 177 177 178 178 178 157 157 157 159 159 159 166 166 166 177 177 177 166 166 166 159 159 159 179 179 179 180 180 180 178 178 178 181 181 181 178 178 178 180 180 180 166 166 166 178 178 178 181 181 181 180 180 180 179 179 179 182 182 182 183 183 183 182 182 182 179 179 179 182 182 182 183 183 183 184 184 184 185 185 185 186 186 186 187 187 187 186 186 186 185 185 185 188 188 188 189 189 189 188 188 188 185 185 185 190 190 190 188 188 188 189 189 189 188 188 188 190 190 190 191 191 191 192 192 192 191 191 191 190 190 190 184 184 184 191 191 191 192 192 192 191 191 191 184 184 184 183 183 183 193 193 193 194 194 194 195 195 195 196 196 196 195 195 195 194 194 194 197 197 197 195 195 195 196 196 196 195 195 195 197 197 197 198 198 198 199 199 199 198 198 198 197 197 197 200 200 200 201 201 201 187 187 187 202 202 202 185 185 185 203 203 203 187 187 187 203 203 203 185 185 185 201 201 201 203 203 203 187 187 187 204 204 204 185 185 185 202 202 202 185 185 185 204 204 204 205 205 205 205 205 205 204 204 204 199 199 199 198 198 198 199 199 199 204 204 204 206 206 206 207 207 207 208 208 208 209 209 209 208 208 208 207 207 207 209 209 209 210 210 210 208 208 208 208 208 208 210 210 210 187 187 187 200 200 200 187 187 187 210 210 210 193 193 193 211 211 211 194 194 194 194 194 194 211 211 211 208 208 208 206 206 206 208 208 208 211 211 211 212 212 212 213 213 213 214 214 214 215 215 215 214 214 214 213 213 213 214 214 214 215 215 215 216 216 216 194 194 194 216 216 216 215 215 215 216 216 216 194 194 194 217 217 217 208 208 208 217 217 217 194 194 194 214 214 214 218 218 218 212 212 212 219 219 219 212 212 212 218 218 218 220 220 220 212 212 212 219 219 219 212 212 212 220 220 220 221 221 221 222 222 222 221 221 221 220 220 220 220 220 220 223 223 223 224 224 224 225 225 225 226 226 226 223 223 223 223 223 223 226 226 226 224 224 224 227 227 227 228 228 228 229 229 229 229 229 229 230 230 230 227 227 227 227 227 227 230 230 230 231 231 231 232 232 232 233 233 233 223 223 223 234 234 234 235 235 235 236 236 236 237 237 237 236 236 236 235 235 235 236 236 236 237 237 237 228 228 228 229 229 229 228 228 228 237 237 237 231 231 231 238 238 238 227 227 227 227 227 227 238 238 238 232 232 232 233 233 233 239 239 239 223 223 223 223 223 223 239 239 239 225 225 225 225 225 225 240 240 240 226 226 226 241 241 241 226 226 226 240 240 240 226 226 226 241 241 241 242 242 242 242 242 242 241 241 241 243 243 243 241 241 241 244 244 244 243 243 243 243 243 243 244 244 244 234 234 234 235 235 235 234 234 234 244 244 244 245 245 245 246 246 246 227 227 227 247 247 247 227 227 227 246 246 246 227 227 227 247 247 247 228 228 228 248 248 248 249 249 249 245 245 245 132 132 132 134 134 134 125 125 125 250 250 250 125 125 125 134 134 134 125 125 125 250 250 250 251 251 251 252 252 252 125 125 125 253 253 253 254 254 254 255 255 255 256 256 256 86 86 86 256 256 256 255 255 255 256 256 256 86 86 86 257 257 257 85 85 85 257 257 257 86 86 86 257 257 257 85 85 85 258 258 258 122 122 122 258 258 258 85 85 85 121 121 121 258 258 258 122 122 122 258 258 258 121 121 121 252 252 252 259 259 259 260 260 260 261 261 261 125 125 125 261 261 261 260 260 260 251 251 251 261 261 261 125 125 125 262 262 262 125 125 125 260 260 260 248 248 248 259 259 259 261 261 261 263 263 263 264 264 264 227 227 227 255 255 255 254 254 254 227 227 227 263 263 263 227 227 227 254 254 254 245 245 245 227 227 227 265 265 265 264 264 264 265 265 265 227 227 227 259 259 259 245 245 245 265 265 265 245 245 245 259 259 259 248 248 248 255 255 255 266 266 266 93 93 93 267 267 267 93 93 93 266 266 266 93 93 93 267 267 267 94 94 94 268 268 268 94 94 94 267 267 267 94 94 94 268 268 268 95 95 95 269 269 269 95 95 95 268 268 268 95 95 95 269 269 269 96 96 96 223 223 223 270 270 270 255 255 255 266 266 266 255 255 255 270 270 270 223 223 223 220 220 220 219 219 219 271 271 271 105 105 105 272 272 272 104 104 104 272 272 272 105 105 105 272 272 272 104 104 104 273 273 273 103 103 103 273 273 273 104 104 104 273 273 273 103 103 103 274 274 274 275 275 275 127 127 127 276 276 276 112 112 112 277 277 277 113 113 113 278 278 278 113 113 113 277 277 277 113 113 113 278 278 278 114 114 114 276 276 276 114 114 114 278 278 278 275 275 275 279 279 279 127 127 127 127 127 127 279 279 279 280 280 280 281 281 281 127 127 127 280 280 280 127 127 127 281 281 281 146 146 146 146 146 146 281 281 281 148 148 148 127 127 127 114 114 114 276 276 276 114 114 114 127 127 127 115 115 115 116 116 116 115 115 115 127 127 127 252 252 252 121 121 121 125 125 125 125 125 125 121 121 121 120 120 120 120 120 120 119 119 119 125 125 125 118 118 118 125 125 125 119 119 119 125 125 125 118 118 118 127 127 127 117 117 117 127 127 127 118 118 118 127 127 127 117 117 117 116 116 116 89 89 89 88 88 88 255 255 255 87 87 87 255 255 255 88 88 88 255 255 255 87 87 87 86 86 86 93 93 93 92 92 92 255 255 255 91 91 91 255 255 255 92 92 92 255 255 255 91 91 91 90 90 90 274 274 274 103 103 103 187 187 187 102 102 102 187 187 187 103 103 103 187 187 187 102 102 102 101 101 101 101 101 101 100 100 100 187 187 187 99 99 99 187 187 187 100 100 100 187 187 187 99 99 99 208 208 208 98 98 98 208 208 208 99 99 99 208 208 208 98 98 98 97 97 97 208 208 208 96 96 96 269 269 269 97 97 97 96 96 96 208 208 208 159 159 159 105 105 105 271 271 271 105 105 105 159 159 159 106 106 106 107 107 107 106 106 106 159 159 159 111 111 111 170 170 170 112 112 112 282 282 282 112 112 112 170 170 170 112 112 112 282 282 282 277 277 277 111 111 111 110 110 110 170 170 170 109 109 109 170 170 170 110 110 110 170 170 170 109 109 109 159 159 159 108 108 108 159 159 159 109 109 109 159 159 159 108 108 108 107 107 107 262 262 262 253 253 253 125 125 125 90 90 90 89 89 89 255 255 255 227 227 227 223 223 223 255 255 255 223 223 223 227 227 227 232 232 232 283 283 283 284 284 284 285 285 285 286 286 286 285 285 285 284 284 284 285 285 285 286 286 286 287 287 287 153 153 153 287 287 287 286 286 286 287 287 287 153 153 153 288 288 288 289 289 289 288 288 288 153 153 153 288 288 288 289 289 289 290 290 290 289 289 289 291 291 291 290 290 290 149 149 149 290 290 290 291 291 291 290 290 290 149 149 149 292 292 292 293 293 293 292 292 292 149 149 149 292 292 292 293 293 293 294 294 294 294 294 294 293 293 293 295 295 295 296 296 296 295 295 295 293 293 293 295 295 295 296 296 296 297 297 297 280 280 280 297 297 297 296 296 296 297 297 297 280 280 280 298 298 298 279 279 279 298 298 298 280 280 280 298 298 298 279 279 279 299 299 299 300 300 300 299 299 299 279 279 279 299 299 299 300 300 300 301 301 301 302 302 302 301 301 301 300 300 300 301 301 301 302 302 302 303 303 303 304 304 304 303 303 303 302 302 302 303 303 303 304 304 304 305 305 305 306 306 306 305 305 305 304 304 304 305 305 305 306 306 306 307 307 307 308 308 308 307 307 307 306 306 306 307 307 307 308 308 308 283 283 283 284 284 284 283 283 283 308 308 308 309 309 309 158 158 158 310 310 310 311 311 311 310 310 310 158 158 158 310 310 310 311 311 311 312 312 312 313 313 313 312 312 312 311 311 311 312 312 312 313 313 313 314 314 314 163 163 163 314 314 314 313 313 313 314 314 314 163 163 163 315 315 315 316 316 316 315 315 315 163 163 163 317 317 317 315 315 315 316 316 316 315 315 315 317 317 317 318 318 318 319 319 319 318 318 318 317 317 317 318 318 318 319 319 319 320 320 320 321 321 321 320 320 320 319 319 319 320 320 320 321 321 321 322 322 322 172 172 172 322 322 322 321 321 321 322 322 322 172 172 172 323 323 323 324 324 324 323 323 323 172 172 172 323 323 323 324 324 324 325 325 325 326 326 326 325 325 325 324 324 324 325 325 325 326 326 326 327 327 327 176 176 176 327 327 327 326 326 326 327 327 327 176 176 176 328 328 328 168 168 168 328 328 328 176 176 176 328 328 328 168 168 168 329 329 329 329 329 329 168 168 168 330 330 330 167 167 167 330 330 330 168 168 168 330 330 330 167 167 167 309 309 309 158 158 158 309 309 309 167 167 167 331 331 331 332 332 332 333 333 333 332 332 332 331 331 331 334 334 334 335 335 335 334 334 334 331 331 331 334 334 334 335 335 335 336 336 336 336 336 336 335 335 335 337 337 337 338 338 338 337 337 337 335 335 335 337 337 337 338 338 338 339 339 339 340 340 340 339 339 339 338 338 338 339 339 339 340 340 340 341 341 341 342 342 342 341 341 341 340 340 340 341 341 341 342 342 342 343 343 343 344 344 344 343 343 343 342 342 342 343 343 343 344 344 344 345 345 345 346 346 346 345 345 345 344 344 344 345 345 345 346 346 346 347 347 347 348 348 348 347 347 347 346 346 346 347 347 347 348 348 348 349 349 349 350 350 350 349 349 349 348 348 348 349 349 349 350 350 350 351 351 351 352 352 352 351 351 351 350 350 350 351 351 351 352 352 352 353 353 353 352 352 352 354 354 354 353 353 353 353 353 353 354 354 354 355 355 355 356 356 356 355 355 355 354 354 354 355 355 355 356 356 356 357 357 357 358 358 358 357 357 357 356 356 356 357 357 357 358 358 358 359 359 359 188 188 188 359 359 359 358 358 358 359 359 359 188 188 188 332 332 332 333 333 333 332 332 332 188 188 188 360 360 360 361 361 361 362 362 362 363 363 363 362 362 362 361 361 361 362 362 362 363 363 363 364 364 364 365 365 365 364 364 364 363 363 363 364 364 364 365 365 365 366 366 366 202 202 202 366 366 366 365 365 365 366 366 366 202 202 202 367 367 367 368 368 368 367 367 367 202 202 202 367 367 367 368 368 368 369 369 369 370 370 370 369 369 369 368 368 368 369 369 369 370 370 370 371 371 371 372 372 372 371 371 371 370 370 370 371 371 371 372 372 372 373 373 373 374 374 374 373 373 373 372 372 372 373 373 373 374 374 374 375 375 375 210 210 210 375 375 375 374 374 374 375 375 375 210 210 210 376 376 376 377 377 377 376 376 376 210 210 210 376 376 376 377 377 377 378 378 378 379 379 379 378 378 378 377 377 377 378 378 378 379 379 379 380 380 380 206 206 206 380 380 380 379 379 379 380 380 380 206 206 206 381 381 381 382 382 382 381 381 381 206 206 206 381 381 381 382 382 382 383 383 383 384 384 384 383 383 383 382 382 382 383 383 383 384 384 384 385 385 385 195 195 195 385 385 385 384 384 384 385 385 385 195 195 195 360 360 360 361 361 361 360 360 360 195 195 195 386 386 386 387 387 387 388 388 388 389 389 389 388 388 388 387 387 387 388 388 388 389 389 389 390 390 390 390 390 390 389 389 389 391 391 391 392 392 392 391 391 391 389 389 389 391 391 391 392 392 392 393 393 393 392 392 392 394 394 394 393 393 393 393 393 393 394 394 394 395 395 395 396 396 396 395 395 395 394 394 394 395 395 395 396 396 396 397 397 397 398 398 398 397 397 397 396 396 396 397 397 397 398 398 398 399 399 399 214 214 214 399 399 399 398 398 398 399 399 399 214 214 214 400 400 400 401 401 401 400 400 400 214 214 214 402 402 402 400 400 400 401 401 401 400 400 400 402 402 402 403 403 403 404 404 404 403 403 403 402 402 402 403 403 403 404 404 404 405 405 405 406 406 406 405 405 405 404 404 404 405 405 405 406 406 406 407 407 407 408 408 408 407 407 407 406 406 406 407 407 407 408 408 408 409 409 409 267 267 267 409 409 409 408 408 408 409 409 409 267 267 267 410 410 410 266 266 266 410 410 410 267 267 267 410 410 410 266 266 266 386 386 386 386 386 386 266 266 266 387 387 387 411 411 411 412 412 412 413 413 413 414 414 414 413 413 413 412 412 412 413 413 413 414 414 414 415 415 415 416 416 416 415 415 415 414 414 414 415 415 415 416 416 416 417 417 417 418 418 418 417 417 417 416 416 416 417 417 417 418 418 418 419 419 419 232 232 232 419 419 419 418 418 418 419 419 419 232 232 232 420 420 420 238 238 238 420 420 420 232 232 232 420 420 420 238 238 238 421 421 421 231 231 231 421 421 421 238 238 238 421 421 421 231 231 231 422 422 422 230 230 230 422 422 422 231 231 231 422 422 422 230 230 230 423 423 423 229 229 229 423 423 423 230 230 230 423 423 423 229 229 229 424 424 424 425 425 425 424 424 424 229 229 229 424 424 424 425 425 425 426 426 426 427 427 427 426 426 426 425 425 425 426 426 426 427 427 427 428 428 428 429 429 429 428 428 428 427 427 427 428 428 428 429 429 429 430 430 430 431 431 431 430 430 430 429 429 429 430 430 430 431 431 431 432 432 432 433 433 433 432 432 432 431 431 431 432 432 432 433 433 433 411 411 411 412 412 412 411 411 411 433 433 433 434 434 434 435 435 435 436 436 436 437 437 437 436 436 436 435 435 435 436 436 436 437 437 437 438 438 438 439 439 439 438 438 438 437 437 437 438 438 438 439 439 439 440 440 440 441 441 441 440 440 440 439 439 439 440 440 440 441 441 441 442 442 442 441 441 441 443 443 443 442 442 442 444 444 444 442 442 442 443 443 443 442 442 442 444 444 444 445 445 445 446 446 446 445 445 445 444 444 444 445 445 445 446 446 446 447 447 447 447 447 447 446 446 446 448 448 448 449 449 449 448 448 448 446 446 446 448 448 448 449 449 449 450 450 450 264 264 264 450 450 450 449 449 449 450 450 450 264 264 264 451 451 451 263 263 263 451 451 451 264 264 264 451 451 451 263 263 263 452 452 452 453 453 453 452 452 452 263 263 263 452 452 452 453 453 453 454 454 454 455 455 455 454 454 454 453 453 453 454 454 454 455 455 455 456 456 456 457 457 457 456 456 456 455 455 455 456 456 456 457 457 457 458 458 458 459 459 459 458 458 458 457 457 457 458 458 458 459 459 459 460 460 460 461 461 461 460 460 460 459 459 459 460 460 460 461 461 461 434 434 434 435 435 435 434 434 434 461 461 461 462 462 462 131 131 131 463 463 463 130 130 130 463 463 463 131 131 131 463 463 463 130 130 130 464 464 464 129 129 129 464 464 464 130 130 130 464 464 464 129 129 129 465 465 465 126 126 126 465 465 465 129 129 129 465 465 465 126 126 126 466 466 466 467 467 467 466 466 466 126 126 126 466 466 466 467 467 467 468 468 468 469 469 469 468 468 468 467 467 467 468 468 468 469 469 469 470 470 470 471 471 471 470 470 470 469 469 469 139 139 139 470 470 470 471 471 471 470 470 470 139 139 139 472 472 472 137 137 137 472 472 472 139 139 139 472 472 472 137 137 137 473 473 473 474 474 474 473 473 473 137 137 137 473 473 473 474 474 474 475 475 475 476 476 476 475 475 475 474 474 474 475 475 475 476 476 476 477 477 477 132 132 132 477 477 477 476 476 476 477 477 477 132 132 132 478 478 478 124 124 124 478 478 478 132 132 132 478 478 478 124 124 124 479 479 479 480 480 480 479 479 479 124 124 124 479 479 479 480 480 480 462 462 462 131 131 131 462 462 462 480 480 480 250 250 250 134 134 134 481 481 481 482 482 482 251 251 251 483 483 483 250 250 250 483 483 483 251 251 251 483 483 483 250 250 250 484 484 484 481 481 481 484 484 484 250 250 250 261 261 261 482 482 482 248 248 248 482 482 482 261 261 261 251 251 251 482 482 482 485 485 485 248 248 248 486 486 486 248 248 248 485 485 485 248 248 248 486 486 486 249 249 249 487 487 487 249 249 249 486 486 486 249 249 249 487 487 487 245 245 245 488 488 488 245 245 245 487 487 487 245 245 245 488 488 488 246 246 246 489 489 489 246 246 246 488 488 488 246 246 246 489 489 489 247 247 247 247 247 247 489 489 489 228 228 228 490 490 490 228 228 228 489 489 489 491 491 491 228 228 228 490 490 490 228 228 228 491 491 491 236 236 236 492 492 492 236 236 236 491 491 491 236 236 236 492 492 492 234 234 234 493 493 493 234 234 234 492 492 492 234 234 234 493 493 493 243 243 243 494 494 494 243 243 243 493 493 493 243 243 243 494 494 494 242 242 242 495 495 495 242 242 242 494 494 494 242 242 242 495 495 495 226 226 226 496 496 496 226 226 226 495 495 495 226 226 226 496 496 496 224 224 224 497 497 497 224 224 224 496 496 496 224 224 224 497 497 497 220 220 220 220 220 220 497 497 497 222 222 222 497 497 497 498 498 498 222 222 222 222 222 222 498 498 498 221 221 221 499 499 499 221 221 221 498 498 498 500 500 500 221 221 221 499 499 499 221 221 221 500 500 500 212 212 212 212 212 212 500 500 500 213 213 213 500 500 500 501 501 501 213 213 213 502 502 502 213 213 213 501 501 501 213 213 213 502 502 502 215 215 215 503 503 503 215 215 215 502 502 502 215 215 215 503 503 503 194 194 194 194 194 194 503 503 503 196 196 196 503 503 503 504 504 504 196 196 196 505 505 505 196 196 196 504 504 504 196 196 196 505 505 505 197 197 197 506 506 506 197 197 197 505 505 505 197 197 197 506 506 506 199 199 199 507 507 507 199 199 199 506 506 506 199 199 199 507 507 507 205 205 205 205 205 205 507 507 507 185 185 185 508 508 508 185 185 185 507 507 507 509 509 509 185 185 185 508 508 508 185 185 185 509 509 509 189 189 189 510 510 510 189 189 189 509 509 509 189 189 189 510 510 510 190 190 190 190 190 190 510 510 510 192 192 192 511 511 511 192 192 192 510 510 510 512 512 512 192 192 192 511 511 511 192 192 192 512 512 512 184 184 184 513 513 513 184 184 184 512 512 512 184 184 184 513 513 513 182 182 182 182 182 182 513 513 513 180 180 180 513 513 513 514 514 514 180 180 180 515 515 515 180 180 180 514 514 514 180 180 180 515 515 515 181 181 181 516 516 516 181 181 181 515 515 515 181 181 181 516 516 516 166 166 166 517 517 517 166 166 166 516 516 516 166 166 166 517 517 517 164 164 164 518 518 518 164 164 164 517 517 517 164 164 164 518 518 518 160 160 160 519 519 519 160 160 160 518 518 518 160 160 160 519 519 519 161 161 161 520 520 520 161 161 161 519 519 519 161 161 161 520 520 520 175 175 175 521 521 521 175 175 175 520 520 520 175 175 175 521 521 521 154 154 154 154 154 154 521 521 521 156 156 156 521 521 521 522 522 522 156 156 156 523 523 523 156 156 156 522 522 522 156 156 156 523 523 523 155 155 155 155 155 155 523 523 523 150 150 150 524 524 524 150 150 150 523 523 523 150 150 150 524 524 524 146 146 146 525 525 525 146 146 146 524 524 524 526 526 526 146 146 146 525 525 525 146 146 146 526 526 526 147 147 147 147 147 147 526 526 526 145 145 145 527 527 527 145 145 145 526 526 526 528 528 528 145 145 145 527 527 527 145 145 145 528 528 528 144 144 144 529 529 529 144 144 144 528 528 528 144 144 144 529 529 529 143 143 143 143 143 143 529 529 529 141 141 141 530 530 530 141 141 141 529 529 529 136 136 136 481 481 481 134 134 134 481 481 481 136 136 136 531 531 531 138 138 138 531 531 531 136 136 136 531 531 531 138 138 138 532 532 532 140 140 140 532 532 532 138 138 138 532 532 532 140 140 140 533 533 533 141 141 141 533 533 533 140 140 140 533 533 533 141 141 141 530 530 530 332 332 332 534 534 534 511 511 511 535 535 535 536 536 536 537 537 537 530 530 530 299 299 299 466 466 466 479 479 479 538 538 538 478 478 478 539 539 539 540 540 540 299 299 299 299 299 299 540 540 540 466 466 466 533 533 533 470 470 470 532 532 532 472 472 472 532 532 532 470 470 470 532 532 532 472 472 472 531 531 531 473 473 473 531 531 531 472 472 472 531 531 531 473 473 473 481 481 481 475 475 475 481 481 481 473 473 473 468 468 468 530 530 530 466 466 466 530 530 530 468 468 468 533 533 533 470 470 470 533 533 533 468 468 468 462 462 462 538 538 538 479 479 479 538 538 538 462 462 462 299 299 299 299 299 299 462 462 462 539 539 539 475 475 475 477 477 477 538 538 538 538 538 538 477 477 477 478 478 478 475 475 475 538 538 538 481 481 481 541 541 541 481 481 481 538 538 538 542 542 542 482 482 482 543 543 543 483 483 483 543 543 543 482 482 482 543 543 543 483 483 483 541 541 541 484 484 484 541 541 541 483 483 483 541 541 541 484 484 484 481 481 481 485 485 485 487 487 487 486 486 486 487 487 487 537 537 537 488 488 488 536 536 536 490 490 490 537 537 537 489 489 489 537 537 537 490 490 490 537 537 537 489 489 489 488 488 488 493 493 493 492 492 492 544 544 544 545 545 545 490 490 490 536 536 536 546 546 546 490 490 490 545 545 545 490 490 490 546 546 546 491 491 491 491 491 491 546 546 546 492 492 492 544 544 544 492 492 492 546 546 546 419 419 419 547 547 547 537 537 537 548 548 548 549 549 549 550 550 550 535 535 535 537 537 537 547 547 547 551 551 551 494 494 494 552 552 552 552 552 552 494 494 494 553 553 553 493 493 493 553 553 553 494 494 494 544 544 544 553 553 553 493 493 493 551 551 551 554 554 554 550 550 550 548 548 548 550 550 550 554 554 554 550 550 550 494 494 494 551 551 551 494 494 494 550 550 550 495 495 495 496 496 496 495 495 495 550 550 550 498 498 498 497 497 497 550 550 550 550 550 550 497 497 497 496 496 496 498 498 498 500 500 500 499 499 499 503 503 503 502 502 502 400 400 400 501 501 501 400 400 400 502 502 502 400 400 400 501 501 501 500 500 500 555 555 555 400 400 400 556 556 556 557 557 557 558 558 558 559 559 559 506 506 506 560 560 560 507 507 507 507 507 507 560 560 560 508 508 508 561 561 561 508 508 508 560 560 560 508 508 508 561 561 561 366 366 366 381 381 381 400 400 400 555 555 555 400 400 400 381 381 381 503 503 503 381 381 381 562 562 562 503 503 503 563 563 563 503 503 503 562 562 562 503 503 503 563 563 563 504 504 504 504 504 504 563 563 563 505 505 505 360 360 360 505 505 505 563 563 563 505 505 505 360 360 360 506 506 506 506 506 506 360 360 360 560 560 560 366 366 366 564 564 564 559 559 559 557 557 557 559 559 559 564 564 564 375 375 375 559 559 559 558 558 558 559 559 559 375 375 375 400 400 400 400 400 400 375 375 375 556 556 556 559 559 559 508 508 508 366 366 366 509 509 509 508 508 508 559 559 559 510 510 510 559 559 559 511 511 511 559 559 559 510 510 510 509 509 509 513 513 513 512 512 512 511 511 511 511 511 511 534 534 534 513 513 513 565 565 565 513 513 513 534 534 534 513 513 513 565 565 565 514 514 514 514 514 514 565 565 565 515 515 515 566 566 566 515 515 515 565 565 565 515 515 515 566 566 566 516 516 516 567 567 567 516 516 516 566 566 566 521 521 521 320 320 320 568 568 568 322 322 322 568 568 568 320 320 320 322 322 322 323 323 323 568 568 568 325 325 325 568 568 568 323 323 323 569 569 569 330 330 330 343 343 343 343 343 343 330 330 330 309 309 309 516 516 516 343 343 343 309 309 309 343 343 343 516 516 516 567 567 567 519 519 519 518 518 518 314 314 314 325 325 325 570 570 570 568 568 568 568 568 568 570 570 570 343 343 343 569 569 569 343 343 343 570 570 570 314 314 314 315 315 315 519 519 519 519 519 519 315 315 315 520 520 520 318 318 318 520 520 520 315 315 315 520 520 520 318 318 318 521 521 521 320 320 320 521 521 521 318 318 318 309 309 309 310 310 310 516 516 516 312 312 312 516 516 516 310 310 310 516 516 516 312 312 312 517 517 517 517 517 517 312 312 312 518 518 518 314 314 314 518 518 518 312 312 312 521 521 521 571 571 571 522 522 522 288 288 288 522 522 522 571 571 571 522 522 522 288 288 288 523 523 523 523 523 523 288 288 288 524 524 524 290 290 290 524 524 524 288 288 288 292 292 292 524 524 524 290 290 290 524 524 524 292 292 292 525 525 525 525 525 525 292 292 292 526 526 526 526 526 526 292 292 292 527 527 527 452 452 452 454 454 454 572 572 572 572 572 572 454 454 454 573 573 573 454 454 454 456 456 456 573 573 573 573 573 573 456 456 456 574 574 574 458 458 458 574 574 574 456 456 456 574 574 574 458 458 458 575 575 575 460 460 460 575 575 575 458 458 458 542 542 542 576 576 576 482 482 482 482 482 482 576 576 576 485 485 485 485 485 485 576 576 576 487 487 487 487 487 487 576 576 576 447 447 447 577 577 577 487 487 487 447 447 447 487 487 487 577 577 577 537 537 537 578 578 578 579 579 579 307 307 307 292 292 292 294 294 294 527 527 527 295 295 295 527 527 527 294 294 294 527 527 527 295 295 295 528 528 528 528 528 528 295 295 295 529 529 529 580 580 580 529 529 529 295 295 295 529 529 529 580 580 580 530 530 530 530 530 530 580 580 580 299 299 299 299 299 299 581 581 581 582 582 582 582 582 582 581 581 581 583 583 583 581 581 581 584 584 584 583 583 583 583 583 583 584 584 584 585 585 585 586 586 586 585 585 585 584 584 584 585 585 585 586 586 586 579 579 579 579 579 579 586 586 586 307 307 307 568 568 568 571 571 571 521 521 521 587 587 587 588 588 588 559 559 559 559 559 559 588 588 588 511 511 511 332 332 332 511 511 511 588 588 588 343 343 343 589 589 589 590 590 590 591 591 591 592 592 592 351 351 351 590 590 590 589 589 589 593 593 593 594 594 594 559 559 559 351 351 351 589 589 589 595 595 595 593 593 593 593 593 593 595 595 595 596 596 596 349 349 349 596 596 596 595 595 595 596 596 596 349 349 349 592 592 592 592 592 592 349 349 349 351 351 351 500 500 500 597 597 597 397 397 397 598 598 598 500 500 500 397 397 397 500 500 500 598 598 598 400 400 400 498 498 498 597 597 597 500 500 500 599 599 599 600 600 600 550 550 550 550 550 550 600 600 600 498 498 498 597 597 597 498 498 498 600 600 600 403 403 403 601 601 601 602 602 602 602 602 602 601 601 601 603 603 603 604 604 604 605 605 605 410 410 410 601 601 601 606 606 606 603 603 603 603 603 603 606 606 606 607 607 607 409 409 409 607 607 607 606 606 606 607 607 607 409 409 409 605 605 605 605 605 605 409 409 409 410 410 410 410 410 410 608 608 608 550 550 550 550 550 550 608 608 608 599 599 599 403 403 403 602 602 602 400 400 400 400 400 400 602 602 602 609 609 609 559 559 559 591 591 591 351 351 351 610 610 610 591 591 591 559 559 559 609 609 609 611 611 611 400 400 400 612 612 612 400 400 400 611 611 611 400 400 400 612 612 612 559 559 559 613 613 613 559 559 559 612 612 612 559 559 559 613 613 613 610 610 610 614 614 614 615 615 615 537 537 537 452 452 452 572 572 572 537 537 537 537 537 537 572 572 572 614 614 614 616 616 616 617 617 617 550 550 550 618 618 618 550 550 550 617 617 617 550 550 550 604 604 604 410 410 410 618 618 618 604 604 604 550 550 550 299 299 299 582 582 582 619 619 619 538 538 538 575 575 575 460 460 460 575 575 575 538 538 538 620 620 620 619 619 619 621 621 621 299 299 299 622 622 622 299 299 299 621 621 621 299 299 299 622 622 622 538 538 538 623 623 623 538 538 538 622 622 622 538 538 538 623 623 623 620 620 620 568 568 568 578 578 578 307 307 307 624 624 624 578 578 578 568 568 568 343 343 343 590 590 590 625 625 625 625 625 625 626 626 626 343 343 343 627 627 627 343 343 343 626 626 626 343 343 343 627 627 627 568 568 568 628 628 628 568 568 568 627 627 627 568 568 568 628 628 628 624 624 624 594 594 594 587 587 587 559 559 559 615 615 615 616 616 616 537 537 537 550 550 550 537 537 537 616 616 616 537 537 537 550 550 550 419 419 419 549 549 549 419 419 419 550 550 550 629 629 629 36 36 36 630 630 630 27 27 27 630 630 630 36 36 36 630 630 630 27 27 27 631 631 631 25 25 25 631 631 631 27 27 27 631 631 631 25 25 25 632 632 632 633 633 633 632 632 632 25 25 25 632 632 632 633 633 633 634 634 634 635 635 635 634 634 634 633 633 633 634 634 634 635 635 635 636 636 636 24 24 24 636 636 636 635 635 635 636 636 636 24 24 24 637 637 637 84 84 84 637 637 637 24 24 24 637 637 637 84 84 84 638 638 638 83 83 83 638 638 638 84 84 84 638 638 638 83 83 83 639 639 639 81 81 81 639 639 639 83 83 83 639 639 639 81 81 81 640 640 640 78 78 78 640 640 640 81 81 81 640 640 640 78 78 78 641 641 641 76 76 76 641 641 641 78 78 78 641 641 641 76 76 76 642 642 642 73 73 73 642 642 642 76 76 76 642 642 642 73 73 73 643 643 643 70 70 70 643 643 643 73 73 73 643 643 643 70 70 70 644 644 644 68 68 68 644 644 644 70 70 70 644 644 644 68 68 68 645 645 645 57 57 57 645 645 645 68 68 68 645 645 645 57 57 57 646 646 646 32 32 32 646 646 646 57 57 57 646 646 646 32 32 32 647 647 647 31 31 31 647 647 647 32 32 32 647 647 647 31 31 31 648 648 648 64 64 64 648 648 648 31 31 31 648 648 648 64 64 64 649 649 649 59 59 59 649 649 649 64 64 64 649 649 649 59 59 59 650 650 650 51 51 51 650 650 650 59 59 59 650 650 650 51 51 51 651 651 651 53 53 53 651 651 651 51 51 51 651 651 651 53 53 53 652 652 652 50 50 50 652 652 652 53 53 53 652 652 652 50 50 50 653 653 653 48 48 48 653 653 653 50 50 50 653 653 653 48 48 48 654 654 654 40 40 40 654 654 654 48 48 48 654 654 654 40 40 40 629 629 629 36 36 36 629 629 629 40 40 40 612 612 612 655 655 655 613 613 613 655 655 655 612 612 612 656 656 656 611 611 611 656 656 656 612 612 612 656 656 656 611 611 611 657 657 657 657 657 657 611 611 611 658 658 658 609 609 609 658 658 658 611 611 611 658 658 658 609 609 609 659 659 659 602 602 602 659 659 659 609 609 609 659 659 659 602 602 602 660 660 660 660 660 660 602 602 602 661 661 661 602 602 602 603 603 603 661 661 661 607 607 607 661 661 661 603 603 603 661 661 661 607 607 607 662 662 662 605 605 605 662 662 662 607 607 607 662 662 662 605 605 605 663 663 663 604 604 604 663 663 663 605 605 605 663 663 663 604 604 604 664 664 664 618 618 618 664 664 664 604 604 604 664 664 664 618 618 618 665 665 665 617 617 617 665 665 665 618 618 618 665 665 665 617 617 617 666 666 666 616 616 616 666 666 666 617 617 617 666 666 666 616 616 616 667 667 667 615 615 615 667 667 667 616 616 616 667 667 667 615 615 615 668 668 668 614 614 614 668 668 668 615 615 615 668 668 668 614 614 614 669 669 669 572 572 572 669 669 669 614 614 614 669 669 669 572 572 572 670 670 670 670 670 670 572 572 572 671 671 671 572 572 572 573 573 573 671 671 671 574 574 574 671 671 671 573 573 573 671 671 671 574 574 574 672 672 672 575 575 575 672 672 672 574 574 574 672 672 672 575 575 575 673 673 673 673 673 673 575 575 575 674 674 674 575 575 575 620 620 620 674 674 674 674 674 674 620 620 620 675 675 675 623 623 623 675 675 675 620 620 620 675 675 675 623 623 623 676 676 676 622 622 622 676 676 676 623 623 623 676 676 676 622 622 622 677 677 677 621 621 621 677 677 677 622 622 622 677 677 677 621 621 621 678 678 678 619 619 619 678 678 678 621 621 621 678 678 678 619 619 619 679 679 679 582 582 582 679 679 679 619 619 619 679 679 679 582 582 582 680 680 680 680 680 680 582 582 582 681 681 681 582 582 582 583 583 583 681 681 681 585 585 585 681 681 681 583 583 583 681 681 681 585 585 585 682 682 682 579 579 579 682 682 682 585 585 585 682 682 682 579 579 579 683 683 683 578 578 578 683 683 683 579 579 579 683 683 683 578 578 578 684 684 684 624 624 624 684 684 684 578 578 578 684 684 684 624 624 624 685 685 685 628 628 628 685 685 685 624 624 624 685 685 685 628 628 628 686 686 686 627 627 627 686 686 686 628 628 628 686 686 686 627 627 627 687 687 687 626 626 626 687 687 687 627 627 627 687 687 687 626 626 626 688 688 688 625 625 625 688 688 688 626 626 626 688 688 688 625 625 625 689 689 689 590 590 590 689 689 689 625 625 625 689 689 689 590 590 590 690 690 690 690 690 690 590 590 590 691 691 691 590 590 590 593 593 593 691 691 691 596 596 596 691 691 691 593 593 593 691 691 691 596 596 596 692 692 692 592 592 592 692 692 692 596 596 596 692 692 692 592 592 592 693 693 693 591 591 591 693 693 693 592 592 592 693 693 693 591 591 591 694 694 694 610 610 610 694 694 694 591 591 591 694 694 694 610 610 610 695 695 695 613 613 613 695 695 695 610 610 610 695 695 695 613 613 613 696 696 696 655 655 655 696 696 696 613 613 613 697 697 697 698 698 698 13 13 13 698 698 698 699 699 699 13 13 13 698 698 698 700 700 700 699 699 699 700 700 700 698 698 698 7 7 7 698 698 698 4 4 4 7 7 7 4 4 4 698 698 698 701 701 701 702 702 702 703 703 703 704 704 704 705 705 705 706 706 706 707 707 707 708 708 708 709 709 709 710 710 710 711 711 711 712 712 712 713 713 713 714 714 714 639 639 639 715 715 715 716 716 716 636 636 636 714 714 714 717 717 717 718 718 718 719 719 719 720 720 720 721 721 721 722 722 722 723 723 723 724 724 724 651 651 651 725 725 725 651 651 651 724 724 724 726 726 726 727 727 727 728 728 728 710 710 710 729 729 729 705 705 705 730 730 730 716 716 716 715 715 715 714 714 714 715 715 715 716 716 716 731 731 731 732 732 732 733 733 733 733 733 733 734 734 734 735 735 735 653 653 653 654 654 654 720 720 720 704 704 704 736 736 736 726 726 726 728 728 728 737 737 737 708 708 708 713 713 713 738 738 738 715 715 715 716 716 716 739 739 739 717 717 717 716 716 716 717 717 717 636 636 636 719 719 719 636 636 636 717 717 717 636 636 636 719 719 719 740 740 740 741 741 741 742 742 742 731 731 731 743 743 743 723 723 723 722 722 722 651 651 651 722 722 722 723 723 723 722 722 722 651 651 651 720 720 720 653 653 653 720 720 720 651 651 651 735 735 735 744 744 744 720 720 720 725 725 725 745 745 745 651 651 651 702 702 702 651 651 651 745 745 745 651 651 651 702 702 702 650 650 650 704 704 704 650 650 650 702 702 702 650 650 650 704 704 704 649 649 649 726 726 726 649 649 649 704 704 704 649 649 649 726 726 726 648 648 648 728 728 728 648 648 648 726 726 726 648 648 648 728 728 728 647 647 647 708 708 708 647 647 647 728 728 728 647 647 647 708 708 708 646 646 646 710 710 710 646 646 646 708 708 708 646 646 646 710 710 710 645 645 645 705 705 705 645 645 645 710 710 710 645 645 645 705 705 705 644 644 644 707 707 707 644 644 644 705 705 705 644 644 644 707 707 707 643 643 643 746 746 746 643 643 643 707 707 707 643 643 643 746 746 746 642 642 642 746 746 746 711 711 711 642 642 642 713 713 713 642 642 642 711 711 711 642 642 642 713 713 713 641 641 641 715 715 715 641 641 641 713 713 713 641 641 641 715 715 715 640 640 640 639 639 639 640 640 640 715 715 715 747 747 747 748 748 748 741 741 741 740 740 740 747 747 747 636 636 636 741 741 741 636 636 636 747 747 747 636 636 636 741 741 741 634 634 634 731 731 731 634 634 634 741 741 741 634 634 634 731 731 731 632 632 632 733 733 733 632 632 632 731 731 731 632 632 632 733 733 733 631 631 631 735 735 735 631 631 631 733 733 733 631 631 631 735 735 735 630 630 630 720 720 720 630 630 630 735 735 735 630 630 630 720 720 720 629 629 629 654 654 654 629 629 629 720 720 720 749 749 749 750 750 750 751 751 751 752 752 752 753 753 753 754 754 754 755 755 755 756 756 756 757 757 757 694 694 694 757 757 757 756 756 756 757 757 757 694 694 694 758 758 758 695 695 695 758 758 758 694 694 694 758 758 758 695 695 695 759 759 759 696 696 696 759 759 759 695 695 695 759 759 759 696 696 696 760 760 760 761 761 761 760 760 760 696 696 696 762 762 762 763 763 763 764 764 764 765 765 765 766 766 766 767 767 767 687 687 687 767 767 767 766 766 766 767 767 767 687 687 687 768 768 768 688 688 688 768 768 768 687 687 687 768 768 768 688 688 688 769 769 769 689 689 689 769 769 769 688 688 688 769 769 769 689 689 689 770 770 770 690 690 690 770 770 770 689 689 689 770 770 770 690 690 690 771 771 771 691 691 691 771 771 771 690 690 690 771 771 771 691 691 691 772 772 772 692 692 692 772 772 772 691 691 691 772 772 772 692 692 692 756 756 756 693 693 693 756 756 756 692 692 692 756 756 756 693 693 693 694 694 694 773 773 773 774 774 774 775 775 775 680 680 680 775 775 775 774 774 774 775 775 775 680 680 680 776 776 776 681 681 681 776 776 776 680 680 680 776 776 776 681 681 681 777 777 777 682 682 682 777 777 777 681 681 681 777 777 777 682 682 682 778 778 778 683 683 683 778 778 778 682 682 682 778 778 778 683 683 683 779 779 779 684 684 684 779 779 779 683 683 683 779 779 779 684 684 684 780 780 780 685 685 685 780 780 780 684 684 684 780 780 780 685 685 685 766 766 766 686 686 686 766 766 766 685 685 685 766 766 766 686 686 686 687 687 687 781 781 781 657 657 657 782 782 782 658 658 658 782 782 782 657 657 657 782 782 782 658 658 658 783 783 783 659 659 659 783 783 783 658 658 658 783 783 783 659 659 659 751 751 751 660 660 660 751 751 751 659 659 659 751 751 751 660 660 660 749 749 749 661 661 661 749 749 749 660 660 660 749 749 749 661 661 661 784 784 784 662 662 662 784 784 784 661 661 661 784 784 784 662 662 662 785 785 785 663 663 663 785 785 785 662 662 662 785 785 785 663 663 663 786 786 786 664 664 664 786 786 786 663 663 663 786 786 786 664 664 664 787 787 787 665 665 665 787 787 787 664 664 664 787 787 787 665 665 665 788 788 788 666 666 666 788 788 788 665 665 665 788 788 788 666 666 666 754 754 754 667 667 667 754 754 754 666 666 666 754 754 754 667 667 667 752 752 752 668 668 668 752 752 752 667 667 667 752 752 752 668 668 668 789 789 789 669 669 669 789 789 789 668 668 668 789 789 789 669 669 669 790 790 790 670 670 670 790 790 790 669 669 669 790 790 790 670 670 670 791 791 791 671 671 671 791 791 791 670 670 670 791 791 791 671 671 671 792 792 792 672 672 672 792 792 792 671 671 671 792 792 792 672 672 672 793 793 793 673 673 673 793 793 793 672 672 672 793 793 793 673 673 673 764 764 764 674 674 674 764 764 764 673 673 673 764 764 764 674 674 674 762 762 762 675 675 675 762 762 762 674 674 674 762 762 762 675 675 675 794 794 794 676 676 676 794 794 794 675 675 675 794 794 794 676 676 676 795 795 795 677 677 677 795 795 795 676 676 676 795 795 795 677 677 677 796 796 796 678 678 678 796 796 796 677 677 677 796 796 796 678 678 678 774 774 774 679 679 679 774 774 774 678 678 678 774 774 774 679 679 679 680 680 680 797 797 797 720 720 720 798 798 798 744 744 744 798 798 798 720 720 720 798 798 798 744 744 744 759 759 759 721 721 721 799 799 799 782 782 782 799 799 799 721 721 721 797 797 797 720 720 720 797 797 797 721 721 721 656 656 656 799 799 799 655 655 655 797 797 797 655 655 655 799 799 799 798 798 798 655 655 655 797 797 797 651 651 651 652 652 652 653 653 653 633 633 633 25 25 25 24 24 24 24 24 24 635 635 635 633 633 633 399 399 399 400 400 400 598 598 598 598 598 598 397 397 397 399 399 399 124 124 124 123 123 123 131 131 131 131 131 131 480 480 480 124 124 124</p>
        </triangles>
      </mesh>
    </geometry>
    <geometry id="58cb717b665240f688afc8b87030682a" name="06481643e7404ac2a3ffa42b4762bee7">
      <mesh>
        <source id="verts-array">
          <float_array count="2292" id="verts-array-array">-0.014 0.03346358 -0.008503649 -0.016 0.03346358 -0.008503649 -0.014 0.03406248 -0.00831646 -0.016 0.03406248 -0.00831646 -0.014 0.03468518 -0.008239213 -0.016 0.03468518 -0.008239213 -0.014 0.03531168 -0.008274393 -0.016 0.03531168 -0.008274393 -0.014 0.03592182 -0.008420874 -0.016 0.03592182 -0.008420874 -0.014 0.03649599 -0.008673951 -0.016 0.03649599 -0.008673951 -0.014 0.03701575 -0.009025477 -0.016 0.03701575 -0.009025477 -0.014 0.0374644 -0.00946416 -0.016 0.0374644 -0.00946416 -0.014 0.03782749 -0.009975908 -0.016 0.03782749 -0.009975908 -0.014 0.03809339 -0.01054426 -0.016 0.03809339 -0.01054426 -0.014 0.03825352 -0.01115096 -0.016 0.03825352 -0.01115096 -0.014 0.03830275 -0.0117765 -0.016 0.03830275 -0.0117765 -0.014 0.0382395 -0.01240078 -0.016 0.0382395 -0.01240078 -0.014 0.03806579 -0.01300373 -0.016 0.03806579 -0.01300373 -0.014 0.03778721 -0.01356597 -0.016 0.03778721 -0.01356597 -0.014 0.03741271 -0.01406944 -0.016 0.03741271 -0.01406944 -0.014 0.03695434 -0.01449795 -0.016 0.03695434 -0.01449795 -0.014 0.03642683 -0.01483773 -0.016 0.03642683 -0.01483773 -0.014 0.03584711 -0.01507785 -0.016 0.03584711 -0.01507785 -0.014 0.03523384 -0.01521061 -0.016 0.03523384 -0.01521061 -0.014 0.03460672 -0.01523172 -0.016 0.03460672 -0.01523172 -0.014 0.03398591 -0.01514052 -0.016 0.03398591 -0.01514052 -0.014 0.03339136 -0.01493994 -0.016 0.03339136 -0.01493994 -0.014 0.03284218 -0.01463642 -0.016 0.03284218 -0.01463642 -0.014 0.03235602 -0.01423972 -0.016 0.03235602 -0.01423972 -0.014 0.0319485 -0.01376258 -0.016 0.0319485 -0.01376258 -0.014 0.03163274 -0.01322035 -0.016 0.03163274 -0.01322035 -0.014 0.03141887 -0.01263044 -0.016 0.03141887 -0.01263044 -0.014 0.03131376 -0.01201183 -0.016 0.03131376 -0.01201183 -0.014 0.0313208 -0.0113844 -0.016 0.0313208 -0.0113844 -0.014 0.03143976 -0.01076831 -0.016 0.03143976 -0.01076831 -0.014 0.03166681 -0.01018335 -0.016 0.03166681 -0.01018335 -0.014 0.03199467 -0.00964834 -0.016 0.03199467 -0.00964834 -0.014 0.03241279 -0.009180468 -0.016 0.03241279 -0.009180468 -0.014 0.03290773 -0.008794774 -0.016 0.03290773 -0.008794774 -0.014 0.03896043 -0.01001515 -0.0155 0.03863986 -0.009385986 -0.014 0.03863986 -0.009385986 -0.0155 0.03822479 -0.008814712 -0.014 0.03822479 -0.008814712 -0.0155 0.03772549 -0.0083154 -0.014 0.03772549 -0.0083154 -0.0155 0.03715422 -0.007900351 -0.014 0.03715422 -0.007900351 -0.0155 0.03652505 -0.007579772 -0.014 0.03652505 -0.007579772 -0.0155 0.03585347 -0.007361562 -0.014 0.03585347 -0.007361562 -0.0155 0.03515604 -0.007251099 -0.014 0.03515604 -0.007251099 -0.0155 0.03444991 -0.007251102 -0.014 0.03444991 -0.007251102 -0.0155 0.03375247 -0.007361561 -0.014 0.03375247 -0.007361561 -0.0155 0.0330809 -0.007579769 -0.014 0.0330809 -0.007579769 -0.0155 0.03245173 -0.007900344 -0.014 0.03245173 -0.007900344 -0.0155 0.03188046 -0.008315405 -0.014 0.03188046 -0.008315405 -0.0155 0.03138114 -0.00881471 -0.014 0.03138114 -0.00881471 -0.0155 0.03096609 -0.009385978 -0.014 0.03096609 -0.009385978 -0.0155 0.03064551 -0.01001515 -0.014 0.03064551 -0.01001515 -0.0155 0.03042731 -0.01068673 -0.014 0.03042731 -0.01068673 -0.0155 0.03031684 -0.01138416 -0.014 0.03031684 -0.01138416 -0.0155 0.03031685 -0.01209029 -0.014 0.03031685 -0.01209029 -0.0155 0.0304273 -0.01278773 -0.014 0.0304273 -0.01278773 -0.0155 0.03064551 -0.0134593 -0.014 0.03064551 -0.0134593 -0.0155 0.03096609 -0.01408847 -0.014 0.03096609 -0.01408847 -0.0155 0.03138115 -0.01465974 -0.014 0.03138115 -0.01465974 -0.0155 0.03188045 -0.01515906 -0.014 0.03188045 -0.01515906 -0.0155 0.03245172 -0.01557411 -0.014 0.03245172 -0.01557411 -0.0155 0.03308089 -0.01589468 -0.014 0.03308089 -0.01589468 -0.0155 0.03375247 -0.01611289 -0.014 0.03375247 -0.01611289 -0.0155 0.0344499 -0.01622336 -0.014 0.0344499 -0.01622336 -0.0155 0.03515603 -0.01622335 -0.014 0.03515603 -0.01622335 -0.0155 0.03585347 -0.0161129 -0.014 0.03585347 -0.0161129 -0.0155 0.03652504 -0.01589469 -0.014 0.03652504 -0.01589469 -0.0155 0.03715421 -0.01557411 -0.014 0.03715421 -0.01557411 -0.0155 0.03772549 -0.01515905 -0.014 0.03772549 -0.01515905 -0.0155 0.0382248 -0.01465975 -0.014 0.0382248 -0.01465975 -0.0155 0.03863985 -0.01408848 -0.014 0.03863985 -0.01408848 -0.0155 0.03896043 -0.01345931 -0.014 0.03896043 -0.01345931 -0.0155 0.03917864 -0.01278773 -0.014 0.03917864 -0.01278773 -0.0155 0.0392891 -0.0120903 -0.014 0.0392891 -0.0120903 -0.0155 0.0392891 -0.01138417 -0.014 0.0392891 -0.01138417 -0.0155 0.03917864 -0.01068673 -0.014 0.03917864 -0.01068673 -0.0155 0.03896043 -0.01001515 -0.014 0.03827813 -0.01146373 -0.014 0.03923387 -0.01103545 -0.014 0.03880014 -0.009700568 -0.014 0.03764595 -0.009720034 -0.014 0.03797514 -0.008565056 -0.014 0.03675587 -0.008849714 -0.014 0.03683963 -0.007740061 -0.014 0.03561675 -0.008347634 -0.014 0.03183074 -0.009915845 -0.014 0.0308058 -0.009700564 -0.014 0.03037208 -0.01103545 -0.014 0.03131728 -0.01169811 -0.014 0.03037207 -0.01243901 -0.014 0.03152581 -0.0129254 -0.014 0.0308058 -0.01377388 -0.014 0.03215226 -0.01400115 -0.014 0.03550476 -0.007306331 -0.014 0.03410119 -0.007306332 -0.014 0.03376303 -0.008410055 -0.014 0.03276631 -0.007740057 -0.014 0.03266026 -0.008987621 -0.014 0.0316308 -0.008565058 -0.014 0.03613697 -0.01495779 -0.014 0.03683962 -0.0157344 -0.014 0.03797515 -0.0149094 -0.014 0.03759996 -0.0138177 -0.014 0.03880014 -0.01377389 -0.014 0.03815265 -0.01270226 -0.014 0.03923387 -0.01243902 -0.014 0.0316308 -0.0149094 -0.014 0.0327663 -0.01573439 -0.014 0.03368863 -0.01504023 -0.014 0.03410119 -0.01616812 -0.014 0.03492028 -0.01522117 -0.014 0.03550475 -0.01616812 -0.0175 0.04076761 -0.01330351 -0.0175 0.04018361 -0.01321932 -0.0175 0.03992488 -0.01017096 -0.0175 0.03236048 -0.008461624 -0.0175 0.03142924 -0.009432178 -0.0175 0.02998952 -0.009019759 -0.0175 0.03188323 -0.01782836 -0.0175 0.03302432 -0.01795485 -0.0175 0.03275511 -0.01945615 -0.0175 0.03509928 -0.01973174 -0.0175 0.03655121 -0.01790415 -0.0175 0.03604273 -0.01964058 -0.0175 0.03696879 -0.01943848 -0.0175 0.03688096 -0.01646649 -0.0175 0.03635489 -0.01691273 -0.0175 0.03539206 -0.01578054 -0.0175 0.03628505 -0.01749862 -0.0175 0.0379418 -0.01728051 -0.0175 0.04024642 -0.01759973 -0.0175 0.03782889 -0.01770187 -0.0175 0.03951484 -0.01820239 -0.0175 0.03829077 -0.01892128 -0.0175 0.03709907 -0.01812323 -0.0175 0.03752043 -0.01801033 -0.0175 0.03782889 -0.01685914 -0.0175 0.03862221 -0.0154144 -0.0175 0.03746685 -0.01653633 -0.0175 0.04090159 -0.01691477 -0.0175 0.04147114 -0.01615713 -0.0175 0.03992488 -0.008711307 -0.0175 0.03955997 -0.009174974 -0.0175 0.03848015 -0.007917996 -0.0175 0.04208723 -0.008463847 -0.0175 0.04094215 -0.008845232 -0.0175 0.04140492 -0.007219017 -0.0175 0.04050889 -0.008627117 -0.0175 0.0408242 -0.006469896 -0.0175 0.04116026 -0.009223016 -0.0175 0.04050889 -0.01025515 -0.0175 0.04094215 -0.01003703 -0.0175 0.04280275 -0.01167796 -0.0175 0.04273959 -0.01073222 -0.0175 0.04116026 -0.009659246 -0.0175 0.04256502 -0.009800578 -0.0175 0.04259287 -0.01355865 -0.0175 0.04213493 -0.01490232 -0.0175 0.04275361 -0.01262454 -0.0175 0.04015895 -0.00579472 -0.0175 0.03941852 -0.005202955 -0.0175 0.03731719 -0.005379941 -0.0175 0.03818394 -0.004502282 -0.0175 0.03685443 -0.004004729 -0.0175 0.03403358 -0.003774311 -0.0175 0.03647543 -0.005646095 -0.0175 0.03625634 -0.006193951 -0.0175 0.03688096 -0.005379938 -0.0175 0.03592549 -0.003816371 -0.0175 0.03498079 -0.003739199 -0.0175 0.03169286 -0.006031308 -0.0175 0.03188324 -0.006741808 -0.0175 0.03228876 -0.007007961 -0.0175 0.03309719 -0.003921204 -0.0175 0.03319747 -0.005733359 -0.0175 0.03048239 -0.005004289 -0.0175 0.03174688 -0.00435917 -0.0175 0.03191097 -0.005598049 -0.0175 0.03319747 -0.00665454 -0.0175 0.0333496 -0.006193951 -0.0175 0.03272499 -0.005379938 -0.0175 0.03228876 -0.005379935 -0.0175 0.02971638 -0.005562549 -0.0175 0.03272498 -0.007007963 -0.0175 0.02952585 -0.00865485 -0.0175 0.02902178 -0.006207496 -0.0175 0.02904158 -0.008627109 -0.0175 0.02840834 -0.006930071 -0.0175 0.02788467 -0.00772012 -0.0175 0.0286638 -0.008845225 -0.0175 0.02729639 -0.009012047 -0.0175 0.02844569 -0.00922301 -0.0175 0.02682075 -0.0122703 -0.0175 0.02871184 -0.01006476 -0.0175 0.02942234 -0.01025514 -0.0175 0.02844568 -0.009659237 -0.0175 0.02691886 -0.01038048 -0.0175 0.02681373 -0.01132248 -0.0175 0.02848028 -0.01663861 -0.0175 0.02899354 -0.0148196 -0.0175 0.02910435 -0.01735201 -0.0175 0.02772543 -0.01543639 -0.0175 0.02852987 -0.01445469 -0.0175 0.02985559 -0.01462922 -0.0175 0.03208551 -0.01655068 -0.0175 0.0294778 -0.01484734 -0.0175 0.03007371 -0.01425144 -0.0175 0.02883833 -0.01330351 -0.0175 0.02925969 -0.0131906 -0.0175 0.02972028 -0.01334273 -0.0175 0.02716928 -0.0141303 -0.0175 0.02841697 -0.01403333 -0.0175 0.03007371 -0.01381521 -0.0175 0.02852987 -0.01361196 -0.0175 0.02693983 -0.01321065 -0.0175 0.03058262 -0.01853346 -0.0175 0.03141605 -0.0189849 -0.0175 0.02980843 -0.0179866 -0.0175 0.03166414 -0.0172805 -0.0175 0.03415166 -0.01971067 -0.0175 0.03488742 -0.007652106 -0.0175 0.03355641 -0.007846028 -0.0175 0.03636925 -0.006615319 -0.0175 0.03620928 -0.007900868 -0.0175 0.03704549 -0.007022325 -0.0175 0.03737874 -0.00856536 -0.0175 0.03752044 -0.006923778 -0.0175 0.03874236 -0.01282193 -0.0175 0.03890209 -0.01182196 -0.0175 0.03878382 -0.01081626 -0.0175 0.03826909 -0.009573573 -0.0175 0.03950351 -0.01403333 -0.0175 0.03961642 -0.01445469 -0.0175 0.03975035 -0.01343744 -0.0175 0.03836771 -0.01376272 -0.0175 0.03775129 -0.01456614 -0.0175 0.036673 -0.01537017 -0.0175 0.03177704 -0.01685914 -0.0175 0.03307877 -0.01545705 -0.0175 0.03256045 -0.01645213 -0.0175 0.0322272 -0.0149091 -0.0175 0.0332367 -0.01685913 -0.0175 0.03404729 -0.01575273 -0.0175 0.03334959 -0.01728051 -0.0175 0.03086358 -0.01065252 -0.0175 0.03070385 -0.01165249 -0.0175 0.03133685 -0.01390088 -0.0175 0.03082212 -0.0126582 -0.0175 0.0298556 -0.01003703 -0.0175 0.03010243 -0.009441126 -0.0175 0.03784325 -0.006561733 -0.0175 0.03794181 -0.006083009 -0.0175 0.04107607 -0.01445469 -0.0175 0.03997847 -0.01477751 -0.0175 0.04045719 -0.01487606 -0.0175 0.03323669 -0.01770187 -0.0175 0.03166414 -0.006304893 -0.0155 0.03169286 -0.006412062 -0.0175 0.03177705 -0.006615315 -0.0155 0.03169287 -0.005975835 -0.0175 0.03169287 -0.005975835 -0.0175 0.03183252 -0.005676503 -0.0155 0.03208551 -0.005464124 -0.0175 0.03208551 -0.005464124 -0.0175 0.03250687 -0.005351221 -0.0155 0.03272499 -0.005379938 -0.0175 0.03292824 -0.005464126 -0.0155 0.03310277 -0.005598049 -0.0175 0.0332367 -0.005772584 -0.0155 0.0333496 -0.006193951 -0.0175 0.0332367 -0.006615313 -0.0155 0.03310277 -0.006789849 -0.0175 0.03292823 -0.006923775 -0.0155 0.03272498 -0.007007963 -0.0175 0.03250687 -0.007036678 -0.0155 0.03228876 -0.007007961 -0.0175 0.03208551 -0.006923773 -0.0155 0.03191097 -0.00678985 -0.0175 0.02841697 -0.009441122 -0.0155 0.02844568 -0.009659237 -0.0175 0.02852987 -0.009862491 -0.0155 0.02844569 -0.00922301 -0.0175 0.02852987 -0.009019761 -0.0155 0.0286638 -0.008845225 -0.0175 0.02883833 -0.0087113 -0.0155 0.02904158 -0.008627109 -0.0175 0.02925969 -0.008598395 -0.0155 0.02947781 -0.008627113 -0.0175 0.02968106 -0.008711302 -0.0155 0.02985559 -0.008845224 -0.0155 0.03007371 -0.009223012 -0.0175 0.03010243 -0.00933018 -0.0155 0.03007371 -0.00965924 -0.0175 0.03007371 -0.00965924 -0.0155 0.0298556 -0.01003703 -0.0175 0.02968107 -0.01017095 -0.0155 0.02947781 -0.01025514 -0.0175 0.02925969 -0.01028386 -0.0155 0.02904158 -0.01025514 -0.0175 0.02883833 -0.01017094 -0.0155 0.0286638 -0.01003702 -0.0155 0.02844568 -0.01425144 -0.0155 0.02844569 -0.01381521 -0.0175 0.02866379 -0.01343743 -0.0155 0.02866379 -0.01343743 -0.0155 0.02925969 -0.0131906 -0.0155 0.02968105 -0.01330351 -0.0175 0.02968105 -0.01330351 -0.0155 0.02998952 -0.01361196 -0.0175 0.02998952 -0.01361196 -0.0155 0.03010242 -0.01403333 -0.0175 0.03010242 -0.01403333 -0.0175 0.02998951 -0.01445469 -0.0155 0.02985559 -0.01462922 -0.0175 0.02968105 -0.01476314 -0.0155 0.0294778 -0.01484734 -0.0175 0.02925969 -0.01487606 -0.0155 0.02904158 -0.01484733 -0.0175 0.02883833 -0.01476314 -0.0155 0.0286638 -0.01462922 -0.0155 0.03169286 -0.01749862 -0.0175 0.03169286 -0.01749862 -0.0155 0.03169286 -0.01706238 -0.0155 0.03191097 -0.0166846 -0.0155 0.03228876 -0.01646649 -0.0175 0.03239592 -0.01643777 -0.0155 0.03272498 -0.01646649 -0.0175 0.03272498 -0.01646649 -0.0155 0.03310277 -0.0166846 -0.0175 0.03310277 -0.0166846 -0.0155 0.03332089 -0.01706239 -0.0175 0.03332089 -0.01706239 -0.0155 0.03332087 -0.01749862 -0.0175 0.03332087 -0.01749862 -0.0175 0.03318122 -0.01779795 -0.0155 0.03292823 -0.01801033 -0.0175 0.03292823 -0.01801033 -0.0155 0.03261781 -0.01812324 -0.0175 0.03250687 -0.01812323 -0.0155 0.03228876 -0.01809452 -0.0175 0.03208551 -0.01801033 -0.0155 0.03191097 -0.0178764 -0.0155 0.03636924 -0.01770188 -0.0175 0.03625634 -0.01728051 -0.0155 0.03625634 -0.01728051 -0.0155 0.03636924 -0.01685914 -0.0175 0.03636924 -0.01685914 -0.0155 0.03658162 -0.01660615 -0.0175 0.03658162 -0.01660615 -0.0155 0.03688096 -0.01646649 -0.0155 0.03731718 -0.01646649 -0.0175 0.03731718 -0.01646649 -0.0175 0.03769497 -0.01668461 -0.0155 0.03782889 -0.01685914 -0.0155 0.0379418 -0.01728051 -0.0155 0.03769497 -0.01787641 -0.0155 0.03731718 -0.01809452 -0.0175 0.03721002 -0.01812324 -0.0155 0.03688096 -0.01809452 -0.0175 0.03688096 -0.01809452 -0.0175 0.03650317 -0.01787641 -0.0155 0.03953223 -0.01425144 -0.0155 0.03953223 -0.01381522 -0.0175 0.03961643 -0.01361197 -0.0155 0.03975035 -0.01343744 -0.0175 0.03982879 -0.01335898 -0.0155 0.04012813 -0.01321932 -0.0175 0.04012813 -0.01321932 -0.0155 0.04076761 -0.01330351 -0.0175 0.04107607 -0.01361197 -0.0155 0.04116026 -0.01381522 -0.0175 0.04118898 -0.01392239 -0.0155 0.04116026 -0.01425144 -0.0175 0.04116026 -0.01425144 -0.0155 0.04094215 -0.01462923 -0.0175 0.04094215 -0.01462923 -0.0175 0.04034624 -0.01487606 -0.0155 0.04034624 -0.01487606 -0.0155 0.03992488 -0.01476316 -0.0175 0.03992488 -0.01476316 -0.0155 0.03967189 -0.01455078 -0.0155 0.03961643 -0.009862495 -0.0175 0.03953223 -0.009659245 -0.0155 0.03953223 -0.009223016 -0.0175 0.03961643 -0.009019766 -0.0155 0.03975035 -0.008845232 -0.0175 0.04012814 -0.008627117 -0.0155 0.04012814 -0.008627117 -0.0155 0.04056437 -0.008627118 -0.0175 0.04056437 -0.008627118 -0.0155 0.04107607 -0.009019766 -0.0155 0.04116026 -0.009659246 -0.0175 0.04107607 -0.009862496 -0.0155 0.04094215 -0.01003703 -0.0175 0.04076762 -0.01017096 -0.0155 0.04034624 -0.01028386 -0.0175 0.04034624 -0.01028386 -0.0155 0.03992488 -0.01017096 -0.0175 0.03975035 -0.01003703 -0.0175 0.03625634 -0.006304897 -0.0155 0.03628506 -0.006412065 -0.0155 0.03628507 -0.005975839 -0.0175 0.03628507 -0.005975839 -0.0155 0.03650317 -0.005598054 -0.0175 0.03667771 -0.005464128 -0.0155 0.03688096 -0.005379938 -0.0175 0.03709908 -0.005351224 -0.0155 0.03731719 -0.005379941 -0.0175 0.03752044 -0.00546413 -0.0155 0.03769498 -0.005598053 -0.0175 0.0378289 -0.005772587 -0.0155 0.03791309 -0.005975841 -0.0175 0.0379418 -0.006193955 -0.0155 0.03791308 -0.006412067 -0.0175 0.03782889 -0.006615316 -0.0155 0.03769497 -0.006789852 -0.0155 0.03731718 -0.007007968 -0.0175 0.03709908 -0.007036683 -0.0155 0.03688096 -0.007007964 -0.0175 0.03667771 -0.006923775 -0.0155 0.03650318 -0.006789853 -0.016 0.03323397 -0.007949321 -0.0175 0.03323397 -0.007949321 -0.016 0.03387884 -0.007742735 -0.0175 0.03387884 -0.007742735 -0.016 0.03454892 -0.007645107 -0.0175 0.03454892 -0.007645107 -0.016 0.03522592 -0.007659106 -0.0175 0.03522592 -0.007659106 -0.016 0.03589139 -0.007784335 -0.0175 0.03589139 -0.007784335 -0.016 0.03652717 -0.008017401 -0.0175 0.03652717 -0.008017401 -0.016 0.03711591 -0.008351924 -0.0175 0.03711591 -0.008351924 -0.016 0.03764157 -0.008778796 -0.0175 0.03764157 -0.008778796 -0.016 0.0380898 -0.009286364 -0.0175 0.0380898 -0.009286364 -0.016 0.03844838 -0.009860783 -0.0175 0.03844838 -0.009860783 -0.016 0.03870751 -0.01048639 -0.0175 0.03870751 -0.01048639 -0.016 0.03886013 -0.01114612 -0.0175 0.03886013 -0.01114612 -0.016 0.03890209 -0.01182196 -0.016 0.03883224 -0.01249551 -0.0175 0.03883224 -0.01249551 -0.016 0.03865248 -0.01314835 -0.0175 0.03865248 -0.01314835 -0.016 0.03836771 -0.01376272 -0.016 0.0379857 -0.01432183 -0.0175 0.0379857 -0.01432183 -0.016 0.03751689 -0.01481044 -0.0175 0.03751689 -0.01481044 -0.016 0.03697404 -0.01521522 -0.0175 0.03697404 -0.01521522 -0.016 0.03637197 -0.01552513 -0.0175 0.03637197 -0.01552513 -0.016 0.0357271 -0.01573172 -0.0175 0.0357271 -0.01573172 -0.016 0.03505702 -0.01582935 -0.0175 0.03505702 -0.01582935 -0.016 0.03438002 -0.01581535 -0.0175 0.03438002 -0.01581535 -0.016 0.03371456 -0.01569012 -0.0175 0.03371456 -0.01569012 -0.016 0.03307877 -0.01545705 -0.016 0.03249003 -0.01512253 -0.0175 0.03249003 -0.01512253 -0.016 0.03196437 -0.01469566 -0.0175 0.03196437 -0.01469566 -0.016 0.03151614 -0.01418809 -0.0175 0.03151614 -0.01418809 -0.016 0.03115757 -0.01361367 -0.0175 0.03115757 -0.01361367 -0.016 0.03089843 -0.01298807 -0.0175 0.03089843 -0.01298807 -0.016 0.03074581 -0.01232834 -0.0175 0.03074581 -0.01232834 -0.016 0.03070385 -0.01165249 -0.016 0.0307737 -0.01097895 -0.0175 0.0307737 -0.01097895 -0.016 0.03095346 -0.0103261 -0.0175 0.03095346 -0.0103261 -0.016 0.03123823 -0.009711732 -0.0175 0.03123823 -0.009711732 -0.016 0.03162024 -0.009152625 -0.0175 0.03162024 -0.009152625 -0.016 0.03208905 -0.008664015 -0.0175 0.03208905 -0.008664015 -0.016 0.0326319 -0.008259233 -0.0175 0.0326319 -0.008259233 -0.0155 0.04257253 -0.01364161 -0.0155 0.04232276 -0.0144672 -0.0175 0.04232276 -0.0144672 -0.0155 0.0419471 -0.01533743 -0.0175 0.0419471 -0.01533743 -0.0155 0.04147114 -0.01615713 -0.0155 0.04090159 -0.01691477 -0.0155 0.04024642 -0.01759973 -0.0155 0.03951484 -0.01820239 -0.0155 0.03871711 -0.0187143 -0.0175 0.03871711 -0.0187143 -0.0155 0.03786443 -0.01912827 -0.0175 0.03786443 -0.01912827 -0.0155 0.03696879 -0.01943848 -0.0155 0.03604273 -0.01964058 -0.0155 0.03509928 -0.01973174 -0.0155 0.03415166 -0.01971067 -0.0155 0.03321319 -0.01957768 -0.0175 0.03321319 -0.01957768 -0.0155 0.03229703 -0.01933461 -0.0175 0.03229703 -0.01933461 -0.0155 0.03141605 -0.0189849 -0.0155 0.03058262 -0.01853346 -0.0155 0.02980843 -0.0179866 -0.0155 0.02910435 -0.01735201 -0.0155 0.02848028 -0.01663861 -0.0155 0.02794495 -0.0158564 -0.0175 0.02794495 -0.0158564 -0.0155 0.0275059 -0.01501637 -0.0175 0.0275059 -0.01501637 -0.0155 0.02716928 -0.0141303 -0.0155 0.02693983 -0.01321065 -0.0155 0.02682075 -0.0122703 -0.0155 0.02681373 -0.01132248 -0.0155 0.02691886 -0.01038048 -0.0155 0.02713466 -0.009457526 -0.0175 0.02713466 -0.009457526 -0.0155 0.02745811 -0.008566569 -0.0175 0.02745811 -0.008566569 -0.0155 0.02788467 -0.00772012 -0.0155 0.02840834 -0.006930071 -0.0155 0.02902178 -0.006207496 -0.0155 0.02971638 -0.005562549 -0.0155 0.03048239 -0.005004289 -0.0155 0.03130903 -0.004540533 -0.0175 0.03130903 -0.004540533 -0.0155 0.03218473 -0.004177807 -0.0175 0.03218473 -0.004177807 -0.0155 0.03309719 -0.003921204 -0.0155 0.03403358 -0.003774311 -0.0155 0.03498079 -0.003739199 -0.0155 0.03592549 -0.003816371 -0.0155 0.03685443 -0.004004729 -0.0155 0.03775458 -0.004301637 -0.0175 0.03775458 -0.004301637 -0.0155 0.0386133 -0.004702928 -0.0175 0.0386133 -0.004702928 -0.0155 0.03941852 -0.005202955 -0.0155 0.04015895 -0.00579472 -0.0155 0.0408242 -0.006469896 -0.0155 0.04140492 -0.007219017 -0.0155 0.04189297 -0.008031564 -0.0175 0.04189297 -0.008031564 -0.0155 0.04228149 -0.008896129 -0.0175 0.04228149 -0.008896129 -0.0155 0.04256502 -0.009800578 -0.0155 0.04273959 -0.01073222 -0.0155 0.04280275 -0.01167796 -0.0155 0.04275361 -0.01262454 -0.0155 0.02729639 -0.009012047 -0.0155 0.02858535 -0.008923678 -0.0155 0.03550475 -0.01616812 -0.0155 0.03769497 -0.01668461 -0.0155 0.03791308 -0.01706239 -0.0155 0.04045719 -0.01487606 -0.0155 0.03791308 -0.01749862 -0.0155 0.03628505 -0.01749862 -0.0155 0.03635489 -0.01691273 -0.0155 0.03650317 -0.01787641 -0.0155 0.03741661 -0.01928337 -0.0155 0.03185654 -0.01915976 -0.0155 0.03007371 -0.01425144 -0.0155 0.02904158 -0.01321932 -0.0155 0.02962747 -0.01328915 -0.0155 0.03037207 -0.01243901 -0.0155 0.02972028 -0.01472392 -0.0155 0.02925969 -0.01487606 -0.0155 0.02883833 -0.01476314 -0.0155 0.02733759 -0.01457334 -0.0155 0.02852987 -0.01445469 -0.0155 0.02844568 -0.01387068 -0.0155 0.02925969 -0.008598395 -0.0155 0.02968106 -0.008711302 -0.0155 0.02883833 -0.0087113 -0.0155 0.03250687 -0.005351221 -0.0155 0.03174688 -0.00435917 -0.0155 0.03332089 -0.005975838 -0.0155 0.03332089 -0.006412063 -0.0155 0.03625634 -0.006193951 -0.0155 0.03296746 -0.005503351 -0.0155 0.03166415 -0.006193948 -0.0155 0.03177705 -0.005772586 -0.0155 0.03709908 -0.005351224 -0.0155 0.03667771 -0.005464128 -0.0155 0.03636925 -0.005772589 -0.0155 0.03752044 -0.00546413 -0.0155 0.03818394 -0.004502282 -0.0155 0.0379418 -0.006193955 -0.0155 0.03782889 -0.006615316 -0.0155 0.0378289 -0.005772587 -0.0155 0.03950352 -0.009441131 -0.0155 0.03961643 -0.009019766 -0.0155 0.04242326 -0.009348353 -0.0155 0.04094215 -0.008845232 -0.0155 0.04034624 -0.0131906 -0.0155 0.03992488 -0.008711307 -0.0155 0.04039984 -0.008612759 -0.0155 0.04116026 -0.009223016 -0.0155 0.04109043 -0.009808912 -0.0155 0.04076762 -0.01017096 -0.0155 0.0408941 -0.0134097 -0.0155 0.04213493 -0.01490232 -0.0155 0.03743985 -0.008107875 -0.0155 0.03843232 -0.009100349 -0.0155 0.03906954 -0.01035094 -0.0155 0.0392891 -0.01173723 -0.0155 0.03752044 -0.006923778 -0.0155 0.03618926 -0.007470667 -0.0155 0.03636925 -0.006615319 -0.0155 0.03480298 -0.007251101 -0.0155 0.03709908 -0.007036683 -0.0155 0.03667771 -0.006923775 -0.0155 0.03117362 -0.009100344 -0.0155 0.0321661 -0.008107875 -0.0155 0.03341668 -0.007470665 -0.0155 0.03010243 -0.009441126 -0.0155 0.02998952 -0.009862489 -0.0155 0.03037208 -0.01103545 -0.0155 0.02968107 -0.01017095 -0.0155 0.02925969 -0.01028386 -0.0155 0.02998952 -0.009019759 -0.0155 0.03216608 -0.01536658 -0.0155 0.0308058 -0.01377388 -0.0155 0.03208551 -0.01655068 -0.0155 0.03176269 -0.01691272 -0.0155 0.03250687 -0.01643778 -0.0155 0.03292823 -0.01655068 -0.0155 0.03410119 -0.01616812 -0.0155 0.03334959 -0.01728051 -0.0155 0.0332367 -0.01685913 -0.0155 0.03843233 -0.01437412 -0.0155 0.03997847 -0.01477751 -0.0155 0.03683962 -0.0157344 -0.0155 0.03961642 -0.01445469 -0.0155 0.03950351 -0.01403333 -0.0155 0.03906954 -0.01312352 -0.0155 0.03961643 -0.01361197 -0.0155 0.03992488 -0.01330351 -0.0155 0.04118897 -0.01414428 -0.0155 0.03234423 -0.01809452 -0.0155 0.03166414 -0.01739145 -0.0155 0.03323669 -0.01770187 -0.0155 0.02883833 -0.01017094 -0.016 0.03724007 -0.009244818 -0.016 0.03786569 -0.00903258 -0.016 0.03796044 -0.01026008 -0.016 0.03857794 -0.01017359 -0.016 0.03827813 -0.01146373 -0.016 0.03888111 -0.01148404 -0.016 0.03815265 -0.01270226 -0.016 0.03874236 -0.01282193 -0.016 0.03759996 -0.0138177 -0.016 0.03817671 -0.01404228 -0.016 0.03669059 -0.01466784 -0.016 0.036673 -0.01537017 -0.016 0.03554047 -0.01514423 -0.016 0.03138028 -0.01107635 -0.016 0.03086358 -0.01065252 -0.016 0.03183074 -0.009915845 -0.016 0.03142924 -0.009432178 -0.016 0.03266026 -0.008987621 -0.016 0.03236048 -0.008461624 -0.016 0.03376303 -0.008410055 -0.016 0.03355641 -0.007846028 -0.016 0.03499843 -0.008256803 -0.016 0.03488742 -0.007652106 -0.016 0.03620891 -0.008547413 -0.016 0.03682154 -0.008184663 -0.016 0.03539206 -0.01578054 -0.016 0.03404729 -0.01575273 -0.016 0.03368863 -0.01504023 -0.016 0.0327844 -0.01528979 -0.016 0.0325991 -0.01443807 -0.016 0.03174025 -0.01444188 -0.016 0.03179062 -0.01349147 -0.016 0.031028 -0.01330087 -0.016 0.03136631 -0.01232114 -0.016 0.03072483 -0.01199041</float_array>
          <technique_common>
            <accessor count="764" source="#verts-array-array" stride="3">
              <param type="float" name="X"/>
              <param type="float" name="Y"/>
              <param type="float" name="Z"/>
            </accessor>
          </technique_common>
        </source>
        <source id="normals-array">
          <float_array count="2292" id="normals-array-array">0 0.3826852 -0.9238788 0 0.3826852 -0.9238788 0 0.2115669 -0.9773635 0 0.2115669 -0.9773635 0.7398236 0.02264442 -0.6724197 0 0.03365695 -0.9994334 0 -0.1453399 -0.9893818 0 -0.1453399 -0.9893818 0 -0.3196734 -0.9475278 0 -0.3196734 -0.9475278 0 -0.4837238 -0.8752207 0 -0.4837238 -0.8752207 0 -0.6322185 -0.7747901 0 -0.6322185 -0.7747901 0 -0.7604079 -0.6494458 0 -0.7604079 -0.6494458 0 -0.8641497 -0.5032349 0 -0.8641497 -0.5032349 0.7398258 -0.6325097 -0.2293234 0 -0.9401177 -0.34085 0 -0.9858721 -0.1674996 0 -0.9858721 -0.1674996 0 -0.9999371 0.01121548 0 -0.9999371 0.01121548 0 -0.9818648 0.1895823 0 -0.9818648 0.1895823 0 -0.9322309 0.3618639 0 -0.9322309 0.3618639 0 -0.8526359 0.5225055 0 -0.8526359 0.5225055 0 -0.745641 0.6663479 0 -0.745641 0.6663479 0.7398241 -0.4135603 0.5306865 0 -0.6146851 0.7887726 0 -0.4639591 0.8858566 0 -0.4639591 0.8858566 0 -0.2983258 0.9544641 0 -0.2983258 0.9544641 0 -0.1231066 0.9923934 0 -0.1231066 0.9923934 0 0.05607609 0.9984265 -0.7398236 0.03772804 0.6717423 0 0.2334442 0.9723702 0 0.2334442 0.9723702 0 0.4033154 0.915061 0 0.4033154 0.915061 0.7398236 0.3769184 0.5573093 0 0.5602227 0.828342 0 0.699124 0.7150004 0 0.699124 0.7150004 0 0.815562 0.5786697 0 0.815562 0.5786697 0 0.9057849 0.4237378 0 0.9057849 0.4237378 0 0.9668873 0.2552037 0 0.9668873 0.2552037 0 0.996917 0.07846369 0 0.996917 0.07846369 0 0.9949057 -0.1008096 0 0.9949057 -0.1008096 0.7398232 0.6465072 -0.1862528 0 0.9609184 -0.2768318 0 0.8960448 -0.4439636 0 0.8960448 -0.4439636 0 0.8023685 -0.596829 0 0.8023685 -0.596829 0 0.6829059 -0.7305063 0 0.6829059 -0.7305063 0 0.5414992 -0.8407013 0 0.5414992 -0.8407013 0 0.9238803 0.3826816 0 0.852637 0.5225037 0 0.852637 0.5225037 0 0.7604047 0.6494495 0 0.7604047 0.6494495 0 0.6494514 0.7604031 0 0.6494514 0.7604031 0 0.5224975 0.8526408 0 0.5224975 0.8526408 0 0.3826842 0.9238792 0 0.3826842 0.9238792 0 0.2334467 0.9723696 0 0.2334467 0.9723696 0 0.0784576 0.9969175 0 0.0784576 0.9969175 0 -0.07845812 0.9969174 0 -0.07845812 0.9969174 0 -0.2334429 0.9723705 0 -0.2334429 0.9723705 0 -0.3826827 0.9238798 0 -0.3826827 0.9238798 0 -0.522502 0.8526381 0 -0.522502 0.8526381 0 -0.6494467 0.7604071 0 -0.6494467 0.7604071 0 -0.760401 0.6494538 0 -0.760401 0.6494538 0 -0.8526396 0.5224996 0 -0.8526396 0.5224996 0.7358382 -0.6256135 0.259133 0 -0.9238819 0.3826776 0 -0.9723703 0.2334439 0 -0.9723703 0.2334439 0 -0.9969174 0.07845786 0 -0.9969174 0.07845786 0 -0.9969176 -0.0784556 0 -0.9969176 -0.0784556 0 -0.9723715 -0.2334386 0 -0.9723715 -0.2334386 0 -0.9238779 -0.3826874 0 -0.9238779 -0.3826874 0 -0.8526376 -0.5225027 0 -0.8526376 -0.5225027 0.7358347 -0.5149201 -0.4397779 0 -0.7604099 -0.6494434 0 -0.6494546 -0.7604004 0 -0.6494546 -0.7604004 0 -0.5224925 -0.8526439 0 -0.5224925 -0.8526439 0.7358357 -0.2591347 -0.6256157 0 -0.3826786 -0.9238815 0 -0.2334513 -0.9723685 0 -0.2334513 -0.9723685 0 -0.07845786 -0.9969174 0 -0.07845786 -0.9969174 0 0.07845679 -0.9969175 0 0.07845679 -0.9969175 0 0.2334385 -0.9723716 0 0.2334385 -0.9723716 0 0.3826873 -0.9238779 0 0.3826873 -0.9238779 0 0.5225005 -0.852639 0 0.5225005 -0.852639 0.7358353 0.4397775 -0.5149196 0 0.6494434 -0.7604099 0 0.7604031 -0.6494514 0 0.7604031 -0.6494514 0 0.8526404 -0.5224982 0 0.8526404 -0.5224982 0 0.9238792 -0.3826842 0 0.9238792 -0.3826842 0 0.9723706 -0.2334426 0 0.9723706 -0.2334426 0 0.9969175 -0.07845665 0 0.9969175 -0.07845665 0 0.9969176 0.07845562 0 0.9969176 0.07845562 0 0.9723709 0.2334414 0 0.9723709 0.2334414 0 0.9238803 0.3826816 1 0 0 1 0 0 1 0 0 1 0 0 1 0 0 1 0 0 1 0 0 1 0 0 1 0 0 1 0 0 1 0 0 1 0 0 1 0 0 1 0 0 1 0 0 1 0 0 1 0 0 1 0 0 1 0 0 1 0 0 1 0 0 1 0 0 1 0 0 1 0 0 1 0 0 1 0 0 1 0 0 1 0 0 1 0 0 1 0 0 1 0 0 1 0 0 1 0 0 1 0 0 1 0 0 -0.8228339 -0.2513441 -0.5096768 -1 0 0 -1 0 0 -1 0 0 -1 0 0 -0.7744065 -0.5346657 -0.3382707 -1 0 0 -1 0 0 -1 0 0 -0.6940124 0.02666613 -0.719469 -1 0 0 -0.6940137 0.1115721 -0.7112641 -0.6892673 0.1961418 -0.6974517 -0.7908808 0.1325165 -0.5974503 -1 0 0 -1 0 0 -1 0 0 -0.7722535 -0.6343011 -0.03587012 -0.6940131 0.4898835 -0.5275983 -0.7688873 -0.5552047 0.3171121 -0.6892681 0.4267211 -0.5855071 -1 0 0 -1 0 0 -0.7643399 -0.3447553 0.5449113 -1 0 0 -1 0 0 -1 0 0 -0.694012 0.5488484 -0.4659536 -0.6892692 0.6038914 -0.4002787 -1 0 0 -1 0 0 -1 0 0 -1 0 0 -0.7737464 -0.445861 -0.4500272 -0.6892688 0.5978931 0.4091849 -1 0 0 -0.6940123 0.5418819 0.4740369 -0.7707843 -0.6243165 -0.1269666 -1 0 0 -1 0 0 -0.6940126 0.7199431 0.005334916 -0.694014 0.7142578 0.09044493 -1 0 0 -0.6892676 0.7029579 0.175386 -0.6890745 0.705922 -0.1638609 -1 0 0 -0.6936436 0.7158039 -0.08051918 -0.6940142 0.4820126 0.5347973 -0.6892676 0.4180012 0.5917645 -1 0 0 -1 0 0 -0.6892681 0.1857873 0.7002804 -0.694013 -0.06924496 0.7166248 -1 0 0 -1 0 0 -1 0 0 -0.6940136 0.1010226 0.7128391 -0.6940119 0.01600224 0.7197857 -1 0 0 -1 0 0 -1 0 0 -0.6892695 -0.1544808 0.7078441 -1 0 0 -0.6892705 -0.3912847 0.609756 -1 0 0 -1 0 0 -1 0 0 -0.7797744 -0.6260606 8.64809e-07 -1 0 0 -1 0 0 -0.6940119 -0.4577654 0.5556963 -1 0 0 -1 0 0 -0.6940123 -0.52028 0.4976501 -1 0 0 -0.6940132 -0.5754872 0.4326202 -0.6892681 -0.6265444 0.3638018 -1 0 0 -1 0 0 -1 0 0 -0.6940125 -0.7183628 -0.04797471 -1 0 0 -1 0 0 -1 0 0 -0.6892684 -0.7140112 0.1228704 -0.6940131 -0.7189941 0.03732627 -0.689269 -0.5726037 -0.4438842 -1 0 0 -0.6940127 -0.5128508 -0.5053024 -1 0 0 -0.7762322 0.5459817 0.3152263 -1 0 0 -0.7692622 0.3416051 -0.5399459 -1 0 0 -1 0 0 -1 0 0 -0.7811835 0.04082696 -0.6229651 -1 0 0 -0.6892675 -0.6913328 -0.2167238 -0.7699792 0.6368842 -0.03886516 -1 0 0 -1 0 0 -0.6940138 -0.7076455 -0.1325998 -0.6940114 -0.3798105 -0.6116307 -0.6892701 -0.3067257 -0.6563734 -0.6940131 -0.4494868 -0.5624122 -1 0 0 -0.6892692 -0.05898283 -0.7221004 -1 0 0 -1 0 0 -0.7844118 0.5241459 0.331616 -1 0 0 -1 0 0 -1 0 0 -0.7758851 -0.3154433 0.5463496 -1 0 0 -0.7373081 -0.6754123 0.01395959 -1 0 0 -1 0 0 -0.7772422 0.6292015 -4.85408e-06 -0.770824 0.551707 0.3185118 -1 0 0 -0.7373095 -0.5873596 0.3337415 -1 0 0 -1 0 0 -0.7699869 0.5709818 -0.2847805 -0.737308 0.2840976 0.6129155 -1 0 0 -1 0 0 -1 0 0 -1 0 0 -1 0 0 -1 0 0 -0.7373081 0.6754124 -0.01395948 -1 0 0 -1 0 0 -1 0 0 -1 0 0 -1 0 0 -1 0 0 -1 0 0 -1 0 0 -1 0 0 -1 0 0 0.001368299 0.9916497 0.1289535 -0.01380101 0.965833 0.2587976 0.008115307 0.8450422 0.5346381 -0.02359729 0.948821 -0.3149317 0 0.9659245 -0.258824 -0.003718525 0.7933561 -0.6087465 0.7740131 0.3152856 -0.549089 0 0.4618454 -0.8869605 0.00392421 0.00466036 -0.9999814 -0.01993138 -0.199466 -0.979702 0.01277555 -0.499956 -0.8659566 -0.01993257 -0.7487163 -0.6625909 0.0039232 -0.8683402 -0.4959536 -0.02643482 -0.9996505 1.113068e-06 0.003924097 -0.868337 0.4959592 0.7699821 -0.4778229 0.4228626 0.01277623 -0.4999517 0.8659591 0.7661708 -0.1663238 0.6207404 0.01277582 3.865387e-06 0.9999184 0.7661691 0.1663255 0.6207421 0.01277713 0.4999586 0.865955 0.7772413 0.4449127 0.4449141 0.01277519 0.9999184 -3.887467e-06 -0.012777 0.9658488 0.2587911 0.01277618 0.865953 0.4999621 -0.01277772 0.9658455 -0.2588033 0.01277379 0.8659578 -0.4999539 -0.01277773 0.7070551 -0.707043 0.01277588 0.499962 -0.8659531 -0.01277657 0.2587972 -0.9658472 0.0127762 1.640357e-06 -0.9999184 -0.01277652 -0.258802 -0.9658459 0.01277557 -0.4999584 -0.8659552 -0.01277699 -0.7070463 -0.7070518 -0.01380205 -0.965828 -0.2588162 0.0013678 -0.9916477 -0.1289686 -0.006653022 -0.9647222 0.2631858 0.01278056 -0.9351763 0.353952 -0.003924342 -0.7103878 0.7037995 0.01993096 -0.551719 0.8337919 -0.01277748 -0.2587924 0.9658485 0.01277627 1.629777e-05 0.9999184 -0.01277593 0.2588073 0.9658445 0.0127762 0.4999682 0.8659495 -0.01277587 0.707049 0.7070492 -0.01277677 0.9658483 0.2587928 -0.003924392 0.9647022 -0.263314 0.01326435 0.700688 -0.7133445 0.7811838 0.4116363 -0.4693692 0 0.06539622 -0.9978594 0 -0.4999921 -0.86603 0 -0.4999921 -0.86603 0 -0.8660199 -0.5000095 0 -0.8660199 -0.5000095 -0.01295042 -0.9983202 0.05647167 0 -1 1.307379e-05 0.003925486 -0.8683305 0.4959706 -0.01992778 -0.7487153 0.6625921 0.01277797 -0.4999674 0.86595 -0.0127766 -0.258792 0.9658486 0.01277484 2.163966e-06 0.9999184 -0.01277851 0.2588089 0.965844 0.01277377 0.4999674 0.86595 -0.01277666 0.7070413 0.7070569 0 0.9659256 0.2588198 0.02643145 0.9655861 0.2587369 -0.003925174 0.9671137 -0.2543142 -0.01277545 0.7070426 -0.7070556 -0.01380017 0.2588062 -0.9658307 0.001367668 0.1289742 -0.991647 -0.006653024 -0.2631846 -0.9647226 0 -0.300599 -0.9537506 0 -0.7070997 -0.7071139 0 -0.7070997 -0.7071139 0 -0.9659309 -0.2588001 0 -0.9659309 -0.2588001 -0.01686511 -0.9503672 0.3106729 0 -0.9762707 0.2165538 -0.003718496 -0.7933555 0.6087472 -0.01664423 -0.581988 0.813027 0.006584445 -0.4658504 0.884839 -0.001366587 -0.1320801 0.9912381 0.01380265 2.079753e-05 0.9999047 -0.008112315 0.2977104 0.9546218 0.01993164 0.5517095 0.8337982 -0.003924111 0.7103888 0.7037986 -0.01093362 0.8364699 0.5479037 0.01295211 0.9983206 0.05646511 0 1 -1.058184e-17 0 0.8869616 -0.4618431 0 0.8869616 -0.4618431 0 0.6087563 -0.7933573 0 0.6087563 -0.7933573 0 0.2165408 -0.9762736 0.8058737 -0.1852935 -0.5623467 0 -0.2588217 -0.9659251 0.01093326 -0.745727 -0.6661619 -0.01093372 -0.8364704 -0.547903 -0.0129498 -0.998321 0.05645852 0.7699866 -0.4778175 0.4228605 0.7658935 -0.1664196 0.6210569 0.001367356 -0.1289748 0.9916469 0.7700454 0.2024007 0.6050322 0 0.3005985 0.9537508 0.0109348 0.7457193 0.6661705 -0.008113805 0.9755807 0.2194912 -0.01277572 0.9658447 -0.2588065 0.008112873 0.8855298 -0.4645117 -0.01380193 0.7070542 -0.7070247 0.001366092 0.6075264 -0.7942983 -0.006785764 0.1906383 -0.9816369 0 0.1522243 -0.988346 -0.01326588 -0.4921779 -0.8703935 -0.0006601954 -0.8425703 -0.538586 0.7670925 -0.6084082 -0.203491 0.001367504 -0.9916482 -0.1289651 -0.006653473 -0.9647226 0.2631843 0 -0.9537496 0.3006022 0 -0.6593499 0.7518362 0 -0.6593499 0.7518362 0 -0.06540265 0.997859 0 -0.06540265 0.997859 0 0.4618463 0.88696 0.006653244 0.496061 0.8682622 -0.00136723 0.7924014 0.6099985 0.7699768 0.5709943 0.2847828 0.01692182 0.9797997 0.1992643 -0.01692194 0.9797995 -0.1992652 0.02745062 0.8656942 -0.49982 -0.00392268 0.7037942 -0.710393 0.01295185 0.31292 -0.9496912 0 0.2588151 -0.9659269 -0.01295145 -0.3129268 -0.9496889 0 -0.2588224 -0.9659249 -0.02744817 -0.8657014 -0.4998077 -0.01692168 -0.9798004 0.1992605 0.01993035 -0.8947009 0.4462209 -0.01993254 -0.6625938 0.7487137 0.003923454 -0.4959586 0.8683373 0.772247 -0.03587363 0.6343087 0.01295237 0.05647417 0.99832 0.7688942 0.3171106 0.5551961 0.01993048 0.6625911 0.7487161 0.001367297 0.9916496 0.128954 -0.01380346 0.96583 0.2588085 -0.006653855 0.9647215 -0.2631883 0.01278166 0.9351713 -0.3539652 -0.003923376 0.710396 -0.7037913 0.01993321 0.5517157 -0.833794 -0.01277565 0.2587944 -0.965848 0.01277661 -4.709097e-06 -0.9999184 -0.01277556 -0.2587971 -0.9658472 0.01277728 -0.4999581 -0.8659553 -0.01277489 -0.7070486 -0.7070496 0.01277857 -0.8659564 -0.4999562 -0.01277502 -0.9658514 -0.2587815 0.01277742 -0.9999184 1.523504e-05 -0.01277472 -0.9658442 0.2588083 0.0127763 -0.8659559 0.4999572 -0.01277621 -0.7070511 0.707047 -0.01277763 -0.2587926 0.9658484 0.01277549 7.051862e-07 0.9999184 -0.01277661 0.2588038 0.9658454 0.01277528 0.4999586 0.8659551 -0.01277732 0.7070466 0.7070515 0 0.3826824 -0.9238799 0 0.3826824 -0.9238799 0 0.2253969 -0.974267 0 0.2253969 -0.974267 0 0.06196192 -0.9980785 0 0.06196192 -0.9980785 0 -0.1031566 -0.9946651 0 -0.1031566 -0.9946651 -0.675233 -0.1958097 -0.7111392 0 -0.265467 -0.9641199 0 -0.4205408 -0.9072736 0 -0.4205408 -0.9072736 0 -0.5641336 -0.8256835 0 -0.5641336 -0.8256835 0 -0.6923406 -0.7215708 0 -0.6923406 -0.7215708 0 -0.801662 -0.5977775 0 -0.801662 -0.5977775 0 -0.8891213 -0.4576716 0 -0.8891213 -0.4576716 0 -0.9523284 -0.3050748 0 -0.9523284 -0.3050748 0 -0.9895533 -0.1441675 0 -0.9895533 -0.1441675 0 -0.9997865 0.02066383 0 -0.9827494 0.1849423 0 -0.9827494 0.1849423 0 -0.9389043 0.3441784 0 -0.9389043 0.3441784 0 -0.8694474 0.4940256 0 -0.7762768 0.6303922 0 -0.7762768 0.6303922 -0.6752336 -0.4882443 0.5528807 0 -0.6619329 0.7495631 0 -0.5295272 0.8482929 0 -0.5295272 0.8482929 0 -0.3826841 0.9238793 0 -0.3826841 0.9238793 0 -0.2254021 0.9742658 0 -0.2254021 0.9742658 0 -0.0619619 0.9980785 0 -0.0619619 0.9980785 0 0.1031602 0.9946648 0 0.1031602 0.9946648 0 0.2654695 0.9641193 0 0.2654695 0.9641193 0 0.4205385 0.9072747 0 0.5641301 0.8256859 0 0.5641301 0.8256859 0 0.6923405 0.7215709 0 0.6923405 0.7215709 0 0.8016663 0.5977718 0 0.8016663 0.5977718 0 0.8891203 0.4576736 0 0.8891203 0.4576736 0 0.9523263 0.3050814 0 0.9523263 0.3050814 0 0.9895534 0.1441669 0 0.9895534 0.1441669 0 0.9997865 -0.02066366 0 0.9827496 -0.184941 0 0.9827496 -0.184941 0 0.9389043 -0.3441783 0 0.9389043 -0.3441783 0 0.8694452 -0.4940294 0 0.8694452 -0.4940294 0 0.7762766 -0.6303924 0 0.7762766 -0.6303924 0 0.6619352 -0.7495611 0 0.6619352 -0.7495611 0 0.5295297 -0.8482914 0 0.5295297 -0.8482914 0.6893192 0.704529 -0.1687541 0 0.9391501 -0.343507 -0.0007694911 0.9397602 -0.3418336 0 0.8930162 -0.4500244 0 0.8930162 -0.4500244 0.6892692 0.6038914 -0.4002787 0.694012 0.5488484 -0.4659536 0.6940131 0.4898835 -0.5275983 0.694013 0.4240448 -0.581835 0.6892682 0.3544775 -0.6318663 0 0.4892677 -0.8721337 0 0.3826839 -0.9238793 0 0.3826839 -0.9238793 0 0.2707245 -0.9626569 0.6892685 0.1122763 -0.7157534 0.6940124 0.02666613 -0.719469 0.6940141 -0.0586129 -0.7175716 0.6892673 -0.1439764 -0.7100573 0 -0.1987232 -0.9800557 0 -0.3132458 -0.9496721 0 -0.3132458 -0.9496721 0 -0.4233593 -0.9059618 0.6892675 -0.3822071 -0.6154901 0.6940131 -0.4494868 -0.5624122 0.6940127 -0.5128508 -0.5053024 0.694014 -0.5690125 -0.4411003 0.689268 -0.6210843 -0.3730468 0 -0.8572516 -0.5148978 0 -0.9121337 -0.4098928 0 -0.9121337 -0.4098928 0 -0.9542115 -0.2991328 0.689269 -0.7121116 -0.1334367 0.6940125 -0.7183628 -0.04797471 0.6940131 -0.7189941 0.03732627 0.6892684 -0.7140112 0.1228704 0 -0.9585393 0.2849602 0 -0.9585393 0.2849602 0 -0.9181075 0.3963315 0 -0.9181075 0.3963315 0.6892681 -0.6265444 0.3638018 0.6940132 -0.5754872 0.4326202 0.6940123 -0.52028 0.4976501 0.6940119 -0.4577654 0.5556963 0.6892705 -0.3912847 0.609756 0 -0.4367465 0.8995846 0 -0.4367465 0.8995846 0 -0.3272764 0.9449287 0 -0.3272764 0.9449287 0.6892695 -0.1544808 0.7078441 0.694013 -0.06924496 0.7166248 0.6940119 0.01600224 0.7197857 0.6940136 0.1010226 0.7128391 0.6892681 0.1857873 0.7002804 0 0.3689526 0.9294482 0 0.3689526 0.9294482 0 0.4762911 0.8792877 0 0.4762911 0.8792877 0.6892676 0.4180012 0.5917645 0.6940142 0.4820126 0.5347973 0.6940123 0.5418819 0.4740369 0.6940136 0.5941434 0.4066187 0.6892681 0.6420924 0.3355993 0 0.8862481 0.4632109 0 0.9348144 0.3551367 0 0.9348144 0.3551367 0 0.9702572 0.2420764 0.6892696 0.7187653 0.09101571 0.6940126 0.7199431 0.005334916 0.6933879 0.7158849 -0.08198824 1 0 0 1 0 0 1 0 0 1 0 0 1 0 0 1 0 0 1 0 0 1 0 0 1 0 0 1 0 0 1 0 0 1 0 0 1 0 0 1 0 0 1 0 0 1 0 0 1 0 0 1 0 0 1 0 0 1 0 0 1 0 0 1 0 0 1 0 0 1 0 0 1 0 0 1 0 0 1 0 0 1 0 0 1 0 0 1 0 0 1 0 0 1 0 0 1 0 0 1 0 0 1 0 0 1 0 0 1 0 0 1 0 0 1 0 0 1 0 0 1 0 0 1 0 0 1 0 0 1 0 0 1 0 0 1 0 0 1 0 0 1 0 0 1 0 0 1 0 0 1 0 0 1 0 0 1 0 0 1 0 0 1 0 0 1 0 0 1 0 0 1 0 0 1 0 0 1 0 0 1 0 0 1 0 0 1 0 0 1 0 0 1 0 0 1 0 0 1 0 0 1 0 0 1 0 0 1 0 0 1 0 0 1 0 0 1 0 0 1 0 0 1 0 0 1 0 0 1 0 0 1 0 0 1 0 0 1 0 0 1 0 0 1 0 0 1 0 0 1 0 0 1 0 0 1 0 0 1 0 0 1 0 0 1 0 0 1 0 0 1 0 0 1 0 0 1 0 0 1 0 0 -1 0 0 -1 0 0 -1 0 0 -1 0 0 -1 0 0 -1 0 0 -1 0 0 -1 0 0 -1 0 0 -1 0 0 -1 0 0 -1 0 0 -1 0 0 -1 0 0 -1 0 0 -1 0 0 -1 0 0 -1 0 0 -1 0 0 -1 0 0 -1 0 0 -1 0 0 -1 0 0 -1 0 0 -1 0 0 -1 0 0 -1 0 0 -1 0 0 -1 0 0 -1 0 0 -1 0 0 -1 0 0 -1 0 0 -1 0 0 -1 0 0</float_array>
          <technique_common>
            <accessor count="764" source="#normals-array-array" stride="3">
              <param type="float" name="X"/>
              <param type="float" name="Y"/>
              <param type="float" name="Z"/>
            </accessor>
          </technique_common>
        </source>
        <source id="colors-array">
          <float_array count="2292" id="colors-array-array">0.2941176 0.2941176 0.2941176 0.2941176 0.2941176 0.2941176 0.2941176 0.2941176 0.2941176 0.2941176 0.2941176 0.2941176 0.2941176 0.2941176 0.2941176 0.2941176 0.2941176 0.2941176 0.2941176 0.2941176 0.2941176 0.2941176 0.2941176 0.2941176 0.2941176 0.2941176 0.2941176 0.2941176 0.2941176 0.2941176 0.2941176 0.2941176 0.2941176 0.2941176 0.2941176 0.2941176 0.2941176 0.2941176 0.2941176 0.2941176 0.2941176 0.2941176 0.2941176 0.2941176 0.2941176 0.2941176 0.2941176 0.2941176 0.2941176 0.2941176 0.2941176 0.2941176 0.2941176 0.2941176 0.2941176 0.2941176 0.2941176 0.2941176 0.2941176 0.2941176 0.2941176 0.2941176 0.2941176 0.2941176 0.2941176 0.2941176 0.2941176 0.2941176 0.2941176 0.2941176 0.2941176 0.2941176 0.2941176 0.2941176 0.2941176 0.2941176 0.2941176 0.2941176 0.2941176 0.2941176 0.2941176 0.2941176 0.2941176 0.2941176 0.2941176 0.2941176 0.2941176 0.2941176 0.2941176 0.2941176 0.2941176 0.2941176 0.2941176 0.2941176 0.2941176 0.2941176 0.2941176 0.2941176 0.2941176 0.2941176 0.2941176 0.2941176 0.2941176 0.2941176 0.2941176 0.2941176 0.2941176 0.2941176 0.2941176 0.2941176 0.2941176 0.2941176 0.2941176 0.2941176 0.2941176 0.2941176 0.2941176 0.2941176 0.2941176 0.2941176 0.2941176 0.2941176 0.2941176 0.2941176 0.2941176 0.2941176 0.2941176 0.2941176 0.2941176 0.2941176 0.2941176 0.2941176 0.2941176 0.2941176 0.2941176 0.2941176 0.2941176 0.2941176 0.2941176 0.2941176 0.2941176 0.2941176 0.2941176 0.2941176 0.2941176 0.2941176 0.2941176 0.2941176 0.2941176 0.2941176 0.2941176 0.2941176 0.2941176 0.2941176 0.2941176 0.2941176 0.2941176 0.2941176 0.2941176 0.2941176 0.2941176 0.2941176 0.2941176 0.2941176 0.2941176 0.2941176 0.2941176 0.2941176 0.2941176 0.2941176 0.2941176 0.2941176 0.2941176 0.2941176 0.2941176 0.2941176 0.2941176 0.2941176 0.2941176 0.2941176 0.2941176 0.2941176 0.2941176 0.2941176 0.2941176 0.2941176 0.2941176 0.2941176 0.2941176 0.2941176 0.2941176 0.2941176 0.2941176 0.2941176 0.2941176 0.2941176 0.2941176 0.2941176 0.2941176 0.2941176 0.2941176 0.2941176 0.2941176 0.2941176 0.2941176 0.2941176 0.2941176 0.2941176 0.2941176 0.2941176 0.2941176 0.2941176 0.2941176 0.2941176 0.2941176 0.2941176 0.2941176 0.2941176 0.2941176 0.2941176 0.2941176 0.2941176 0.2941176 0.2941176 0.2941176 0.2941176 0.2941176 0.2941176 0.2941176 0.2941176 0.2941176 0.2941176 0.2941176 0.2941176 0.2941176 0.2941176 0.2941176 0.2941176 0.2941176 0.2941176 0.2941176 0.2941176 0.2941176 0.2941176 0.2941176 0.2941176 0.2941176 0.2941176 0.2941176 0.2941176 0.2941176 0.2941176 0.2941176 0.2941176 0.2941176 0.2941176 0.2941176 0.2941176 0.2941176 0.2941176 0.2941176 0.2941176 0.2941176 0.2941176 0.2941176 0.2941176 0.2941176 0.2941176 0.2941176 0.2941176 0.2941176 0.2941176 0.2941176 0.2941176 0.2941176 0.2941176 0.2941176 0.2941176 0.2941176 0.2941176 0.2941176 0.2941176 0.2941176 0.2941176 0.2941176 0.2941176 0.2941176 0.2941176 0.2941176 0.2941176 0.2941176 0.2941176 0.2941176 0.2941176 0.2941176 0.2941176 0.2941176 0.2941176 0.2941176 0.2941176 0.2941176 0.2941176 0.2941176 0.2941176 0.2941176 0.2941176 0.2941176 0.2941176 0.2941176 0.2941176 0.2941176 0.2941176 0.2941176 0.2941176 0.2941176 0.2941176 0.2941176 0.2941176 0.2941176 0.2941176 0.2941176 0.2941176 0.2941176 0.2941176 0.2941176 0.2941176 0.2941176 0.2941176 0.2941176 0.2941176 0.2941176 0.2941176 0.2941176 0.2941176 0.2941176 0.2941176 0.2941176 0.2941176 0.2941176 0.2941176 0.2941176 0.2941176 0.2941176 0.2941176 0.2941176 0.2941176 0.2941176 0.2941176 0.2941176 0.2941176 0.2941176 0.2941176 0.2941176 0.2941176 0.2941176 0.2941176 0.2941176 0.2941176 0.2941176 0.2941176 0.2941176 0.2941176 0.2941176 0.2941176 0.2941176 0.2941176 0.2941176 0.2941176 0.2941176 0.2941176 0.2941176 0.2941176 0.2941176 0.2941176 0.2941176 0.2941176 0.2941176 0.2941176 0.2941176 0.2941176 0.2941176 0.2941176 0.2941176 0.2941176 0.2941176 0.2941176 0.2941176 0.2941176 0.2941176 0.2941176 0.2941176 0.2941176 0.2941176 0.2941176 0.2941176 0.2941176 0.2941176 0.2941176 0.2941176 0.2941176 0.2941176 0.2941176 0.2941176 0.2941176 0.2941176 0.2941176 0.2941176 0.2941176 0.2941176 0.2941176 0.2941176 0.2941176 0.2941176 0.2941176 0.2941176 0.2941176 0.2941176 0.2941176 0.2941176 0.2941176 0.2941176 0.2941176 0.2941176 0.2941176 0.2941176 0.2941176 0.2941176 0.2941176 0.2941176 0.2941176 0.2941176 0.2941176 0.2941176 0.2941176 0.2941176 0.2941176 0.2941176 0.2941176 0.2941176 0.2941176 0.2941176 0.2941176 0.2941176 0.2941176 0.2941176 0.2941176 0.2941176 0.2941176 0.2941176 0.2941176 0.2941176 0.2941176 0.2941176 0.2941176 0.2941176 0.2941176 0.2941176 0.2941176 0.2941176 0.2941176 0.2941176 0.2941176 0.2941176 0.2941176 0.2941176 0.2941176 0.2941176 0.2941176 0.2941176 0.2941176 0.2941176 0.2941176 0.2941176 0.2941176 0.2941176 0.2941176 0.2941176 0.2941176 0.2941176 0.2941176 0.2941176 0.2941176 0.2941176 0.2941176 0.2941176 0.2941176 0.2941176 0.2941176 0.2941176 0.2941176 0.2941176 0.2941176 0.2941176 0.2941176 0.2941176 0.2941176 0.2941176 0.2941176 0.2941176 0.2941176 0.2941176 0.2941176 0.2941176 0.2941176 0.2941176 0.2941176 0.2941176 0.2941176 0.2941176 0.2941176 0.2941176 0.2941176 0.2941176 0.2941176 0.2941176 0.2941176 0.2941176 0.2941176 0.2941176 0.2941176 0.2941176 0.2941176 0.2941176 0.2941176 0.2941176 0.2941176 0.2941176 0.2941176 0.2941176 0.2941176 0.2941176 0.2941176 0.2941176 0.2941176 0.2941176 0.2941176 0.2941176 0.2941176 0.2941176 0.2941176 0.2941176 0.2941176 0.2941176 0.2941176 0.2941176 0.2941176 0.2941176 0.2941176 0.2941176 0.2941176 0.2941176 0.2941176 0.2941176 0.2941176 0.2941176 0.2941176 0.2941176 0.2941176 0.2941176 0.2941176 0.2941176 0.2941176 0.2941176 0.2941176 0.2941176 0.2941176 0.2941176 0.2941176 0.2941176 0.2941176 0.2941176 0.2941176 0.2941176 0.2941176 0.2941176 0.2941176 0.2941176 0.2941176 0.2941176 0.2941176 0.2941176 0.2941176 0.2941176 0.2941176 0.2941176 0.2941176 0.2941176 0.2941176 0.2941176 0.2941176 0.2941176 0.2941176 0.2941176 0.2941176 0.2941176 0.2941176 0.2941176 0.2941176 0.2941176 0.2941176 0.2941176 0.2941176 0.2941176 0.2941176 0.2941176 0.2941176 0.2941176 0.2941176 0.2941176 0.2941176 0.2941176 0.2941176 0.2941176 0.2941176 0.2941176 0.2941176 0.2941176 0.2941176 0.2941176 0.2941176 0.2941176 0.2941176 0.2941176 0.2941176 0.2941176 0.2941176 0.2941176 0.2941176 0.2941176 0.2941176 0.2941176 0.2941176 0.2941176 0.2941176 0.2941176 0.2941176 0.2941176 0.2941176 0.2941176 0.2941176 0.2941176 0.2941176 0.2941176 0.2941176 0.2941176 0.2941176 0.2941176 0.2941176 0.2941176 0.2941176 0.2941176 0.2941176 0.2941176 0.2941176 0.2941176 0.2941176 0.2941176 0.2941176 0.2941176 0.2941176 0.2941176 0.2941176 0.2941176 0.2941176 0.2941176 0.2941176 0.2941176 0.2941176 0.2941176 0.2941176 0.2941176 0.2941176 0.2941176 0.2941176 0.2941176 0.2941176 0.2941176 0.2941176 0.2941176 0.2941176 0.2941176 0.2941176 0.2941176 0.2941176 0.2941176 0.2941176 0.2941176 0.2941176 0.2941176 0.2941176 0.2941176 0.2941176 0.2941176 0.2941176 0.2941176 0.2941176 0.2941176 0.2941176 0.2941176 0.2941176 0.2941176 0.2941176 0.2941176 0.2941176 0.2941176 0.2941176 0.2941176 0.2941176 0.2941176 0.2941176 0.2941176 0.2941176 0.2941176 0.2941176 0.2941176 0.2941176 0.2941176 0.2941176 0.2941176 0.2941176 0.2941176 0.2941176 0.2941176 0.2941176 0.2941176 0.2941176 0.2941176 0.2941176 0.2941176 0.2941176 0.2941176 0.2941176 0.2941176 0.2941176 0.2941176 0.2941176 0.2941176 0.2941176 0.2941176 0.2941176 0.2941176 0.2941176 0.2941176 0.2941176 0.2941176 0.2941176 0.2941176 0.2941176 0.2941176 0.2941176 0.2941176 0.2941176 0.2941176 0.2941176 0.2941176 0.2941176 0.2941176 0.2941176 0.2941176 0.2941176 0.2941176 0.2941176 0.2941176 0.2941176 0.2941176 0.2941176 0.2941176 0.2941176 0.2941176 0.2941176 0.2941176 0.2941176 0.2941176 0.2941176 0.2941176 0.2941176 0.2941176 0.2941176 0.2941176 0.2941176 0.2941176 0.2941176 0.2941176 0.2941176 0.2941176 0.2941176 0.2941176 0.2941176 0.2941176 0.2941176 0.2941176 0.2941176 0.2941176 0.2941176 0.2941176 0.2941176 0.2941176 0.2941176 0.2941176 0.2941176 0.2941176 0.2941176 0.2941176 0.2941176 0.2941176 0.2941176 0.2941176 0.2941176 0.2941176 0.2941176 0.2941176 0.2941176 0.2941176 0.2941176 0.2941176 0.2941176 0.2941176 0.2941176 0.2941176 0.2941176 0.2941176 0.2941176 0.2941176 0.2941176 0.2941176 0.2941176 0.2941176 0.2941176 0.2941176 0.2941176 0.2941176 0.2941176 0.2941176 0.2941176 0.2941176 0.2941176 0.2941176 0.2941176 0.2941176 0.2941176 0.2941176 0.2941176 0.2941176 0.2941176 0.2941176 0.2941176 0.2941176 0.2941176 0.2941176 0.2941176 0.2941176 0.2941176 0.2941176 0.2941176 0.2941176 0.2941176 0.2941176 0.2941176 0.2941176 0.2941176 0.2941176 0.2941176 0.2941176 0.2941176 0.2941176 0.2941176 0.2941176 0.2941176 0.2941176 0.2941176 0.2941176 0.2941176 0.2941176 0.2941176 0.2941176 0.2941176 0.2941176 0.2941176 0.2941176 0.2941176 0.2941176 0.2941176 0.2941176 0.2941176 0.2941176 0.2941176 0.2941176 0.2941176 0.2941176 0.2941176 0.2941176 0.2941176 0.2941176 0.2941176 0.2941176 0.2941176 0.2941176 0.2941176 0.2941176 0.2941176 0.2941176 0.2941176 0.2941176 0.2941176 0.2941176 0.2941176 0.2941176 0.2941176 0.2941176 0.2941176 0.2941176 0.2941176 0.2941176 0.2941176 0.2941176 0.2941176 0.2941176 0.2941176 0.2941176 0.2941176 0.2941176 0.2941176 0.2941176 0.2941176 0.2941176 0.2941176 0.2941176 0.2941176 0.2941176 0.2941176 0.2941176 0.2941176 0.2941176 0.2941176 0.2941176 0.2941176 0.2941176 0.2941176 0.2941176 0.2941176 0.2941176 0.2941176 0.2941176 0.2941176 0.2941176 0.2941176 0.2941176 0.2941176 0.2941176 0.2941176 0.2941176 0.2941176 0.2941176 0.2941176 0.2941176 0.2941176 0.2941176 0.2941176 0.2941176 0.2941176 0.2941176 0.2941176 0.2941176 0.2941176 0.2941176 0.2941176 0.2941176 0.2941176 0.2941176 0.2941176 0.2941176 0.2941176 0.2941176 0.2941176 0.2941176 0.2941176 0.2941176 0.2941176 0.2941176 0.2941176 0.2941176 0.2941176 0.2941176 0.2941176 0.2941176 0.2941176 0.2941176 0.2941176 0.2941176 0.2941176 0.2941176 0.2941176 0.2941176 0.2941176 0.2941176 0.2941176 0.2941176 0.2941176 0.2941176 0.2941176 0.2941176 0.2941176 0.2941176 0.2941176 0.2941176 0.2941176 0.2941176 0.2941176 0.2941176 0.2941176 0.2941176 0.2941176 0.2941176 0.2941176 0.2941176 0.2941176 0.2941176 0.2941176 0.2941176 0.2941176 0.2941176 0.2941176 0.2941176 0.2941176 0.2941176 0.2941176 0.2941176 0.2941176 0.2941176 0.2941176 0.2941176 0.2941176 0.2941176 0.2941176 0.2941176 0.2941176 0.2941176 0.2941176 0.2941176 0.2941176 0.2941176 0.2941176 0.2941176 0.2941176 0.2941176 0.2941176 0.2941176 0.2941176 0.2941176 0.2941176 0.2941176 0.2941176 0.2941176 0.2941176 0.2941176 0.2941176 0.2941176 0.2941176 0.2941176 0.2941176 0.2941176 0.2941176 0.2941176 0.2941176 0.2941176 0.2941176 0.2941176 0.2941176 0.2941176 0.2941176 0.2941176 0.2941176 0.2941176 0.2941176 0.2941176 0.2941176 0.2941176 0.2941176 0.2941176 0.2941176 0.2941176 0.2941176 0.2941176 0.2941176 0.2941176 0.2941176 0.2941176 0.2941176 0.2941176 0.2941176 0.2941176 0.2941176 0.2941176 0.2941176 0.2941176 0.2941176 0.2941176 0.2941176 0.2941176 0.2941176 0.2941176 0.2941176 0.2941176 0.2941176 0.2941176 0.2941176 0.2941176 0.2941176 0.2941176 0.2941176 0.2941176 0.2941176 0.2941176 0.2941176 0.2941176 0.2941176 0.2941176 0.2941176 0.2941176 0.2941176 0.2941176 0.2941176 0.2941176 0.2941176 0.2941176 0.2941176 0.2941176 0.2941176 0.2941176 0.2941176 0.2941176 0.2941176 0.2941176 0.2941176 0.2941176 0.2941176 0.2941176 0.2941176 0.2941176 0.2941176 0.2941176 0.2941176 0.2941176 0.2941176 0.2941176 0.2941176 0.2941176 0.2941176 0.2941176 0.2941176 0.2941176 0.2941176 0.2941176 0.2941176 0.2941176 0.2941176 0.2941176 0.2941176 0.2941176 0.2941176 0.2941176 0.2941176 0.2941176 0.2941176 0.2941176 0.2941176 0.2941176 0.2941176 0.2941176 0.2941176 0.2941176 0.2941176 0.2941176 0.2941176 0.2941176 0.2941176 0.2941176 0.2941176 0.2941176 0.2941176 0.2941176 0.2941176 0.2941176 0.2941176 0.2941176 0.2941176 0.2941176 0.2941176 0.2941176 0.2941176 0.2941176 0.2941176 0.2941176 0.2941176 0.2941176 0.2941176 0.2941176 0.2941176 0.2941176 0.2941176 0.2941176 0.2941176 0.2941176 0.2941176 0.2941176 0.2941176 0.2941176 0.2941176 0.2941176 0.2941176 0.2941176 0.2941176 0.2941176 0.2941176 0.2941176 0.2941176 0.2941176 0.2941176 0.2941176 0.2941176 0.2941176 0.2941176 0.2941176 0.2941176 0.2941176 0.2941176 0.2941176 0.2941176 0.2941176 0.2941176 0.2941176 0.2941176 0.2941176 0.2941176 0.2941176 0.2941176 0.2941176 0.2941176 0.2941176 0.2941176 0.2941176 0.2941176 0.2941176 0.2941176 0.2941176 0.2941176 0.2941176 0.2941176 0.2941176 0.2941176 0.2941176 0.2941176 0.2941176 0.2941176 0.2941176 0.2941176 0.2941176 0.2941176 0.2941176 0.2941176 0.2941176 0.2941176 0.2941176 0.2941176 0.2941176 0.2941176 0.2941176 0.2941176 0.2941176 0.2941176 0.2941176 0.2941176 0.2941176 0.2941176 0.2941176 0.2941176 0.2941176 0.2941176 0.2941176 0.2941176 0.2941176 0.2941176 0.2941176 0.2941176 0.2941176 0.2941176 0.2941176 0.2941176 0.2941176 0.2941176 0.2941176 0.2941176 0.2941176 0.2941176 0.2941176 0.2941176 0.2941176 0.2941176 0.2941176 0.2941176 0.2941176 0.2941176 0.2941176 0.2941176 0.2941176 0.2941176 0.2941176 0.2941176 0.2941176 0.2941176 0.2941176 0.2941176 0.2941176 0.2941176 0.2941176 0.2941176 0.2941176 0.2941176 0.2941176 0.2941176 0.2941176 0.2941176 0.2941176 0.2941176 0.2941176 0.2941176 0.2941176 0.2941176 0.2941176 0.2941176 0.2941176 0.2941176 0.2941176 0.2941176 0.2941176 0.2941176 0.2941176 0.2941176 0.2941176 0.2941176 0.2941176 0.2941176 0.2941176 0.2941176 0.2941176 0.2941176 0.2941176 0.2941176 0.2941176 0.2941176 0.2941176 0.2941176 0.2941176 0.2941176 0.2941176 0.2941176 0.2941176 0.2941176 0.2941176 0.2941176 0.2941176 0.2941176 0.2941176 0.2941176 0.2941176 0.2941176 0.2941176 0.2941176 0.2941176 0.2941176 0.2941176 0.2941176 0.2941176 0.2941176 0.2941176 0.2941176 0.2941176 0.2941176 0.2941176 0.2941176 0.2941176 0.2941176 0.2941176 0.2941176 0.2941176 0.2941176 0.2941176 0.2941176 0.2941176 0.2941176 0.2941176 0.2941176 0.2941176 0.2941176 0.2941176 0.2941176 0.2941176 0.2941176 0.2941176 0.2941176 0.2941176 0.2941176 0.2941176 0.2941176 0.2941176 0.2941176 0.2941176 0.2941176 0.2941176 0.2941176 0.2941176 0.2941176 0.2941176 0.2941176 0.2941176 0.2941176 0.2941176 0.2941176 0.2941176 0.2941176 0.2941176 0.2941176 0.2941176 0.2941176 0.2941176 0.2941176 0.2941176 0.2941176 0.2941176 0.2941176 0.2941176 0.2941176 0.2941176 0.2941176 0.2941176 0.2941176 0.2941176 0.2941176 0.2941176 0.2941176 0.2941176 0.2941176 0.2941176 0.2941176 0.2941176 0.2941176 0.2941176 0.2941176 0.2941176 0.2941176 0.2941176 0.2941176 0.2941176 0.2941176 0.2941176 0.2941176 0.2941176 0.2941176 0.2941176 0.2941176 0.2941176 0.2941176 0.2941176 0.2941176 0.2941176 0.2941176 0.2941176 0.2941176 0.2941176 0.2941176 0.2941176 0.2941176 0.2941176 0.2941176 0.2941176 0.2941176 0.2941176 0.2941176 0.2941176 0.2941176 0.2941176 0.2941176 0.2941176 0.2941176 0.2941176 0.2941176 0.2941176 0.2941176 0.2941176 0.2941176 0.2941176 0.2941176 0.2941176 0.2941176 0.2941176 0.2941176 0.2941176 0.2941176 0.2941176 0.2941176 0.2941176 0.2941176 0.2941176 0.2941176 0.2941176 0.2941176 0.2941176 0.2941176 0.2941176 0.2941176 0.2941176 0.2941176 0.2941176 0.2941176 0.2941176 0.2941176 0.2941176 0.2941176 0.2941176 0.2941176 0.2941176 0.2941176 0.2941176 0.2941176 0.2941176 0.2941176 0.2941176 0.2941176 0.2941176 0.2941176 0.2941176 0.2941176 0.2941176 0.2941176 0.2941176 0.2941176 0.2941176 0.2941176 0.2941176 0.2941176 0.2941176 0.2941176 0.2941176 0.2941176 0.2941176 0.2941176 0.2941176 0.2941176 0.2941176 0.2941176 0.2941176 0.2941176 0.2941176 0.2941176 0.2941176 0.2941176 0.2941176 0.2941176 0.2941176 0.2941176 0.2941176 0.2941176 0.2941176 0.2941176 0.2941176 0.2941176 0.2941176 0.2941176 0.2941176 0.2941176 0.2941176 0.2941176 0.2941176 0.2941176 0.2941176 0.2941176 0.2941176 0.2941176 0.2941176 0.2941176 0.2941176 0.2941176 0.2941176 0.2941176 0.2941176 0.2941176 0.2941176 0.2941176 0.2941176 0.2941176 0.2941176 0.2941176 0.2941176 0.2941176 0.2941176 0.2941176 0.2941176 0.2941176 0.2941176 0.2941176 0.2941176 0.2941176 0.2941176 0.2941176 0.2941176 0.2941176 0.2941176 0.2941176 0.2941176 0.2941176 0.2941176 0.2941176 0.2941176 0.2941176 0.2941176 0.2941176 0.2941176 0.2941176 0.2941176 0.2941176 0.2941176 0.2941176 0.2941176 0.2941176 0.2941176 0.2941176 0.2941176 0.2941176 0.2941176 0.2941176 0.2941176 0.2941176 0.2941176 0.2941176 0.2941176 0.2941176 0.2941176 0.2941176 0.2941176 0.2941176 0.2941176 0.2941176 0.2941176 0.2941176 0.2941176 0.2941176 0.2941176 0.2941176 0.2941176 0.2941176 0.2941176 0.2941176 0.2941176 0.2941176 0.2941176 0.2941176 0.2941176 0.2941176 0.2941176 0.2941176 0.2941176 0.2941176 0.2941176 0.2941176 0.2941176 0.2941176 0.2941176 0.2941176 0.2941176 0.2941176 0.2941176 0.2941176 0.2941176 0.2941176 0.2941176 0.2941176 0.2941176 0.2941176 0.2941176 0.2941176 0.2941176 0.2941176 0.2941176 0.2941176 0.2941176 0.2941176 0.2941176 0.2941176 0.2941176 0.2941176 0.2941176 0.2941176 0.2941176 0.2941176 0.2941176 0.2941176 0.2941176 0.2941176 0.2941176 0.2941176 0.2941176 0.2941176 0.2941176 0.2941176 0.2941176 0.2941176 0.2941176 0.2941176 0.2941176 0.2941176 0.2941176 0.2941176 0.2941176 0.2941176 0.2941176 0.2941176 0.2941176 0.2941176 0.2941176 0.2941176 0.2941176 0.2941176 0.2941176 0.2941176 0.2941176 0.2941176 0.2941176 0.2941176 0.2941176 0.2941176 0.2941176 0.2941176 0.2941176 0.2941176 0.2941176 0.2941176 0.2941176 0.2941176 0.2941176 0.2941176 0.2941176 0.2941176 0.2941176 0.2941176 0.2941176 0.2941176 0.2941176 0.2941176 0.2941176 0.2941176 0.2941176 0.2941176 0.2941176 0.2941176 0.2941176 0.2941176 0.2941176 0.2941176 0.2941176 0.2941176 0.2941176 0.2941176 0.2941176 0.2941176 0.2941176 0.2941176 0.2941176 0.2941176 0.2941176 0.2941176 0.2941176 0.2941176 0.2941176 0.2941176 0.2941176 0.2941176 0.2941176 0.2941176 0.2941176 0.2941176 0.2941176 0.2941176 0.2941176 0.2941176 0.2941176 0.2941176 0.2941176 0.2941176 0.2941176 0.2941176 0.2941176 0.2941176 0.2941176 0.2941176 0.2941176 0.2941176 0.2941176 0.2941176 0.2941176 0.2941176 0.2941176 0.2941176 0.2941176 0.2941176 0.2941176 0.2941176 0.2941176 0.2941176 0.2941176 0.2941176 0.2941176 0.2941176 0.2941176 0.2941176 0.2941176 0.2941176 0.2941176 0.2941176 0.2941176 0.2941176 0.2941176 0.2941176 0.2941176 0.2941176 0.2941176 0.2941176 0.2941176 0.2941176 0.2941176 0.2941176 0.2941176 0.2941176 0.2941176 0.2941176 0.2941176 0.2941176 0.2941176 0.2941176 0.2941176 0.2941176 0.2941176 0.2941176 0.2941176 0.2941176 0.2941176 0.2941176 0.2941176 0.2941176 0.2941176 0.2941176 0.2941176 0.2941176 0.2941176 0.2941176 0.2941176 0.2941176 0.2941176 0.2941176 0.2941176 0.2941176 0.2941176 0.2941176 0.2941176 0.2941176 0.2941176 0.2941176 0.2941176 0.2941176 0.2941176 0.2941176 0.2941176 0.2941176 0.2941176 0.2941176 0.2941176 0.2941176 0.2941176 0.2941176 0.2941176 0.2941176 0.2941176 0.2941176 0.2941176 0.2941176 0.2941176 0.2941176 0.2941176 0.2941176 0.2941176 0.2941176 0.2941176 0.2941176 0.2941176 0.2941176 0.2941176 0.2941176 0.2941176 0.2941176 0.2941176 0.2941176 0.2941176 0.2941176 0.2941176 0.2941176 0.2941176 0.2941176 0.2941176 0.2941176 0.2941176 0.2941176 0.2941176 0.2941176 0.2941176 0.2941176 0.2941176 0.2941176 0.2941176 0.2941176 0.2941176 0.2941176 0.2941176 0.2941176 0.2941176 0.2941176 0.2941176 0.2941176 0.2941176 0.2941176 0.2941176 0.2941176 0.2941176 0.2941176 0.2941176 0.2941176 0.2941176 0.2941176 0.2941176 0.2941176 0.2941176 0.2941176 0.2941176 0.2941176 0.2941176 0.2941176 0.2941176 0.2941176 0.2941176 0.2941176 0.2941176 0.2941176 0.2941176 0.2941176 0.2941176 0.2941176 0.2941176 0.2941176 0.2941176 0.2941176 0.2941176 0.2941176 0.2941176 0.2941176 0.2941176 0.2941176 0.2941176 0.2941176 0.2941176 0.2941176 0.2941176 0.2941176 0.2941176 0.2941176 0.2941176 0.2941176 0.2941176 0.2941176 0.2941176 0.2941176 0.2941176 0.2941176 0.2941176 0.2941176 0.2941176 0.2941176 0.2941176 0.2941176 0.2941176 0.2941176 0.2941176 0.2941176 0.2941176 0.2941176 0.2941176 0.2941176 0.2941176 0.2941176 0.2941176 0.2941176 0.2941176 0.2941176 0.2941176 0.2941176 0.2941176 0.2941176 0.2941176 0.2941176 0.2941176 0.2941176 0.2941176 0.2941176 0.2941176 0.2941176 0.2941176 0.2941176 0.2941176 0.2941176 0.2941176 0.2941176 0.2941176 0.2941176 0.2941176 0.2941176 0.2941176 0.2941176 0.2941176 0.2941176 0.2941176 0.2941176 0.2941176 0.2941176 0.2941176 0.2941176 0.2941176 0.2941176 0.2941176 0.2941176 0.2941176 0.2941176 0.2941176 0.2941176 0.2941176 0.2941176 0.2941176 0.2941176 0.2941176 0.2941176 0.2941176 0.2941176 0.2941176 0.2941176 0.2941176 0.2941176 0.2941176 0.2941176 0.2941176 0.2941176 0.2941176 0.2941176 0.2941176 0.2941176 0.2941176 0.2941176 0.2941176 0.2941176 0.2941176 0.2941176 0.2941176 0.2941176 0.2941176 0.2941176 0.2941176 0.2941176 0.2941176 0.2941176 0.2941176 0.2941176 0.2941176 0.2941176 0.2941176 0.2941176 0.2941176 0.2941176 0.2941176 0.2941176 0.2941176 0.2941176 0.2941176 0.2941176 0.2941176 0.2941176 0.2941176 0.2941176 0.2941176 0.2941176 0.2941176 0.2941176 0.2941176 0.2941176 0.2941176 0.2941176 0.2941176 0.2941176 0.2941176 0.2941176 0.2941176 0.2941176 0.2941176 0.2941176 0.2941176 0.2941176 0.2941176 0.2941176 0.2941176 0.2941176 0.2941176 0.2941176 0.2941176 0.2941176 0.2941176 0.2941176 0.2941176 0.2941176 0.2941176 0.2941176 0.2941176 0.2941176 0.2941176 0.2941176 0.2941176 0.2941176 0.2941176 0.2941176 0.2941176 0.2941176 0.2941176 0.2941176 0.2941176 0.2941176 0.2941176 0.2941176 0.2941176 0.2941176 0.2941176 0.2941176 0.2941176 0.2941176 0.2941176 0.2941176 0.2941176 0.2941176 0.2941176 0.2941176 0.2941176 0.2941176 0.2941176 0.2941176 0.2941176 0.2941176 0.2941176 0.2941176 0.2941176 0.2941176 0.2941176 0.2941176 0.2941176 0.2941176 0.2941176 0.2941176 0.2941176 0.2941176 0.2941176 0.2941176 0.2941176 0.2941176 0.2941176 0.2941176 0.2941176 0.2941176 0.2941176 0.2941176 0.2941176 0.2941176 0.2941176 0.2941176 0.2941176 0.2941176 0.2941176 0.2941176 0.2941176 0.2941176 0.2941176 0.2941176 0.2941176 0.2941176 0.2941176 0.2941176 0.2941176 0.2941176 0.2941176 0.2941176 0.2941176 0.2941176 0.2941176 0.2941176 0.2941176 0.2941176 0.2941176 0.2941176 0.2941176 0.2941176 0.2941176 0.2941176 0.2941176 0.2941176 0.2941176 0.2941176 0.2941176 0.2941176 0.2941176 0.2941176 0.2941176 0.2941176 0.2941176 0.2941176 0.2941176 0.2941176 0.2941176 0.2941176 0.2941176 0.2941176 0.2941176 0.2941176 0.2941176 0.2941176 0.2941176 0.2941176 0.2941176 0.2941176 0.2941176 0.2941176 0.2941176 0.2941176 0.2941176 0.2941176 0.2941176 0.2941176 0.2941176 0.2941176 0.2941176 0.2941176 0.2941176 0.2941176 0.2941176 0.2941176 0.2941176 0.2941176 0.2941176 0.2941176 0.2941176 0.2941176 0.2941176 0.2941176 0.2941176 0.2941176 0.2941176 0.2941176 0.2941176 0.2941176 0.2941176 0.2941176 0.2941176 0.2941176 0.2941176 0.2941176 0.2941176 0.2941176 0.2941176 0.2941176 0.2941176 0.2941176 0.2941176 0.2941176 0.2941176 0.2941176 0.2941176 0.2941176 0.2941176 0.2941176 0.2941176 0.2941176 0.2941176 0.2941176</float_array>
          <technique_common>
            <accessor count="764" source="#colors-array-array" stride="3">
              <param type="float" name="R"/>
              <param type="float" name="G"/>
              <param type="float" name="B"/>
            </accessor>
          </technique_common>
        </source>
        <vertices id="verts-array-vertices">
          <input semantic="POSITION" source="#verts-array"/>
        </vertices>
        <triangles count="920" material="material4">
          <input offset="0" semantic="VERTEX" source="#verts-array-vertices"/>
          <input offset="1" semantic="NORMAL" source="#normals-array"/>
          <input offset="2" semantic="COLOR" source="#colors-array"/>
          <p>0 0 0 1 1 1 2 2 2 3 3 3 2 2 2 1 1 1 2 2 2 3 3 3 4 4 4 5 5 5 4 4 4 3 3 3 4 4 4 5 5 5 6 6 6 7 7 7 6 6 6 5 5 5 6 6 6 7 7 7 8 8 8 9 9 9 8 8 8 7 7 7 8 8 8 9 9 9 10 10 10 11 11 11 10 10 10 9 9 9 10 10 10 11 11 11 12 12 12 13 13 13 12 12 12 11 11 11 12 12 12 13 13 13 14 14 14 15 15 15 14 14 14 13 13 13 14 14 14 15 15 15 16 16 16 17 17 17 16 16 16 15 15 15 16 16 16 17 17 17 18 18 18 19 19 19 18 18 18 17 17 17 18 18 18 19 19 19 20 20 20 21 21 21 20 20 20 19 19 19 20 20 20 21 21 21 22 22 22 23 23 23 22 22 22 21 21 21 22 22 22 23 23 23 24 24 24 25 25 25 24 24 24 23 23 23 24 24 24 25 25 25 26 26 26 27 27 27 26 26 26 25 25 25 26 26 26 27 27 27 28 28 28 29 29 29 28 28 28 27 27 27 28 28 28 29 29 29 30 30 30 31 31 31 30 30 30 29 29 29 30 30 30 31 31 31 32 32 32 33 33 33 32 32 32 31 31 31 32 32 32 33 33 33 34 34 34 35 35 35 34 34 34 33 33 33 34 34 34 35 35 35 36 36 36 37 37 37 36 36 36 35 35 35 36 36 36 37 37 37 38 38 38 39 39 39 38 38 38 37 37 37 38 38 38 39 39 39 40 40 40 41 41 41 40 40 40 39 39 39 40 40 40 41 41 41 42 42 42 43 43 43 42 42 42 41 41 41 42 42 42 43 43 43 44 44 44 45 45 45 44 44 44 43 43 43 44 44 44 45 45 45 46 46 46 47 47 47 46 46 46 45 45 45 46 46 46 47 47 47 48 48 48 49 49 49 48 48 48 47 47 47 48 48 48 49 49 49 50 50 50 51 51 51 50 50 50 49 49 49 50 50 50 51 51 51 52 52 52 53 53 53 52 52 52 51 51 51 52 52 52 53 53 53 54 54 54 55 55 55 54 54 54 53 53 53 54 54 54 55 55 55 56 56 56 57 57 57 56 56 56 55 55 55 56 56 56 57 57 57 58 58 58 59 59 59 58 58 58 57 57 57 58 58 58 59 59 59 60 60 60 61 61 61 60 60 60 59 59 59 60 60 60 61 61 61 62 62 62 63 63 63 62 62 62 61 61 61 62 62 62 63 63 63 64 64 64 65 65 65 64 64 64 63 63 63 64 64 64 65 65 65 66 66 66 67 67 67 66 66 66 65 65 65 66 66 66 67 67 67 68 68 68 69 69 69 68 68 68 67 67 67 68 68 68 69 69 69 0 0 0 1 1 1 0 0 0 69 69 69 70 70 70 71 71 71 72 72 72 73 73 73 72 72 72 71 71 71 72 72 72 73 73 73 74 74 74 75 75 75 74 74 74 73 73 73 74 74 74 75 75 75 76 76 76 77 77 77 76 76 76 75 75 75 76 76 76 77 77 77 78 78 78 79 79 79 78 78 78 77 77 77 78 78 78 79 79 79 80 80 80 81 81 81 80 80 80 79 79 79 80 80 80 81 81 81 82 82 82 83 83 83 82 82 82 81 81 81 82 82 82 83 83 83 84 84 84 85 85 85 84 84 84 83 83 83 84 84 84 85 85 85 86 86 86 87 87 87 86 86 86 85 85 85 86 86 86 87 87 87 88 88 88 89 89 89 88 88 88 87 87 87 88 88 88 89 89 89 90 90 90 91 91 91 90 90 90 89 89 89 90 90 90 91 91 91 92 92 92 93 93 93 92 92 92 91 91 91 92 92 92 93 93 93 94 94 94 95 95 95 94 94 94 93 93 93 94 94 94 95 95 95 96 96 96 97 97 97 96 96 96 95 95 95 96 96 96 97 97 97 98 98 98 99 99 99 98 98 98 97 97 97 98 98 98 99 99 99 100 100 100 101 101 101 100 100 100 99 99 99 100 100 100 101 101 101 102 102 102 103 103 103 102 102 102 101 101 101 102 102 102 103 103 103 104 104 104 105 105 105 104 104 104 103 103 103 104 104 104 105 105 105 106 106 106 107 107 107 106 106 106 105 105 105 106 106 106 107 107 107 108 108 108 109 109 109 108 108 108 107 107 107 108 108 108 109 109 109 110 110 110 111 111 111 110 110 110 109 109 109 110 110 110 111 111 111 112 112 112 113 113 113 112 112 112 111 111 111 112 112 112 113 113 113 114 114 114 115 115 115 114 114 114 113 113 113 114 114 114 115 115 115 116 116 116 117 117 117 116 116 116 115 115 115 116 116 116 117 117 117 118 118 118 119 119 119 118 118 118 117 117 117 118 118 118 119 119 119 120 120 120 121 121 121 120 120 120 119 119 119 120 120 120 121 121 121 122 122 122 123 123 123 122 122 122 121 121 121 122 122 122 123 123 123 124 124 124 125 125 125 124 124 124 123 123 123 124 124 124 125 125 125 126 126 126 127 127 127 126 126 126 125 125 125 126 126 126 127 127 127 128 128 128 129 129 129 128 128 128 127 127 127 128 128 128 129 129 129 130 130 130 131 131 131 130 130 130 129 129 129 130 130 130 131 131 131 132 132 132 133 133 133 132 132 132 131 131 131 132 132 132 133 133 133 134 134 134 135 135 135 134 134 134 133 133 133 134 134 134 135 135 135 136 136 136 137 137 137 136 136 136 135 135 135 136 136 136 137 137 137 138 138 138 139 139 139 138 138 138 137 137 137 138 138 138 139 139 139 140 140 140 141 141 141 140 140 140 139 139 139 140 140 140 141 141 141 142 142 142 143 143 143 142 142 142 141 141 141 142 142 142 143 143 143 144 144 144 145 145 145 144 144 144 143 143 143 144 144 144 145 145 145 146 146 146 147 147 147 146 146 146 145 145 145 146 146 146 147 147 147 148 148 148 149 149 149 148 148 148 147 147 147 148 148 148 149 149 149 70 70 70 71 71 71 70 70 70 149 149 149 150 150 150 151 151 151 18 18 18 152 152 152 18 18 18 151 151 151 18 18 18 152 152 152 153 153 153 154 154 154 153 153 153 152 152 152 153 153 153 154 154 154 155 155 155 156 156 156 155 155 155 154 154 154 155 155 155 156 156 156 157 157 157 158 158 158 159 159 159 60 60 60 160 160 160 60 60 60 159 159 159 60 60 60 160 160 160 161 161 161 162 162 162 161 161 161 160 160 160 161 161 161 162 162 162 163 163 163 164 164 164 163 163 163 162 162 162 163 163 163 164 164 164 165 165 165 166 166 166 157 157 157 156 156 156 157 157 157 166 166 166 4 4 4 167 167 167 4 4 4 166 166 166 4 4 4 167 167 167 168 168 168 169 169 169 168 168 168 167 167 167 168 168 168 169 169 169 170 170 170 171 171 171 170 170 170 169 169 169 170 170 170 171 171 171 158 158 158 158 158 158 171 171 171 159 159 159 172 172 172 173 173 173 32 32 32 174 174 174 32 32 32 173 173 173 32 32 32 174 174 174 175 175 175 176 176 176 175 175 175 174 174 174 175 175 175 176 176 176 177 177 177 178 178 178 177 177 177 176 176 176 177 177 177 178 178 178 150 150 150 150 150 150 178 178 178 151 151 151 179 179 179 165 165 165 164 164 164 165 165 165 179 179 179 46 46 46 180 180 180 46 46 46 179 179 179 46 46 46 180 180 180 181 181 181 182 182 182 181 181 181 180 180 180 181 181 181 182 182 182 183 183 183 184 184 184 183 183 183 182 182 182 183 183 183 184 184 184 172 172 172 172 172 172 184 184 184 173 173 173 185 185 185 186 186 186 187 187 187 188 188 188 189 189 189 190 190 190 191 191 191 192 192 192 193 193 193 194 194 194 195 195 195 196 196 196 196 196 196 195 195 195 197 197 197 198 198 198 199 199 199 200 200 200 201 201 201 200 200 200 199 199 199 202 202 202 203 203 203 204 204 204 205 205 205 204 204 204 203 203 203 206 206 206 204 204 204 205 205 205 195 195 195 207 207 207 197 197 197 197 197 197 207 207 207 206 206 206 208 208 208 206 206 206 207 207 207 206 206 206 208 208 208 204 204 204 202 202 202 209 209 209 210 210 210 198 198 198 210 210 210 211 211 211 211 211 211 210 210 210 209 209 209 210 210 210 203 203 203 202 202 202 203 203 203 210 210 210 212 212 212 213 213 213 212 212 212 210 210 210 214 214 214 215 215 215 216 216 216 187 187 187 216 216 216 215 215 215 217 217 217 218 218 218 219 219 219 220 220 220 219 219 219 218 218 218 219 219 219 220 220 220 221 221 221 218 218 218 217 217 217 222 222 222 221 221 221 220 220 220 216 216 216 214 214 214 216 216 216 220 220 220 223 223 223 224 224 224 225 225 225 225 225 225 224 224 224 226 226 226 227 227 227 226 226 226 224 224 224 226 226 226 227 227 227 228 228 228 228 228 228 227 227 227 217 217 217 222 222 222 217 217 217 227 227 227 229 229 229 230 230 230 231 231 231 187 187 187 231 231 231 230 230 230 231 231 231 187 187 187 225 225 225 223 223 223 225 225 225 187 187 187 232 232 232 216 216 216 233 233 233 216 216 216 232 232 232 221 221 221 233 233 233 234 234 234 235 235 235 235 235 235 234 234 234 236 236 236 237 237 237 238 238 238 239 239 239 240 240 240 236 236 236 234 234 234 236 236 236 240 240 240 241 241 241 241 241 241 240 240 240 242 242 242 238 238 238 242 242 242 240 240 240 242 242 242 238 238 238 237 237 237 243 243 243 244 244 244 190 190 190 245 245 245 190 190 190 244 244 244 246 246 246 237 237 237 247 247 247 248 248 248 249 249 249 250 250 250 251 251 251 252 252 252 239 239 239 247 247 247 253 253 253 246 246 246 246 246 246 253 253 253 249 249 249 254 254 254 249 249 249 253 253 253 249 249 249 254 254 254 250 250 250 248 248 248 243 243 243 255 255 255 243 243 243 248 248 248 250 250 250 245 245 245 256 256 256 190 190 190 190 190 190 256 256 256 239 239 239 251 251 251 239 239 239 256 256 256 247 247 247 239 239 239 252 252 252 239 239 239 247 247 247 237 237 237 255 255 255 190 190 190 257 257 257 190 190 190 255 255 255 243 243 243 255 255 255 257 257 257 258 258 258 259 259 259 258 258 258 257 257 257 258 258 258 259 259 259 260 260 260 260 260 260 259 259 259 261 261 261 259 259 259 262 262 262 261 261 261 261 261 261 262 262 262 263 263 263 264 264 264 263 263 263 262 262 262 265 265 265 266 266 266 267 267 267 268 268 268 263 263 263 264 264 264 263 263 263 268 268 268 269 269 269 269 269 269 268 268 268 270 270 270 266 266 266 270 270 270 268 268 268 270 270 270 266 266 266 265 265 265 271 271 271 272 272 272 273 273 273 274 274 274 272 272 272 271 271 271 272 272 272 274 274 274 275 275 275 276 276 276 277 277 277 278 278 278 273 273 273 278 278 278 277 277 277 272 272 272 278 278 278 273 273 273 279 279 279 277 277 277 276 276 276 280 280 280 265 265 265 281 281 281 267 267 267 281 281 281 265 265 265 282 282 282 281 281 281 267 267 267 283 283 283 284 284 284 274 274 274 275 275 275 274 274 274 284 284 284 279 279 279 285 285 285 277 277 277 277 277 277 285 285 285 267 267 267 282 282 282 267 267 267 285 285 285 286 286 286 265 265 265 280 280 280 265 265 265 286 286 286 287 287 287 287 287 287 286 286 286 283 283 283 284 284 284 283 283 283 286 286 286 288 288 288 191 191 191 289 289 289 290 290 290 191 191 191 288 288 288 191 191 191 290 290 290 291 291 291 273 273 273 291 291 291 290 290 290 193 193 193 289 289 289 191 191 191 200 200 200 292 292 292 193 193 193 292 292 292 200 200 200 194 194 194 201 201 201 194 194 194 200 200 200 194 194 194 201 201 201 195 195 195 293 293 293 294 294 294 239 239 239 239 239 239 294 294 294 190 190 190 188 188 188 190 190 190 294 294 294 239 239 239 295 295 295 293 293 293 293 293 293 295 295 295 296 296 296 297 297 297 296 296 296 295 295 295 296 296 296 297 297 297 298 298 298 298 298 298 297 297 297 216 216 216 299 299 299 216 216 216 297 297 297 300 300 300 301 301 301 187 187 187 302 302 302 187 187 187 301 301 301 303 303 303 187 187 187 302 302 302 187 187 187 303 303 303 216 216 216 216 216 216 303 303 303 298 298 298 304 304 304 305 305 305 210 210 210 187 187 187 186 186 186 300 300 300 186 186 186 306 306 306 300 300 300 304 304 304 300 300 300 306 306 306 300 300 300 304 304 304 307 307 307 307 307 307 304 304 304 308 308 308 210 210 210 308 308 308 304 304 304 309 309 309 308 308 308 210 210 210 277 277 277 310 310 310 273 273 273 273 273 273 310 310 310 291 291 291 311 311 311 312 312 312 313 313 313 312 312 312 311 311 311 314 314 314 315 315 315 314 314 314 311 311 311 200 200 200 314 314 314 315 315 315 314 314 314 200 200 200 316 316 316 267 267 267 317 317 317 318 318 318 277 277 277 313 313 313 312 312 312 319 319 319 313 313 313 277 277 277 318 318 318 320 320 320 267 267 267 267 267 267 320 320 320 277 277 277 319 319 319 277 277 277 320 320 320 267 267 267 321 321 321 317 317 317 322 322 322 317 317 317 321 321 321 317 317 317 322 322 322 189 189 189 189 189 189 322 322 322 190 190 190 323 323 323 324 324 324 216 216 216 216 216 216 324 324 324 233 233 233 234 234 234 233 233 233 324 324 324 230 230 230 185 185 185 187 187 187 185 185 185 230 230 230 325 325 325 326 326 326 210 210 210 305 305 305 327 327 327 325 325 325 230 230 230 210 210 210 326 326 326 327 327 327 210 210 210 230 230 230 213 213 213 230 230 230 210 210 210 327 327 327 316 316 316 200 200 200 328 328 328 193 193 193 192 192 192 200 200 200 200 200 200 192 192 192 328 328 328 299 299 299 323 323 323 216 216 216 210 210 210 200 200 200 309 309 309 200 200 200 210 210 210 198 198 198 329 329 329 330 330 330 331 331 331 330 330 330 329 329 329 332 332 332 333 333 333 332 332 332 329 329 329 334 334 334 332 332 332 333 333 333 332 332 332 334 334 334 335 335 335 336 336 336 335 335 335 334 334 334 337 337 337 335 335 335 336 336 336 335 335 335 337 337 337 338 338 338 339 339 339 338 338 338 337 337 337 338 338 338 339 339 339 340 340 340 341 341 341 340 340 340 339 339 339 340 340 340 341 341 341 342 342 342 252 252 252 342 342 342 341 341 341 343 343 343 342 342 342 252 252 252 342 342 342 343 343 343 344 344 344 345 345 345 344 344 344 343 343 343 344 344 344 345 345 345 346 346 346 347 347 347 346 346 346 345 345 345 346 346 346 347 347 347 348 348 348 349 349 349 348 348 348 347 347 347 348 348 348 349 349 349 350 350 350 331 331 331 350 350 350 349 349 349 350 350 350 331 331 331 330 330 330 351 351 351 352 352 352 353 353 353 352 352 352 351 351 351 354 354 354 355 355 355 354 354 354 351 351 351 354 354 354 355 355 355 356 356 356 357 357 357 356 356 356 355 355 355 356 356 356 357 357 357 358 358 358 359 359 359 358 358 358 357 357 357 358 358 358 359 359 359 360 360 360 361 361 361 360 360 360 359 359 359 360 360 360 361 361 361 362 362 362 190 190 190 362 362 362 361 361 361 362 362 362 190 190 190 363 363 363 364 364 364 363 363 363 190 190 190 363 363 363 364 364 364 365 365 365 366 366 366 365 365 365 364 364 364 365 365 365 366 366 366 367 367 367 368 368 368 367 367 367 366 366 366 367 367 367 368 368 368 369 369 369 370 370 370 369 369 369 368 368 368 369 369 369 370 370 370 371 371 371 372 372 372 371 371 371 370 370 370 371 371 371 372 372 372 373 373 373 353 353 353 373 373 373 372 372 372 373 373 373 353 353 353 352 352 352 284 284 284 374 374 374 275 275 275 374 374 374 284 284 284 375 375 375 376 376 376 375 375 375 284 284 284 375 375 375 376 376 376 377 377 377 281 281 281 377 377 377 376 376 376 377 377 377 281 281 281 378 378 378 378 378 378 281 281 281 379 379 379 380 380 380 379 379 379 281 281 281 379 379 379 380 380 380 381 381 381 382 382 382 381 381 381 380 380 380 381 381 381 382 382 382 383 383 383 384 384 384 383 383 383 382 382 382 385 385 385 383 383 383 384 384 384 383 383 383 385 385 385 386 386 386 387 387 387 386 386 386 385 385 385 386 386 386 387 387 387 388 388 388 389 389 389 388 388 388 387 387 387 388 388 388 389 389 389 390 390 390 391 391 391 390 390 390 389 389 389 390 390 390 391 391 391 392 392 392 275 275 275 392 392 392 391 391 391 392 392 392 275 275 275 374 374 374 393 393 393 394 394 394 395 395 395 310 310 310 395 395 395 394 394 394 395 395 395 310 310 310 396 396 396 277 277 277 396 396 396 310 310 310 396 396 396 277 277 277 397 397 397 398 398 398 397 397 397 277 277 277 397 397 397 398 398 398 399 399 399 400 400 400 399 399 399 398 398 398 399 399 399 400 400 400 401 401 401 402 402 402 401 401 401 400 400 400 401 401 401 402 402 402 403 403 403 404 404 404 403 403 403 402 402 402 403 403 403 404 404 404 405 405 405 406 406 406 405 405 405 404 404 404 407 407 407 405 405 405 406 406 406 405 405 405 407 407 407 408 408 408 409 409 409 408 408 408 407 407 407 408 408 408 409 409 409 410 410 410 411 411 411 410 410 410 409 409 409 410 410 410 411 411 411 412 412 412 413 413 413 412 412 412 411 411 411 412 412 412 413 413 413 414 414 414 394 394 394 414 414 414 413 413 413 414 414 414 394 394 394 393 393 393 415 415 415 416 416 416 417 417 417 417 417 417 416 416 416 418 418 418 419 419 419 418 418 418 416 416 416 418 418 418 419 419 419 420 420 420 421 421 421 420 420 420 419 419 419 420 420 420 421 421 421 422 422 422 198 198 198 422 422 422 421 421 421 422 422 422 198 198 198 423 423 423 424 424 424 423 423 423 198 198 198 425 425 425 423 423 423 424 424 424 423 423 423 425 425 425 426 426 426 202 202 202 426 426 426 425 425 425 426 426 426 202 202 202 427 427 427 204 204 204 427 427 427 202 202 202 427 427 427 204 204 204 428 428 428 208 208 208 428 428 428 204 204 204 428 428 428 208 208 208 429 429 429 430 430 430 429 429 429 208 208 208 429 429 429 430 430 430 431 431 431 432 432 432 431 431 431 430 430 430 433 433 433 431 431 431 432 432 432 431 431 431 433 433 433 415 415 415 416 416 416 415 415 415 433 433 433 304 304 304 434 434 434 305 305 305 434 434 434 304 304 304 435 435 435 436 436 436 435 435 435 304 304 304 435 435 435 436 436 436 437 437 437 438 438 438 437 437 437 436 436 436 437 437 437 438 438 438 439 439 439 440 440 440 439 439 439 438 438 438 185 185 185 439 439 439 440 440 440 439 439 439 185 185 185 441 441 441 442 442 442 441 441 441 185 185 185 441 441 441 442 442 442 443 443 443 444 444 444 443 443 443 442 442 442 443 443 443 444 444 444 445 445 445 446 446 446 445 445 445 444 444 444 445 445 445 446 446 446 447 447 447 448 448 448 447 447 447 446 446 446 449 449 449 447 447 447 448 448 448 447 447 447 449 449 449 450 450 450 450 450 450 449 449 449 451 451 451 452 452 452 451 451 451 449 449 449 451 451 451 452 452 452 453 453 453 305 305 305 453 453 453 452 452 452 453 453 453 305 305 305 434 434 434 454 454 454 455 455 455 456 456 456 457 457 457 456 456 456 455 455 455 456 456 456 457 457 457 458 458 458 459 459 459 458 458 458 457 457 457 458 458 458 459 459 459 460 460 460 460 460 460 459 459 459 461 461 461 462 462 462 461 461 461 459 459 459 218 218 218 461 461 461 462 462 462 461 461 461 218 218 218 463 463 463 222 222 222 463 463 463 218 218 218 463 463 463 222 222 222 464 464 464 465 465 465 464 464 464 222 222 222 464 464 464 465 465 465 466 466 466 467 467 467 466 466 466 465 465 465 466 466 466 467 467 467 468 468 468 469 469 469 468 468 468 467 467 467 468 468 468 469 469 469 470 470 470 471 471 471 470 470 470 469 469 469 470 470 470 471 471 471 454 454 454 455 455 455 454 454 454 471 471 471 472 472 472 473 473 473 295 295 295 473 473 473 472 472 472 474 474 474 475 475 475 474 474 474 472 472 472 474 474 474 475 475 475 476 476 476 477 477 477 476 476 476 475 475 475 476 476 476 477 477 477 478 478 478 479 479 479 478 478 478 477 477 477 478 478 478 479 479 479 480 480 480 481 481 481 480 480 480 479 479 479 480 480 480 481 481 481 482 482 482 483 483 483 482 482 482 481 481 481 482 482 482 483 483 483 484 484 484 485 485 485 484 484 484 483 483 483 484 484 484 485 485 485 486 486 486 487 487 487 486 486 486 485 485 485 486 486 486 487 487 487 488 488 488 299 299 299 488 488 488 487 487 487 488 488 488 299 299 299 489 489 489 490 490 490 489 489 489 299 299 299 489 489 489 490 490 490 491 491 491 492 492 492 491 491 491 490 490 490 491 491 491 492 492 492 493 493 493 295 295 295 493 493 493 492 492 492 493 493 493 295 295 295 473 473 473 494 494 494 495 495 495 496 496 496 497 497 497 496 496 496 495 495 495 496 496 496 497 497 497 498 498 498 499 499 499 498 498 498 497 497 497 498 498 498 499 499 499 500 500 500 501 501 501 500 500 500 499 499 499 500 500 500 501 501 501 502 502 502 503 503 503 502 502 502 501 501 501 502 502 502 503 503 503 504 504 504 505 505 505 504 504 504 503 503 503 504 504 504 505 505 505 506 506 506 507 507 507 506 506 506 505 505 505 506 506 506 507 507 507 508 508 508 509 509 509 508 508 508 507 507 507 508 508 508 509 509 509 510 510 510 511 511 511 510 510 510 509 509 509 510 510 510 511 511 511 512 512 512 513 513 513 512 512 512 511 511 511 512 512 512 513 513 513 514 514 514 515 515 515 514 514 514 513 513 513 514 514 514 515 515 515 516 516 516 517 517 517 516 516 516 515 515 515 516 516 516 517 517 517 518 518 518 301 301 301 518 518 518 517 517 517 518 518 518 301 301 301 519 519 519 520 520 520 519 519 519 301 301 301 519 519 519 520 520 520 521 521 521 522 522 522 521 521 521 520 520 520 521 521 521 522 522 522 523 523 523 307 307 307 523 523 523 522 522 522 523 523 523 307 307 307 524 524 524 525 525 525 524 524 524 307 307 307 524 524 524 525 525 525 526 526 526 527 527 527 526 526 526 525 525 525 526 526 526 527 527 527 528 528 528 529 529 529 528 528 528 527 527 527 528 528 528 529 529 529 530 530 530 531 531 531 530 530 530 529 529 529 530 530 530 531 531 531 532 532 532 533 533 533 532 532 532 531 531 531 532 532 532 533 533 533 534 534 534 535 535 535 534 534 534 533 533 533 534 534 534 535 535 535 536 536 536 537 537 537 536 536 536 535 535 535 536 536 536 537 537 537 538 538 538 539 539 539 538 538 538 537 537 537 538 538 538 539 539 539 540 540 540 311 311 311 540 540 540 539 539 539 540 540 540 311 311 311 541 541 541 542 542 542 541 541 541 311 311 311 541 541 541 542 542 542 543 543 543 544 544 544 543 543 543 542 542 542 543 543 543 544 544 544 545 545 545 546 546 546 545 545 545 544 544 544 545 545 545 546 546 546 547 547 547 548 548 548 547 547 547 546 546 546 547 547 547 548 548 548 549 549 549 550 550 550 549 549 549 548 548 548 549 549 549 550 550 550 551 551 551 552 552 552 551 551 551 550 550 550 551 551 551 552 552 552 553 553 553 318 318 318 553 553 553 552 552 552 553 553 553 318 318 318 554 554 554 555 555 555 554 554 554 318 318 318 554 554 554 555 555 555 556 556 556 557 557 557 556 556 556 555 555 555 556 556 556 557 557 557 558 558 558 559 559 559 558 558 558 557 557 557 558 558 558 559 559 559 560 560 560 561 561 561 560 560 560 559 559 559 560 560 560 561 561 561 562 562 562 563 563 563 562 562 562 561 561 561 562 562 562 563 563 563 564 564 564 565 565 565 564 564 564 563 563 563 564 564 564 565 565 565 494 494 494 495 495 495 494 494 494 565 565 565 566 566 566 567 567 567 568 568 568 569 569 569 568 568 568 567 567 567 568 568 568 569 569 569 570 570 570 571 571 571 570 570 570 569 569 569 570 570 570 571 571 571 213 213 213 572 572 572 213 213 213 571 571 571 213 213 213 572 572 572 212 212 212 573 573 573 212 212 212 572 572 572 212 212 212 573 573 573 203 203 203 574 574 574 203 203 203 573 573 573 203 203 203 574 574 574 205 205 205 575 575 575 205 205 205 574 574 574 205 205 205 575 575 575 576 576 576 577 577 577 576 576 576 575 575 575 576 576 576 577 577 577 578 578 578 579 579 579 578 578 578 577 577 577 578 578 578 579 579 579 197 197 197 580 580 580 197 197 197 579 579 579 197 197 197 580 580 580 196 196 196 581 581 581 196 196 196 580 580 580 196 196 196 581 581 581 194 194 194 582 582 582 194 194 194 581 581 581 194 194 194 582 582 582 292 292 292 583 583 583 292 292 292 582 582 582 292 292 292 583 583 583 584 584 584 585 585 585 584 584 584 583 583 583 584 584 584 585 585 585 586 586 586 587 587 587 586 586 586 585 585 585 586 586 586 587 587 587 289 289 289 588 588 588 289 289 289 587 587 587 289 289 289 588 588 588 288 288 288 589 589 589 288 288 288 588 588 588 288 288 288 589 589 589 290 290 290 590 590 590 290 290 290 589 589 589 290 290 290 590 590 590 273 273 273 591 591 591 273 273 273 590 590 590 273 273 273 591 591 591 271 271 271 592 592 592 271 271 271 591 591 591 271 271 271 592 592 592 593 593 593 594 594 594 593 593 593 592 592 592 593 593 593 594 594 594 595 595 595 596 596 596 595 595 595 594 594 594 595 595 595 596 596 596 283 283 283 597 597 597 283 283 283 596 596 596 283 283 283 597 597 597 287 287 287 598 598 598 287 287 287 597 597 597 287 287 287 598 598 598 265 265 265 599 599 599 265 265 265 598 598 598 265 265 265 599 599 599 270 270 270 600 600 600 270 270 270 599 599 599 270 270 270 600 600 600 269 269 269 601 601 601 269 269 269 600 600 600 269 269 269 601 601 601 602 602 602 603 603 603 602 602 602 601 601 601 602 602 602 603 603 603 604 604 604 605 605 605 604 604 604 603 603 603 604 604 604 605 605 605 261 261 261 606 606 606 261 261 261 605 605 605 261 261 261 606 606 606 260 260 260 607 607 607 260 260 260 606 606 606 260 260 260 607 607 607 258 258 258 608 608 608 258 258 258 607 607 607 258 258 258 608 608 608 255 255 255 609 609 609 255 255 255 608 608 608 255 255 255 609 609 609 248 248 248 610 610 610 248 248 248 609 609 609 248 248 248 610 610 610 611 611 611 612 612 612 611 611 611 610 610 610 611 611 611 612 612 612 613 613 613 614 614 614 613 613 613 612 612 612 613 613 613 614 614 614 246 246 246 615 615 615 246 246 246 614 614 614 246 246 246 615 615 615 237 237 237 616 616 616 237 237 237 615 615 615 237 237 237 616 616 616 242 242 242 617 617 617 242 242 242 616 616 616 242 242 242 617 617 617 241 241 241 618 618 618 241 241 241 617 617 617 241 241 241 618 618 618 236 236 236 619 619 619 236 236 236 618 618 618 236 236 236 619 619 619 620 620 620 621 621 621 620 620 620 619 619 619 620 620 620 621 621 621 622 622 622 623 623 623 622 622 622 621 621 621 622 622 622 623 623 623 233 233 233 624 624 624 233 233 233 623 623 623 233 233 233 624 624 624 232 232 232 625 625 625 232 232 232 624 624 624 232 232 232 625 625 625 221 221 221 626 626 626 221 221 221 625 625 625 221 221 221 626 626 626 219 219 219 627 627 627 219 219 219 626 626 626 219 219 219 627 627 627 628 628 628 629 629 629 628 628 628 627 627 627 628 628 628 629 629 629 630 630 630 631 631 631 630 630 630 629 629 629 630 630 630 631 631 631 228 228 228 632 632 632 228 228 228 631 631 631 228 228 228 632 632 632 226 226 226 633 633 633 226 226 226 632 632 632 226 226 226 633 633 633 225 225 225 634 634 634 225 225 225 633 633 633 225 225 225 634 634 634 231 231 231 566 566 566 231 231 231 634 634 634 231 231 231 566 566 566 229 229 229 229 229 229 566 566 566 568 568 568 635 635 635 636 636 636 605 605 605 582 582 582 581 581 581 637 637 637 638 638 638 639 639 639 640 640 640 640 640 640 639 639 639 573 573 573 641 641 641 573 573 573 639 639 639 573 573 573 641 641 641 574 574 574 574 574 574 641 641 641 575 575 575 637 637 637 642 642 642 643 643 643 581 581 581 644 644 644 637 637 637 642 642 642 637 637 637 644 644 644 638 638 638 640 640 640 423 423 423 641 641 641 428 428 428 575 575 575 575 575 575 428 428 428 645 645 645 429 429 429 645 645 645 428 428 428 431 431 431 645 645 645 429 429 429 645 645 645 431 431 431 580 580 580 580 580 580 431 431 431 581 581 581 644 644 644 581 581 581 431 431 431 589 589 589 588 588 588 646 646 646 647 647 647 590 590 590 589 589 589 648 648 648 649 649 649 650 650 650 647 647 647 651 651 651 590 590 590 651 651 651 652 652 652 590 590 590 590 590 590 652 652 652 591 591 591 653 653 653 591 591 591 652 652 652 591 591 591 653 653 653 592 592 592 592 592 592 653 653 653 654 654 654 647 647 647 650 650 650 649 649 649 598 598 598 377 377 377 650 650 650 648 648 648 650 650 650 377 377 377 653 653 653 655 655 655 654 654 654 655 655 655 656 656 656 654 654 654 654 654 654 656 656 656 597 597 597 597 597 597 656 656 656 598 598 598 377 377 377 598 598 598 656 656 656 635 635 635 600 600 600 650 650 650 599 599 599 650 650 650 600 600 600 650 650 650 599 599 599 598 598 598 608 608 608 657 657 657 658 658 658 607 607 607 657 657 657 608 608 608 657 657 657 607 607 607 659 659 659 606 606 606 659 659 659 607 607 607 605 605 605 659 659 659 606 606 606 659 659 659 605 605 605 636 636 636 660 660 660 661 661 661 335 335 335 661 661 661 660 660 660 614 614 614 662 662 662 663 663 663 664 664 664 664 664 664 663 663 663 344 344 344 350 350 350 658 658 658 348 348 348 615 615 615 665 665 665 664 664 664 662 662 662 664 664 664 665 665 665 665 665 665 614 614 614 660 660 660 614 614 614 665 665 665 615 615 615 609 609 609 608 608 608 666 666 666 346 346 346 664 664 664 344 344 344 664 664 664 346 346 346 658 658 658 658 658 658 346 346 346 348 348 348 666 666 666 667 667 667 609 609 609 609 609 609 667 667 667 661 661 661 335 335 335 661 661 661 667 667 667 666 666 666 658 658 658 350 350 350 658 658 658 666 666 666 608 608 608 668 668 668 618 618 618 669 669 669 617 617 617 669 669 669 618 618 618 616 616 616 669 669 669 617 617 617 669 669 669 616 616 616 670 670 670 615 615 615 670 670 670 616 616 616 664 664 664 670 670 670 615 615 615 671 671 671 618 618 618 668 668 668 618 618 618 671 671 671 672 672 672 625 625 625 673 673 673 674 674 674 624 624 624 673 673 673 625 625 625 673 673 673 624 624 624 675 675 675 623 623 623 675 675 675 624 624 624 672 672 672 675 675 675 623 623 623 675 675 675 672 672 672 671 671 671 676 676 676 677 677 677 674 674 674 678 678 678 627 627 627 679 679 679 470 470 470 454 454 454 680 680 680 680 680 680 454 454 454 674 674 674 676 676 676 674 674 674 454 454 454 681 681 681 674 674 674 677 677 677 674 674 674 681 681 681 625 625 625 681 681 681 682 682 682 625 625 625 625 625 625 682 682 682 626 626 626 626 626 626 682 682 682 627 627 627 679 679 679 627 627 627 682 682 682 679 679 679 683 683 683 678 678 678 684 684 684 678 678 678 683 683 683 678 678 678 684 684 684 632 632 632 632 632 632 684 684 684 633 633 633 633 633 633 684 684 684 685 685 685 685 685 685 468 468 468 680 680 680 680 680 680 468 468 468 470 470 470 633 633 633 680 680 680 686 686 686 680 680 680 633 633 633 685 685 685 633 633 633 686 686 686 634 634 634 443 443 443 634 634 634 686 686 686 634 634 634 443 443 443 566 566 566 571 571 571 687 687 687 566 566 566 674 674 674 688 688 688 689 689 689 690 690 690 674 674 674 689 689 689 674 674 674 690 690 690 680 680 680 680 680 680 690 690 690 691 691 691 674 674 674 692 692 692 688 688 688 693 693 693 694 694 694 695 695 695 695 695 695 694 694 694 664 664 664 692 692 692 696 696 696 688 688 688 688 688 688 696 696 696 693 693 693 697 697 697 693 693 693 696 696 696 693 693 693 697 697 697 694 694 694 658 658 658 698 698 698 699 699 699 700 700 700 658 658 658 699 699 699 658 658 658 700 700 700 664 664 664 664 664 664 700 700 700 695 695 695 698 698 698 701 701 701 99 99 99 702 702 702 99 99 99 701 701 701 99 99 99 702 702 702 703 703 703 704 704 704 703 703 703 702 702 702 703 703 703 704 704 704 650 650 650 705 705 705 650 650 650 704 704 704 658 658 658 706 706 706 698 698 698 701 701 701 698 698 698 706 706 706 647 647 647 707 707 707 113 113 113 113 113 113 708 708 708 647 647 647 647 647 647 708 708 708 650 650 650 709 709 709 647 647 647 710 710 710 647 647 647 709 709 709 707 707 707 709 709 709 711 711 711 707 707 707 707 707 707 711 711 711 119 119 119 712 712 712 119 119 119 711 711 711 119 119 119 712 712 712 713 713 713 714 714 714 637 637 637 715 715 715 713 713 713 715 715 715 637 637 637 715 715 715 713 713 713 712 712 712 716 716 716 133 133 133 717 717 717 718 718 718 717 717 717 133 133 133 717 717 717 719 719 719 716 716 716 719 719 719 720 720 720 716 716 716 716 716 716 720 720 720 721 721 721 722 722 722 721 721 721 720 720 720 723 723 723 721 721 721 722 722 722 721 721 721 723 723 723 691 691 691 691 691 691 723 723 723 680 680 680 443 443 443 724 724 724 566 566 566 566 566 566 724 724 724 571 571 571 724 724 724 640 640 640 571 571 571 571 571 571 640 640 640 572 572 572 573 573 573 572 572 572 640 640 640 725 725 725 726 726 726 646 646 646 589 589 589 646 646 646 647 647 647 726 726 726 647 647 647 646 646 646 582 582 582 637 637 637 583 583 583 725 725 725 646 646 646 583 583 583 727 727 727 637 637 637 714 714 714 637 637 637 727 727 727 583 583 583 725 725 725 583 583 583 727 727 727 650 650 650 728 728 728 635 635 635 636 636 636 635 635 635 728 728 728 705 705 705 728 728 728 650 650 650 726 726 726 710 710 710 647 647 647 637 637 637 717 717 717 718 718 718 717 717 717 637 637 637 640 640 640 640 640 640 637 637 637 423 423 423 643 643 643 423 423 423 637 637 637 729 729 729 730 730 730 731 731 731 732 732 732 731 731 731 730 730 730 731 731 731 732 732 732 733 733 733 734 734 734 733 733 733 732 732 732 733 733 733 734 734 734 735 735 735 736 736 736 735 735 735 734 734 734 735 735 735 736 736 736 737 737 737 738 738 738 737 737 737 736 736 736 737 737 737 738 738 738 739 739 739 526 526 526 739 739 739 738 738 738 740 740 740 739 739 739 526 526 526 739 739 739 740 740 740 741 741 741 742 742 742 743 743 743 744 744 744 745 745 745 744 744 744 743 743 743 744 744 744 745 745 745 746 746 746 747 747 747 746 746 746 745 745 745 746 746 746 747 747 747 748 748 748 749 749 749 748 748 748 747 747 747 748 748 748 749 749 749 750 750 750 751 751 751 750 750 750 749 749 749 750 750 750 751 751 751 752 752 752 502 502 502 752 752 752 751 751 751 753 753 753 752 752 752 502 502 502 752 752 752 753 753 753 729 729 729 729 729 729 753 753 753 730 730 730 754 754 754 741 741 741 740 740 740 741 741 741 754 754 754 41 41 41 755 755 755 41 41 41 754 754 754 41 41 41 755 755 755 756 756 756 757 757 757 756 756 756 755 755 755 756 756 756 757 757 757 758 758 758 759 759 759 758 758 758 757 757 757 758 758 758 759 759 759 760 760 760 761 761 761 760 760 760 759 759 759 760 760 760 761 761 761 762 762 762 763 763 763 762 762 762 761 761 761 762 762 762 763 763 763 742 742 742 742 742 742 763 763 763 743 743 743</p>
        </triangles>
      </mesh>
    </geometry>
  </library_geometries>
  <library_materials>
    <material id="2fe5d3ac59cc48e38eda26cb4fa8fc5f" name="defaultmaterial">
      <instance_effect url="#393b07c67cd14fc6a29b1e5b21e85d34"/>
    </material>
    <material id="cda802efffd54747853c3acbf9021e10" name="defaultmaterial">
      <instance_effect url="#14f11446567e43308ee288e0d74c1e86"/>
    </material>
    <material id="846b5574377b4d4183d1cd4b255c4e4a" name="defaultmaterial">
      <instance_effect url="#542ca8550c804e0c90294fc070cf278e"/>
    </material>
    <material id="899c58e1a5f14677b966cabca5f452e0" name="defaultmaterial">
      <instance_effect url="#d435c88bdc42493c921da9ed4db4f05d"/>
    </material>
    <material id="088d0a22407a4661a1084e94e7b2c52e" name="defaultmaterial">
      <instance_effect url="#90f6e470c02e41e68c3ec918acf26796"/>
    </material>
  </library_materials>
  <library_visual_scenes>
    <visual_scene id="scene">
      <node id="node0" name="node0">
        <instance_geometry url="#7d8d5e443a3f4e919a0d8ad5a8ddb864">
          <bind_material>
            <technique_common>
              <instance_material symbol="material0" target="#2fe5d3ac59cc48e38eda26cb4fa8fc5f"/>
            </technique_common>
          </bind_material>
        </instance_geometry>
      </node>
      <node id="node1" name="node1">
        <instance_geometry url="#1bdfd3637cc647cfaa48e3ebef78f9d8">
          <bind_material>
            <technique_common>
              <instance_material symbol="material1" target="#cda802efffd54747853c3acbf9021e10"/>
            </technique_common>
          </bind_material>
        </instance_geometry>
      </node>
      <node id="node2" name="node2">
        <instance_geometry url="#85a0ce16299b4d4893a83195dad259a4">
          <bind_material>
            <technique_common>
              <instance_material symbol="material2" target="#846b5574377b4d4183d1cd4b255c4e4a"/>
            </technique_common>
          </bind_material>
        </instance_geometry>
      </node>
      <node id="node3" name="node3">
        <instance_geometry url="#deb2b779d2c9488e91777377628ccb7e">
          <bind_material>
            <technique_common>
              <instance_material symbol="material3" target="#899c58e1a5f14677b966cabca5f452e0"/>
            </technique_common>
          </bind_material>
        </instance_geometry>
      </node>
      <node id="node4" name="node4">
        <instance_geometry url="#58cb717b665240f688afc8b87030682a">
          <bind_material>
            <technique_common>
              <instance_material symbol="material4" target="#088d0a22407a4661a1084e94e7b2c52e"/>
            </technique_common>
          </bind_material>
        </instance_geometry>
      </node>
    </visual_scene>
  </library_visual_scenes>
  <scene>
    <instance_visual_scene url="#scene"/>
  </scene>
</COLLADA>
